{"type": "FeatureCollection", "features": [{"id": "0", "type": "Feature", "properties": {"id": "ID_00164", "Name": "62", "descriptio": "<html xmlns:fo=\"http://www.w3.org/1999/XSL/Format\" xmlns:msxsl=\"urn:schemas-microsoft-com:xslt\">\n\n<head>\n\n<META http-equiv=\"Content-Type\" content=\"text/html\">\n\n<meta http-equiv=\"content-type\" content=\"text/html; charset=UTF-8\">\n\n</head>\n\n<body style=\"mar", "timestamp": null, "begin": null, "end": null, "altitudeMo": null, "tessellate": -1, "extrude": 0, "visibility": -1, "drawOrder": null, "icon": null, "snippet": null}, "geometry": {"type": "MultiPolygon", "coordinates": [[[[-61.3029947056913, -4.736878828431457, 0.0], [-61.30304094392508, -4.736905934492354, 0.0], [-61.30293622792502, -4.736648426871457, 0.0], [-61.30291038891204, -4.736666045816981, 0.0], [-61.30290086927569, -4.736694507189545, 0.0], [-61.30289270958738, -4.736717547347497, 0.0], [-61.302909028964, -4.736777180693865, 0.0], [-61.30294302766529, -4.736819195093862, 0.0], [-61.3029947056913, -4.736878828431457, 0.0]]], [[[-61.30305998319783, -4.736717547347497, 0.0], [-61.3031062214316, -4.736740587504652, 0.0], [-61.30310894132771, -4.736702639010074, 0.0], [-61.30308038241863, -4.736649782174939, 0.0], [-61.3030300643407, -4.736632163229013, 0.0], [-61.30305998319783, -4.736717547347497, 0.0]]], [[[-61.30283967161327, -4.736643005657311, 0.0], [-61.30287367031464, -4.736666045816981, 0.0], [-61.30294574756142, -4.73660912306821, 0.0], [-61.30280975275613, -4.736328575166666, 0.0], [-61.30280703286007, -4.736546779099906, 0.0], [-61.30282607213276, -4.736610478371793, 0.0], [-61.30283967161327, -4.736643005657311, 0.0]]], [[[-61.30295118735363, -4.736480369214475, 0.0], [-61.30299198579519, -4.736553555618472, 0.0], [-61.30301374496408, -4.736546779099906, 0.0], [-61.3030151049121, -4.736507475290992, 0.0], [-61.3029947056913, -4.736483079822206, 0.0], [-61.30298382610688, -4.736446486617447, 0.0], [-61.30299606563936, -4.736404472194743, 0.0], [-61.30300422532765, -4.736352970640866, 0.0], [-61.30296070699002, -4.736324509254202, 0.0], [-61.30290766901591, -4.736302824387411, 0.0], [-61.30295118735363, -4.736480369214475, 0.0]]]]}}, {"id": "1", "type": "Feature", "properties": {"id": "ID_00165", "Name": "63", "descriptio": "<html xmlns:fo=\"http://www.w3.org/1999/XSL/Format\" xmlns:msxsl=\"urn:schemas-microsoft-com:xslt\">\n\n<head>\n\n<META http-equiv=\"Content-Type\" content=\"text/html\">\n\n<meta http-equiv=\"content-type\" content=\"text/html; charset=UTF-8\">\n\n</head>\n\n<body style=\"mar", "timestamp": null, "begin": null, "end": null, "altitudeMo": null, "tessellate": -1, "extrude": 0, "visibility": -1, "drawOrder": null, "icon": null, "snippet": null}, "geometry": {"type": "MultiPolygon", "coordinates": [[[[-61.35083045486628, -4.792507033552588, 0.0], [-61.35084828084587, -4.792522428721161, 0.0], [-61.35088512120361, -4.792518875989951, 0.0], [-61.35090888917642, -4.792510586283783, 0.0], [-61.35093859914234, -4.792514139015049, 0.0], [-61.35100871466203, -4.792534271158308, 0.0], [-61.35110378655304, -4.792573351199423, 0.0], [-61.35091007757504, -4.792404004338392, 0.0], [-61.35090294718322, -4.792412294045854, 0.0], [-61.35091007757504, -4.792428873460487, 0.0], [-61.35091245437228, -4.79245018985013, 0.0], [-61.35090294718322, -4.792460848044755, 0.0], [-61.35086848362272, -4.792475058970525, 0.0], [-61.35084709244723, -4.792479795945764, 0.0], [-61.35082926646766, -4.792484532920964, 0.0], [-61.35083045486628, -4.792507033552588, 0.0]]], [[[-61.35070448461064, -4.792462032288522, 0.0], [-61.3507555857521, -4.792489269896043, 0.0], [-61.35079004931259, -4.792462032288522, 0.0], [-61.35077103493437, -4.792408741314126, 0.0], [-61.35074489016432, -4.792406372826327, 0.0], [-61.3507258757861, -4.792389793411096, 0.0], [-61.35064268788148, -4.792210972550563, 0.0], [-61.35059158674002, -4.792168339755756, 0.0], [-61.35068190503654, -4.792422952241048, 0.0], [-61.35070448461064, -4.792462032288522, 0.0]]], [[[-61.35071399179977, -4.792162418534021, 0.0], [-61.35086135323083, -4.792293869644093, 0.0], [-61.3508661068254, -4.792257158075328, 0.0], [-61.35085303444037, -4.792219262260388, 0.0], [-61.35083758525811, -4.792202682840666, 0.0], [-61.35082094767714, -4.792187287664906, 0.0], [-61.35079123771122, -4.79216360277833, 0.0], [-61.35075202055616, -4.792154128823516, 0.0], [-61.35073062938066, -4.792158865800982, 0.0], [-61.35071399179977, -4.792162418534021, 0.0]]]]}}, {"id": "2", "type": "Feature", "properties": {"id": "ID_00038", "Name": "64", "descriptio": "<html xmlns:fo=\"http://www.w3.org/1999/XSL/Format\" xmlns:msxsl=\"urn:schemas-microsoft-com:xslt\">\n\n<head>\n\n<META http-equiv=\"Content-Type\" content=\"text/html\">\n\n<meta http-equiv=\"content-type\" content=\"text/html; charset=UTF-8\">\n\n</head>\n\n<body style=\"mar", "timestamp": null, "begin": null, "end": null, "altitudeMo": null, "tessellate": -1, "extrude": 0, "visibility": -1, "drawOrder": null, "icon": null, "snippet": null}, "geometry": {"type": "Polygon", "coordinates": [[[-61.41110910350226, -4.846793017524495, 0.0], [-61.40997466090187, -4.84570947655189, 0.0], [-61.40989280640787, -4.845751806741261, 0.0], [-61.411167715018, -4.846994044780064, 0.0], [-61.41117089861802, -4.846927230547994, 0.0], [-61.41109848250892, -4.846817715605839, 0.0], [-61.41110910350226, -4.846793017524495, 0.0]]]}}, {"id": "3", "type": "Feature", "properties": {"id": "ID_00166", "Name": "65", "descriptio": "<html xmlns:fo=\"http://www.w3.org/1999/XSL/Format\" xmlns:msxsl=\"urn:schemas-microsoft-com:xslt\">\n\n<head>\n\n<META http-equiv=\"Content-Type\" content=\"text/html\">\n\n<meta http-equiv=\"content-type\" content=\"text/html; charset=UTF-8\">\n\n</head>\n\n<body style=\"mar", "timestamp": null, "begin": null, "end": null, "altitudeMo": null, "tessellate": -1, "extrude": 0, "visibility": -1, "drawOrder": null, "icon": null, "snippet": null}, "geometry": {"type": "MultiPolygon", "coordinates": [[[[-61.4028585395684, -4.839294498942311, 0.0], [-61.40286947283581, -4.83931391920336, 0.0], [-61.40283952519017, -4.839313919203367, 0.0], [-61.40281860937412, -4.83929023595812, 0.0], [-61.40283049336051, -4.839328602815058, 0.0], [-61.40284713094147, -4.839348970404911, 0.0], [-61.40286471924129, -4.839359391032022, 0.0], [-61.40290417407607, -4.839370285323886, 0.0], [-61.40288943793293, -4.839352759723888, 0.0], [-61.40287707858712, -4.839336655118139, 0.0], [-61.40287517714929, -4.839322918836364, 0.0], [-61.40288468433842, -4.839319603182163, 0.0], [-61.4028932408086, -4.839326708155491, 0.0], [-61.40290179727882, -4.839337602447809, 0.0], [-61.40294077675411, -4.839334286793667, 0.0], [-61.40293744923795, -4.839295446272129, 0.0], [-61.40288943793293, -4.839258974073022, 0.0], [-61.4028585395684, -4.839294498942311, 0.0]]], [[[-61.40285235989541, -4.839070692234583, 0.0], [-61.4028872988154, -4.839096270147839, 0.0], [-61.40291082910841, -4.839057903277618, 0.0], [-61.40289799440315, -4.839045824818043, 0.0], [-61.40287232499254, -4.839035877851183, 0.0], [-61.40285592509137, -4.839018825907681, 0.0], [-61.40284522950365, -4.839043693325185, 0.0], [-61.40285235989541, -4.839070692234583, 0.0]]]]}}, {"id": "4", "type": "Feature", "properties": {"id": "ID_00039", "Name": "66", "descriptio": "<html xmlns:fo=\"http://www.w3.org/1999/XSL/Format\" xmlns:msxsl=\"urn:schemas-microsoft-com:xslt\">\n\n<head>\n\n<META http-equiv=\"Content-Type\" content=\"text/html\">\n\n<meta http-equiv=\"content-type\" content=\"text/html; charset=UTF-8\">\n\n</head>\n\n<body style=\"mar", "timestamp": null, "begin": null, "end": null, "altitudeMo": null, "tessellate": -1, "extrude": 0, "visibility": -1, "drawOrder": null, "icon": null, "snippet": null}, "geometry": {"type": "Polygon", "coordinates": [[[-61.4133434728035, -4.848333218893546, 0.0], [-61.41336785196404, -4.848331570287686, 0.0], [-61.41340357296161, -4.848356777425161, 0.0], [-61.41344415671585, -4.848342516580638, 0.0], [-61.41348345568133, -4.848367732116785, 0.0], [-61.41350986159177, -4.848296013392572, 0.0], [-61.41351239207507, -4.848233809368854, 0.0], [-61.41348865345492, -4.848184703464034, 0.0], [-61.41352700822557, -4.84810344202848, 0.0], [-61.41351997792771, -4.848049589973852, 0.0], [-61.4134757492286, -4.848092554562288, 0.0], [-61.41338278922614, -4.848063623991186, 0.0], [-61.41336738244371, -4.848021715723664, 0.0], [-61.41332805837254, -4.848007267237961, 0.0], [-61.41331745012865, -4.847953406784863, 0.0], [-61.41335324928205, -4.847945116430203, 0.0], [-61.41328658631892, -4.84789112434986, 0.0], [-61.41320663665192, -4.847908881784752, 0.0], [-61.41315060706795, -4.847897983097207, 0.0], [-61.41309548531899, -4.848009113754408, 0.0], [-61.41325858569569, -4.848135113049569, 0.0], [-61.41328940483145, -4.848216536909129, 0.0], [-61.41326902081492, -4.848263146508067, 0.0], [-61.4133434728035, -4.848333218893546, 0.0]]]}}, {"id": "5", "type": "Feature", "properties": {"id": "ID_00040", "Name": "67", "descriptio": "<html xmlns:fo=\"http://www.w3.org/1999/XSL/Format\" xmlns:msxsl=\"urn:schemas-microsoft-com:xslt\">\n\n<head>\n\n<META http-equiv=\"Content-Type\" content=\"text/html\">\n\n<meta http-equiv=\"content-type\" content=\"text/html; charset=UTF-8\">\n\n</head>\n\n<body style=\"mar", "timestamp": null, "begin": null, "end": null, "altitudeMo": null, "tessellate": -1, "extrude": 0, "visibility": -1, "drawOrder": null, "icon": null, "snippet": null}, "geometry": {"type": "Polygon", "coordinates": [[[-61.41300951937372, -4.848560427262568, 0.0], [-61.41301175418907, -4.848625034558372, 0.0], [-61.41301041599789, -4.848687241563575, 0.0], [-61.41299597018781, -4.848744632699341, 0.0], [-61.41295647286289, -4.848804356676405, 0.0], [-61.41290489584424, -4.848929851671983, 0.0], [-61.41290363589405, -4.84895856162896, 0.0], [-61.41296082738021, -4.848982622090986, 0.0], [-61.41298336169271, -4.849036511266669, 0.0], [-61.41310004692957, -4.8491205295295, 0.0], [-61.41314763905228, -4.849118083373532, 0.0], [-61.41315975471888, -4.849088367974407, 0.0], [-61.41326973101327, -4.84898095564727, 0.0], [-61.41334971671603, -4.848947645657987, 0.0], [-61.41336412115719, -4.848908199594427, 0.0], [-61.41328551141719, -4.848862554503985, 0.0], [-61.4131984813248, -4.848847993580702, 0.0], [-61.41314487903292, -4.848819155919974, 0.0], [-61.41310922181309, -4.848766432265735, 0.0], [-61.41306038772666, -4.848738801495208, 0.0], [-61.41306896186307, -4.848641918430492, 0.0], [-61.41305011477096, -4.848541380520939, 0.0], [-61.41303102356129, -4.848544925014568, 0.0], [-61.41300951937372, -4.848560427262568, 0.0]]]}}, {"id": "6", "type": "Feature", "properties": {"id": "ID_00041", "Name": "68", "descriptio": "<html xmlns:fo=\"http://www.w3.org/1999/XSL/Format\" xmlns:msxsl=\"urn:schemas-microsoft-com:xslt\">\n\n<head>\n\n<META http-equiv=\"Content-Type\" content=\"text/html\">\n\n<meta http-equiv=\"content-type\" content=\"text/html; charset=UTF-8\">\n\n</head>\n\n<body style=\"mar", "timestamp": null, "begin": null, "end": null, "altitudeMo": null, "tessellate": -1, "extrude": 0, "visibility": -1, "drawOrder": null, "icon": null, "snippet": null}, "geometry": {"type": "Polygon", "coordinates": [[[-61.41790801460916, -4.852774312339434, 0.0], [-61.41794159842118, -4.852741899828209, 0.0], [-61.41798915341889, -4.852705383371978, 0.0], [-61.41803476748623, -4.852718310038102, 0.0], [-61.4180547484425, -4.852762310353409, 0.0], [-61.41803269859101, -4.852822694727281, 0.0], [-61.41800754616265, -4.85286350527877, 0.0], [-61.41818249262791, -4.85302027950283, 0.0], [-61.41824220401447, -4.85301914545775, 0.0], [-61.41828416278385, -4.853033894339271, 0.0], [-61.41846514684902, -4.852933592052186, 0.0], [-61.41855838496144, -4.852880699325383, 0.0], [-61.41860219813287, -4.852882633767074, 0.0], [-61.41862244367083, -4.852813088293942, 0.0], [-61.41857692808269, -4.852758039892159, 0.0], [-61.41855876807266, -4.852715875177998, 0.0], [-61.41857717089966, -4.85265365108567, 0.0], [-61.41859925015523, -4.852580446271102, 0.0], [-61.41848259369669, -4.852497760803606, 0.0], [-61.41837861947767, -4.852457226560326, 0.0], [-61.41813376825876, -4.852542727805191, 0.0], [-61.41803864516731, -4.852621254807631, 0.0], [-61.41798747284354, -4.852643111930609, 0.0], [-61.41794013972561, -4.852584396093556, 0.0], [-61.41779979512439, -4.852481509154878, 0.0], [-61.41769223350973, -4.852413495227152, 0.0], [-61.41757350771116, -4.852435194069513, 0.0], [-61.41756430674729, -4.852466306115689, 0.0], [-61.41790801460916, -4.852774312339434, 0.0]]]}}, {"id": "7", "type": "Feature", "properties": {"id": "ID_00042", "Name": "69", "descriptio": "<html xmlns:fo=\"http://www.w3.org/1999/XSL/Format\" xmlns:msxsl=\"urn:schemas-microsoft-com:xslt\">\n\n<head>\n\n<META http-equiv=\"Content-Type\" content=\"text/html\">\n\n<meta http-equiv=\"content-type\" content=\"text/html; charset=UTF-8\">\n\n</head>\n\n<body style=\"mar", "timestamp": null, "begin": null, "end": null, "altitudeMo": null, "tessellate": -1, "extrude": 0, "visibility": -1, "drawOrder": null, "icon": null, "snippet": null}, "geometry": {"type": "Polygon", "coordinates": [[[-61.41901288253849, -4.851449880648082, 0.0], [-61.41881562434156, -4.851500229192809, 0.0], [-61.41868655004419, -4.851614775841798, 0.0], [-61.41862654368003, -4.851774945997565, 0.0], [-61.41866424685748, -4.851973628720574, 0.0], [-61.41860897722249, -4.852148165545962, 0.0], [-61.41872545201795, -4.852323105267662, 0.0], [-61.4188732250193, -4.852373698427993, 0.0], [-61.41896861610873, -4.852383492045107, 0.0], [-61.41913745123236, -4.852608800995962, 0.0], [-61.41922573048306, -4.852599437254818, 0.0], [-61.41940698254616, -4.852614217612601, 0.0], [-61.41957610095625, -4.852717499353676, 0.0], [-61.41963069160311, -4.852834869873896, 0.0], [-61.41961378254997, -4.852925752661907, 0.0], [-61.41968776078148, -4.852911569453909, 0.0], [-61.41975711379975, -4.852835165750833, 0.0], [-61.41968587670181, -4.852696222293387, 0.0], [-61.41927389367522, -4.852403349075879, 0.0], [-61.41920997975672, -4.852192641517799, 0.0], [-61.41947756583693, -4.852009030532902, 0.0], [-61.4197116728554, -4.851861231451243, 0.0], [-61.41991204000862, -4.851861699998076, 0.0], [-61.42014087070458, -4.851931624085777, 0.0], [-61.42026018106247, -4.851912761705162, 0.0], [-61.42031772957948, -4.851783690105832, 0.0], [-61.42001516616694, -4.851622671889401, 0.0], [-61.41970055903352, -4.851511871816049, 0.0], [-61.41951199008622, -4.851566462462842, 0.0], [-61.41911375139847, -4.851517676040525, 0.0], [-61.41901288253849, -4.851449880648082, 0.0]]]}}, {"id": "8", "type": "Feature", "properties": {"id": "ID_00043", "Name": "70", "descriptio": "<html xmlns:fo=\"http://www.w3.org/1999/XSL/Format\" xmlns:msxsl=\"urn:schemas-microsoft-com:xslt\">\n\n<head>\n\n<META http-equiv=\"Content-Type\" content=\"text/html\">\n\n<meta http-equiv=\"content-type\" content=\"text/html; charset=UTF-8\">\n\n</head>\n\n<body style=\"mar", "timestamp": null, "begin": null, "end": null, "altitudeMo": null, "tessellate": -1, "extrude": 0, "visibility": -1, "drawOrder": null, "icon": null, "snippet": null}, "geometry": {"type": "Polygon", "coordinates": [[[-61.41971949425919, -4.854783655781595, 0.0], [-61.41976368964254, -4.854753268588989, 0.0], [-61.41961521516999, -4.854571093821449, 0.0], [-61.41933730397335, -4.854371299536358, 0.0], [-61.4189902277168, -4.854218964274311, 0.0], [-61.41892108244196, -4.854257765524006, 0.0], [-61.4187440553938, -4.854289819160328, 0.0], [-61.41864057490257, -4.854246284778703, 0.0], [-61.41851727964872, -4.854371543252652, 0.0], [-61.41879535721989, -4.854499906186229, 0.0], [-61.4188857336896, -4.85461051290538, 0.0], [-61.41887451104981, -4.85479664199191, 0.0], [-61.41882228651928, -4.854982675750355, 0.0], [-61.41875094779795, -4.855036623381976, 0.0], [-61.41897469372707, -4.855329368895752, 0.0], [-61.41924466391009, -4.855232594649004, 0.0], [-61.41920168710813, -4.855154567669639, 0.0], [-61.41923664735334, -4.854968494341033, 0.0], [-61.41934482680227, -4.854847530129891, 0.0], [-61.41950463543054, -4.854795954010567, 0.0], [-61.41971949425919, -4.854783655781595, 0.0]]]}}, {"id": "9", "type": "Feature", "properties": {"id": "ID_00167", "Name": "71", "descriptio": "<html xmlns:fo=\"http://www.w3.org/1999/XSL/Format\" xmlns:msxsl=\"urn:schemas-microsoft-com:xslt\">\n\n<head>\n\n<META http-equiv=\"Content-Type\" content=\"text/html\">\n\n<meta http-equiv=\"content-type\" content=\"text/html; charset=UTF-8\">\n\n</head>\n\n<body style=\"mar", "timestamp": null, "begin": null, "end": null, "altitudeMo": null, "tessellate": -1, "extrude": 0, "visibility": -1, "drawOrder": null, "icon": null, "snippet": null}, "geometry": {"type": "MultiPolygon", "coordinates": [[[[-61.41454013012703, -4.849871205204769, 0.0], [-61.41473787966041, -4.84999435614378, 0.0], [-61.4146561178341, -4.849873099834796, 0.0], [-61.41454583444046, -4.849778368328299, 0.0], [-61.41450210137059, -4.849763211286009, 0.0], [-61.41443745248468, -4.849765105916312, 0.0], [-61.41454013012703, -4.849871205204769, 0.0]]], [[[-61.41429864752374, -4.849653322719381, 0.0], [-61.41433477484235, -4.849657111980568, 0.0], [-61.41436519784753, -4.849630587151606, 0.0], [-61.41437090216094, -4.849566169705478, 0.0], [-61.41430435183721, -4.849513120039365, 0.0], [-61.41421498425967, -4.849467648893667, 0.0], [-61.41375673774477, -4.849009148003431, 0.0], [-61.41388413407881, -4.849211873641975, 0.0], [-61.41415984256283, -4.849469543524812, 0.0], [-61.41423399863783, -4.849541539503857, 0.0], [-61.41426632308077, -4.849579432121353, 0.0], [-61.41430435183721, -4.849587010644626, 0.0], [-61.41429674608597, -4.849619219367464, 0.0], [-61.41429864752374, -4.849653322719381, 0.0]]]]}}, {"id": "10", "type": "Feature", "properties": {"id": "ID_00044", "Name": "72", "descriptio": "<html xmlns:fo=\"http://www.w3.org/1999/XSL/Format\" xmlns:msxsl=\"urn:schemas-microsoft-com:xslt\">\n\n<head>\n\n<META http-equiv=\"Content-Type\" content=\"text/html\">\n\n<meta http-equiv=\"content-type\" content=\"text/html; charset=UTF-8\">\n\n</head>\n\n<body style=\"mar", "timestamp": null, "begin": null, "end": null, "altitudeMo": null, "tessellate": -1, "extrude": 0, "visibility": -1, "drawOrder": null, "icon": null, "snippet": null}, "geometry": {"type": "Polygon", "coordinates": [[[-61.42757206769671, -4.866285246407082, 0.0], [-61.42754271562375, -4.866356060823654, 0.0], [-61.42752617259476, -4.866505282632786, 0.0], [-61.42754309603703, -4.866628182184969, 0.0], [-61.4275844954281, -4.866672955832366, 0.0], [-61.42758240900093, -4.866699350035109, 0.0], [-61.42755202450627, -4.866706387230065, 0.0], [-61.4274864414461, -4.866613834401048, 0.0], [-61.42744008679053, -4.866523358106591, 0.0], [-61.42744634427332, -4.866444173699749, 0.0], [-61.42739670799165, -4.866459288605372, 0.0], [-61.42736394029357, -4.866620655758763, 0.0], [-61.42732343842589, -4.866625638002922, 0.0], [-61.42737389848656, -4.866691755260385, 0.0], [-61.42744472639299, -4.866705120984651, 0.0], [-61.42747808224766, -4.866726522151404, 0.0], [-61.4275459019218, -4.866727695766657, 0.0], [-61.42757214503842, -4.866760248526749, 0.0], [-61.42761262442304, -4.866765420527829, 0.0], [-61.42767951689616, -4.866730038500581, 0.0], [-61.42774423840586, -4.866757604519928, 0.0], [-61.42781516343899, -4.866729339727326, 0.0], [-61.42757206769671, -4.866285246407082, 0.0]]]}}, {"id": "11", "type": "Feature", "properties": {"id": "ID_00168", "Name": "73", "descriptio": "<html xmlns:fo=\"http://www.w3.org/1999/XSL/Format\" xmlns:msxsl=\"urn:schemas-microsoft-com:xslt\">\n\n<head>\n\n<META http-equiv=\"Content-Type\" content=\"text/html\">\n\n<meta http-equiv=\"content-type\" content=\"text/html; charset=UTF-8\">\n\n</head>\n\n<body style=\"mar", "timestamp": null, "begin": null, "end": null, "altitudeMo": null, "tessellate": -1, "extrude": 0, "visibility": -1, "drawOrder": null, "icon": null, "snippet": null}, "geometry": {"type": "MultiPolygon", "coordinates": [[[[-61.43264957978725, -4.874613257409935, 0.0], [-61.43271512901551, -4.87463494468256, 0.0], [-61.43266124446243, -4.874520686694668, 0.0], [-61.4326684595217, -4.874495340783466, 0.0], [-61.43264944491168, -4.874465626820893, 0.0], [-61.43260549212078, -4.874491844136385, 0.0], [-61.4325887631001, -4.874505204302004, 0.0], [-61.43260494182294, -4.874523426638769, 0.0], [-61.43264957978725, -4.874613257409935, 0.0]]], [[[-61.43270428967242, -4.874474368485179, 0.0], [-61.43272574073194, -4.874482075186081, 0.0], [-61.43274392429696, -4.874458669020964, 0.0], [-61.43274920883031, -4.874442889450521, 0.0], [-61.43273397318097, -4.874429454738208, 0.0], [-61.43272683133192, -4.874423217034199, 0.0], [-61.43268670631445, -4.874444657861063, 0.0], [-61.43270428967242, -4.874474368485179, 0.0]]], [[[-61.43255934470671, -4.874435747071053, 0.0], [-61.43258721421752, -4.874453039589193, 0.0], [-61.43260225070048, -4.874449485591098, 0.0], [-61.43262590132763, -4.874434466669284, 0.0], [-61.43260951179479, -4.874404280286556, 0.0], [-61.4325401808605, -4.874367510112555, 0.0], [-61.43253939201932, -4.874399092057709, 0.0], [-61.43254291524205, -4.87442278811357, 0.0], [-61.43255934470671, -4.874435747071053, 0.0]]], [[[-61.43266598512546, -4.874408174594128, 0.0], [-61.43267819311015, -4.874412575678278, 0.0], [-61.43269824397144, -4.874406879931517, 0.0], [-61.43271163672362, -4.874392076354709, 0.0], [-61.43269835378198, -4.874359504506639, 0.0], [-61.43269411991773, -4.874333653352621, 0.0], [-61.43268222497226, -4.874319747888586, 0.0], [-61.43264773290929, -4.874380920855309, 0.0], [-61.43266598512546, -4.874408174594128, 0.0]]]]}}, {"id": "12", "type": "Feature", "properties": {"id": "ID_00169", "Name": "74", "descriptio": "<html xmlns:fo=\"http://www.w3.org/1999/XSL/Format\" xmlns:msxsl=\"urn:schemas-microsoft-com:xslt\">\n\n<head>\n\n<META http-equiv=\"Content-Type\" content=\"text/html\">\n\n<meta http-equiv=\"content-type\" content=\"text/html; charset=UTF-8\">\n\n</head>\n\n<body style=\"mar", "timestamp": null, "begin": null, "end": null, "altitudeMo": null, "tessellate": -1, "extrude": 0, "visibility": -1, "drawOrder": null, "icon": null, "snippet": null}, "geometry": {"type": "MultiPolygon", "coordinates": [[[[-61.4337163777458, -4.876422730462935, 0.0], [-61.43369535490232, -4.876436080636127, 0.0], [-61.43367054863788, -4.876435065714288, 0.0], [-61.43366003721579, -4.876441740800073, 0.0], [-61.43366471492271, -4.876481949270104, 0.0], [-61.43366749537446, -4.876517367892376, 0.0], [-61.43377421410127, -4.876581741398111, 0.0], [-61.43381902029546, -4.8765990733898, 0.0], [-61.43384575043768, -4.876593393198931, 0.0], [-61.43386203347066, -4.876566632782515, 0.0], [-61.43375086989303, -4.876361557447316, 0.0], [-61.43375572059526, -4.876327113700168, 0.0], [-61.43373766450965, -4.876295487803001, 0.0], [-61.43371374588681, -4.876323187500067, 0.0], [-61.4337041154496, -4.876361448441897, 0.0], [-61.43370213169692, -4.876393984702263, 0.0], [-61.4337163777458, -4.876422730462935, 0.0]]], [[[-61.43379586679853, -4.876296580578156, 0.0], [-61.43384067963015, -4.876311041323341, 0.0], [-61.43384267668065, -4.876272762581663, 0.0], [-61.43384271881571, -4.87625457806617, 0.0], [-61.43383609726869, -4.876229678421621, 0.0], [-61.43382280538746, -4.876200934887385, 0.0], [-61.43380083281653, -4.876212368683001, 0.0], [-61.43378266140969, -4.876230510933615, 0.0], [-61.43376639834621, -4.876248657632398, 0.0], [-61.43379586679853, -4.876296580578156, 0.0]]], [[[-61.43371030844371, -4.876159517972442, 0.0], [-61.43372695261532, -4.876187745130433, 0.0], [-61.43374459875798, -4.876185439207208, 0.0], [-61.43375702295445, -4.876176854408008, 0.0], [-61.43375420922801, -4.87615579198062, 0.0], [-61.43374662242378, -4.876135675510634, 0.0], [-61.43371898691979, -4.876120297725049, 0.0], [-61.43371030844371, -4.876159517972442, 0.0]]], [[[-61.43365005366327, -4.876220630923521, 0.0], [-61.43366149485679, -4.876224485937898, 0.0], [-61.4336872841174, -4.87621306104614, 0.0], [-61.43360068512419, -4.876113322318705, 0.0], [-61.43363293401356, -4.876196663887947, 0.0], [-61.43365005366327, -4.876220630923521, 0.0]]]]}}, {"id": "13", "type": "Feature", "properties": {"id": "ID_00045", "Name": "75", "descriptio": "<html xmlns:fo=\"http://www.w3.org/1999/XSL/Format\" xmlns:msxsl=\"urn:schemas-microsoft-com:xslt\">\n\n<head>\n\n<META http-equiv=\"Content-Type\" content=\"text/html\">\n\n<meta http-equiv=\"content-type\" content=\"text/html; charset=UTF-8\">\n\n</head>\n\n<body style=\"mar", "timestamp": null, "begin": null, "end": null, "altitudeMo": null, "tessellate": -1, "extrude": 0, "visibility": -1, "drawOrder": null, "icon": null, "snippet": null}, "geometry": {"type": "Polygon", "coordinates": [[[-61.46210514663517, -4.901897073829836, 0.0], [-61.46211140501731, -4.901833324487307, 0.0], [-61.46203899340481, -4.901785303388012, 0.0], [-61.46212704512698, -4.901670654216276, 0.0], [-61.46217083851337, -4.901714781251145, 0.0], [-61.46216388315663, -4.901418065230478, 0.0], [-61.46236093810676, -4.901206042863586, 0.0], [-61.46239531649064, -4.901194636762072, 0.0], [-61.46274541446928, -4.900822174442761, 0.0], [-61.46287715795443, -4.900795678616674, 0.0], [-61.46294211508648, -4.900765200592536, 0.0], [-61.46292908391005, -4.900621605841452, 0.0], [-61.4628642499851, -4.900598486969595, 0.0], [-61.46273629714238, -4.900636476131443, 0.0], [-61.46262180355336, -4.90063047045882, 0.0], [-61.46236367834103, -4.900842352531543, 0.0], [-61.46229664197642, -4.90094747878211, 0.0], [-61.46228872434511, -4.901071883799395, 0.0], [-61.46223703401188, -4.901142589397943, 0.0], [-61.46218326984201, -4.901286030364996, 0.0], [-61.46200898842402, -4.901553616445199, 0.0], [-61.46193618740507, -4.901675957518364, 0.0], [-61.46183486079013, -4.901754206630301, 0.0], [-61.46210514663517, -4.901897073829836, 0.0]]]}}, {"id": "14", "type": "Feature", "properties": {"id": "ID_00046", "Name": "76", "descriptio": "<html xmlns:fo=\"http://www.w3.org/1999/XSL/Format\" xmlns:msxsl=\"urn:schemas-microsoft-com:xslt\">\n\n<head>\n\n<META http-equiv=\"Content-Type\" content=\"text/html\">\n\n<meta http-equiv=\"content-type\" content=\"text/html; charset=UTF-8\">\n\n</head>\n\n<body style=\"mar", "timestamp": null, "begin": null, "end": null, "altitudeMo": null, "tessellate": -1, "extrude": 0, "visibility": -1, "drawOrder": null, "icon": null, "snippet": null}, "geometry": {"type": "Polygon", "coordinates": [[[-61.46215102015344, -4.902110303086982, 0.0], [-61.46187058276114, -4.901989734577556, 0.0], [-61.46183033000568, -4.902066209327058, 0.0], [-61.46185864156303, -4.902204096980461, 0.0], [-61.46190617702842, -4.902280774077423, 0.0], [-61.46187735375685, -4.902366846391803, 0.0], [-61.46185018883511, -4.902562031651402, 0.0], [-61.46187291919983, -4.902636737434443, 0.0], [-61.46193202804062, -4.90265984371571, 0.0], [-61.46194541354992, -4.902648389050822, 0.0], [-61.46191492653259, -4.902627263076647, 0.0], [-61.46190558617383, -4.902539188871436, 0.0], [-61.46190789293486, -4.902365001882277, 0.0], [-61.46194050684887, -4.902290423802953, 0.0], [-61.46197675042663, -4.902298164267833, 0.0], [-61.46200172639852, -4.902225481959357, 0.0], [-61.46208382910537, -4.902208443403859, 0.0], [-61.46215102015344, -4.902110303086982, 0.0]]]}}, {"id": "15", "type": "Feature", "properties": {"id": "ID_00048", "Name": "77", "descriptio": "<html xmlns:fo=\"http://www.w3.org/1999/XSL/Format\" xmlns:msxsl=\"urn:schemas-microsoft-com:xslt\">\n\n<head>\n\n<META http-equiv=\"Content-Type\" content=\"text/html\">\n\n<meta http-equiv=\"content-type\" content=\"text/html; charset=UTF-8\">\n\n</head>\n\n<body style=\"mar", "timestamp": null, "begin": null, "end": null, "altitudeMo": null, "tessellate": -1, "extrude": 0, "visibility": -1, "drawOrder": null, "icon": null, "snippet": null}, "geometry": {"type": "Polygon", "coordinates": [[[-61.470560304674, -4.906320514614856, 0.0], [-61.46947065936195, -4.905798650742257, 0.0], [-61.46947419701068, -4.905942070235969, 0.0], [-61.46947977721243, -4.90603704461843, 0.0], [-61.4695105949798, -4.906079751067711, 0.0], [-61.46948923943546, -4.906124275931826, 0.0], [-61.4693517542903, -4.906255744235096, 0.0], [-61.4693999087026, -4.906321746328682, 0.0], [-61.46946524523139, -4.906478873413457, 0.0], [-61.46962530290189, -4.906616837689011, 0.0], [-61.46983761789289, -4.906716161867793, 0.0], [-61.47002499555651, -4.906735971177522, 0.0], [-61.47016229094925, -4.906687835959944, 0.0], [-61.47025510197112, -4.906658978717375, 0.0], [-61.47027841175075, -4.90660476833416, 0.0], [-61.4702495305067, -4.906560128342578, 0.0], [-61.47012991610183, -4.906480396610862, 0.0], [-61.46990568134779, -4.906524456632975, 0.0], [-61.46977266534014, -4.906390430367777, 0.0], [-61.46966466620978, -4.906301035237634, 0.0], [-61.46951405314535, -4.906258054231866, 0.0], [-61.46951809411792, -4.906180543824829, 0.0], [-61.46957811095456, -4.906128355598886, 0.0], [-61.4697539262399, -4.906134572489096, 0.0], [-61.46984646349593, -4.906225870162443, 0.0], [-61.47005315843768, -4.906247661679091, 0.0], [-61.47011668653647, -4.906350520819062, 0.0], [-61.47012423430858, -4.906429995794282, 0.0], [-61.47018407901783, -4.906453388812186, 0.0], [-61.47027103166948, -4.906451650028334, 0.0], [-61.47031559544859, -4.906397488331618, 0.0], [-61.47043334388269, -4.906448145870123, 0.0], [-61.47053779650481, -4.906397997322313, 0.0], [-61.470560304674, -4.906320514614856, 0.0]]]}}, {"id": "16", "type": "Feature", "properties": {"id": "ID_00170", "Name": "78", "descriptio": "<html xmlns:fo=\"http://www.w3.org/1999/XSL/Format\" xmlns:msxsl=\"urn:schemas-microsoft-com:xslt\">\n\n<head>\n\n<META http-equiv=\"Content-Type\" content=\"text/html\">\n\n<meta http-equiv=\"content-type\" content=\"text/html; charset=UTF-8\">\n\n</head>\n\n<body style=\"mar", "timestamp": null, "begin": null, "end": null, "altitudeMo": null, "tessellate": -1, "extrude": 0, "visibility": -1, "drawOrder": null, "icon": null, "snippet": null}, "geometry": {"type": "MultiPolygon", "coordinates": [[[[-61.46725450431749, -4.904554636755553, 0.0], [-61.46731157896402, -4.904633249848629, 0.0], [-61.4673497524327, -4.904631423239188, 0.0], [-61.46740312805884, -4.9046583444841, 0.0], [-61.46751368750731, -4.90471602409917, 0.0], [-61.4675613596091, -4.904733361257068, 0.0], [-61.46760525408919, -4.904733461958279, 0.0], [-61.46763010766371, -4.904714376988691, 0.0], [-61.46765873449856, -4.904714442660516, 0.0], [-61.46755587869517, -4.904626153561767, 0.0], [-61.46750070373839, -4.904551373236242, 0.0], [-61.46741880606019, -4.904478445799065, 0.0], [-61.46729113168731, -4.904393928136197, 0.0], [-61.46720535602256, -4.904347790563995, 0.0], [-61.46725450431749, -4.904554636755553, 0.0]]], [[[-61.46722472870907, -4.90422149792651, 0.0], [-61.46722075899812, -4.904288485759129, 0.0], [-61.46734471684061, -4.904328968336054, 0.0], [-61.46756197072903, -4.904465374855315, 0.0], [-61.46752967104423, -4.90440213220362, 0.0], [-61.46749732334801, -4.904359945626036, 0.0], [-61.46745924156205, -4.904321574290312, 0.0], [-61.46743254502727, -4.904311942051118, 0.0], [-61.46740782679261, -4.904271687174146, 0.0], [-61.46737926982568, -4.904240994482463, 0.0], [-61.46733731002918, -4.904229413024673, 0.0], [-61.46729148094008, -4.904240793067643, 0.0], [-61.46722472870907, -4.90422149792651, 0.0]]], [[[-61.46665771708159, -4.904308249796731, 0.0], [-61.46675873410992, -4.904365907596035, 0.0], [-61.46691318350821, -4.90442560221415, 0.0], [-61.46700279789128, -4.90446217763968, 0.0], [-61.46706387279824, -4.904460403600079, 0.0], [-61.46714588394511, -4.904483562174456, 0.0], [-61.46710599415074, -4.904401160115297, 0.0], [-61.46707934565215, -4.904370471792833, 0.0], [-61.46705650096495, -4.904345534793412, 0.0], [-61.46708144622208, -4.904286251892911, 0.0], [-61.46704332517334, -4.90426510823534, 0.0], [-61.46698985790113, -4.904278384925544, 0.0], [-61.46694205485652, -4.904318473382669, 0.0], [-61.46689812548292, -4.904333686150424, 0.0], [-61.46684470187508, -4.904327820946805, 0.0], [-61.46678368812539, -4.90430279633935, 0.0], [-61.4664977433079, -4.904160489360065, 0.0], [-61.46658909136991, -4.904273636713304, 0.0], [-61.46665771708159, -4.904308249796731, 0.0]]], [[[-61.46678418159582, -4.904086493105818, 0.0], [-61.46692335021476, -4.904151895226017, 0.0], [-61.46689292849261, -4.904102056262197, 0.0], [-61.46682235065818, -4.904086580705127, 0.0], [-61.46678418159582, -4.904086493105818, 0.0]]]]}}, {"id": "17", "type": "Feature", "properties": {"id": "ID_00049", "Name": "79", "descriptio": "<html xmlns:fo=\"http://www.w3.org/1999/XSL/Format\" xmlns:msxsl=\"urn:schemas-microsoft-com:xslt\">\n\n<head>\n\n<META http-equiv=\"Content-Type\" content=\"text/html\">\n\n<meta http-equiv=\"content-type\" content=\"text/html; charset=UTF-8\">\n\n</head>\n\n<body style=\"mar", "timestamp": null, "begin": null, "end": null, "altitudeMo": null, "tessellate": -1, "extrude": 0, "visibility": -1, "drawOrder": null, "icon": null, "snippet": null}, "geometry": {"type": "Polygon", "coordinates": [[[-61.50393962071689, -4.925767809475025, 0.0], [-61.50396990988339, -4.925679111140264, 0.0], [-61.50403567910325, -4.92561869648383, 0.0], [-61.50409875215565, -4.925589874111559, 0.0], [-61.50406989111251, -4.925581909715519, 0.0], [-61.50408841534806, -4.925516121609942, 0.0], [-61.50411987812982, -4.925534625161015, 0.0], [-61.50416194841519, -4.925505755124702, 0.0], [-61.5041489217353, -4.925460961692213, 0.0], [-61.5042936748132, -4.925300664732084, 0.0], [-61.50437506615634, -4.925298214079493, 0.0], [-61.50437787473908, -4.925216592509932, 0.0], [-61.50444349017488, -4.92522463964357, 0.0], [-61.50446982052575, -4.92519046810381, 0.0], [-61.50435706532625, -4.925129651450478, 0.0], [-61.50421031755207, -4.925008196209462, 0.0], [-61.50419480694471, -4.924900202020912, 0.0], [-61.50400086095095, -4.924752308510437, 0.0], [-61.50384086256571, -4.924686120206494, 0.0], [-61.50382230865255, -4.92476507348754, 0.0], [-61.50345370082761, -4.925238212211902, 0.0], [-61.50335135438143, -4.925219550380151, 0.0], [-61.50329601010276, -4.925314219313941, 0.0], [-61.50328269474052, -4.925398450716133, 0.0], [-61.50347148941767, -4.925501568780559, 0.0], [-61.50358187130627, -4.925449153593744, 0.0], [-61.5036474993326, -4.925451934297509, 0.0], [-61.50364724662307, -4.925565159842459, 0.0], [-61.50377322725263, -4.925581242418571, 0.0], [-61.50379669056479, -4.925655023698563, 0.0], [-61.50393962071689, -4.925767809475025, 0.0]]]}}, {"id": "18", "type": "Feature", "properties": {"id": "ID_00171", "Name": "80", "descriptio": "<html xmlns:fo=\"http://www.w3.org/1999/XSL/Format\" xmlns:msxsl=\"urn:schemas-microsoft-com:xslt\">\n\n<head>\n\n<META http-equiv=\"Content-Type\" content=\"text/html\">\n\n<meta http-equiv=\"content-type\" content=\"text/html; charset=UTF-8\">\n\n</head>\n\n<body style=\"mar", "timestamp": null, "begin": null, "end": null, "altitudeMo": null, "tessellate": -1, "extrude": 0, "visibility": -1, "drawOrder": null, "icon": null, "snippet": null}, "geometry": {"type": "MultiPolygon", "coordinates": [[[[-61.50504184618764, -4.926986469066351, 0.0], [-61.50506470068774, -4.927008055535786, 0.0], [-61.50509071189731, -4.927000923798138, 0.0], [-61.50520767689288, -4.927082314091657, 0.0], [-61.50521344906866, -4.927061509811645, 0.0], [-61.50521136931776, -4.927031356008238, 0.0], [-61.50519207409767, -4.927018391579729, 0.0], [-61.50517276123338, -4.927013323311379, 0.0], [-61.50515847275639, -4.92700180580976, 0.0], [-61.50514281542621, -4.926962289612509, 0.0], [-61.50514145619683, -4.926929983920416, 0.0], [-61.50513075748582, -4.926913449633861, 0.0], [-61.50511357410097, -4.926916282351737, 0.0], [-61.50508921600029, -4.926926995140227, 0.0], [-61.50507059318029, -4.926933413802665, 0.0], [-61.50505909695059, -4.926953487376084, 0.0], [-61.50504184618764, -4.926986469066351, 0.0]]], [[[-61.50495408695138, -4.926864239595366, 0.0], [-61.504974036906, -4.926904483280083, 0.0], [-61.50497897787098, -4.926935361349829, 0.0], [-61.50501970900034, -4.926964166372904, 0.0], [-61.50502977702572, -4.92694265391715, 0.0], [-61.50504627357963, -4.926926898603616, 0.0], [-61.50505274381814, -4.926913992095048, 0.0], [-61.50506495896227, -4.926892484465026, 0.0], [-61.50503992846873, -4.926883814159056, 0.0], [-61.50501702263782, -4.926885198337415, 0.0], [-61.50500487807894, -4.926875121326482, 0.0], [-61.50497985079592, -4.926865015353216, 0.0], [-61.50495408695138, -4.926864239595366, 0.0]]]]}}, {"id": "19", "type": "Feature", "properties": {"id": "ID_00050", "Name": "81", "descriptio": "<html xmlns:fo=\"http://www.w3.org/1999/XSL/Format\" xmlns:msxsl=\"urn:schemas-microsoft-com:xslt\">\n\n<head>\n\n<META http-equiv=\"Content-Type\" content=\"text/html\">\n\n<meta http-equiv=\"content-type\" content=\"text/html; charset=UTF-8\">\n\n</head>\n\n<body style=\"mar", "timestamp": null, "begin": null, "end": null, "altitudeMo": null, "tessellate": -1, "extrude": 0, "visibility": -1, "drawOrder": null, "icon": null, "snippet": null}, "geometry": {"type": "Polygon", "coordinates": [[[-61.52346783687113, -4.942330055225503, 0.0], [-61.5235153057867, -4.942302120484151, 0.0], [-61.52361893016945, -4.942308466100473, 0.0], [-61.52376753594297, -4.942190586563981, 0.0], [-61.52386338748528, -4.942035903172031, 0.0], [-61.52389587009826, -4.942050242862076, 0.0], [-61.52416643833045, -4.941916329312787, 0.0], [-61.52415042050546, -4.941808273970315, 0.0], [-61.52392883025129, -4.941848542913594, 0.0], [-61.52386810622806, -4.941740387746352, 0.0], [-61.52378282082049, -4.941711664299532, 0.0], [-61.52372992269774, -4.941740080178199, 0.0], [-61.52371784300403, -4.941689101208733, 0.0], [-61.5237119317602, -4.941605525412359, 0.0], [-61.52346225747715, -4.941480644653681, 0.0], [-61.52339089447417, -4.941588505742649, 0.0], [-61.52338050820385, -4.941690388138577, 0.0], [-61.52341671131211, -4.94185963155438, 0.0], [-61.52340443286824, -4.941898328482746, 0.0], [-61.52345698385268, -4.942026846099738, 0.0], [-61.52358912483823, -4.942002683114993, 0.0], [-61.52364382070573, -4.942080253238756, 0.0], [-61.52359293616502, -4.942116825968405, 0.0], [-61.52359079128194, -4.942167773461606, 0.0], [-61.52351961353929, -4.942192072243972, 0.0], [-61.52344653462984, -4.942157262185551, 0.0], [-61.5233733199227, -4.942183594335059, 0.0], [-61.5233104411239, -4.942130463287913, 0.0], [-61.52329196725043, -4.942213984225633, 0.0], [-61.52346783687113, -4.942330055225503, 0.0]]]}}, {"id": "20", "type": "Feature", "properties": {"id": "ID_00173", "Name": "82", "descriptio": "<html xmlns:fo=\"http://www.w3.org/1999/XSL/Format\" xmlns:msxsl=\"urn:schemas-microsoft-com:xslt\">\n\n<head>\n\n<META http-equiv=\"Content-Type\" content=\"text/html\">\n\n<meta http-equiv=\"content-type\" content=\"text/html; charset=UTF-8\">\n\n</head>\n\n<body style=\"mar", "timestamp": null, "begin": null, "end": null, "altitudeMo": null, "tessellate": -1, "extrude": 0, "visibility": -1, "drawOrder": null, "icon": null, "snippet": null}, "geometry": {"type": "MultiPolygon", "coordinates": [[[[-61.52641433537971, -4.943507774561539, 0.0], [-61.5264299640682, -4.943560929682656, 0.0], [-61.52649696362096, -4.943687418992347, 0.0], [-61.52662157396105, -4.943654675247558, 0.0], [-61.5266059262185, -4.943610134198861, 0.0], [-61.52656022408571, -4.943562654964825, 0.0], [-61.52657457045188, -4.94354832999964, 0.0], [-61.5266346062602, -4.94358722698153, 0.0], [-61.52670319913283, -4.943640499841328, 0.0], [-61.52674182010573, -4.943653506865976, 0.0], [-61.52688773426734, -4.943696901782438, 0.0], [-61.52651611207353, -4.943443394972749, 0.0], [-61.52641910574577, -4.943292432300966, 0.0], [-61.526394818472, -4.943270843018271, 0.0], [-61.52631164764924, -4.943336699647188, 0.0], [-61.52629295294778, -4.943375421595091, 0.0], [-61.52630147825806, -4.943404154264564, 0.0], [-61.52636872529517, -4.943418660638343, 0.0], [-61.52641155495714, -4.943470440549773, 0.0], [-61.52641433537971, -4.943507774561539, 0.0]]], [[[-61.52621731390071, -4.943271884045008, 0.0], [-61.52625441451661, -4.943325086907515, 0.0], [-61.52629452404057, -4.943312254917541, 0.0], [-61.52634903069767, -4.943262127105108, 0.0], [-61.52558729923707, -4.942700515854325, 0.0], [-61.52571578792599, -4.942855855644963, 0.0], [-61.52579142367586, -4.942960828894462, 0.0], [-61.52589007710871, -4.943014168655379, 0.0], [-61.52611450247584, -4.94315680058789, 0.0], [-61.52617737257967, -4.943208625066345, 0.0], [-61.52621731390071, -4.943271884045008, 0.0]]]]}}, {"id": "21", "type": "Feature", "properties": {"id": "ID_00051", "Name": "83", "descriptio": "<html xmlns:fo=\"http://www.w3.org/1999/XSL/Format\" xmlns:msxsl=\"urn:schemas-microsoft-com:xslt\">\n\n<head>\n\n<META http-equiv=\"Content-Type\" content=\"text/html\">\n\n<meta http-equiv=\"content-type\" content=\"text/html; charset=UTF-8\">\n\n</head>\n\n<body style=\"mar", "timestamp": null, "begin": null, "end": null, "altitudeMo": null, "tessellate": -1, "extrude": 0, "visibility": -1, "drawOrder": null, "icon": null, "snippet": null}, "geometry": {"type": "Polygon", "coordinates": [[[-61.53574748495845, -4.950515504624203, 0.0], [-61.53566085236639, -4.950688323744549, 0.0], [-61.53583072980427, -4.950772307833121, 0.0], [-61.53592992682462, -4.95115378135926, 0.0], [-61.53598330158805, -4.951143866333712, 0.0], [-61.5360802314175, -4.951040406526869, 0.0], [-61.5361435652733, -4.951050579657862, 0.0], [-61.53607327516146, -4.951170819914787, 0.0], [-61.5361465842974, -4.951194392044932, 0.0], [-61.53607292262723, -4.951331347101336, 0.0], [-61.5359728568618, -4.951344503283535, 0.0], [-61.53594266931867, -4.951424700327012, 0.0], [-61.5360251722239, -4.9518161698177, 0.0], [-61.53607494070592, -4.951929987116521, 0.0], [-61.53620827059519, -4.951953692346373, 0.0], [-61.53637823616663, -4.951997544188619, 0.0], [-61.53631124386879, -4.952134514533568, 0.0], [-61.53648798942913, -4.952128216581241, 0.0], [-61.53658836366202, -4.951974598885972, 0.0], [-61.53704889119332, -4.951811745153252, 0.0], [-61.53720275800083, -4.951594703669993, 0.0], [-61.53709637539735, -4.951447317377164, 0.0], [-61.53695307922119, -4.951406868569482, 0.0], [-61.53685651721446, -4.951343112931654, 0.0], [-61.53687661256554, -4.951303025651469, 0.0], [-61.53668692576099, -4.951128701066044, 0.0], [-61.53645711480397, -4.951004452530805, 0.0], [-61.53574748495845, -4.950515504624203, 0.0]]]}}, {"id": "22", "type": "Feature", "properties": {"id": "ID_00172", "Name": "84", "descriptio": "<html xmlns:fo=\"http://www.w3.org/1999/XSL/Format\" xmlns:msxsl=\"urn:schemas-microsoft-com:xslt\">\n\n<head>\n\n<META http-equiv=\"Content-Type\" content=\"text/html\">\n\n<meta http-equiv=\"content-type\" content=\"text/html; charset=UTF-8\">\n\n</head>\n\n<body style=\"mar", "timestamp": null, "begin": null, "end": null, "altitudeMo": null, "tessellate": -1, "extrude": 0, "visibility": -1, "drawOrder": null, "icon": null, "snippet": null}, "geometry": {"type": "MultiPolygon", "coordinates": [[[[-61.54385682549707, -4.95673463055801, 0.0], [-61.54389499681775, -4.956735671771836, 0.0], [-61.54391890550738, -4.956712753294484, 0.0], [-61.54393806976577, -4.956677381663505, 0.0], [-61.54396577902587, -4.956662128602098, 0.0], [-61.5439715679145, -4.956633427424823, 0.0], [-61.54395452401581, -4.956572133504746, 0.0], [-61.54396511392074, -4.956530043068939, 0.0], [-61.54385745849628, -4.956445578425463, 0.0], [-61.54382779865519, -4.95647996980524, 0.0], [-61.54379437387254, -4.956490424617825, 0.0], [-61.54377524944215, -4.956507610845716, 0.0], [-61.54378760968377, -4.95652869495196, 0.0], [-61.54380371599942, -4.956582329759347, 0.0], [-61.54381500242979, -4.956657967959575, 0.0], [-61.54384350881949, -4.956714501475469, 0.0], [-61.54385682549707, -4.95673463055801, 0.0]]], [[[-61.54391287699471, -4.956415072303073, 0.0], [-61.54398722500585, -4.9564563926869, 0.0], [-61.54399300550617, -4.956431520013785, 0.0], [-61.54399591461782, -4.95641046954018, 0.0], [-61.54396829129745, -4.956386480427145, 0.0], [-61.54394251167885, -4.956392166433006, 0.0], [-61.54391287699471, -4.956415072303073, 0.0]]], [[[-61.54373717455965, -4.956462541822848, 0.0], [-61.54375337938909, -4.956471191697362, 0.0], [-61.54378965879137, -4.956464571698305, 0.0], [-61.54382116651852, -4.956457941186315, 0.0], [-61.54383839694829, -4.956434050868215, 0.0], [-61.54380696677521, -4.956405267710144, 0.0], [-61.54363729640593, -4.956313009392736, 0.0], [-61.54365914758298, -4.956358042677439, 0.0], [-61.54367629835873, -4.956370523159929, 0.0], [-61.54370013786369, -4.9563791898534, 0.0], [-61.54372012649186, -4.956403162156564, 0.0], [-61.54373437234281, -4.956434778855725, 0.0], [-61.54373717455965, -4.956462541822848, 0.0]]], [[[-61.54383951267278, -4.956360354247908, 0.0], [-61.54388430353509, -4.956389166832827, 0.0], [-61.54390536177943, -4.956360499288309, 0.0], [-61.5439159328175, -4.956327022989638, 0.0], [-61.54394653231046, -4.95629933358849, 0.0], [-61.54396761569745, -4.956259180524457, 0.0], [-61.54392465596249, -4.956265785823755, 0.0], [-61.54389119556234, -4.956292511791834, 0.0], [-61.54383295598971, -4.95630386908377, 0.0], [-61.54380145246223, -4.956308585346041, 0.0], [-61.54379092753171, -4.956321004863897, 0.0], [-61.54383951267278, -4.956360354247908, 0.0]]]]}}, {"id": "23", "type": "Feature", "properties": {"id": "ID_00174", "Name": "85", "descriptio": "<html xmlns:fo=\"http://www.w3.org/1999/XSL/Format\" xmlns:msxsl=\"urn:schemas-microsoft-com:xslt\">\n\n<head>\n\n<META http-equiv=\"Content-Type\" content=\"text/html\">\n\n<meta http-equiv=\"content-type\" content=\"text/html; charset=UTF-8\">\n\n</head>\n\n<body style=\"mar", "timestamp": null, "begin": null, "end": null, "altitudeMo": null, "tessellate": -1, "extrude": 0, "visibility": -1, "drawOrder": null, "icon": null, "snippet": null}, "geometry": {"type": "MultiPolygon", "coordinates": [[[[-61.55099715123227, -4.961763150938071, 0.0], [-61.55110576291456, -4.961847617018277, 0.0], [-61.55108120046224, -4.961732707072663, 0.0], [-61.55108922772506, -4.961552783533289, 0.0], [-61.5511485223978, -4.96149548559251, 0.0], [-61.5511333280266, -4.961460995441011, 0.0], [-61.55101883164819, -4.96144925863666, 0.0], [-61.55097105175213, -4.961477867816631, 0.0], [-61.55099715123227, -4.961763150938071, 0.0]]], [[[-61.55058415564916, -4.961216678474461, 0.0], [-61.55053827609913, -4.961249120327397, 0.0], [-61.55045236836686, -4.961256588850879, 0.0], [-61.55040657235284, -4.961250745534953, 0.0], [-61.55036458118737, -4.961250653368431, 0.0], [-61.55032451959885, -4.961240994099902, 0.0], [-61.55029398057086, -4.961240927066309, 0.0], [-61.55040261295003, -4.96131582192305, 0.0], [-61.55043319375401, -4.961296746373907, 0.0], [-61.55048282385882, -4.961294941035663, 0.0], [-61.55053051186027, -4.961308445568219, 0.0], [-61.55055906284635, -4.961344879304417, 0.0], [-61.55058190864941, -4.961371729183512, 0.0], [-61.5505913727409, -4.961408121030071, 0.0], [-61.55063329709441, -4.96143884131364, 0.0], [-61.55068484425692, -4.961433211635814, 0.0], [-61.55072306817609, -4.961410324310881, 0.0], [-61.55076506771081, -4.961406587941273, 0.0], [-61.55085665560605, -4.961420188786797, 0.0], [-61.55090050537125, -4.961443256212363, 0.0], [-61.55094059204429, -4.961441429902123, 0.0], [-61.55097887441822, -4.961391742943395, 0.0], [-61.55087026281581, -4.961307276867736, 0.0], [-61.55090088536959, -4.961269058710184, 0.0], [-61.55087040896963, -4.961240277829182, 0.0], [-61.55081885764399, -4.961247821784582, 0.0], [-61.55075587923707, -4.961243855056895, 0.0], [-61.55069675997466, -4.961220754119398, 0.0], [-61.55065862377208, -4.961203442026404, 0.0], [-61.55058415564916, -4.961216678474461, 0.0]]]]}}, {"id": "24", "type": "Feature", "properties": {"id": "ID_00175", "Name": "86", "descriptio": "<html xmlns:fo=\"http://www.w3.org/1999/XSL/Format\" xmlns:msxsl=\"urn:schemas-microsoft-com:xslt\">\n\n<head>\n\n<META http-equiv=\"Content-Type\" content=\"text/html\">\n\n<meta http-equiv=\"content-type\" content=\"text/html; charset=UTF-8\">\n\n</head>\n\n<body style=\"mar", "timestamp": null, "begin": null, "end": null, "altitudeMo": null, "tessellate": -1, "extrude": 0, "visibility": -1, "drawOrder": null, "icon": null, "snippet": null}, "geometry": {"type": "MultiPolygon", "coordinates": [[[[-61.55337825046648, -4.963737356883934, 0.0], [-61.55341760174452, -4.9637446216296, 0.0], [-61.55345577833291, -4.9637435088703, 0.0], [-61.55349038393035, -4.963738799028371, 0.0], [-61.55332007808817, -4.963608016219467, 0.0], [-61.55326390579454, -4.963655749848256, 0.0], [-61.55332583162654, -4.963704938713275, 0.0], [-61.55337825046648, -4.963737356883934, 0.0]]], [[[-61.55352030900417, -4.963692204283221, 0.0], [-61.55362275302343, -4.963760624606539, 0.0], [-61.55361924979331, -4.963725920794568, 0.0], [-61.55357521277061, -4.963679163984116, 0.0], [-61.55350492853868, -4.963633546078099, 0.0], [-61.55346562939345, -4.963602353085292, 0.0], [-61.5534680726084, -4.963576037233983, 0.0], [-61.55347302158997, -4.963494691626203, 0.0], [-61.55337882131289, -4.963475342513317, 0.0], [-61.55337519037268, -4.963499262923984, 0.0], [-61.55336679029256, -4.963521976465223, 0.0], [-61.55333687825443, -4.963562589139569, 0.0], [-61.55352030900417, -4.963692204283221, 0.0]]], [[[-61.55305792404656, -4.963473442821866, 0.0], [-61.55302927271957, -4.963482951367983, 0.0], [-61.55299114569015, -4.963461332270271, 0.0], [-61.55296134575111, -4.963450499187086, 0.0], [-61.55295416988321, -4.963458858384848, 0.0], [-61.55295531849537, -4.963479200011076, 0.0], [-61.55296839907712, -4.963498371373804, 0.0], [-61.55298026586501, -4.963527111421186, 0.0], [-61.55299573492815, -4.963545091601171, 0.0], [-61.55303147087457, -4.963569098295348, 0.0], [-61.553075573022, -4.963585944816571, 0.0], [-61.55305776761868, -4.963545227570928, 0.0], [-61.55308521819097, -4.963539305647052, 0.0], [-61.55307931086531, -4.963512971498652, 0.0], [-61.553110324603, -4.963514235892372, 0.0], [-61.55311273654601, -4.963502276996513, 0.0], [-61.55313063059096, -4.963502316215641, 0.0], [-61.55316280076809, -4.96352033299697, 0.0], [-61.55318660735769, -4.96354431353846, 0.0], [-61.55320922101248, -4.963568291465095, 0.0], [-61.55320798375875, -4.963588627864158, 0.0], [-61.55319366330654, -4.96359098931516, 0.0], [-61.55317811863429, -4.963607705101788, 0.0], [-61.5531780821367, -4.963624454877367, 0.0], [-61.55318403899871, -4.963628057187869, 0.0], [-61.5532067569324, -4.963604178612976, 0.0], [-61.55322465880151, -4.963600628592632, 0.0], [-61.55325090340602, -4.963600686110553, 0.0], [-61.55327591597237, -4.963618687201999, 0.0], [-61.55329386997715, -4.963591208927705, 0.0], [-61.55328077113574, -4.963580412456355, 0.0], [-61.5529532011719, -4.963355964300777, 0.0], [-61.55297814332492, -4.963406268534642, 0.0], [-61.55302102905982, -4.963433880153453, 0.0], [-61.5530448538905, -4.963449485810353, 0.0], [-61.55305792404656, -4.963473442821866, 0.0]]], [[[-61.55298673895197, -4.963293824067815, 0.0], [-61.5533214169995, -4.963541019726954, 0.0], [-61.55334416620511, -4.963502784193307, 0.0], [-61.55324650703807, -4.963428392240738, 0.0], [-61.55315001997569, -4.963363574194724, 0.0], [-61.55305232957035, -4.963303539175328, 0.0], [-61.55298673895197, -4.963293824067815, 0.0]]]]}}, {"id": "25", "type": "Feature", "properties": {"id": "ID_00052", "Name": "87", "descriptio": "<html xmlns:fo=\"http://www.w3.org/1999/XSL/Format\" xmlns:msxsl=\"urn:schemas-microsoft-com:xslt\">\n\n<head>\n\n<META http-equiv=\"Content-Type\" content=\"text/html\">\n\n<meta http-equiv=\"content-type\" content=\"text/html; charset=UTF-8\">\n\n</head>\n\n<body style=\"mar", "timestamp": null, "begin": null, "end": null, "altitudeMo": null, "tessellate": -1, "extrude": 0, "visibility": -1, "drawOrder": null, "icon": null, "snippet": null}, "geometry": {"type": "Polygon", "coordinates": [[[-61.56728413075797, -4.974409771930056, 0.0], [-61.56735875919935, -4.974116328542358, 0.0], [-61.5672945512025, -4.973976843693018, 0.0], [-61.56735460343213, -4.973743073020994, 0.0], [-61.56707221001443, -4.973533441052093, 0.0], [-61.56691856444012, -4.973448504581432, 0.0], [-61.56677983771932, -4.973348669941807, 0.0], [-61.56672556543247, -4.973204229827966, 0.0], [-61.56674074239129, -4.973069894496701, 0.0], [-61.56681043984985, -4.972965537166438, 0.0], [-61.56693456967464, -4.972930970824302, 0.0], [-61.56705875435796, -4.972871521140422, 0.0], [-61.56713341337627, -4.972767174602057, 0.0], [-61.56714383292148, -4.972538272859674, 0.0], [-61.56715421919182, -4.972324300762554, 0.0], [-61.56712504878192, -4.972045546901133, 0.0], [-61.56703079893219, -4.972030412210454, 0.0], [-61.56699145718995, -4.971866097978701, 0.0], [-61.56689249219473, -4.971736491282733, 0.0], [-61.56683782240754, -4.971776185559176, 0.0], [-61.56685250473926, -4.971870772654699, 0.0], [-61.56680775897087, -4.971910488514918, 0.0], [-61.56680708088204, -4.972224013763922, 0.0], [-61.56649455927646, -4.972178544940546, 0.0], [-61.56646519461299, -4.971989368950901, 0.0], [-61.56631151756245, -4.97191936212555, 0.0], [-61.56604345124423, -4.971968545148894, 0.0], [-61.5658992566453, -4.972102599891717, 0.0], [-61.56611201735569, -4.972386729900317, 0.0], [-61.56633994513232, -4.97254150142581, 0.0], [-61.56627028004935, -4.972630929110751, 0.0], [-61.56579456566664, -4.972326319740517, 0.0], [-61.56573042332037, -4.972156975600606, 0.0], [-61.56545785769396, -4.97199215415127, 0.0], [-61.56541249858788, -4.972315535070527, 0.0], [-61.56566444995435, -4.972833651588381, 0.0], [-61.56604641091309, -4.972894202042444, 0.0], [-61.56609046780078, -4.973172988279443, 0.0], [-61.5663035082003, -4.973327727429306, 0.0], [-61.5663924403588, -4.973507079224922, 0.0], [-61.56635210756367, -4.973800611645507, 0.0], [-61.56630697418746, -4.974019484148504, 0.0], [-61.56659398562391, -4.974388378857174, 0.0], [-61.56680221554979, -4.974473434038329, 0.0], [-61.56728413075797, -4.974409771930056, 0.0]]]}}, {"id": "26", "type": "Feature", "properties": {"id": "ID_00053", "Name": "88", "descriptio": "<html xmlns:fo=\"http://www.w3.org/1999/XSL/Format\" xmlns:msxsl=\"urn:schemas-microsoft-com:xslt\">\n\n<head>\n\n<META http-equiv=\"Content-Type\" content=\"text/html\">\n\n<meta http-equiv=\"content-type\" content=\"text/html; charset=UTF-8\">\n\n</head>\n\n<body style=\"mar", "timestamp": null, "begin": null, "end": null, "altitudeMo": null, "tessellate": -1, "extrude": 0, "visibility": -1, "drawOrder": null, "icon": null, "snippet": null}, "geometry": {"type": "Polygon", "coordinates": [[[-61.58663751600852, -4.993579538101169, 0.0], [-61.58669686137101, -4.993564794615547, 0.0], [-61.58672558751579, -4.993520827660036, 0.0], [-61.58618312635014, -4.992796055029927, 0.0], [-61.58600531958978, -4.992929672702226, 0.0], [-61.58602736826839, -4.993329808060173, 0.0], [-61.58616649428825, -4.993431565450377, 0.0], [-61.58663751600852, -4.993579538101169, 0.0]]]}}, {"id": "27", "type": "Feature", "properties": {"id": "ID_00054", "Name": "89", "descriptio": "<html xmlns:fo=\"http://www.w3.org/1999/XSL/Format\" xmlns:msxsl=\"urn:schemas-microsoft-com:xslt\">\n\n<head>\n\n<META http-equiv=\"Content-Type\" content=\"text/html\">\n\n<meta http-equiv=\"content-type\" content=\"text/html; charset=UTF-8\">\n\n</head>\n\n<body style=\"mar", "timestamp": null, "begin": null, "end": null, "altitudeMo": null, "tessellate": -1, "extrude": 0, "visibility": -1, "drawOrder": null, "icon": null, "snippet": null}, "geometry": {"type": "Polygon", "coordinates": [[[-61.59266685878843, -4.999225199519141, 0.0], [-61.59349002174707, -4.999605161284936, 0.0], [-61.59357821016623, -4.999572372902501, 0.0], [-61.59266521033118, -4.998787423036926, 0.0], [-61.59266685878843, -4.999225199519141, 0.0]]]}}, {"id": "28", "type": "Feature", "properties": {"id": "ID_00176", "Name": "90", "descriptio": "<html xmlns:fo=\"http://www.w3.org/1999/XSL/Format\" xmlns:msxsl=\"urn:schemas-microsoft-com:xslt\">\n\n<head>\n\n<META http-equiv=\"Content-Type\" content=\"text/html\">\n\n<meta http-equiv=\"content-type\" content=\"text/html; charset=UTF-8\">\n\n</head>\n\n<body style=\"mar", "timestamp": null, "begin": null, "end": null, "altitudeMo": null, "tessellate": -1, "extrude": 0, "visibility": -1, "drawOrder": null, "icon": null, "snippet": null}, "geometry": {"type": "MultiPolygon", "coordinates": [[[[-61.58607629008515, -4.992734742544528, 0.0], [-61.58606002624636, -4.992752893308238, 0.0], [-61.58608294221767, -4.992748156939038, 0.0], [-61.58609250061899, -4.992741477498466, 0.0], [-61.58610203031806, -4.992748198059926, 0.0], [-61.5860991343005, -4.992763506180008, 0.0], [-61.58610196676326, -4.992777869493366, 0.0], [-61.58612483968289, -4.992793233126374, 0.0], [-61.58616015062171, -4.992794266341011, 0.0], [-61.586189767931, -4.992779972929509, 0.0], [-61.58613070552114, -4.992728159736632, 0.0], [-61.58612503854403, -4.992700390252956, 0.0], [-61.58613465639637, -4.99266595366355, 0.0], [-61.58611074707097, -4.992688873696927, 0.0], [-61.58608876090494, -4.992705097839901, 0.0], [-61.58607629008515, -4.992734742544528, 0.0]]], [[[-61.58622435201099, -4.992674761204245, 0.0], [-61.58625584532525, -4.992675786188675, 0.0], [-61.58626642782487, -4.992636565935635, 0.0], [-61.58625980643655, -4.992608794395944, 0.0], [-61.58624935717977, -4.992585800348751, 0.0], [-61.58622551550774, -4.992577134666901, 0.0], [-61.58617387104849, -4.992626795091342, 0.0], [-61.58622435201099, -4.992674761204245, 0.0]]], [[[-61.58603629528587, -4.992692541897209, 0.0], [-61.58605059290784, -4.992701187025554, 0.0], [-61.58606968510696, -4.992699313860983, 0.0], [-61.58609356778211, -4.992688836688834, 0.0], [-61.58612039157474, -4.992641994248516, 0.0], [-61.58593937450348, -4.99249228929052, 0.0], [-61.58601831535994, -4.992620717107276, 0.0], [-61.58602778355021, -4.992656151958713, 0.0], [-61.58603155401469, -4.992678174471868, 0.0], [-61.58603629528587, -4.992692541897209, 0.0]]], [[[-61.58611576510539, -4.992574026813974, 0.0], [-61.5861557824562, -4.992605698882539, 0.0], [-61.58617778091708, -4.992583731877565, 0.0], [-61.58618264928904, -4.992538756433266, 0.0], [-61.58618173793307, -4.992518654373294, 0.0], [-61.5861560100051, -4.99249945600476, 0.0], [-61.5861073989176, -4.992469679720824, 0.0], [-61.58600828024952, -4.992404380175934, 0.0], [-61.58611576510539, -4.992574026813974, 0.0]]]]}}, {"id": "29", "type": "Feature", "properties": {"id": "ID_00177", "Name": "91", "descriptio": "<html xmlns:fo=\"http://www.w3.org/1999/XSL/Format\" xmlns:msxsl=\"urn:schemas-microsoft-com:xslt\">\n\n<head>\n\n<META http-equiv=\"Content-Type\" content=\"text/html\">\n\n<meta http-equiv=\"content-type\" content=\"text/html; charset=UTF-8\">\n\n</head>\n\n<body style=\"mar", "timestamp": null, "begin": null, "end": null, "altitudeMo": null, "tessellate": -1, "extrude": 0, "visibility": -1, "drawOrder": null, "icon": null, "snippet": null}, "geometry": {"type": "MultiPolygon", "coordinates": [[[[-61.64591781669544, -5.047713696961006, 0.0], [-61.64594499638517, -5.047725239683543, 0.0], [-61.64599297536005, -5.047718160968788, 0.0], [-61.64602165678736, -5.047695966581657, 0.0], [-61.64607481366575, -5.047608496385183, 0.0], [-61.64591555614347, -5.047422951903414, 0.0], [-61.64588911467944, -5.047400642561808, 0.0], [-61.64586117594557, -5.04740991670165, 0.0], [-61.64583965781183, -5.047429972391181, 0.0], [-61.64586663798176, -5.047537710266047, 0.0], [-61.6458823650455, -5.047548511226383, 0.0], [-61.64588868589399, -5.047607390354112, 0.0], [-61.64589641468385, -5.047677758456445, 0.0], [-61.64591781669544, -5.047713696961006, 0.0]]], [[[-61.64577534610032, -5.047373125951133, 0.0], [-61.64580680170656, -5.047394009998848, 0.0], [-61.64584767543842, -5.047361072884493, 0.0], [-61.64581051213564, -5.047330844529272, 0.0], [-61.64572046741976, -5.047255279608279, 0.0], [-61.64574820067433, -5.047345072118564, 0.0], [-61.64577534610032, -5.047373125951133, 0.0]]], [[[-61.64584947734183, -5.047297664140856, 0.0], [-61.64589234486903, -5.047338911842957, 0.0], [-61.64591153429159, -5.047291093368163, 0.0], [-61.64594114986082, -5.047278711919285, 0.0], [-61.64595740429487, -5.047265345436847, 0.0], [-61.6459536259593, -5.047246194160268, 0.0], [-61.64594890105502, -5.04722321223035, 0.0], [-61.64595278856055, -5.047189719391253, 0.0], [-61.64589937182001, -5.04717237894227, 0.0], [-61.64587840638117, -5.0471560633339, 0.0], [-61.64586409669637, -5.047152204813098, 0.0], [-61.64583928543547, -5.047149281561472, 0.0], [-61.64582496781097, -5.047149251702665, 0.0], [-61.64582588857304, -5.047165525509995, 0.0], [-61.64584207551341, -5.047184702663935, 0.0], [-61.64585921894808, -5.047202924642632, 0.0], [-61.645879223924, -5.04722210975843, 0.0], [-61.64589158687837, -5.047244150446857, 0.0], [-61.64588390714013, -5.047265192168139, 0.0], [-61.64586956767727, -5.047275691132348, 0.0], [-61.64584947734183, -5.047297664140856, 0.0]]], [[[-61.64594945863795, -5.047299547690653, 0.0], [-61.64591640005966, -5.047361216207483, 0.0], [-61.64593925020613, -5.047389261077771, 0.0], [-61.64595642987389, -5.04739001478128, 0.0], [-61.64599648053371, -5.047408763113107, 0.0], [-61.64606544474669, -5.047469876195134, 0.0], [-61.64605442972476, -5.047426830888515, 0.0], [-61.64605879497967, -5.04739309975159, 0.0], [-61.64607888134398, -5.047373041067164, 0.0], [-61.64612477218987, -5.047337242882939, 0.0], [-61.6461182012413, -5.047398966642927, 0.0], [-61.64616479159614, -5.047371066566515, 0.0], [-61.64620713131137, -5.047321621298822, 0.0], [-61.64623229879476, -5.047267832959621, 0.0], [-61.64624031190958, -5.047201087059237, 0.0], [-61.64627333324178, -5.047157365375218, 0.0], [-61.64631847246292, -5.047138794663625, 0.0], [-61.64635643352192, -5.047129541392256, 0.0], [-61.64636578462558, -5.047108024559951, 0.0], [-61.64636152803072, -5.047089350870743, 0.0], [-61.64633007241162, -5.04706846684889, 0.0], [-61.6462986316773, -5.047040404081922, 0.0], [-61.64625711651875, -5.047037446024157, 0.0], [-61.64623204430436, -5.047045290406592, 0.0], [-61.64619908251243, -5.047060297114208, 0.0], [-61.64616899317473, -5.047071002543699, 0.0], [-61.64613031921527, -5.047078818563016, 0.0], [-61.64610237305464, -5.047091682089714, 0.0], [-61.64608515320383, -5.047110310999464, 0.0], [-61.64607007206464, -5.047133251632564, 0.0], [-61.64604498049468, -5.047150428372512, 0.0], [-61.64602773831183, -5.047179825394782, 0.0], [-61.64597675294134, -5.047255814085692, 0.0], [-61.64594945863795, -5.047299547690653, 0.0]]]]}}, {"id": "30", "type": "Feature", "properties": {"id": "ID_00178", "Name": "92", "descriptio": "<html xmlns:fo=\"http://www.w3.org/1999/XSL/Format\" xmlns:msxsl=\"urn:schemas-microsoft-com:xslt\">\n\n<head>\n\n<META http-equiv=\"Content-Type\" content=\"text/html\">\n\n<meta http-equiv=\"content-type\" content=\"text/html; charset=UTF-8\">\n\n</head>\n\n<body style=\"mar", "timestamp": null, "begin": null, "end": null, "altitudeMo": null, "tessellate": -1, "extrude": 0, "visibility": -1, "drawOrder": null, "icon": null, "snippet": null}, "geometry": {"type": "MultiPolygon", "coordinates": [[[[-61.68747122694114, -5.08548453309663, 0.0], [-61.68748745093734, -5.085486480506205, 0.0], [-61.68750467216533, -5.085467371880172, 0.0], [-61.68747706105466, -5.085431899813118, 0.0], [-61.68748191538279, -5.085391707936596, 0.0], [-61.68744951198571, -5.085365797958346, 0.0], [-61.68743045720947, -5.085347572642116, 0.0], [-61.68741035091561, -5.0853772044236, 0.0], [-61.68740930133468, -5.08542410434068, 0.0], [-61.68742835223433, -5.085444244019595, 0.0], [-61.68745982043999, -5.085460580247092, 0.0], [-61.68747122694114, -5.08548453309663, 0.0]]], [[[-61.68735983569707, -5.085338814154021, 0.0], [-61.68737222197835, -5.085350325597251, 0.0], [-61.68739707015472, -5.08533601843085, 0.0], [-61.68739996685543, -5.085319752188782, 0.0], [-61.68735519657334, -5.085272758956791, 0.0], [-61.68735511514288, -5.085312960551268, 0.0], [-61.68735983569707, -5.085338814154021, 0.0]]], [[[-61.68752018196977, -5.085350626915608, 0.0], [-61.68766217993826, -5.085466735431305, 0.0], [-61.68763271587096, -5.085403501234533, 0.0], [-61.68754039293994, -5.085269307360959, 0.0], [-61.68751078931288, -5.085274990187215, 0.0], [-61.68748493227835, -5.08531609647979, 0.0], [-61.68752018196977, -5.085350626915608, 0.0]]], [[[-61.68741634788382, -5.085244167950587, 0.0], [-61.68747352383933, -5.085293100811884, 0.0], [-61.6875242174124, -5.08524343043189, 0.0], [-61.68746989744199, -5.085198332130325, 0.0], [-61.68737268728388, -5.08512060219819, 0.0], [-61.68729069032812, -5.085072575967939, 0.0], [-61.68741634788382, -5.085244167950587, 0.0]]]]}}, {"id": "31", "type": "Feature", "properties": {"id": "ID_00179", "Name": "93", "descriptio": "<html xmlns:fo=\"http://www.w3.org/1999/XSL/Format\" xmlns:msxsl=\"urn:schemas-microsoft-com:xslt\">\n\n<head>\n\n<META http-equiv=\"Content-Type\" content=\"text/html\">\n\n<meta http-equiv=\"content-type\" content=\"text/html; charset=UTF-8\">\n\n</head>\n\n<body style=\"mar", "timestamp": null, "begin": null, "end": null, "altitudeMo": null, "tessellate": -1, "extrude": 0, "visibility": -1, "drawOrder": null, "icon": null, "snippet": null}, "geometry": {"type": "MultiPolygon", "coordinates": [[[[-61.70360167604619, -5.099960646784672, 0.0], [-61.70375798219141, -5.100085396825163, 0.0], [-61.70361517498682, -5.099893670679508, 0.0], [-61.70356963416783, -5.099753829009265, 0.0], [-61.70359075460277, -5.099694525800823, 0.0], [-61.70356021099045, -5.099692549811477, 0.0], [-61.70349526692724, -5.09970773385751, 0.0], [-61.70345701347354, -5.099742115547357, 0.0], [-61.70342257460661, -5.099778419310019, 0.0], [-61.70341868319234, -5.099814784695595, 0.0], [-61.70360167604619, -5.099960646784672, 0.0]]], [[[-61.70309494251427, -5.099402539684268, 0.0], [-61.70341506450085, -5.099715229591984, 0.0], [-61.70345521564691, -5.099686594875519, 0.0], [-61.70349727984621, -5.09965604963362, 0.0], [-61.70352783881888, -5.099650368132806, 0.0], [-61.70360039285497, -5.09964860009803, 0.0], [-61.70361566658058, -5.099648630905072, 0.0], [-61.70359858733313, -5.099596908169815, 0.0], [-61.70355478675357, -5.099541302775417, 0.0], [-61.70349185562235, -5.099504802600688, 0.0], [-61.70346130817954, -5.099504740982107, 0.0], [-61.70344980679808, -5.099527690352333, 0.0], [-61.70339442803406, -5.099533321782674, 0.0], [-61.70337344203136, -5.099525621924339, 0.0], [-61.70337163652572, -5.099473930000046, 0.0], [-61.70330290862776, -5.099471876971133, 0.0], [-61.70325140592173, -5.099448800498691, 0.0], [-61.7032285952217, -5.099398980579731, 0.0], [-61.70314658350861, -5.099356698742405, 0.0], [-61.70311232521658, -5.099303026964254, 0.0], [-61.70303795038198, -5.099260760526202, 0.0], [-61.70285487332266, -5.099157014555745, 0.0], [-61.70266024113695, -5.099103019114741, 0.0], [-61.70309494251427, -5.099402539684268, 0.0]]]]}}, {"id": "32", "type": "Feature", "properties": {"id": "ID_00055", "Name": "94", "descriptio": "<html xmlns:fo=\"http://www.w3.org/1999/XSL/Format\" xmlns:msxsl=\"urn:schemas-microsoft-com:xslt\">\n\n<head>\n\n<META http-equiv=\"Content-Type\" content=\"text/html\">\n\n<meta http-equiv=\"content-type\" content=\"text/html; charset=UTF-8\">\n\n</head>\n\n<body style=\"mar", "timestamp": null, "begin": null, "end": null, "altitudeMo": null, "tessellate": -1, "extrude": 0, "visibility": -1, "drawOrder": null, "icon": null, "snippet": null}, "geometry": {"type": "Polygon", "coordinates": [[[-61.72014503306678, -5.113937259029334, 0.0], [-61.72026795420272, -5.113912140065263, 0.0], [-61.72029045703893, -5.11367471095121, 0.0], [-61.72037909332045, -5.113418084908811, 0.0], [-61.72057275692714, -5.112971136241025, 0.0], [-61.72050960833172, -5.112874363792932, 0.0], [-61.72031354173653, -5.1131445821888, 0.0], [-61.72013978102603, -5.113276778932295, 0.0], [-61.71988384026696, -5.113187906129043, 0.0], [-61.71984552105391, -5.11306909219696, 0.0], [-61.7197244138506, -5.1130357147585, 0.0], [-61.71963942072266, -5.112845013518689, 0.0], [-61.71943008283198, -5.112863924462616, 0.0], [-61.7193941998824, -5.112905272592364, 0.0], [-61.71933361345543, -5.112905152083177, 0.0], [-61.71936677055998, -5.11284999126618, 0.0], [-61.71916591957148, -5.11275570544356, 0.0], [-61.71901696576031, -5.112876906176404, 0.0], [-61.71915715837611, -5.113006967929328, 0.0], [-61.71932788027743, -5.113018354245769, 0.0], [-61.71941309283994, -5.113098603449894, 0.0], [-61.71946508894268, -5.113264386274476, 0.0], [-61.71967410217803, -5.113408392915074, 0.0], [-61.71976792305117, -5.113314695249075, 0.0], [-61.71984496707154, -5.11334798455392, 0.0], [-61.71988904644229, -5.113339789032136, 0.0], [-61.72002922826623, -5.113475373521741, 0.0], [-61.71996276117244, -5.113663011670714, 0.0], [-61.72010292680858, -5.113806879815727, 0.0], [-61.72010273974964, -5.113900764540736, 0.0], [-61.72014503306678, -5.113937259029334, 0.0]]]}}, {"id": "33", "type": "Feature", "properties": {"id": "ID_00180", "Name": "95", "descriptio": "<html xmlns:fo=\"http://www.w3.org/1999/XSL/Format\" xmlns:msxsl=\"urn:schemas-microsoft-com:xslt\">\n\n<head>\n\n<META http-equiv=\"Content-Type\" content=\"text/html\">\n\n<meta http-equiv=\"content-type\" content=\"text/html; charset=UTF-8\">\n\n</head>\n\n<body style=\"mar", "timestamp": null, "begin": null, "end": null, "altitudeMo": null, "tessellate": -1, "extrude": 0, "visibility": -1, "drawOrder": null, "icon": null, "snippet": null}, "geometry": {"type": "MultiPolygon", "coordinates": [[[[-61.71157841791475, -5.107212614070272, 0.0], [-61.71161134090809, -5.107218423323, 0.0], [-61.71157638899272, -5.107153024716939, 0.0], [-61.71156645146984, -5.107109931070772, 0.0], [-61.71152928142306, -5.107079704863315, 0.0], [-61.71150417959453, -5.107101191317214, 0.0], [-61.71149620218307, -5.107152145841026, 0.0], [-61.71151045126885, -5.107187351299133, 0.0], [-61.71155053392447, -5.107193174928441, 0.0], [-61.71157841791475, -5.107212614070272, 0.0]]], [[[-61.71145341049212, -5.107068784119976, 0.0], [-61.71149919076623, -5.107089694982845, 0.0], [-61.71152141582745, -5.107074663808147, 0.0], [-61.71148996921506, -5.107046602774267, 0.0], [-61.71140338316678, -5.107023456301124, 0.0], [-61.7114212063431, -5.107061540514811, 0.0], [-61.71145341049212, -5.107068784119976, 0.0]]], [[[-61.71158727900026, -5.107077667609309, 0.0], [-61.7116502482093, -5.107095741388871, 0.0], [-61.71165313644199, -5.107083542972232, 0.0], [-61.71162956115194, -5.107057651429042, 0.0], [-61.71163822441626, -5.10702177407143, 0.0], [-61.71161461042754, -5.107015265614538, 0.0], [-61.71159167943755, -5.107025270111776, 0.0], [-61.71156226031335, -5.107057516326333, 0.0], [-61.71158727900026, -5.107077667609309, 0.0]]], [[[-61.71151437371034, -5.10701578228654, 0.0], [-61.71153582546357, -5.107029465355506, 0.0], [-61.71158102164693, -5.106984328704827, 0.0], [-61.71160683226753, -5.106966433143695, 0.0], [-61.71163191258721, -5.106955715064818, 0.0], [-61.71162265375952, -5.106931288050402, 0.0], [-61.71160548633689, -5.106923356744595, 0.0], [-61.71158761584894, -5.106908962972506, 0.0], [-61.71154973127734, -5.106878017439477, 0.0], [-61.71149323159074, -5.106847034535075, 0.0], [-61.71141387547124, -5.106788725733722, 0.0], [-61.71140878199703, -5.106829635517401, 0.0], [-61.7114408757534, -5.106892156806762, 0.0], [-61.71145371010361, -5.106918744684976, 0.0], [-61.71148579956669, -5.106983419650291, 0.0], [-61.71151437371034, -5.10701578228654, 0.0]]]]}}, {"id": "34", "type": "Feature", "properties": {"id": "ID_00181", "Name": "96", "descriptio": "<html xmlns:fo=\"http://www.w3.org/1999/XSL/Format\" xmlns:msxsl=\"urn:schemas-microsoft-com:xslt\">\n\n<head>\n\n<META http-equiv=\"Content-Type\" content=\"text/html\">\n\n<meta http-equiv=\"content-type\" content=\"text/html; charset=UTF-8\">\n\n</head>\n\n<body style=\"mar", "timestamp": null, "begin": null, "end": null, "altitudeMo": null, "tessellate": -1, "extrude": 0, "visibility": -1, "drawOrder": null, "icon": null, "snippet": null}, "geometry": {"type": "MultiPolygon", "coordinates": [[[[-61.71939771118056, -5.113755769771351, 0.0], [-61.71944007071686, -5.113757050893923, 0.0], [-61.71931141736261, -5.113644921580593, 0.0], [-61.71929235796263, -5.11362813257139, 0.0], [-61.71925543008082, -5.113595753426388, 0.0], [-61.71927491848626, -5.113696896184722, 0.0], [-61.71930354801126, -5.113701739366797, 0.0], [-61.71935182050916, -5.113729953444641, 0.0], [-61.71939771118056, -5.113755769771351, 0.0]]], [[[-61.71913616142702, -5.113565004493823, 0.0], [-61.71915163380744, -5.11358537582325, 0.0], [-61.71918089683089, -5.113571674604684, 0.0], [-61.71919341927243, -5.113575289110789, 0.0], [-61.71919279527921, -5.113589047555087, 0.0], [-61.71920889760003, -5.113592669214036, 0.0], [-61.71922564055913, -5.113574156997168, 0.0], [-61.71920597738337, -5.113560956264723, 0.0], [-61.71913388661043, -5.113508764690248, 0.0], [-61.71914159426344, -5.113533308236091, 0.0], [-61.71913916606178, -5.113554242044025, 0.0], [-61.71913616142702, -5.113565004493823, 0.0]]], [[[-61.71927818824891, -5.113552725080575, 0.0], [-61.71930200774068, -5.11357610432213, 0.0], [-61.71932110756143, -5.113572552997587, 0.0], [-61.7193253185638, -5.113555212234205, 0.0], [-61.7193354770088, -5.113547455312643, 0.0], [-61.71935460773822, -5.113528349614161, 0.0], [-61.71936717178923, -5.113511025538258, 0.0], [-61.71937316321849, -5.113498474310926, 0.0], [-61.71936184833503, -5.113487683251219, 0.0], [-61.71933378455467, -5.113498395638542, 0.0], [-61.71929078321327, -5.113519846634535, 0.0], [-61.71929074160228, -5.113540785212574, 0.0], [-61.71927818824891, -5.113552725080575, 0.0]]], [[[-61.71926115894945, -5.113415094141171, 0.0], [-61.71924204130017, -5.113427619141211, 0.0], [-61.7192020719411, -5.113424548044364, 0.0], [-61.71921037743199, -5.11344849453692, 0.0], [-61.7192014182253, -5.113453262615499, 0.0], [-61.71919485154865, -5.113455044237143, 0.0], [-61.71917455843915, -5.113458593174325, 0.0], [-61.71918883633757, -5.113479560363286, 0.0], [-61.71924303604353, -5.113527528453173, 0.0], [-61.71925738528058, -5.113512600936823, 0.0], [-61.71927008130007, -5.113428871659123, 0.0], [-61.71926115894945, -5.113415094141171, 0.0]]]]}}, {"id": "35", "type": "Feature", "properties": {"id": "ID_00182", "Name": "97", "descriptio": "<html xmlns:fo=\"http://www.w3.org/1999/XSL/Format\" xmlns:msxsl=\"urn:schemas-microsoft-com:xslt\">\n\n<head>\n\n<META http-equiv=\"Content-Type\" content=\"text/html\">\n\n<meta http-equiv=\"content-type\" content=\"text/html; charset=UTF-8\">\n\n</head>\n\n<body style=\"mar", "timestamp": null, "begin": null, "end": null, "altitudeMo": null, "tessellate": -1, "extrude": 0, "visibility": -1, "drawOrder": null, "icon": null, "snippet": null}, "geometry": {"type": "MultiPolygon", "coordinates": [[[[-61.74591219018724, -5.135906653632249, 0.0], [-61.74611313592413, -5.136036271125984, 0.0], [-61.74605240991478, -5.135967233052847, 0.0], [-61.74598735559909, -5.13591469826053, 0.0], [-61.74595948740854, -5.135885927353485, 0.0], [-61.74594311182917, -5.135838513527891, 0.0], [-61.74591219018724, -5.135906653632249, 0.0]]], [[[-61.74582996573267, -5.135846906053272, 0.0], [-61.74589074362238, -5.135889381801192, 0.0], [-61.74592880991029, -5.135829152677939, 0.0], [-61.74586293717864, -5.135829023246344, 0.0], [-61.74583649820715, -5.135801690951892, 0.0], [-61.74581005923788, -5.135774358656914, 0.0], [-61.74575424851383, -5.135754865585891, 0.0], [-61.74582996573267, -5.135846906053272, 0.0]]]]}}, {"id": "36", "type": "Feature", "properties": {"id": "ID_00183", "Name": "98", "descriptio": "<html xmlns:fo=\"http://www.w3.org/1999/XSL/Format\" xmlns:msxsl=\"urn:schemas-microsoft-com:xslt\">\n\n<head>\n\n<META http-equiv=\"Content-Type\" content=\"text/html\">\n\n<meta http-equiv=\"content-type\" content=\"text/html; charset=UTF-8\">\n\n</head>\n\n<body style=\"mar", "timestamp": null, "begin": null, "end": null, "altitudeMo": null, "tessellate": -1, "extrude": 0, "visibility": -1, "drawOrder": null, "icon": null, "snippet": null}, "geometry": {"type": "MultiPolygon", "coordinates": [[[[-61.75902411813216, -5.147121091473164, 0.0], [-61.75909686290279, -5.147147556474891, 0.0], [-61.75911835754361, -5.147140419284014, 0.0], [-61.75909822556963, -5.147060213764475, 0.0], [-61.75905294231207, -5.147026623202078, 0.0], [-61.75902187749568, -5.147045706862373, 0.0], [-61.7589991616535, -5.147067199812764, 0.0], [-61.7589788163218, -5.147097072963714, 0.0], [-61.75902411813216, -5.147121091473164, 0.0]]], [[[-61.75940815492537, -5.147240294350585, 0.0], [-61.75942841214254, -5.147255888466658, 0.0], [-61.75943918264958, -5.147240354790848, 0.0], [-61.75938559674923, -5.147180424808528, 0.0], [-61.75933794526633, -5.147137257551938, 0.0], [-61.75928907954786, -5.147104856535266, 0.0], [-61.75925102144179, -5.14703777772516, 0.0], [-61.7591664264179, -5.146968215226982, 0.0], [-61.75911508817299, -5.146980080324072, 0.0], [-61.75909715046777, -5.146999189565023, 0.0], [-61.75940815492537, -5.147240294350585, 0.0]]], [[[-61.75886320521985, -5.147021467434298, 0.0], [-61.75896333261715, -5.14708148813878, 0.0], [-61.75903387384793, -5.147013424417748, 0.0], [-61.75898264228488, -5.146970250167406, 0.0], [-61.75878356467231, -5.146858586636398, 0.0], [-61.75877271529441, -5.146914801543724, 0.0], [-61.75886320521985, -5.147021467434298, 0.0]]]]}}, {"id": "37", "type": "Feature", "properties": {"id": "ID_00138", "Name": "99", "descriptio": "<html xmlns:fo=\"http://www.w3.org/1999/XSL/Format\" xmlns:msxsl=\"urn:schemas-microsoft-com:xslt\">\n\n<head>\n\n<META http-equiv=\"Content-Type\" content=\"text/html\">\n\n<meta http-equiv=\"content-type\" content=\"text/html; charset=UTF-8\">\n\n</head>\n\n<body style=\"mar", "timestamp": null, "begin": null, "end": null, "altitudeMo": null, "tessellate": -1, "extrude": 0, "visibility": -1, "drawOrder": null, "icon": null, "snippet": null}, "geometry": {"type": "Polygon", "coordinates": [[[-61.76969293317757, -5.155991073031471, 0.0], [-61.76908958583886, -5.155483814978147, 0.0], [-61.76904803361555, -5.155495221092573, 0.0], [-61.76897370963979, -5.15542041460885, 0.0], [-61.76893777509621, -5.1554892643578, 0.0], [-61.76892045472152, -5.155559585961388, 0.0], [-61.76893183387045, -5.155599810928197, 0.0], [-61.76891452455141, -5.155664389275498, 0.0], [-61.76886722189903, -5.155687270793455, 0.0], [-61.7690542869837, -5.155966181892075, 0.0], [-61.7692860091894, -5.156108776588138, 0.0], [-61.76960092175119, -5.156184048712912, 0.0], [-61.76963395344278, -5.156135294775392, 0.0], [-61.76969293317757, -5.155991073031471, 0.0]]]}}, {"id": "38", "type": "Feature", "properties": {"id": "ID_00056", "Name": "100", "descriptio": "<html xmlns:fo=\"http://www.w3.org/1999/XSL/Format\" xmlns:msxsl=\"urn:schemas-microsoft-com:xslt\">\n\n<head>\n\n<META http-equiv=\"Content-Type\" content=\"text/html\">\n\n<meta http-equiv=\"content-type\" content=\"text/html; charset=UTF-8\">\n\n</head>\n\n<body style=\"mar", "timestamp": null, "begin": null, "end": null, "altitudeMo": null, "tessellate": -1, "extrude": 0, "visibility": -1, "drawOrder": null, "icon": null, "snippet": null}, "geometry": {"type": "Polygon", "coordinates": [[[-61.77858866423542, -5.163330588866048, 0.0], [-61.77855356909192, -5.163205346579932, 0.0], [-61.77864371173786, -5.163084075699989, 0.0], [-61.77863751091235, -5.163061527897688, 0.0], [-61.77866632519073, -5.163012755864471, 0.0], [-61.77865890938114, -5.162972677577482, 0.0], [-61.77872894048817, -5.162920228216398, 0.0], [-61.77868402834519, -5.162897605770336, 0.0], [-61.77857531290034, -5.162936208269909, 0.0], [-61.77853413833977, -5.162918601342868, 0.0], [-61.77844793832167, -5.16293721551056, 0.0], [-61.77840557215939, -5.162889557737388, 0.0], [-61.77824556927754, -5.162974386289353, 0.0], [-61.77821428366223, -5.163009381608148, 0.0], [-61.77825161631898, -5.163077061887385, 0.0], [-61.77858866423542, -5.163330588866048, 0.0]]]}}, {"id": "39", "type": "Feature", "properties": {"id": "ID_00184", "Name": "101", "descriptio": "<html xmlns:fo=\"http://www.w3.org/1999/XSL/Format\" xmlns:msxsl=\"urn:schemas-microsoft-com:xslt\">\n\n<head>\n\n<META http-equiv=\"Content-Type\" content=\"text/html\">\n\n<meta http-equiv=\"content-type\" content=\"text/html; charset=UTF-8\">\n\n</head>\n\n<body style=\"mar", "timestamp": null, "begin": null, "end": null, "altitudeMo": null, "tessellate": -1, "extrude": 0, "visibility": -1, "drawOrder": null, "icon": null, "snippet": null}, "geometry": {"type": "MultiPolygon", "coordinates": [[[[-61.77185094938173, -5.157836692015619, 0.0], [-61.77190226095605, -5.1578391841999, 0.0], [-61.77168187773106, -5.15763295738293, 0.0], [-61.7716412239548, -5.157673560396901, 0.0], [-61.77168054401321, -5.157705942347744, 0.0], [-61.77175087175189, -5.157749152873343, 0.0], [-61.77179969761275, -5.157803090497396, 0.0], [-61.77185094938173, -5.157836692015619, 0.0]]], [[[-61.77144460992137, -5.157518829695094, 0.0], [-61.77159355931006, -5.157636376248911, 0.0], [-61.7716318331891, -5.157592179087531, 0.0], [-61.77131724760008, -5.157346285068679, 0.0], [-61.77130885469776, -5.157366609632933, 0.0], [-61.77131595756578, -5.15739653628635, 0.0], [-61.77137075725671, -5.157446895925619, 0.0], [-61.77144460992137, -5.157518829695094, 0.0]]]]}}, {"id": "40", "type": "Feature", "properties": {"id": "ID_00057", "Name": "102", "descriptio": "<html xmlns:fo=\"http://www.w3.org/1999/XSL/Format\" xmlns:msxsl=\"urn:schemas-microsoft-com:xslt\">\n\n<head>\n\n<META http-equiv=\"Content-Type\" content=\"text/html\">\n\n<meta http-equiv=\"content-type\" content=\"text/html; charset=UTF-8\">\n\n</head>\n\n<body style=\"mar", "timestamp": null, "begin": null, "end": null, "altitudeMo": null, "tessellate": -1, "extrude": 0, "visibility": -1, "drawOrder": null, "icon": null, "snippet": null}, "geometry": {"type": "Polygon", "coordinates": [[[-61.78712431863238, -5.1692475838392, 0.0], [-61.78710140840326, -5.169291480647601, 0.0], [-61.78712229605708, -5.169352782934819, 0.0], [-61.78726434847085, -5.169460262711206, 0.0], [-61.78745601558262, -5.169585067926784, 0.0], [-61.78752837143713, -5.169692414603497, 0.0], [-61.78757697619648, -5.169738454496327, 0.0], [-61.78763423153453, -5.169753879668063, 0.0], [-61.78767627484019, -5.16973577271801, 0.0], [-61.78769066489225, -5.169699425718186, 0.0], [-61.78770790489585, -5.16967074184151, 0.0], [-61.7877441925404, -5.169666982675382, 0.0], [-61.78780340120596, -5.169659438262728, 0.0], [-61.78712431863238, -5.1692475838392, 0.0]]]}}, {"id": "41", "type": "Feature", "properties": {"id": "ID_00185", "Name": "103", "descriptio": "<html xmlns:fo=\"http://www.w3.org/1999/XSL/Format\" xmlns:msxsl=\"urn:schemas-microsoft-com:xslt\">\n\n<head>\n\n<META http-equiv=\"Content-Type\" content=\"text/html\">\n\n<meta http-equiv=\"content-type\" content=\"text/html; charset=UTF-8\">\n\n</head>\n\n<body style=\"mar", "timestamp": null, "begin": null, "end": null, "altitudeMo": null, "tessellate": -1, "extrude": 0, "visibility": -1, "drawOrder": null, "icon": null, "snippet": null}, "geometry": {"type": "MultiPolygon", "coordinates": [[[[-61.78228809059318, -5.16621793090445, 0.0], [-61.782365649172, -5.1662252588639, 0.0], [-61.78208787937566, -5.166069178015884, 0.0], [-61.78202470125966, -5.166030768073906, 0.0], [-61.78202595864909, -5.165997267889268, 0.0], [-61.78199008067769, -5.166036684230615, 0.0], [-61.78199121469396, -5.16606779596212, 0.0], [-61.78200192576643, -5.166083371298489, 0.0], [-61.78203413438104, -5.166090612247185, 0.0], [-61.78209614649823, -5.166114661695211, 0.0], [-61.78228809059318, -5.16621793090445, 0.0]]], [[[-61.78184694029142, -5.16599979591877, 0.0], [-61.78188127511766, -5.166018527559785, 0.0], [-61.78190992540348, -5.166014275078719, 0.0], [-61.78194000505053, -5.16601146116548, 0.0], [-61.78196005175121, -5.166012935469925, 0.0], [-61.78198374588053, -5.165979239047312, 0.0], [-61.78163472276395, -5.165763913136591, 0.0], [-61.78166828118911, -5.16581423145406, 0.0], [-61.78167540468074, -5.16583362877352, 0.0], [-61.78168394519268, -5.165860925853424, 0.0], [-61.78169392466339, -5.165884636132244, 0.0], [-61.78172750914901, -5.165921314157041, 0.0], [-61.78177970823288, -5.165959463741323, 0.0], [-61.7818111706225, -5.16598249734745, 0.0], [-61.78184694029142, -5.16599979591877, 0.0]]]]}}, {"id": "42", "type": "Feature", "properties": {"id": "ID_00058", "Name": "104", "descriptio": "<html xmlns:fo=\"http://www.w3.org/1999/XSL/Format\" xmlns:msxsl=\"urn:schemas-microsoft-com:xslt\">\n\n<head>\n\n<META http-equiv=\"Content-Type\" content=\"text/html\">\n\n<meta http-equiv=\"content-type\" content=\"text/html; charset=UTF-8\">\n\n</head>\n\n<body style=\"mar", "timestamp": null, "begin": null, "end": null, "altitudeMo": null, "tessellate": -1, "extrude": 0, "visibility": -1, "drawOrder": null, "icon": null, "snippet": null}, "geometry": {"type": "Polygon", "coordinates": [[[-61.82824095205824, -5.195168328584903, 0.0], [-61.82820194306515, -5.195240052216061, 0.0], [-61.82823276193238, -5.195354977479631, 0.0], [-61.82833764356734, -5.195434143900013, 0.0], [-61.82837091128845, -5.195515570316746, 0.0], [-61.82837322704275, -5.195553864348787, 0.0], [-61.82835643849882, -5.195596908599836, 0.0], [-61.82829197239659, -5.19560636137391, 0.0], [-61.82812733171096, -5.1955725522609, 0.0], [-61.82811532216436, -5.195613212409232, 0.0], [-61.82827509571906, -5.195697266644976, 0.0], [-61.82834174987181, -5.195795506786617, 0.0], [-61.82839653117492, -5.195860222001038, 0.0], [-61.82839393213425, -5.195975084312112, 0.0], [-61.82846308460365, -5.196013502450562, 0.0], [-61.82855138543807, -5.196023238511015, 0.0], [-61.8286493800648, -5.195954021290447, 0.0], [-61.82873082087064, -5.195801015134115, 0.0], [-61.82864496439355, -5.195760173322761, 0.0], [-61.82853302308054, -5.195625953104651, 0.0], [-61.8285332173341, -5.195520657781521, 0.0], [-61.82860505697779, -5.195396350790372, 0.0], [-61.82824095205824, -5.195168328584903, 0.0]]]}}, {"id": "43", "type": "Feature", "properties": {"id": "ID_00059", "Name": "105", "descriptio": "<html xmlns:fo=\"http://www.w3.org/1999/XSL/Format\" xmlns:msxsl=\"urn:schemas-microsoft-com:xslt\">\n\n<head>\n\n<META http-equiv=\"Content-Type\" content=\"text/html\">\n\n<meta http-equiv=\"content-type\" content=\"text/html; charset=UTF-8\">\n\n</head>\n\n<body style=\"mar", "timestamp": null, "begin": null, "end": null, "altitudeMo": null, "tessellate": -1, "extrude": 0, "visibility": -1, "drawOrder": null, "icon": null, "snippet": null}, "geometry": {"type": "Polygon", "coordinates": [[[-61.83079824983929, -5.196619647308258, 0.0], [-61.8308622743744, -5.196477537337883, 0.0], [-61.83100975509609, -5.196357856459304, 0.0], [-61.83110188884103, -5.196305739847422, 0.0], [-61.83117242266911, -5.196321249555403, 0.0], [-61.83131643380631, -5.196419940257415, 0.0], [-61.83134697658164, -5.19649381416756, 0.0], [-61.83141136893948, -5.196512387865806, 0.0], [-61.83148829424938, -5.196389500904137, 0.0], [-61.83165090516508, -5.196383650814237, 0.0], [-61.8319050661658, -5.196642483793007, 0.0], [-61.83196966266974, -5.196550331162231, 0.0], [-61.83196086640083, -5.196328861417203, 0.0], [-61.8319947438623, -5.196258181898991, 0.0], [-61.83184203358292, -5.195885733968856, 0.0], [-61.83173144125302, -5.195965498438404, 0.0], [-61.83166395252937, -5.195962297751226, 0.0], [-61.83153531530252, -5.195845181739178, 0.0], [-61.83144660707524, -5.195703533120992, 0.0], [-61.83124376139045, -5.195900004411103, 0.0], [-61.83106583412091, -5.195893523896424, 0.0], [-61.83074409986028, -5.195677625451481, 0.0], [-61.83058457991439, -5.195671178211751, 0.0], [-61.83035510980046, -5.195332421583393, 0.0], [-61.83025680041095, -5.195406057173222, 0.0], [-61.83028104343537, -5.195569116850675, 0.0], [-61.8301766267499, -5.1956273623423, 0.0], [-61.83020069890307, -5.195882693360987, 0.0], [-61.82999783073524, -5.196091467376731, 0.0], [-61.83079824983929, -5.196619647308258, 0.0]]]}}, {"id": "44", "type": "Feature", "properties": {"id": "ID_00060", "Name": "106", "descriptio": "<html xmlns:fo=\"http://www.w3.org/1999/XSL/Format\" xmlns:msxsl=\"urn:schemas-microsoft-com:xslt\">\n\n<head>\n\n<META http-equiv=\"Content-Type\" content=\"text/html\">\n\n<meta http-equiv=\"content-type\" content=\"text/html; charset=UTF-8\">\n\n</head>\n\n<body style=\"mar", "timestamp": null, "begin": null, "end": null, "altitudeMo": null, "tessellate": -1, "extrude": 0, "visibility": -1, "drawOrder": null, "icon": null, "snippet": null}, "geometry": {"type": "Polygon", "coordinates": [[[-61.83126304105645, -5.197519927132316, 0.0], [-61.83125723053672, -5.19777513044726, 0.0], [-61.83124535229115, -5.197899673060801, 0.0], [-61.83132093671185, -5.197969879535651, 0.0], [-61.83137701753531, -5.198088708756226, 0.0], [-61.83142363479288, -5.198075171261498, 0.0], [-61.83154385616398, -5.198153246804204, 0.0], [-61.83165452133904, -5.198149558684498, 0.0], [-61.83161972746842, -5.198067749156611, 0.0], [-61.83150945349843, -5.197859289004325, 0.0], [-61.83163217588416, -5.197633744431132, 0.0], [-61.83170209007939, -5.197620250103791, 0.0], [-61.8316886227317, -5.197554050108695, 0.0], [-61.83166350286831, -5.197489775562013, 0.0], [-61.83160341736379, -5.197437113960977, 0.0], [-61.83154328149721, -5.197411700019299, 0.0], [-61.83147153358437, -5.197366802265447, 0.0], [-61.8314385878205, -5.197335600287089, 0.0], [-61.83140170212681, -5.197335531938634, 0.0], [-61.83134922039016, -5.197370467902151, 0.0], [-61.831321959241, -5.197415183093598, 0.0], [-61.83129474395723, -5.197434594959926, 0.0], [-61.83126304105645, -5.197519927132316, 0.0]]]}}, {"id": "45", "type": "Feature", "properties": {"id": "ID_00061", "Name": "107", "descriptio": "<html xmlns:fo=\"http://www.w3.org/1999/XSL/Format\" xmlns:msxsl=\"urn:schemas-microsoft-com:xslt\">\n\n<head>\n\n<META http-equiv=\"Content-Type\" content=\"text/html\">\n\n<meta http-equiv=\"content-type\" content=\"text/html; charset=UTF-8\">\n\n</head>\n\n<body style=\"mar", "timestamp": null, "begin": null, "end": null, "altitudeMo": null, "tessellate": -1, "extrude": 0, "visibility": -1, "drawOrder": null, "icon": null, "snippet": null}, "geometry": {"type": "Polygon", "coordinates": [[[-61.83399578487752, -5.198367343007796, 0.0], [-61.83411406910898, -5.198173867359428, 0.0], [-61.83416279347806, -5.198016146956933, 0.0], [-61.834199241202, -5.197949448737394, 0.0], [-61.83428106242105, -5.19790104272828, 0.0], [-61.83442980309292, -5.197676741018135, 0.0], [-61.83441780613681, -5.197616023290205, 0.0], [-61.83451190939707, -5.197473560785574, 0.0], [-61.83458803790757, -5.197227881291055, 0.0], [-61.83450991919739, -5.196909080618941, 0.0], [-61.83431321408352, -5.196878369670426, 0.0], [-61.8340741958674, -5.196811161535227, 0.0], [-61.83400468996444, -5.196747302475422, 0.0], [-61.83389858525146, -5.196832080665362, 0.0], [-61.83380723121871, -5.197126289376132, 0.0], [-61.8338736371586, -5.197229595398888, 0.0], [-61.8338792507268, -5.197469356454991, 0.0], [-61.8338575419919, -5.197751553820512, 0.0], [-61.83370610874987, -5.19779376170208, 0.0], [-61.83362750980172, -5.197735954180293, 0.0], [-61.83361864068769, -5.197620615228566, 0.0], [-61.83352792247558, -5.197568855647546, 0.0], [-61.83346123145067, -5.197620323848249, 0.0], [-61.83346399596661, -5.197762965317954, 0.0], [-61.83332464871351, -5.197817334731543, 0.0], [-61.83340301293867, -5.198002603166963, 0.0], [-61.83354524791481, -5.198024109554343, 0.0], [-61.83359659650569, -5.198084901026709, 0.0], [-61.83379918408502, -5.198209703544289, 0.0], [-61.83393229274105, -5.198255471841875, 0.0], [-61.83399578487752, -5.198367343007796, 0.0]]]}}, {"id": "46", "type": "Feature", "properties": {"id": "ID_00062", "Name": "108", "descriptio": "<html xmlns:fo=\"http://www.w3.org/1999/XSL/Format\" xmlns:msxsl=\"urn:schemas-microsoft-com:xslt\">\n\n<head>\n\n<META http-equiv=\"Content-Type\" content=\"text/html\">\n\n<meta http-equiv=\"content-type\" content=\"text/html; charset=UTF-8\">\n\n</head>\n\n<body style=\"mar", "timestamp": null, "begin": null, "end": null, "altitudeMo": null, "tessellate": -1, "extrude": 0, "visibility": -1, "drawOrder": null, "icon": null, "snippet": null}, "geometry": {"type": "Polygon", "coordinates": [[[-61.83309528022296, -5.198286178293834, 0.0], [-61.83312663598542, -5.198496766242073, 0.0], [-61.8335588303757, -5.198867813927806, 0.0], [-61.83365847345977, -5.199004564838118, 0.0], [-61.83402753004644, -5.199141813972864, 0.0], [-61.83410929550752, -5.199123755586131, 0.0], [-61.83425456839359, -5.199139198744327, 0.0], [-61.83435154768574, -5.199078681565211, 0.0], [-61.83309528022296, -5.198286178293834, 0.0]]]}}, {"id": "47", "type": "Feature", "properties": {"id": "ID_00063", "Name": "109", "descriptio": "<html xmlns:fo=\"http://www.w3.org/1999/XSL/Format\" xmlns:msxsl=\"urn:schemas-microsoft-com:xslt\">\n\n<head>\n\n<META http-equiv=\"Content-Type\" content=\"text/html\">\n\n<meta http-equiv=\"content-type\" content=\"text/html; charset=UTF-8\">\n\n</head>\n\n<body style=\"mar", "timestamp": null, "begin": null, "end": null, "altitudeMo": null, "tessellate": -1, "extrude": 0, "visibility": -1, "drawOrder": null, "icon": null, "snippet": null}, "geometry": {"type": "Polygon", "coordinates": [[[-61.83621001827764, -5.200236548806942, 0.0], [-61.8362633471757, -5.20040362395732, 0.0], [-61.83615560120001, -5.200582906505208, 0.0], [-61.83619719304597, -5.200681697931272, 0.0], [-61.83632250547919, -5.200684921101475, 0.0], [-61.83646851850728, -5.200789888172047, 0.0], [-61.83645919883292, -5.200990291298131, 0.0], [-61.8368109101953, -5.201194352866309, 0.0], [-61.83676066417326, -5.200934012623801, 0.0], [-61.83684728147682, -5.200886310783855, 0.0], [-61.83706194245462, -5.200979438279724, 0.0], [-61.83725261311758, -5.201138332297425, 0.0], [-61.83732408134124, -5.201216239666956, 0.0], [-61.83750004179348, -5.20126143419707, 0.0], [-61.83756513022654, -5.201563681947601, 0.0], [-61.83775919583018, -5.201498230188397, 0.0], [-61.83784270327812, -5.201519322887687, 0.0], [-61.83787240428796, -5.201594161770383, 0.0], [-61.83782996168333, -5.201959029314961, 0.0], [-61.83806583407097, -5.201875706228092, 0.0], [-61.83818546998339, -5.201720376223629, 0.0], [-61.83839432943472, -5.201723752278586, 0.0], [-61.83859700694626, -5.201843780295444, 0.0], [-61.83873430374506, -5.201820102944605, 0.0], [-61.83652301202733, -5.200362224566243, 0.0], [-61.83621001827764, -5.200236548806942, 0.0]]]}}, {"id": "48", "type": "Feature", "properties": {"id": "ID_00186", "Name": "110", "descriptio": "<html xmlns:fo=\"http://www.w3.org/1999/XSL/Format\" xmlns:msxsl=\"urn:schemas-microsoft-com:xslt\">\n\n<head>\n\n<META http-equiv=\"Content-Type\" content=\"text/html\">\n\n<meta http-equiv=\"content-type\" content=\"text/html; charset=UTF-8\">\n\n</head>\n\n<body style=\"mar", "timestamp": null, "begin": null, "end": null, "altitudeMo": null, "tessellate": -1, "extrude": 0, "visibility": -1, "drawOrder": null, "icon": null, "snippet": null}, "geometry": {"type": "MultiPolygon", "coordinates": [[[[-61.83115154576647, -5.196943709536534, 0.0], [-61.8311688371611, -5.196951519093149, 0.0], [-61.83118140418842, -5.196932397714363, 0.0], [-61.83108009025204, -5.196859819242609, 0.0], [-61.83106813982588, -5.196868172889232, 0.0], [-61.83105796530917, -5.196884307345093, 0.0], [-61.83105734981001, -5.19689447680623, 0.0], [-61.83107760288986, -5.196914257266378, 0.0], [-61.83111397702633, -5.196929281430974, 0.0], [-61.83115154576647, -5.196943709536534, 0.0]]], [[[-61.83110583870072, -5.196812005295645, 0.0], [-61.83120001810985, -5.196870212047001, 0.0], [-61.831196486137, -5.196843881591875, 0.0], [-61.83115539094351, -5.196800131691793, 0.0], [-61.83112440520064, -5.196775545183401, 0.0], [-61.83110583870072, -5.196812005295645, 0.0]]], [[[-61.83086146274248, -5.196653609009301, 0.0], [-61.8310289506982, -5.196761608093008, 0.0], [-61.83104689949553, -5.196736513982061, 0.0], [-61.83104811505196, -5.196724550820677, 0.0], [-61.83104994831255, -5.196701221660804, 0.0], [-61.83105773252039, -5.196686877587501, 0.0], [-61.83101302486715, -5.196660470838687, 0.0], [-61.83094501643135, -5.196648977677471, 0.0], [-61.83086146274248, -5.196653609009301, 0.0]]], [[[-61.83044997734973, -5.196570404640233, 0.0], [-61.83043778248675, -5.196581868828108, 0.0], [-61.83041272168275, -5.19658038652019, 0.0], [-61.83038408965535, -5.196573872118014, 0.0], [-61.83035399629846, -5.196583149347759, 0.0], [-61.83035254291336, -5.196594633447616, 0.0], [-61.83036469407826, -5.196606860694301, 0.0], [-61.83040257182799, -5.196647852621835, 0.0], [-61.83045550354639, -5.196680257359692, 0.0], [-61.83051135792598, -5.196681078825946, 0.0], [-61.83052423711133, -5.196686846097891, 0.0], [-61.83054715889269, -5.196683298964446, 0.0], [-61.83057077161641, -5.196693393680182, 0.0], [-61.83059434859307, -5.196722872296027, 0.0], [-61.8306000297199, -5.196748728116084, 0.0], [-61.83061503734456, -5.196765268202665, 0.0], [-61.83062857172876, -5.196804061224366, 0.0], [-61.83063140302497, -5.196822014590283, 0.0], [-61.83068438905303, -5.196824984501509, 0.0], [-61.83069435353852, -5.196858027508226, 0.0], [-61.83077234876, -5.196890478681654, 0.0], [-61.83080317146801, -5.196874023538109, 0.0], [-61.83083829341648, -5.196856140510843, 0.0], [-61.83084691572758, -5.196840362145402, 0.0], [-61.8308662636389, -5.196833218754064, 0.0], [-61.83088272465085, -5.19683827473322, 0.0], [-61.83089415973284, -5.196850500645859, 0.0], [-61.83091491072167, -5.196859154198377, 0.0], [-61.83092777932653, -5.196870664842402, 0.0], [-61.83095356948307, -5.196864969236283, 0.0], [-61.83096502574494, -5.196865708390536, 0.0], [-61.83098220285818, -5.196870765694463, 0.0], [-61.83099298669952, -5.196847812083651, 0.0], [-61.83099303037762, -5.196824120645998, 0.0], [-61.83097586782496, -5.196811166196817, 0.0], [-61.83065614227296, -5.196609554728454, 0.0], [-61.83053663322971, -5.196566257728023, 0.0], [-61.8304793930055, -5.196540306333385, 0.0], [-61.83046148391984, -5.196543862757858, 0.0], [-61.83044997734973, -5.196570404640233, 0.0]]]]}}, {"id": "49", "type": "Feature", "properties": {"id": "ID_00064", "Name": "111", "descriptio": "<html xmlns:fo=\"http://www.w3.org/1999/XSL/Format\" xmlns:msxsl=\"urn:schemas-microsoft-com:xslt\">\n\n<head>\n\n<META http-equiv=\"Content-Type\" content=\"text/html\">\n\n<meta http-equiv=\"content-type\" content=\"text/html; charset=UTF-8\">\n\n</head>\n\n<body style=\"mar", "timestamp": null, "begin": null, "end": null, "altitudeMo": null, "tessellate": -1, "extrude": 0, "visibility": -1, "drawOrder": null, "icon": null, "snippet": null}, "geometry": {"type": "Polygon", "coordinates": [[[-61.84555222155773, -5.205764544727018, 0.0], [-61.84557198595838, -5.205737259296165, 0.0], [-61.84550918989714, -5.205615096288762, 0.0], [-61.84543623599348, -5.20556614349183, 0.0], [-61.84544205910374, -5.20551446395043, 0.0], [-61.84538493506665, -5.205423899522462, 0.0], [-61.84532765634623, -5.205418051231188, 0.0], [-61.84530333508081, -5.205403648588608, 0.0], [-61.84528183858594, -5.205410788306354, 0.0], [-61.84521741924847, -5.205393439484775, 0.0], [-61.84521446137825, -5.20544512532134, 0.0], [-61.845144284581, -5.205443560501044, 0.0], [-61.84508972630977, -5.205516688873191, 0.0], [-61.8451125582979, -5.205562678403992, 0.0], [-61.84516397163991, -5.205643181216905, 0.0], [-61.84524265782238, -5.205690708588424, 0.0], [-61.84527707038047, -5.205669233677286, 0.0], [-61.8453143032125, -5.205672173561049, 0.0], [-61.84532000311561, -5.205687978246679, 0.0], [-61.84530133678721, -5.205713789688747, 0.0], [-61.84540290442044, -5.205780025656752, 0.0], [-61.84555222155773, -5.205764544727018, 0.0]]]}}, {"id": "50", "type": "Feature", "properties": {"id": "ID_00065", "Name": "112", "descriptio": "<html xmlns:fo=\"http://www.w3.org/1999/XSL/Format\" xmlns:msxsl=\"urn:schemas-microsoft-com:xslt\">\n\n<head>\n\n<META http-equiv=\"Content-Type\" content=\"text/html\">\n\n<meta http-equiv=\"content-type\" content=\"text/html; charset=UTF-8\">\n\n</head>\n\n<body style=\"mar", "timestamp": null, "begin": null, "end": null, "altitudeMo": null, "tessellate": -1, "extrude": 0, "visibility": -1, "drawOrder": null, "icon": null, "snippet": null}, "geometry": {"type": "Polygon", "coordinates": [[[-61.86860658592514, -5.222961145269178, 0.0], [-61.86859696497795, -5.223024272280869, 0.0], [-61.86853889845133, -5.223133568687757, 0.0], [-61.86854377817281, -5.223178332442583, 0.0], [-61.86847930217801, -5.223173244078471, 0.0], [-61.86845939838247, -5.223208017264724, 0.0], [-61.86851886335484, -5.223241276891949, 0.0], [-61.86853674547439, -5.22341204106136, 0.0], [-61.86851351058999, -5.223460070254538, 0.0], [-61.86852830893429, -5.22350650944636, 0.0], [-61.86846857866192, -5.223620776406222, 0.0], [-61.86876131158522, -5.223581520998898, 0.0], [-61.86889684211554, -5.223611602422015, 0.0], [-61.86903061087395, -5.22370135386291, 0.0], [-61.86903093822718, -5.223519018116706, 0.0], [-61.86902947503022, -5.223412929591539, 0.0], [-61.86872403108913, -5.223163739143746, 0.0], [-61.86872081421416, -5.223114005735313, 0.0], [-61.86869115547239, -5.223055935611486, 0.0], [-61.86865149087355, -5.223045918962534, 0.0], [-61.86860658592514, -5.222961145269178, 0.0]]]}}, {"id": "51", "type": "Feature", "properties": {"id": "ID_00187", "Name": "113", "descriptio": "<html xmlns:fo=\"http://www.w3.org/1999/XSL/Format\" xmlns:msxsl=\"urn:schemas-microsoft-com:xslt\">\n\n<head>\n\n<META http-equiv=\"Content-Type\" content=\"text/html\">\n\n<meta http-equiv=\"content-type\" content=\"text/html; charset=UTF-8\">\n\n</head>\n\n<body style=\"mar", "timestamp": null, "begin": null, "end": null, "altitudeMo": null, "tessellate": -1, "extrude": 0, "visibility": -1, "drawOrder": null, "icon": null, "snippet": null}, "geometry": {"type": "MultiPolygon", "coordinates": [[[[-61.85633738091494, -5.212886395545505, 0.0], [-61.85636406424312, -5.212915161297608, 0.0], [-61.85641467205009, -5.212914296076804, 0.0], [-61.85641951894192, -5.212874100763667, 0.0], [-61.85626028030487, -5.212753198837537, 0.0], [-61.85618588660154, -5.212707115982587, 0.0], [-61.85613421312705, -5.212769242674882, 0.0], [-61.8561608999045, -5.21279609395684, 0.0], [-61.85621434794423, -5.212808635289903, 0.0], [-61.85626588978807, -5.212819258670463, 0.0], [-61.85629736285487, -5.212839417964586, 0.0], [-61.85632501486594, -5.212860527550506, 0.0], [-61.85633738091494, -5.212886395545505, 0.0]]], [[[-61.85621556604144, -5.212663136867954, 0.0], [-61.85646356587413, -5.212805259489921, 0.0], [-61.8564932193296, -5.212775638928743, 0.0], [-61.85646271494172, -5.212747823475958, 0.0], [-61.8563797485184, -5.21269023816159, 0.0], [-61.85635981482209, -5.212625109523354, 0.0], [-61.85628727882843, -5.212607747291534, 0.0], [-61.85623952688181, -5.212613403905805, 0.0], [-61.85621556604144, -5.212663136867954, 0.0]]], [[[-61.85596257563752, -5.212640660214116, 0.0], [-61.85610753154833, -5.212739519678734, 0.0], [-61.85614295903523, -5.212685021371777, 0.0], [-61.85595028236744, -5.212574588228375, 0.0], [-61.85580810611862, -5.212522638601424, 0.0], [-61.85582809346219, -5.212558092873655, 0.0], [-61.85588148949601, -5.212599351362518, 0.0], [-61.85596257563752, -5.212640660214116, 0.0]]], [[[-61.85608966517106, -5.21258728586701, 0.0], [-61.85617549950555, -5.212642961944526, 0.0], [-61.85621764716864, -5.212568373789726, 0.0], [-61.85612804027998, -5.212486845351211, 0.0], [-61.85610993833139, -5.212464795888168, 0.0], [-61.8560860640964, -5.212466666952197, 0.0], [-61.8560574087787, -5.212472358284082, 0.0], [-61.85603924620672, -5.212483812143733, 0.0], [-61.8560849516414, -5.212553773859822, 0.0], [-61.85608966517106, -5.21258728586701, 0.0]]]]}}, {"id": "52", "type": "Feature", "properties": {"id": "ID_00066", "Name": "114", "descriptio": "<html xmlns:fo=\"http://www.w3.org/1999/XSL/Format\" xmlns:msxsl=\"urn:schemas-microsoft-com:xslt\">\n\n<head>\n\n<META http-equiv=\"Content-Type\" content=\"text/html\">\n\n<meta http-equiv=\"content-type\" content=\"text/html; charset=UTF-8\">\n\n</head>\n\n<body style=\"mar", "timestamp": null, "begin": null, "end": null, "altitudeMo": null, "tessellate": -1, "extrude": 0, "visibility": -1, "drawOrder": null, "icon": null, "snippet": null}, "geometry": {"type": "Polygon", "coordinates": [[[-61.89171259565973, -5.24449581096072, 0.0], [-61.89153786278211, -5.244521206016663, 0.0], [-61.89153585189803, -5.244578637621832, 0.0], [-61.8912797042949, -5.244712198636886, 0.0], [-61.8912700203951, -5.244788761519946, 0.0], [-61.89139969364089, -5.24489811818142, 0.0], [-61.89147231569478, -5.24486952963292, 0.0], [-61.89152214533074, -5.244770063715306, 0.0], [-61.89161368012719, -5.244846806462762, 0.0], [-61.89155423044331, -5.244986459485347, 0.0], [-61.89173928034348, -5.245099743486199, 0.0], [-61.89178524649191, -5.245025159111609, 0.0], [-61.8919493394904, -5.245109688189347, 0.0], [-61.89204294272759, -5.245096452866839, 0.0], [-61.89223243347998, -5.244857476019495, 0.0], [-61.8922133723492, -5.244836382420933, 0.0], [-61.89196686547842, -5.244918269290508, 0.0], [-61.89188694092957, -5.244755394873383, 0.0], [-61.89183530635427, -5.244795507334637, 0.0], [-61.89168288835459, -5.244588470809114, 0.0], [-61.89171259565973, -5.24449581096072, 0.0]]]}}, {"id": "53", "type": "Feature", "properties": {"id": "ID_00188", "Name": "115", "descriptio": "<html xmlns:fo=\"http://www.w3.org/1999/XSL/Format\" xmlns:msxsl=\"urn:schemas-microsoft-com:xslt\">\n\n<head>\n\n<META http-equiv=\"Content-Type\" content=\"text/html\">\n\n<meta http-equiv=\"content-type\" content=\"text/html; charset=UTF-8\">\n\n</head>\n\n<body style=\"mar", "timestamp": null, "begin": null, "end": null, "altitudeMo": null, "tessellate": -1, "extrude": 0, "visibility": -1, "drawOrder": null, "icon": null, "snippet": null}, "geometry": {"type": "MultiPolygon", "coordinates": [[[[-61.86973029502258, -5.224038475043377, 0.0], [-61.86977325482585, -5.224043338633036, 0.0], [-61.86980429612076, -5.224038608305894, 0.0], [-61.86984008166548, -5.224050638310736, 0.0], [-61.86993308121524, -5.224105847368071, 0.0], [-61.86969718392694, -5.223866111289649, 0.0], [-61.86967804828066, -5.223887614843916, 0.0], [-61.86966126974618, -5.22392587443198, 0.0], [-61.86963732552528, -5.223966514226501, 0.0], [-61.86963726119764, -5.224002410802344, 0.0], [-61.86967780813413, -5.224021628729109, 0.0], [-61.86973029502258, -5.224038475043377, 0.0]]], [[[-61.86988093731996, -5.22389755264773, 0.0], [-61.87011467476832, -5.224010449788349, 0.0], [-61.87008613206324, -5.223952963688044, 0.0], [-61.87003136092024, -5.223878678575889, 0.0], [-61.86994077424287, -5.223809115204202, 0.0], [-61.86987399887414, -5.223773098279224, 0.0], [-61.86981675060037, -5.223749064068363, 0.0], [-61.86974738229631, -5.223827911882339, 0.0], [-61.86988093731996, -5.22389755264773, 0.0]]], [[[-61.86938695550499, -5.223810510942082, 0.0], [-61.86938210832398, -5.223851185124543, 0.0], [-61.86938921395591, -5.223882308387967, 0.0], [-61.86942269813262, -5.22384647201517, 0.0], [-61.86947284075505, -5.223839382997211, 0.0], [-61.86948236354597, -5.223853758825767, 0.0], [-61.86946560644743, -5.223880052881615, 0.0], [-61.86946317213607, -5.223906372735915, 0.0], [-61.86949417911109, -5.22392078726272, 0.0], [-61.86952518608778, -5.223935201788303, 0.0], [-61.86957767725143, -5.223949655007967, 0.0], [-61.86961588422464, -5.22394254448269, 0.0], [-61.8696470327242, -5.223877986535783, 0.0], [-61.86965664128687, -5.223844500261003, 0.0], [-61.86939444287826, -5.223628647871688, 0.0], [-61.86942058121829, -5.223695702106975, 0.0], [-61.86941095120201, -5.223741153900497, 0.0], [-61.86938695550499, -5.223810510942082, 0.0]]], [[[-61.86953073660504, -5.223502058384688, 0.0], [-61.86959506046599, -5.223573967612809, 0.0], [-61.86961645887337, -5.2236218684054, 0.0], [-61.86961397739983, -5.22367451241772, 0.0], [-61.86962584872865, -5.223710430489061, 0.0], [-61.86968541122084, -5.223775151800806, 0.0], [-61.86977868513479, -5.223677202137523, 0.0], [-61.86979083088271, -5.223559961474317, 0.0], [-61.86974079118728, -5.223509615999113, 0.0], [-61.86968586575406, -5.223521482657847, 0.0], [-61.86966452737425, -5.223440078395422, 0.0], [-61.86962651768347, -5.22333710609617, 0.0], [-61.86960750640944, -5.223289209604213, 0.0], [-61.86954551823888, -5.223246021942171, 0.0], [-61.86943815318753, -5.223214718114378, 0.0], [-61.8694239076107, -5.223171616429086, 0.0], [-61.86938100791632, -5.223133249360154, 0.0], [-61.86934999240216, -5.223123621046143, 0.0], [-61.86933086535229, -5.223140338382914, 0.0], [-61.86937139078119, -5.22317152184041, 0.0], [-61.8693665521908, -5.223207409814604, 0.0], [-61.86938080205261, -5.223248118395583, 0.0], [-61.86941179612943, -5.22326971223409, 0.0], [-61.86942839881404, -5.223329569953834, 0.0], [-61.86945698003498, -5.223365518121488, 0.0], [-61.86948316555226, -5.223406248199109, 0.0], [-61.86948787119354, -5.223444546477402, 0.0], [-61.86953073660504, -5.223502058384688, 0.0]]]]}}, {"id": "54", "type": "Feature", "properties": {"id": "ID_00189", "Name": "116", "descriptio": "<html xmlns:fo=\"http://www.w3.org/1999/XSL/Format\" xmlns:msxsl=\"urn:schemas-microsoft-com:xslt\">\n\n<head>\n\n<META http-equiv=\"Content-Type\" content=\"text/html\">\n\n<meta http-equiv=\"content-type\" content=\"text/html; charset=UTF-8\">\n\n</head>\n\n<body style=\"mar", "timestamp": null, "begin": null, "end": null, "altitudeMo": null, "tessellate": -1, "extrude": 0, "visibility": -1, "drawOrder": null, "icon": null, "snippet": null}, "geometry": {"type": "MultiPolygon", "coordinates": [[[[-61.87391379911497, -5.228078463196929, 0.0], [-61.87392596717125, -5.228082074719486, 0.0], [-61.87394891332143, -5.228065603419997, 0.0], [-61.87388814359143, -5.228008059521033, 0.0], [-61.87387594731694, -5.228020242512579, 0.0], [-61.873868049196, -5.228031715286916, 0.0], [-61.87386445307704, -5.228040324046932, 0.0], [-61.87386801969301, -5.228048227733865, 0.0], [-61.87388305874288, -5.228048254738463, 0.0], [-61.873897375234, -5.2280518701192, 0.0], [-61.87391526347282, -5.228060517456562, 0.0], [-61.8739123783687, -5.228071999232766, 0.0], [-61.87391379911497, -5.228078463196929, 0.0]]], [[[-61.87380293257768, -5.228002163032366, 0.0], [-61.87383298373639, -5.228017293625691, 0.0], [-61.87385882140374, -5.22798575089137, 0.0], [-61.87381020948014, -5.227937561970712, 0.0], [-61.8737808526629, -5.22793463751499, 0.0], [-61.87377867472286, -5.227951146103432, 0.0], [-61.87377649165133, -5.227970526421626, 0.0], [-61.87378218874176, -5.227988485021204, 0.0], [-61.87380293257768, -5.228002163032366, 0.0]]], [[[-61.87397977169887, -5.228029762085813, 0.0], [-61.87404205068428, -5.228044232598579, 0.0], [-61.8740349905525, -5.227987503072247, 0.0], [-61.87402212430733, -5.227973839211073, 0.0], [-61.87400787579207, -5.227932173410251, 0.0], [-61.87398357303048, -5.227906284123883, 0.0], [-61.87397211599152, -5.227905545618868, 0.0], [-61.87395991459032, -5.227920600342879, 0.0], [-61.87393910020754, -5.227946408624012, 0.0], [-61.87392115296893, -5.22797078618253, 0.0], [-61.87397977169887, -5.228029762085813, 0.0]]], [[[-61.87383893609658, -5.227892383663647, 0.0], [-61.87388969517273, -5.227941294372014, 0.0], [-61.8739169407536, -5.227923394923042, 0.0], [-61.87393058342428, -5.227903317244331, 0.0], [-61.87393060907696, -5.227888958594439, 0.0], [-61.87391558927036, -5.22787816260444, 0.0], [-61.87390127919603, -5.227870957562478, 0.0], [-61.87388409299789, -5.227870208769094, 0.0], [-61.87386333890178, -5.227862274220964, 0.0], [-61.87384261815701, -5.227835673427957, 0.0], [-61.87382331046279, -5.227819844193538, 0.0], [-61.87381118089466, -5.22779469469613, 0.0], [-61.87380545173521, -5.227794684408538, 0.0], [-61.87380753090142, -5.227833456619513, 0.0], [-61.8738389758613, -5.227870127757033, 0.0], [-61.87383893609658, -5.227892383663647, 0.0]]]]}}, {"id": "55", "type": "Feature", "properties": {"id": "ID_00190", "Name": "117", "descriptio": "<html xmlns:fo=\"http://www.w3.org/1999/XSL/Format\" xmlns:msxsl=\"urn:schemas-microsoft-com:xslt\">\n\n<head>\n\n<META http-equiv=\"Content-Type\" content=\"text/html\">\n\n<meta http-equiv=\"content-type\" content=\"text/html; charset=UTF-8\">\n\n</head>\n\n<body style=\"mar", "timestamp": null, "begin": null, "end": null, "altitudeMo": null, "tessellate": -1, "extrude": 0, "visibility": -1, "drawOrder": null, "icon": null, "snippet": null}, "geometry": {"type": "MultiPolygon", "coordinates": [[[[-61.88665559434445, -5.240549380509405, 0.0], [-61.88666752403163, -5.240552991425553, 0.0], [-61.88668543445269, -5.240549433607556, 0.0], [-61.88669320982995, -5.240539874941497, 0.0], [-61.88665507169689, -5.240507499885785, 0.0], [-61.88665154597022, -5.240476382982473, 0.0], [-61.88662233974581, -5.240455391164818, 0.0], [-61.88661038887322, -5.240463745837113, 0.0], [-61.88660023476289, -5.240468514018526, 0.0], [-61.88659664017833, -5.240476285279152, 0.0], [-61.88659303499962, -5.240490039334165, 0.0], [-61.88660077753589, -5.240499027332048, 0.0], [-61.88663000177041, -5.240509848400364, 0.0], [-61.8866383411096, -5.240518837459951, 0.0], [-61.88663772947633, -5.240527212310249, 0.0], [-61.88663532425849, -5.240537378812896, 0.0], [-61.88664367101363, -5.240542179916313, 0.0], [-61.88665559434445, -5.240549380509405, 0.0]]], [[[-61.88668083906056, -5.240448315883594, 0.0], [-61.88673572896266, -5.240457387771038, 0.0], [-61.88672323531178, -5.240435229131078, 0.0], [-61.88670118117686, -5.240419634574747, 0.0], [-61.88668686428354, -5.24041601941204, 0.0], [-61.88666773166079, -5.240435728652354, 0.0], [-61.88668083906056, -5.240448315883594, 0.0]]], [[[-61.88655906495498, -5.240463056223305, 0.0], [-61.88657278928357, -5.240464277209225, 0.0], [-61.8865984676633, -5.240455348684756, 0.0], [-61.88660922916922, -5.240444598770901, 0.0], [-61.88657646438325, -5.240411036711478, 0.0], [-61.88650430537329, -5.240380395951753, 0.0], [-61.88648877898677, -5.240385752852059, 0.0], [-61.88648398867872, -5.240394718546511, 0.0], [-61.886501244022, -5.24042406503918, 0.0], [-61.88652031625936, -5.24043845773228, 0.0], [-61.88653760338878, -5.240449855841632, 0.0], [-61.88655906495498, -5.240463056223305, 0.0]]], [[[-61.8866051755017, -5.240374592641952, 0.0], [-61.88665820401447, -5.240423746072097, 0.0], [-61.88667553881581, -5.240408221602505, 0.0], [-61.88665707185122, -5.24038904373985, 0.0], [-61.88664996531198, -5.240357920464875, 0.0], [-61.88663747272502, -5.24033516354478, 0.0], [-61.88662018559596, -5.240323765438393, 0.0], [-61.88660706866556, -5.240316562721696, 0.0], [-61.88656833162847, -5.240285383161229, 0.0], [-61.88655458187818, -5.240298520882481, 0.0], [-61.8865486032651, -5.240304493056578, 0.0], [-61.88660283384653, -5.240348862377868, 0.0], [-61.8866051755017, -5.240374592641952, 0.0]]]]}}, {"id": "56", "type": "Feature", "properties": {"id": "ID_00067", "Name": "118", "descriptio": "<html xmlns:fo=\"http://www.w3.org/1999/XSL/Format\" xmlns:msxsl=\"urn:schemas-microsoft-com:xslt\">\n\n<head>\n\n<META http-equiv=\"Content-Type\" content=\"text/html\">\n\n<meta http-equiv=\"content-type\" content=\"text/html; charset=UTF-8\">\n\n</head>\n\n<body style=\"mar", "timestamp": null, "begin": null, "end": null, "altitudeMo": null, "tessellate": -1, "extrude": 0, "visibility": -1, "drawOrder": null, "icon": null, "snippet": null}, "geometry": {"type": "Polygon", "coordinates": [[[-61.92405530201052, -5.277192081276294, 0.0], [-61.92389499156059, -5.277072734945519, 0.0], [-61.92388563501402, -5.276996630716706, 0.0], [-61.9236867247625, -5.276800360874732, 0.0], [-61.92363351637363, -5.276844018463443, 0.0], [-61.92353685364282, -5.27677727437849, 0.0], [-61.92351620610799, -5.276645987748893, 0.0], [-61.92339478594057, -5.276630559879199, 0.0], [-61.92328861827509, -5.276573309937064, 0.0], [-61.9230355292662, -5.276983745230427, 0.0], [-61.92307326122199, -5.277111257405386, 0.0], [-61.92340678019873, -5.27737814201438, 0.0], [-61.92348260563768, -5.277423925600454, 0.0], [-61.9235185191643, -5.277505781893087, 0.0], [-61.92380521763664, -5.277413071682679, 0.0], [-61.92381288345774, -5.277369334054255, 0.0], [-61.92404454881682, -5.277278430581855, 0.0], [-61.92405530201052, -5.277192081276294, 0.0]]]}}, {"id": "57", "type": "Feature", "properties": {"id": "ID_00191", "Name": "119", "descriptio": "<html xmlns:fo=\"http://www.w3.org/1999/XSL/Format\" xmlns:msxsl=\"urn:schemas-microsoft-com:xslt\">\n\n<head>\n\n<META http-equiv=\"Content-Type\" content=\"text/html\">\n\n<meta http-equiv=\"content-type\" content=\"text/html; charset=UTF-8\">\n\n</head>\n\n<body style=\"mar", "timestamp": null, "begin": null, "end": null, "altitudeMo": null, "tessellate": -1, "extrude": 0, "visibility": -1, "drawOrder": null, "icon": null, "snippet": null}, "geometry": {"type": "MultiPolygon", "coordinates": [[[[-61.90122440320958, -5.254900430365884, 0.0], [-61.90131019751012, -5.254984819822702, 0.0], [-61.90132171010465, -5.254954207953274, 0.0], [-61.90134464471977, -5.254944675791404, 0.0], [-61.9013694556107, -5.254954292020372, 0.0], [-61.90142673680206, -5.254962050907887, 0.0], [-61.90138287131322, -5.254927512517484, 0.0], [-61.90119412454119, -5.254741472823233, 0.0], [-61.90115393781396, -5.254787350265698, 0.0], [-61.90116915598262, -5.254821838221215, 0.0], [-61.90122066743935, -5.254852561069132, 0.0], [-61.90122440320958, -5.254900430365884, 0.0]]], [[[-61.90130487394725, -5.254753154885403, 0.0], [-61.90163480661587, -5.25501985247185, 0.0], [-61.90172275561261, -5.254964486519143, 0.0], [-61.90174387764814, -5.254899430388159, 0.0], [-61.90155887996521, -5.25475360207021, 0.0], [-61.90150545196593, -5.25472670489235, 0.0], [-61.90144056170075, -5.254701702040523, 0.0], [-61.90139478305263, -5.254669074795115, 0.0], [-61.90137771542769, -5.254600122427696, 0.0], [-61.90134340241292, -5.25456368634872, 0.0], [-61.90131282853675, -5.254573205063432, 0.0], [-61.90129175008494, -5.254613372635832, 0.0], [-61.90123623785491, -5.254686026225474, 0.0], [-61.90130487394725, -5.254753154885403, 0.0]]], [[[-61.90076533471017, -5.254216142296663, 0.0], [-61.90119427886, -5.254653405693377, 0.0], [-61.90125738004915, -5.254609483101808, 0.0], [-61.90129378737037, -5.254540624888519, 0.0], [-61.90127473614259, -5.254513788222065, 0.0], [-61.90124614588592, -5.254481191233339, 0.0], [-61.90119466800011, -5.254431323364922, 0.0], [-61.90076533471017, -5.254216142296663, 0.0]]], [[[-61.90071324609724, -5.254514713861862, 0.0], [-61.90073231407774, -5.254531978027762, 0.0], [-61.90078770552827, -5.25452824658462, 0.0], [-61.90083161457721, -5.254537896470798, 0.0], [-61.9008583151258, -5.25455900309487, 0.0], [-61.90085827485739, -5.254581977126211, 0.0], [-61.90085059195759, -5.254606852204327, 0.0], [-61.90086583359577, -5.254627938644719, 0.0], [-61.90090014322441, -5.254666289247439, 0.0], [-61.90090963527433, -5.254698852611587, 0.0], [-61.90091340793396, -5.254725662376241, 0.0], [-61.90097451544023, -5.254729599022161, 0.0], [-61.90103754954414, -5.254723966512143, 0.0], [-61.90106618005854, -5.254733589477365, 0.0], [-61.90106804290549, -5.254760395879081, 0.0], [-61.90108523128076, -5.254760426149526, 0.0], [-61.9011043361858, -5.254756630777294, 0.0], [-61.90111005893418, -5.25476046987268, 0.0], [-61.9011425459955, -5.254749040030884, 0.0], [-61.90117316013973, -5.254716547293242, 0.0], [-61.90069840383885, -5.254265801619296, 0.0], [-61.90058395909906, -5.254183276149615, 0.0], [-61.90057815916413, -5.254223470607561, 0.0], [-61.90057998507308, -5.254271336533463, 0.0], [-61.90057418177954, -5.254313445493493, 0.0], [-61.9005913097252, -5.254347936819141, 0.0], [-61.90062365244686, -5.254418830608121, 0.0], [-61.9006617816857, -5.25445718794786, 0.0], [-61.90071324609724, -5.254514713861862, 0.0]]]]}}, {"id": "58", "type": "Feature", "properties": {"id": "ID_00068", "Name": "120", "descriptio": "<html xmlns:fo=\"http://www.w3.org/1999/XSL/Format\" xmlns:msxsl=\"urn:schemas-microsoft-com:xslt\">\n\n<head>\n\n<META http-equiv=\"Content-Type\" content=\"text/html\">\n\n<meta http-equiv=\"content-type\" content=\"text/html; charset=UTF-8\">\n\n</head>\n\n<body style=\"mar", "timestamp": null, "begin": null, "end": null, "altitudeMo": null, "tessellate": -1, "extrude": 0, "visibility": -1, "drawOrder": null, "icon": null, "snippet": null}, "geometry": {"type": "Polygon", "coordinates": [[[-61.92883873841703, -5.281775634364628, 0.0], [-61.92873061292738, -5.281884603418345, 0.0], [-61.92866302347971, -5.281915809893347, 0.0], [-61.92860358099047, -5.281898529420222, 0.0], [-61.92861965727132, -5.281928870747429, 0.0], [-61.92866998063505, -5.281973415966999, 0.0], [-61.9286507279487, -5.28203198791253, 0.0], [-61.92866777729602, -5.282082538804722, 0.0], [-61.92872413690935, -5.282134167084772, 0.0], [-61.92878659032886, -5.282158525222362, 0.0], [-61.9288541384077, -5.282151568966345, 0.0], [-61.92891670873905, -5.282108228838281, 0.0], [-61.92892179980117, -5.282078935221301, 0.0], [-61.92899139473699, -5.28205379467351, 0.0], [-61.9290478271954, -5.282062985744785, 0.0], [-61.92906094290817, -5.282055935059971, 0.0], [-61.9290670394123, -5.282027654079562, 0.0], [-61.92903286337589, -5.281972021118506, 0.0], [-61.92893626539632, -5.281872833091362, 0.0], [-61.92883873841703, -5.281775634364628, 0.0]]]}}, {"id": "59", "type": "Feature", "properties": {"id": "ID_00192", "Name": "121", "descriptio": "<html xmlns:fo=\"http://www.w3.org/1999/XSL/Format\" xmlns:msxsl=\"urn:schemas-microsoft-com:xslt\">\n\n<head>\n\n<META http-equiv=\"Content-Type\" content=\"text/html\">\n\n<meta http-equiv=\"content-type\" content=\"text/html; charset=UTF-8\">\n\n</head>\n\n<body style=\"mar", "timestamp": null, "begin": null, "end": null, "altitudeMo": null, "tessellate": -1, "extrude": 0, "visibility": -1, "drawOrder": null, "icon": null, "snippet": null}, "geometry": {"type": "MultiPolygon", "coordinates": [[[[-61.90680174603725, -5.260205292493553, 0.0], [-61.90684178501595, -5.260244131576862, 0.0], [-61.90684045537314, -5.260185258001838, 0.0], [-61.90679326452266, -5.260140662841046, 0.0], [-61.90678890974861, -5.260173680535114, 0.0], [-61.90680174603725, -5.260205292493553, 0.0]]], [[[-61.90655275257632, -5.260067010930038, 0.0], [-61.90656123406601, -5.260131640580622, 0.0], [-61.9066256685891, -5.260144676555509, 0.0], [-61.9067073919138, -5.260100307489624, 0.0], [-61.90667877940886, -5.260080154932616, 0.0], [-61.90665583627612, -5.260094473531844, 0.0], [-61.90659281157954, -5.260094362988679, 0.0], [-61.90655851217008, -5.260049790426474, 0.0], [-61.90655275257632, -5.260067010930038, 0.0]]], [[[-61.90677766872215, -5.260048738917022, 0.0], [-61.90740129711102, -5.260559571171701, 0.0], [-61.90741135633764, -5.260540922309078, 0.0], [-61.90738851338402, -5.260497805741544, 0.0], [-61.90731272244584, -5.260425878675331, 0.0], [-61.90727699308809, -5.260379867747998, 0.0], [-61.90727849810912, -5.260338229745026, 0.0], [-61.90730857809638, -5.26033828247441, 0.0], [-61.90736445595857, -5.260329765117558, 0.0], [-61.90740170786638, -5.26032408687666, 0.0], [-61.90741757675281, -5.260259499900049, 0.0], [-61.90740042074889, -5.260240803334467, 0.0], [-61.90734744271992, -5.260229223400188, 0.0], [-61.90731743286872, -5.260188966038879, 0.0], [-61.90731022588405, -5.260214799321535, 0.0], [-61.90727867595088, -5.260236282279543, 0.0], [-61.90725720277355, -5.260229065216578, 0.0], [-61.90725443069203, -5.260175932642527, 0.0], [-61.90723728221019, -5.260152928434536, 0.0], [-61.90720007790695, -5.26013132495189, 0.0], [-61.90704261383542, -5.260075049409732, 0.0], [-61.90684660584943, -5.259944040276919, 0.0], [-61.90680641403599, -5.259992789852136, 0.0], [-61.90677766872215, -5.260048738917022, 0.0]]], [[[-61.90665611194825, -5.259936526785896, 0.0], [-61.90675479325144, -5.260024288772638, 0.0], [-61.90680360189819, -5.25996263135718, 0.0], [-61.90678646346279, -5.259933883623011, 0.0], [-61.90676930748818, -5.259915187045645, 0.0], [-61.90671638965016, -5.259869145956747, 0.0], [-61.9063000888026, -5.259569751913029, 0.0], [-61.90664043096092, -5.259893422766371, 0.0], [-61.90665611194825, -5.259936526785896, 0.0]]]]}}, {"id": "60", "type": "Feature", "properties": {"id": "ID_00069", "Name": "122", "descriptio": "<html xmlns:fo=\"http://www.w3.org/1999/XSL/Format\" xmlns:msxsl=\"urn:schemas-microsoft-com:xslt\">\n\n<head>\n\n<META http-equiv=\"Content-Type\" content=\"text/html\">\n\n<meta http-equiv=\"content-type\" content=\"text/html; charset=UTF-8\">\n\n</head>\n\n<body style=\"mar", "timestamp": null, "begin": null, "end": null, "altitudeMo": null, "tessellate": -1, "extrude": 0, "visibility": -1, "drawOrder": null, "icon": null, "snippet": null}, "geometry": {"type": "Polygon", "coordinates": [[[-61.94774294288248, -5.297449206042137, 0.0], [-61.94769820251002, -5.297484063764605, 0.0], [-61.94759931755443, -5.297509742107016, 0.0], [-61.94767933473349, -5.297629057860818, 0.0], [-61.94793268544505, -5.297747232374998, 0.0], [-61.94801566589025, -5.297809117422953, 0.0], [-61.94806725909672, -5.29779484608137, 0.0], [-61.94808882663801, -5.297747497674996, 0.0], [-61.94818349197455, -5.297675863976053, 0.0], [-61.94828815867157, -5.297620041258017, 0.0], [-61.94817364889473, -5.297566718655276, 0.0], [-61.94814080205634, -5.297507790578204, 0.0], [-61.94804618708185, -5.297549270908229, 0.0], [-61.94787573587649, -5.297540365821372, 0.0], [-61.94781709378378, -5.297487137647411, 0.0], [-61.94774294288248, -5.297449206042137, 0.0]]]}}, {"id": "61", "type": "Feature", "properties": {"id": "ID_00070", "Name": "123", "descriptio": "<html xmlns:fo=\"http://www.w3.org/1999/XSL/Format\" xmlns:msxsl=\"urn:schemas-microsoft-com:xslt\">\n\n<head>\n\n<META http-equiv=\"Content-Type\" content=\"text/html\">\n\n<meta http-equiv=\"content-type\" content=\"text/html; charset=UTF-8\">\n\n</head>\n\n<body style=\"mar", "timestamp": null, "begin": null, "end": null, "altitudeMo": null, "tessellate": -1, "extrude": 0, "visibility": -1, "drawOrder": null, "icon": null, "snippet": null}, "geometry": {"type": "Polygon", "coordinates": [[[-61.94829253117536, -5.297402687709971, 0.0], [-61.94845793178808, -5.297464774206046, 0.0], [-61.94859228780382, -5.29707635161845, 0.0], [-61.94875899962807, -5.296754992375117, 0.0], [-61.94872471027714, -5.296701327130701, 0.0], [-61.94871547423969, -5.296515601839681, 0.0], [-61.94866404381054, -5.2964331888667, 0.0], [-61.94859327436006, -5.296492420015308, 0.0], [-61.94850145987442, -5.296572674615365, 0.0], [-61.94842865076158, -5.296708483036207, 0.0], [-61.94848186184839, -5.296867479576658, 0.0], [-61.94833058778637, -5.297095052121069, 0.0], [-61.94823882456205, -5.297144674013635, 0.0], [-61.94821196540983, -5.297215466846429, 0.0], [-61.94812598752429, -5.297232551267324, 0.0], [-61.94804775909677, -5.297184554449763, 0.0], [-61.94800570050261, -5.297207457484267, 0.0], [-61.94815637561617, -5.297334073035126, 0.0], [-61.94828620894133, -5.297361097662645, 0.0], [-61.94828996091291, -5.297401309049297, 0.0], [-61.94829253117536, -5.297402687709971, 0.0]]]}}, {"id": "62", "type": "Feature", "properties": {"id": "ID_00193", "Name": "124", "descriptio": "<html xmlns:fo=\"http://www.w3.org/1999/XSL/Format\" xmlns:msxsl=\"urn:schemas-microsoft-com:xslt\">\n\n<head>\n\n<META http-equiv=\"Content-Type\" content=\"text/html\">\n\n<meta http-equiv=\"content-type\" content=\"text/html; charset=UTF-8\">\n\n</head>\n\n<body style=\"mar", "timestamp": null, "begin": null, "end": null, "altitudeMo": null, "tessellate": -1, "extrude": 0, "visibility": -1, "drawOrder": null, "icon": null, "snippet": null}, "geometry": {"type": "MultiPolygon", "coordinates": [[[[-61.92935940193561, -5.282417926073439, 0.0], [-61.92935218632859, -5.282449024655445, 0.0], [-61.92936405761836, -5.282487335624404, 0.0], [-61.92940696925323, -5.282523306971966, 0.0], [-61.92943570023542, -5.282475493402943, 0.0], [-61.9294429281611, -5.282437215372589, 0.0], [-61.92947871866293, -5.282449242874537, 0.0], [-61.9295121587276, -5.282439727917214, 0.0], [-61.92927152813157, -5.282149741056818, 0.0], [-61.92921896011611, -5.28217597510208, 0.0], [-61.92919026200287, -5.282204643471302, 0.0], [-61.92915675621759, -5.282252448791763, 0.0], [-61.92919492588604, -5.28226926672245, 0.0], [-61.9292091968906, -5.282300402363867, 0.0], [-61.92923777587577, -5.282341135307955, 0.0], [-61.92927829187519, -5.28238188884061, 0.0], [-61.92933317337154, -5.282398735589615, 0.0], [-61.92935940193561, -5.282417926073439, 0.0]]], [[[-61.92931696680019, -5.282104349463275, 0.0], [-61.92963160277753, -5.282396857071182, 0.0], [-61.92959116888333, -5.282308240576492, 0.0], [-61.92957696767149, -5.282236421406816, 0.0], [-61.92957956861712, -5.282111981774569, 0.0], [-61.92954390543667, -5.282025766662962, 0.0], [-61.92951048592939, -5.282023315881799, 0.0], [-61.9294722628725, -5.282037608907996, 0.0], [-61.92943402338597, -5.282061474527088, 0.0], [-61.92931696680019, -5.282104349463275, 0.0]]], [[[-61.92929317494162, -5.282056445312366, 0.0], [-61.92931462868977, -5.282075627560066, 0.0], [-61.92941019044703, -5.282037501868012, 0.0], [-61.92944846278836, -5.281994491058865, 0.0], [-61.9293602768213, -5.281908185369734, 0.0], [-61.92922434698637, -5.281819404174136, 0.0], [-61.92911951500784, -5.28169477925977, 0.0], [-61.92901463377, -5.281598872119111, 0.0], [-61.92897170167372, -5.28157486650381, 0.0], [-61.9287997925255, -5.281584142551304, 0.0], [-61.92911924798384, -5.281850333924254, 0.0], [-61.92920517795429, -5.28186005476182, 0.0], [-61.92924095609485, -5.28187926171638, 0.0], [-61.92930293402952, -5.281934411192916, 0.0], [-61.92930048090891, -5.281972697456542, 0.0], [-61.92928134884317, -5.281991809707299, 0.0], [-61.9292669710393, -5.282022895936287, 0.0], [-61.92929317494162, -5.282056445312366, 0.0]]]]}}, {"id": "63", "type": "Feature", "properties": {"id": "ID_00071", "Name": "125", "descriptio": "<html xmlns:fo=\"http://www.w3.org/1999/XSL/Format\" xmlns:msxsl=\"urn:schemas-microsoft-com:xslt\">\n\n<head>\n\n<META http-equiv=\"Content-Type\" content=\"text/html\">\n\n<meta http-equiv=\"content-type\" content=\"text/html; charset=UTF-8\">\n\n</head>\n\n<body style=\"mar", "timestamp": null, "begin": null, "end": null, "altitudeMo": null, "tessellate": -1, "extrude": 0, "visibility": -1, "drawOrder": null, "icon": null, "snippet": null}, "geometry": {"type": "Polygon", "coordinates": [[[-61.9751772250489, -5.307658375559369, 0.0], [-61.97545441851475, -5.307674558813086, 0.0], [-61.97546733644838, -5.307674193734854, 0.0], [-61.975696830844, -5.307697971809693, 0.0], [-61.97581607195409, -5.307737166063117, 0.0], [-61.97592152016198, -5.307490366013322, 0.0], [-61.97600981110384, -5.307424219078199, 0.0], [-61.97605906157638, -5.307441199177812, 0.0], [-61.9760942124779, -5.307358065847851, 0.0], [-61.97614740467893, -5.307343854760887, 0.0], [-61.97619536642299, -5.307355633181732, 0.0], [-61.97617603279765, -5.307284108300725, 0.0], [-61.97615404527293, -5.307248975385687, 0.0], [-61.97620851271267, -5.307247765797498, 0.0], [-61.97619302638703, -5.307202244813542, 0.0], [-61.97574836739318, -5.307115717442191, 0.0], [-61.97572859310003, -5.307310664381436, 0.0], [-61.97569614556059, -5.307327508683342, 0.0], [-61.97560289665631, -5.307254561974212, 0.0], [-61.97552379858439, -5.30725053121278, 0.0], [-61.97543794840255, -5.307408971972242, 0.0], [-61.9753587343181, -5.307475134195857, 0.0], [-61.9752120656842, -5.307554182805087, 0.0], [-61.97514067929887, -5.307591760976773, 0.0], [-61.97507713410243, -5.30759295527644, 0.0], [-61.97510948541441, -5.307634604679054, 0.0], [-61.9751772250489, -5.307658375559369, 0.0]]]}}, {"id": "64", "type": "Feature", "properties": {"id": "ID_00194", "Name": "126", "descriptio": "<html xmlns:fo=\"http://www.w3.org/1999/XSL/Format\" xmlns:msxsl=\"urn:schemas-microsoft-com:xslt\">\n\n<head>\n\n<META http-equiv=\"Content-Type\" content=\"text/html\">\n\n<meta http-equiv=\"content-type\" content=\"text/html; charset=UTF-8\">\n\n</head>\n\n<body style=\"mar", "timestamp": null, "begin": null, "end": null, "altitudeMo": null, "tessellate": -1, "extrude": 0, "visibility": -1, "drawOrder": null, "icon": null, "snippet": null}, "geometry": {"type": "MultiPolygon", "coordinates": [[[[-61.96903160239293, -5.305561905989506, 0.0], [-61.96905404350751, -5.305562900693738, 0.0], [-61.96907220774143, -5.305551443705435, 0.0], [-61.9691056600583, -5.30553522584606, 0.0], [-61.9691090319855, -5.305517521905871, 0.0], [-61.96911000526784, -5.305506514881206, 0.0], [-61.96913105120923, -5.305485011322594, 0.0], [-61.96907380472318, -5.305452368539104, 0.0], [-61.96904325716385, -5.305444659399615, 0.0], [-61.96902890740515, -5.305459473207859, 0.0], [-61.96901786839256, -5.305493438011883, 0.0], [-61.96901494615702, -5.305527894990958, 0.0], [-61.96902303830365, -5.305543224867669, 0.0], [-61.96903160239293, -5.305561905989506, 0.0]]], [[[-61.96895011125809, -5.305464128144497, 0.0], [-61.96896583949749, -5.305481863943189, 0.0], [-61.96898446454753, -5.305480459099772, 0.0], [-61.96899645459698, -5.305448889067168, 0.0], [-61.9689974445672, -5.305427830697089, 0.0], [-61.96896022387082, -5.30541293087061, 0.0], [-61.96893108657873, -5.305418625910097, 0.0], [-61.96895011125809, -5.305464128144497, 0.0]]], [[[-61.96898036168497, -5.305363186228627, 0.0], [-61.96901424064451, -5.305377601842793, 0.0], [-61.9690204752139, -5.305361338588587, 0.0], [-61.96900760882176, -5.305345522112257, 0.0], [-61.96898661135191, -5.305337828899928, 0.0], [-61.96896846381037, -5.305339234540745, 0.0], [-61.96898036168497, -5.305363186228627, 0.0]]], [[[-61.96909393220226, -5.305408846153973, 0.0], [-61.96913212300667, -5.305414653490374, 0.0], [-61.96915505194909, -5.305409426724165, 0.0], [-61.96916941520954, -5.305386476107779, 0.0], [-61.96917184721928, -5.305359676498538, 0.0], [-61.96916041492415, -5.305342905142515, 0.0], [-61.96914705513492, -5.305336660583091, 0.0], [-61.96912367173082, -5.305328006122388, 0.0], [-61.96911462934178, -5.305309802840965, 0.0], [-61.96910460016564, -5.305310743388468, 0.0], [-61.96909074857283, -5.305313113471391, 0.0], [-61.96906347680925, -5.30534561529381, 0.0], [-61.96905957652876, -5.305393951111545, 0.0], [-61.96909393220226, -5.305408846153973, 0.0]]]]}}, {"id": "65", "type": "Feature", "properties": {"id": "ID_00072", "Name": "127", "descriptio": "<html xmlns:fo=\"http://www.w3.org/1999/XSL/Format\" xmlns:msxsl=\"urn:schemas-microsoft-com:xslt\">\n\n<head>\n\n<META http-equiv=\"Content-Type\" content=\"text/html\">\n\n<meta http-equiv=\"content-type\" content=\"text/html; charset=UTF-8\">\n\n</head>\n\n<body style=\"mar", "timestamp": null, "begin": null, "end": null, "altitudeMo": null, "tessellate": -1, "extrude": 0, "visibility": -1, "drawOrder": null, "icon": null, "snippet": null}, "geometry": {"type": "Polygon", "coordinates": [[[-61.99780755097765, -5.316439834456286, 0.0], [-61.99763636052956, -5.316384329198915, 0.0], [-61.99760482850002, -5.316394329660064, 0.0], [-61.99748886092215, -5.316351063276461, 0.0], [-61.99745874982143, -5.316368245723443, 0.0], [-61.99738855953431, -5.316365259974272, 0.0], [-61.99733697352247, -5.316373791842527, 0.0], [-61.99729691771852, -5.316339264171189, 0.0], [-61.99727254878907, -5.316349276323542, 0.0], [-61.99729250384593, -5.316411053452855, 0.0], [-61.99726242781873, -5.316406696237555, 0.0], [-61.99726232979264, -5.316467004773934, 0.0], [-61.9972951343629, -5.316556085320543, 0.0], [-61.99733953209369, -5.316563337453548, 0.0], [-61.99732373730059, -5.316586286353535, 0.0], [-61.99738387136852, -5.316606486925316, 0.0], [-61.99742544612739, -5.316587888046064, 0.0], [-61.99746269244923, -5.316587948300659, 0.0], [-61.99749128009847, -5.316626764838814, 0.0], [-61.99756004496003, -5.316625440137449, 0.0], [-61.99764020513134, -5.316664340312522, 0.0], [-61.99772189055278, -5.316645806184515, 0.0], [-61.99774043727132, -5.31669322204004, 0.0], [-61.99776908427577, -5.316696140340073, 0.0], [-61.99779053490521, -5.31671915039396, 0.0], [-61.99787215827342, -5.316739385140018, 0.0], [-61.99786795574153, -5.316680505626328, 0.0], [-61.99784508778055, -5.316647442950623, 0.0], [-61.99786520201742, -5.316611577088111, 0.0], [-61.99785953898652, -5.316569925886888, 0.0], [-61.99790255715726, -5.316544149518406, 0.0], [-61.99783671599159, -5.316509580478242, 0.0], [-61.99780755097765, -5.316439834456286, 0.0]]]}}, {"id": "66", "type": "Feature", "properties": {"id": "ID_00195", "Name": "128", "descriptio": "<html xmlns:fo=\"http://www.w3.org/1999/XSL/Format\" xmlns:msxsl=\"urn:schemas-microsoft-com:xslt\">\n\n<head>\n\n<META http-equiv=\"Content-Type\" content=\"text/html\">\n\n<meta http-equiv=\"content-type\" content=\"text/html; charset=UTF-8\">\n\n</head>\n\n<body style=\"mar", "timestamp": null, "begin": null, "end": null, "altitudeMo": null, "tessellate": -1, "extrude": 0, "visibility": -1, "drawOrder": null, "icon": null, "snippet": null}, "geometry": {"type": "MultiPolygon", "coordinates": [[[[-61.97180970174695, -5.306573024059929, 0.0], [-61.97183715187538, -5.30657695865796, 0.0], [-61.97186401552462, -5.306574610165117, 0.0], [-61.97190283612998, -5.306560614779799, 0.0], [-61.97191123457869, -5.306535201146882, 0.0], [-61.97190142169038, -5.306513646145101, 0.0], [-61.97183938164131, -5.306492004254897, 0.0], [-61.97181868073445, -5.306557483288199, 0.0], [-61.97180970174695, -5.306573024059929, 0.0]]], [[[-61.97179008984835, -5.306521537925596, 0.0], [-61.97180499505242, -5.306531733766184, 0.0], [-61.97182476596193, -5.306487193566018, 0.0], [-61.97179106294408, -5.306474573264641, 0.0], [-61.97175503347598, -5.306461111475694, 0.0], [-61.97172781011791, -5.306464416640615, 0.0], [-61.97175783192905, -5.306501321660324, 0.0], [-61.97179008984835, -5.306521537925596, 0.0]]], [[[-61.97186192557689, -5.306428052745758, 0.0], [-61.97185089064471, -5.306459624446441, 0.0], [-61.97191197409543, -5.306482222018148, 0.0], [-61.9720232146475, -5.306493415723834, 0.0], [-61.97200083607555, -5.306454608879035, 0.0], [-61.97197792611494, -5.306448348484825, 0.0], [-61.97196313295519, -5.306442580229383, 0.0], [-61.97196505565613, -5.306434925231351, 0.0], [-61.97195789307447, -5.306434913316459, 0.0], [-61.97194976676484, -5.306440164808336, 0.0], [-61.9719387857245, -5.306439189266619, 0.0], [-61.97193832486091, -5.306429137117264, 0.0], [-61.97194598396696, -5.306417662563775, 0.0], [-61.97195458619678, -5.306413369138172, 0.0], [-61.9719522145187, -5.30640379244742, 0.0], [-61.97193981284966, -5.306395634983548, 0.0], [-61.97192790136583, -5.306379820138577, 0.0], [-61.97187587071301, -5.306369203562146, 0.0], [-61.97186293210167, -5.30639694299836, 0.0], [-61.97186192557689, -5.306428052745758, 0.0]]], [[[-61.97176225153986, -5.306427618878105, 0.0], [-61.9718324036233, -5.306452624731253, 0.0], [-61.97184437137588, -5.306434456426192, 0.0], [-61.97184487186491, -5.306420576778374, 0.0], [-61.97185109766357, -5.306409578479106, 0.0], [-61.97184825006683, -5.306399043721976, 0.0], [-61.97184683023118, -5.306391383163712, 0.0], [-61.97185113966759, -5.30638421077427, 0.0], [-61.97185210577378, -5.306377511459905, 0.0], [-61.97183396849458, -5.30637269491297, 0.0], [-61.97179625428815, -5.306367367157757, 0.0], [-61.97173704441562, -5.306366790007988, 0.0], [-61.97169979899783, -5.30636672803671, 0.0], [-61.97167447694626, -5.306375301373189, 0.0], [-61.97175225246017, -5.306410371300701, 0.0], [-61.97176225153986, -5.306427618878105, 0.0]]]]}}, {"id": "67", "type": "Feature", "properties": {"id": "ID_00196", "Name": "129", "descriptio": "<html xmlns:fo=\"http://www.w3.org/1999/XSL/Format\" xmlns:msxsl=\"urn:schemas-microsoft-com:xslt\">\n\n<head>\n\n<META http-equiv=\"Content-Type\" content=\"text/html\">\n\n<meta http-equiv=\"content-type\" content=\"text/html; charset=UTF-8\">\n\n</head>\n\n<body style=\"mar", "timestamp": null, "begin": null, "end": null, "altitudeMo": null, "tessellate": -1, "extrude": 0, "visibility": -1, "drawOrder": null, "icon": null, "snippet": null}, "geometry": {"type": "Polygon", "coordinates": [[[-62.00036133991855, -5.31741249436091, 0.0], [-62.00039672567559, -5.317381918673086, 0.0], [-62.0004043783191, -5.317374272815866, 0.0], [-62.0004187223925, -5.317362808673336, 0.0], [-62.00043402150155, -5.317351346078176, 0.0], [-62.00042650011559, -5.317277623131821, 0.0], [-62.00041793567524, -5.317258463600488, 0.0], [-62.00039506113804, -5.317229708051059, 0.0], [-62.00037221748777, -5.317181806900458, 0.0], [-62.00035027637121, -5.317166454818507, 0.0], [-62.00031972912328, -5.31715778976474, 0.0], [-62.00029681752982, -5.317152008933523, 0.0], [-62.0002605616908, -5.317129932669097, 0.0], [-62.0002606064783, -5.317102171548939, 0.0], [-62.0002386545567, -5.317093520424068, 0.0], [-62.00022526552363, -5.31710498611111, 0.0], [-62.00022999436887, -5.31713371225139, 0.0], [-62.00024332934753, -5.31715575136431, 0.0], [-62.00024330000324, -5.317173939684317, 0.0], [-62.00025666123824, -5.317179705037133, 0.0], [-62.00027384570574, -5.317183562021817, 0.0], [-62.00029194814446, -5.317210395274391, 0.0], [-62.00029188636921, -5.31724868647482, 0.0], [-62.00029563855999, -5.317290812987382, 0.0], [-62.00028511926413, -5.317299411479131, 0.0], [-62.00029366825631, -5.317328143811711, 0.0], [-62.00030602967152, -5.317361668736449, 0.0], [-62.0002954856637, -5.317385583708266, 0.0], [-62.00036133991855, -5.31741249436091, 0.0]]]}}, {"id": "68", "type": "Feature", "properties": {"id": "ID_00073", "Name": "130", "descriptio": "<html xmlns:fo=\"http://www.w3.org/1999/XSL/Format\" xmlns:msxsl=\"urn:schemas-microsoft-com:xslt\">\n\n<head>\n\n<META http-equiv=\"Content-Type\" content=\"text/html\">\n\n<meta http-equiv=\"content-type\" content=\"text/html; charset=UTF-8\">\n\n</head>\n\n<body style=\"mar", "timestamp": null, "begin": null, "end": null, "altitudeMo": null, "tessellate": -1, "extrude": 0, "visibility": -1, "drawOrder": null, "icon": null, "snippet": null}, "geometry": {"type": "Polygon", "coordinates": [[[-62.03778424290496, -5.357143298688354, 0.0], [-62.03775832887798, -5.357169118184594, 0.0], [-62.0377896141443, -5.357249843296518, 0.0], [-62.03766789154586, -5.357251619680472, 0.0], [-62.03763070740635, -5.357176788409993, 0.0], [-62.03759143997215, -5.357178694389084, 0.0], [-62.03750329841302, -5.357048687247211, 0.0], [-62.0375406303337, -5.357029068877939, 0.0], [-62.03757981770151, -5.357078323124699, 0.0], [-62.03762498093943, -5.357072491001312, 0.0], [-62.03765058281653, -5.35702137089332, 0.0], [-62.03760944454369, -5.3569642427608, 0.0], [-62.03762955723893, -5.356947497400459, 0.0], [-62.03725682931182, -5.356475697392927, 0.0], [-62.03715666837103, -5.356499152365303, 0.0], [-62.03715261565377, -5.356579821920321, 0.0], [-62.03711133268093, -5.356615175699792, 0.0], [-62.03710331347702, -5.356721419186931, 0.0], [-62.03703441607684, -5.356839373160035, 0.0], [-62.03706155298794, -5.357061766560068, 0.0], [-62.03723607601628, -5.357191909596511, 0.0], [-62.03743811189331, -5.357304386503291, 0.0], [-62.03741430997167, -5.357459797826582, 0.0], [-62.03748481953834, -5.357566164796296, 0.0], [-62.03752805038908, -5.357540652591307, 0.0], [-62.03753997751699, -5.357446221468242, 0.0], [-62.03760870864311, -5.357434523285622, 0.0], [-62.0376323288488, -5.357395206301296, 0.0], [-62.03759311682678, -5.357361693661325, 0.0], [-62.03752237013975, -5.357406839672293, 0.0], [-62.03742058151825, -5.357215812185282, 0.0], [-62.03735972176793, -5.357215716493786, 0.0], [-62.03733230139897, -5.357174351559876, 0.0], [-62.03737567697299, -5.357056357423382, 0.0], [-62.03745022071791, -5.357093861032745, 0.0], [-62.03743637041043, -5.357162708956205, 0.0], [-62.03753045704865, -5.357257306750807, 0.0], [-62.03773249917389, -5.357365848171861, 0.0], [-62.03772064905011, -5.357411086779655, 0.0], [-62.03790718560163, -5.357391702898605, 0.0], [-62.03795598038358, -5.357360684013192, 0.0], [-62.03778424290496, -5.357143298688354, 0.0]]]}}, {"id": "69", "type": "Feature", "properties": {"id": "ID_00074", "Name": "131", "descriptio": "<html xmlns:fo=\"http://www.w3.org/1999/XSL/Format\" xmlns:msxsl=\"urn:schemas-microsoft-com:xslt\">\n\n<head>\n\n<META http-equiv=\"Content-Type\" content=\"text/html\">\n\n<meta http-equiv=\"content-type\" content=\"text/html; charset=UTF-8\">\n\n</head>\n\n<body style=\"mar", "timestamp": null, "begin": null, "end": null, "altitudeMo": null, "tessellate": -1, "extrude": 0, "visibility": -1, "drawOrder": null, "icon": null, "snippet": null}, "geometry": {"type": "Polygon", "coordinates": [[[-62.03818791304172, -5.357776437556675, 0.0], [-62.03814019951056, -5.357781675208314, 0.0], [-62.03809693492558, -5.357828832059091, 0.0], [-62.03808698572578, -5.357913427686666, 0.0], [-62.03802194765472, -5.358074677028903, 0.0], [-62.03795901939322, -5.358141480469062, 0.0], [-62.03798206452063, -5.358470123321655, 0.0], [-62.03803883782206, -5.358572533619631, 0.0], [-62.03804659537406, -5.358633544526583, 0.0], [-62.0381171570811, -5.358706460658773, 0.0], [-62.03819185477022, -5.358645579254185, 0.0], [-62.03825861684164, -5.358637812708994, 0.0], [-62.03836281229394, -5.358545494603013, 0.0], [-62.0384493576517, -5.358441342318212, 0.0], [-62.03852999356433, -5.358348986440729, 0.0], [-62.03851836892755, -5.358250582622446, 0.0], [-62.03841450892242, -5.358128422312995, 0.0], [-62.03833433616064, -5.357923654777009, 0.0], [-62.03818791304172, -5.357776437556675, 0.0]]]}}, {"id": "70", "type": "Feature", "properties": {"id": "ID_00197", "Name": "132", "descriptio": "<html xmlns:fo=\"http://www.w3.org/1999/XSL/Format\" xmlns:msxsl=\"urn:schemas-microsoft-com:xslt\">\n\n<head>\n\n<META http-equiv=\"Content-Type\" content=\"text/html\">\n\n<meta http-equiv=\"content-type\" content=\"text/html; charset=UTF-8\">\n\n</head>\n\n<body style=\"mar", "timestamp": null, "begin": null, "end": null, "altitudeMo": null, "tessellate": -1, "extrude": 0, "visibility": -1, "drawOrder": null, "icon": null, "snippet": null}, "geometry": {"type": "MultiPolygon", "coordinates": [[[[-62.02336556385986, -5.337599228258411, 0.0], [-62.02336888708091, -5.337672484142902, 0.0], [-62.02340070433614, -5.337669087627907, 0.0], [-62.02340846551957, -5.33765444984311, 0.0], [-62.02341793671575, -5.337645847178655, 0.0], [-62.02344028413737, -5.337650191556246, 0.0], [-62.023473728244, -5.33770539810644, 0.0], [-62.02350035820169, -5.337720090550479, 0.0], [-62.02345838310994, -5.337622643623714, 0.0], [-62.02340002452498, -5.337555332669699, 0.0], [-62.02337248435239, -5.33757252433263, 0.0], [-62.02336556385986, -5.337599228258411, 0.0]]], [[[-62.02349539175128, -5.337598572830205, 0.0], [-62.02355118601123, -5.337656400212321, 0.0], [-62.02355723581341, -5.337636589074225, 0.0], [-62.02354442638106, -5.337581415320124, 0.0], [-62.02353332014852, -5.337536585534865, 0.0], [-62.02350845337611, -5.337494319196897, 0.0], [-62.02347752453604, -5.337479619922849, 0.0], [-62.02345169983528, -5.337499399632167, 0.0], [-62.0234413347812, -5.337529545172424, 0.0], [-62.02349539175128, -5.337598572830205, 0.0]]], [[[-62.023337289345, -5.337537135747704, 0.0], [-62.02336133041306, -5.337557856483446, 0.0], [-62.02339230151785, -5.3375458409049, 0.0], [-62.02337857506065, -5.337526860108236, 0.0], [-62.02331851466174, -5.337448343411414, 0.0], [-62.02327123368458, -5.337443959397602, 0.0], [-62.02329785271773, -5.337465546004458, 0.0], [-62.0233107221199, -5.337482801896426, 0.0], [-62.0233106921233, -5.337501760827911, 0.0], [-62.02331238440991, -5.337518998953472, 0.0], [-62.02332182969878, -5.337526769913052, 0.0], [-62.023337289345, -5.337537135747704, 0.0]]], [[[-62.02343072736967, -5.337450768573567, 0.0], [-62.02345036727463, -5.337487775055944, 0.0], [-62.02347546635868, -5.337469865785691, 0.0], [-62.02344007682081, -5.337427090542192, 0.0], [-62.02343003775572, -5.337433895267682, 0.0], [-62.02343072736967, -5.337450768573567, 0.0]]]]}}, {"id": "71", "type": "Feature", "properties": {"id": "ID_00198", "Name": "133", "descriptio": "<html xmlns:fo=\"http://www.w3.org/1999/XSL/Format\" xmlns:msxsl=\"urn:schemas-microsoft-com:xslt\">\n\n<head>\n\n<META http-equiv=\"Content-Type\" content=\"text/html\">\n\n<meta http-equiv=\"content-type\" content=\"text/html; charset=UTF-8\">\n\n</head>\n\n<body style=\"mar", "timestamp": null, "begin": null, "end": null, "altitudeMo": null, "tessellate": -1, "extrude": 0, "visibility": -1, "drawOrder": null, "icon": null, "snippet": null}, "geometry": {"type": "MultiPolygon", "coordinates": [[[[-62.0269679745951, -5.342432887913975, 0.0], [-62.02688189368353, -5.34251100986989, 0.0], [-62.0268926247691, -5.34251964248445, 0.0], [-62.02691123075585, -5.34253115944979, 0.0], [-62.0269348690527, -5.342531196919431, 0.0], [-62.02694849144202, -5.342523320875125, 0.0], [-62.02694350897631, -5.342503209901407, 0.0], [-62.02695783748185, -5.342501796679048, 0.0], [-62.02697430812681, -5.342504694653853, 0.0], [-62.02700432753265, -5.34254638432178, 0.0], [-62.02701657846439, -5.342499735883092, 0.0], [-62.0269679745951, -5.342432887913975, 0.0]]], [[[-62.02705315228576, -5.342473229070134, 0.0], [-62.02710757500806, -5.342484084827591, 0.0], [-62.02706682790691, -5.342431608656615, 0.0], [-62.02705107357489, -5.342428711819845, 0.0], [-62.02702098960649, -5.342427946172493, 0.0], [-62.02705315228576, -5.342473229070134, 0.0]]], [[[-62.02676111001065, -5.342337788354437, 0.0], [-62.02677968086758, -5.342371562242832, 0.0], [-62.02679183097759, -5.342388812711772, 0.0], [-62.02679824606156, -5.342408925956864, 0.0], [-62.02681327274956, -5.342419001316077, 0.0], [-62.02682616636326, -5.342419021755798, 0.0], [-62.02683694616137, -5.342396781867874, 0.0], [-62.0268333985892, -5.342375237234671, 0.0], [-62.02685561218598, -5.342370246678852, 0.0], [-62.02687924028064, -5.342376745836313, 0.0], [-62.02689786098997, -5.342378929253641, 0.0], [-62.02690429420272, -5.342387555054981, 0.0], [-62.0268963943814, -5.342400465938786, 0.0], [-62.02690426474935, -5.342406222150236, 0.0], [-62.02692432714596, -5.342402664116178, 0.0], [-62.02693295234095, -5.342384010645665, 0.0], [-62.02691579710616, -5.342361008509253, 0.0], [-62.02686852958878, -5.342355189848432, 0.0], [-62.02672555048061, -5.342175471446004, 0.0], [-62.0266704772022, -5.342122972545899, 0.0], [-62.02663539153595, -5.342114301316186, 0.0], [-62.02662393168536, -5.342113565179877, 0.0], [-62.02661461170448, -5.342118576171683, 0.0], [-62.02661243670867, -5.342135085962897, 0.0], [-62.02662100071988, -5.342155202615618, 0.0], [-62.02666675854576, -5.342209840651632, 0.0], [-62.02668316912901, -5.342250790785978, 0.0], [-62.02669816295322, -5.342281687136668, 0.0], [-62.0267410986011, -5.34230903795078, 0.0], [-62.02676111001065, -5.342337788354437, 0.0]]], [[[-62.0267874719294, -5.342011454323918, 0.0], [-62.02696180638406, -5.342294131012324, 0.0], [-62.02695505888424, -5.342333369180799, 0.0], [-62.02698461206836, -5.342367878439057, 0.0], [-62.02699992208299, -5.342349714207028, 0.0], [-62.0269923222009, -5.342323855348961, 0.0], [-62.02698661738126, -5.342307572388028, 0.0], [-62.02698568948382, -5.342290339708948, 0.0], [-62.02699526145086, -5.342276952828926, 0.0], [-62.02701437819973, -5.342267410233724, 0.0], [-62.02704016391223, -5.342268408390242, 0.0], [-62.02695535792468, -5.342143826363515, 0.0], [-62.02682472012202, -5.342011513368344, 0.0], [-62.0267874719294, -5.342011454323918, 0.0]]]]}}, {"id": "72", "type": "Feature", "properties": {"id": "ID_00199", "Name": "134", "descriptio": "<html xmlns:fo=\"http://www.w3.org/1999/XSL/Format\" xmlns:msxsl=\"urn:schemas-microsoft-com:xslt\">\n\n<head>\n\n<META http-equiv=\"Content-Type\" content=\"text/html\">\n\n<meta http-equiv=\"content-type\" content=\"text/html; charset=UTF-8\">\n\n</head>\n\n<body style=\"mar", "timestamp": null, "begin": null, "end": null, "altitudeMo": null, "tessellate": -1, "extrude": 0, "visibility": -1, "drawOrder": null, "icon": null, "snippet": null}, "geometry": {"type": "MultiPolygon", "coordinates": [[[[-62.03700195456458, -5.356026725963462, 0.0], [-62.037031065082, -5.35603969518105, 0.0], [-62.03700391348154, -5.355995617062525, 0.0], [-62.03697764430814, -5.355997968980243, 0.0], [-62.03700195456458, -5.356026725963462, 0.0]]], [[[-62.03703009623451, -5.355972204589328, 0.0], [-62.03706122567481, -5.355991997683801, 0.0], [-62.03706266957315, -5.355984820266155, 0.0], [-62.03705911264911, -5.355969019358872, 0.0], [-62.03704839523697, -5.355951412269635, 0.0], [-62.03703659377776, -5.355939906210474, 0.0], [-62.03702621486341, -5.35593486410748, 0.0], [-62.03701260628387, -5.355933765753925, 0.0], [-62.0369986384156, -5.355933384803864, 0.0], [-62.03703009623451, -5.355972204589328, 0.0]]], [[[-62.03692714875145, -5.355841731354382, 0.0], [-62.0369546718061, -5.355877314094418, 0.0], [-62.0369625795315, -5.355859377310471, 0.0], [-62.03696082523589, -5.355836040565621, 0.0], [-62.03694902827627, -5.355821662637315, 0.0], [-62.03693042169016, -5.355810145874756, 0.0], [-62.03692714875145, -5.355841731354382, 0.0]]]]}}, {"id": "73", "type": "Feature", "properties": {"id": "ID_00075", "Name": "135", "descriptio": "<html xmlns:fo=\"http://www.w3.org/1999/XSL/Format\" xmlns:msxsl=\"urn:schemas-microsoft-com:xslt\">\n\n<head>\n\n<META http-equiv=\"Content-Type\" content=\"text/html\">\n\n<meta http-equiv=\"content-type\" content=\"text/html; charset=UTF-8\">\n\n</head>\n\n<body style=\"mar", "timestamp": null, "begin": null, "end": null, "altitudeMo": null, "tessellate": -1, "extrude": 0, "visibility": -1, "drawOrder": null, "icon": null, "snippet": null}, "geometry": {"type": "Polygon", "coordinates": [[[-62.08303858376361, -5.419952710271509, 0.0], [-62.08301700453108, -5.419992215690352, 0.0], [-62.08302748163295, -5.420032362325808, 0.0], [-62.08286282745745, -5.420207422556646, 0.0], [-62.08286050001203, -5.420353158593508, 0.0], [-62.08298261805334, -5.42043360564849, 0.0], [-62.08297189453724, -5.420556095109808, 0.0], [-62.08305169947629, -5.420744198208284, 0.0], [-62.08301999927352, -5.420801179253131, 0.0], [-62.08302834048551, -5.420860332160689, 0.0], [-62.08309156732196, -5.420860428388191, 0.0], [-62.08312093378401, -5.420953407495846, 0.0], [-62.08307237309151, -5.421010362460363, 0.0], [-62.08313954165645, -5.421192110949244, 0.0], [-62.08322814556242, -5.421135216239321, 0.0], [-62.08327426369631, -5.421300034990697, 0.0], [-62.08330800356145, -5.421287413005785, 0.0], [-62.08332287475081, -5.421209285302342, 0.0], [-62.08347052004843, -5.421133471554563, 0.0], [-62.08344140179923, -5.420875742943268, 0.0], [-62.08317022922266, -5.420408544241061, 0.0], [-62.08322731548816, -5.420288237434368, 0.0], [-62.08303858376361, -5.419952710271509, 0.0]]]}}, {"id": "74", "type": "Feature", "properties": {"id": "ID_00076", "Name": "136", "descriptio": "<html xmlns:fo=\"http://www.w3.org/1999/XSL/Format\" xmlns:msxsl=\"urn:schemas-microsoft-com:xslt\">\n\n<head>\n\n<META http-equiv=\"Content-Type\" content=\"text/html\">\n\n<meta http-equiv=\"content-type\" content=\"text/html; charset=UTF-8\">\n\n</head>\n\n<body style=\"mar", "timestamp": null, "begin": null, "end": null, "altitudeMo": null, "tessellate": -1, "extrude": 0, "visibility": -1, "drawOrder": null, "icon": null, "snippet": null}, "geometry": {"type": "Polygon", "coordinates": [[[-62.08337447784982, -5.420301103135505, 0.0], [-62.0837235335142, -5.421064152710553, 0.0], [-62.08377034862264, -5.420766408764886, 0.0], [-62.083831723755, -5.420597528675155, 0.0], [-62.08382773076512, -5.420449671137537, 0.0], [-62.08372475659218, -5.4202530838349, 0.0], [-62.08357529106678, -5.420138800687258, 0.0], [-62.08343819032018, -5.420210406507182, 0.0], [-62.08337447784982, -5.420301103135505, 0.0]]]}}, {"id": "75", "type": "Feature", "properties": {"id": "ID_00077", "Name": "137", "descriptio": "<html xmlns:fo=\"http://www.w3.org/1999/XSL/Format\" xmlns:msxsl=\"urn:schemas-microsoft-com:xslt\">\n\n<head>\n\n<META http-equiv=\"Content-Type\" content=\"text/html\">\n\n<meta http-equiv=\"content-type\" content=\"text/html; charset=UTF-8\">\n\n</head>\n\n<body style=\"mar", "timestamp": null, "begin": null, "end": null, "altitudeMo": null, "tessellate": -1, "extrude": 0, "visibility": -1, "drawOrder": null, "icon": null, "snippet": null}, "geometry": {"type": "Polygon", "coordinates": [[[-62.0970685841478, -5.448394430080099, 0.0], [-62.09673304259582, -5.44787847103585, 0.0], [-62.09672430748078, -5.447762395539338, 0.0], [-62.09677786300796, -5.447694028178108, 0.0], [-62.09634854734755, -5.446836306071924, 0.0], [-62.09622364500518, -5.446955157775556, 0.0], [-62.09604838422551, -5.446990606352698, 0.0], [-62.09596827531561, -5.446942870338485, 0.0], [-62.09584073256372, -5.446841496059436, 0.0], [-62.09579319709832, -5.446856304296244, 0.0], [-62.09583753187655, -5.44699624150461, 0.0], [-62.09575721882055, -5.447085399392945, 0.0], [-62.09574819862041, -5.447159785017307, 0.0], [-62.09622300468789, -5.447383695522355, 0.0], [-62.09630306053776, -5.44746714271567, 0.0], [-62.09631775725863, -5.44756834792215, 0.0], [-62.0962642107247, -5.4476307626708, 0.0], [-62.09628183294017, -5.447761731839667, 0.0], [-62.09640954476465, -5.447750019069376, 0.0], [-62.09661103427175, -5.448047917698438, 0.0], [-62.09698468819278, -5.448396666694006, 0.0], [-62.0970685841478, -5.448394430080099, 0.0]]]}}, {"id": "76", "type": "Feature", "properties": {"id": "ID_00200", "Name": "138", "descriptio": "<html xmlns:fo=\"http://www.w3.org/1999/XSL/Format\" xmlns:msxsl=\"urn:schemas-microsoft-com:xslt\">\n\n<head>\n\n<META http-equiv=\"Content-Type\" content=\"text/html\">\n\n<meta http-equiv=\"content-type\" content=\"text/html; charset=UTF-8\">\n\n</head>\n\n<body style=\"mar", "timestamp": null, "begin": null, "end": null, "altitudeMo": null, "tessellate": -1, "extrude": 0, "visibility": -1, "drawOrder": null, "icon": null, "snippet": null}, "geometry": {"type": "MultiPolygon", "coordinates": [[[[-62.08502714590696, -5.423817373260684, 0.0], [-62.08511988439158, -5.423945105395777, 0.0], [-62.085135705051, -5.423930228091137, 0.0], [-62.08502916444482, -5.423711205003115, 0.0], [-62.08498359055181, -5.423736281892522, 0.0], [-62.08502714590696, -5.423817373260684, 0.0]]], [[[-62.08505805711106, -5.42365536907398, 0.0], [-62.08510068176388, -5.42373739035706, 0.0], [-62.08512669112398, -5.42374488031991, 0.0], [-62.08518323154599, -5.423842755214366, 0.0], [-62.08518610642845, -5.423785017268429, 0.0], [-62.08516755536289, -5.423761706024812, 0.0], [-62.08519267469138, -5.423743117473412, 0.0], [-62.08518530756393, -5.423698402618127, 0.0], [-62.08515461520383, -5.423715120084953, 0.0], [-62.08513698082376, -5.42370019217339, 0.0], [-62.08513517551214, -5.423664799004336, 0.0], [-62.08511196249036, -5.423651725308512, 0.0], [-62.08508037308813, -5.423647020886601, 0.0], [-62.08505805711106, -5.42365536907398, 0.0]]], [[[-62.08500518431628, -5.423560876256687, 0.0], [-62.08503234226679, -5.423604713939149, 0.0], [-62.08506244267731, -5.423597579703927, 0.0], [-62.08506963065765, -5.423581795083004, 0.0], [-62.08497031447447, -5.423405022494148, 0.0], [-62.08499021089714, -5.423513467121995, 0.0], [-62.08500518431628, -5.423560876256687, 0.0]]]]}}, {"id": "77", "type": "Feature", "properties": {"id": "ID_00201", "Name": "139", "descriptio": "<html xmlns:fo=\"http://www.w3.org/1999/XSL/Format\" xmlns:msxsl=\"urn:schemas-microsoft-com:xslt\">\n\n<head>\n\n<META http-equiv=\"Content-Type\" content=\"text/html\">\n\n<meta http-equiv=\"content-type\" content=\"text/html; charset=UTF-8\">\n\n</head>\n\n<body style=\"mar", "timestamp": null, "begin": null, "end": null, "altitudeMo": null, "tessellate": -1, "extrude": 0, "visibility": -1, "drawOrder": null, "icon": null, "snippet": null}, "geometry": {"type": "MultiPolygon", "coordinates": [[[[-62.08784666881884, -5.429587915028505, 0.0], [-62.08790514461293, -5.429609542634715, 0.0], [-62.08790878610436, -5.429570059372927, 0.0], [-62.08785278294688, -5.429492193935238, 0.0], [-62.08779066207116, -5.429512442838776, 0.0], [-62.08777987429762, -5.429539949018384, 0.0], [-62.08784666881884, -5.429587915028505, 0.0]]], [[[-62.08818045744874, -5.429632454838025, 0.0], [-62.08811817291209, -5.429761596778829, 0.0], [-62.08816576566123, -5.42987415175226, 0.0], [-62.08817071088103, -5.429761676076416, 0.0], [-62.08821134077048, -5.429740198072611, 0.0], [-62.0882518627705, -5.429790517653331, 0.0], [-62.08837128883129, -5.429776338325023, 0.0], [-62.08863610078414, -5.429953838995639, 0.0], [-62.08864559203447, -5.42999453871, 0.0], [-62.08876019163708, -5.430013857650295, 0.0], [-62.088679341633, -5.429783982863935, 0.0], [-62.08857665736199, -5.42978143470159, 0.0], [-62.08845017129681, -5.429726198922771, 0.0], [-62.08842174073821, -5.429575380741684, 0.0], [-62.08832155966555, -5.42949625204963, 0.0], [-62.08825237701848, -5.429448282483446, 0.0], [-62.0881760157336, -5.429409875110544, 0.0], [-62.08811399737327, -5.429361916344065, 0.0], [-62.08806858054298, -5.429390566894851, 0.0], [-62.08814480155436, -5.429522311141945, 0.0], [-62.08813278918037, -5.429570158177656, 0.0], [-62.08818045744874, -5.429632454838025, 0.0]]], [[[-62.08774673429872, -5.429344848449402, 0.0], [-62.08780503197583, -5.429484942067202, 0.0], [-62.08784923679088, -5.429468256000328, 0.0], [-62.08779684456309, -5.429371249946818, 0.0], [-62.08774673429872, -5.429344848449402, 0.0]]], [[[-62.08787575578462, -5.429301964596442, 0.0], [-62.08790556910692, -5.429327138814261, 0.0], [-62.08791387885022, -5.4293594603439, 0.0], [-62.08788759909274, -5.429366600445587, 0.0], [-62.08786973340289, -5.429336657747623, 0.0], [-62.08784111952204, -5.429307895451807, 0.0], [-62.08784583453877, -5.429348587958177, 0.0], [-62.08789703272971, -5.429445592205851, 0.0], [-62.08797947752453, -5.429408621161889, 0.0], [-62.08797831405565, -5.429388276710899, 0.0], [-62.08797117137443, -5.429373906379711, 0.0], [-62.08795687881867, -5.429349952222796, 0.0], [-62.0879402071692, -5.429320011328849, 0.0], [-62.08794859245439, -5.429302074550453, 0.0], [-62.087966495917, -5.429306888092497, 0.0], [-62.08799632722875, -5.429320096042582, 0.0], [-62.08802974247205, -5.429332112771919, 0.0], [-62.08804999625838, -5.429362059071007, 0.0], [-62.08807151602426, -5.42934414211525, 0.0], [-62.08808229658726, -5.429321422433141, 0.0], [-62.08789143483673, -5.429197881536492, 0.0], [-62.08777340800987, -5.429075647188998, 0.0], [-62.08772215049778, -5.429018131606651, 0.0], [-62.08768278125501, -5.428995336213019, 0.0], [-62.08776854009528, -5.429136667920733, 0.0], [-62.08788541065923, -5.429233771314656, 0.0], [-62.08790686387471, -5.429260129540342, 0.0], [-62.0878781996317, -5.429264872784556, 0.0], [-62.08786743705018, -5.429275626198437, 0.0], [-62.08787575578462, -5.429301964596442, 0.0]]]]}}, {"id": "78", "type": "Feature", "properties": {"id": "ID_00078", "Name": "140", "descriptio": "<html xmlns:fo=\"http://www.w3.org/1999/XSL/Format\" xmlns:msxsl=\"urn:schemas-microsoft-com:xslt\">\n\n<head>\n\n<META http-equiv=\"Content-Type\" content=\"text/html\">\n\n<meta http-equiv=\"content-type\" content=\"text/html; charset=UTF-8\">\n\n</head>\n\n<body style=\"mar", "timestamp": null, "begin": null, "end": null, "altitudeMo": null, "tessellate": -1, "extrude": 0, "visibility": -1, "drawOrder": null, "icon": null, "snippet": null}, "geometry": {"type": "Polygon", "coordinates": [[[-62.10203179952788, -5.457223746399736, 0.0], [-62.1020616210469, -5.457122694977327, 0.0], [-62.1019871571815, -5.457037869123263, 0.0], [-62.10192781811429, -5.456813535037575, 0.0], [-62.10175376692273, -5.456818258276948, 0.0], [-62.10165465353941, -5.456588881692502, 0.0], [-62.1017146374205, -5.456379675102907, 0.0], [-62.10150634813942, -5.45600063873944, 0.0], [-62.10153640707949, -5.455851186703893, 0.0], [-62.10163094741023, -5.455811462749785, 0.0], [-62.10182480796847, -5.455861584665397, 0.0], [-62.10169548096161, -5.455886307028419, 0.0], [-62.10166050902524, -5.455995885822439, 0.0], [-62.10199877732168, -5.455911676903363, 0.0], [-62.10185982397167, -5.455722106111284, 0.0], [-62.10188485030557, -5.455612512928098, 0.0], [-62.1021336918164, -5.455473353633346, 0.0], [-62.1023522972207, -5.455603244515084, 0.0], [-62.10239653307349, -5.455952136502887, 0.0], [-62.10248579708185, -5.456116716034587, 0.0], [-62.10273975213784, -5.45588288330939, 0.0], [-62.1027299252458, -5.455803136826314, 0.0], [-62.1028095476225, -5.455763389489833, 0.0], [-62.10298350258653, -5.455823448014707, 0.0], [-62.10320764331806, -5.455574620892993, 0.0], [-62.1033569424689, -5.455495111830928, 0.0], [-62.10330232394306, -5.45544021541463, 0.0], [-62.10319785329824, -5.455469958692609, 0.0], [-62.10312330759456, -5.455439948315933, 0.0], [-62.10266040405435, -5.455738251639996, 0.0], [-62.10244676380706, -5.455613351995567, 0.0], [-62.10208956028492, -5.455054696737885, 0.0], [-62.10120898100962, -5.455332442459222, 0.0], [-62.1010004030461, -5.455147750489299, 0.0], [-62.10105030732581, -5.455028227891387, 0.0], [-62.10105554767535, -5.454848839223546, 0.0], [-62.10061814441178, -5.454718621887896, 0.0], [-62.10059305152804, -5.45487306426152, 0.0], [-62.10088553443984, -5.455481455625644, 0.0], [-62.10099970517223, -5.455616173168831, 0.0], [-62.10101932927859, -5.455795598708891, 0.0], [-62.10122781820922, -5.456040088400343, 0.0], [-62.10167404022474, -5.456927769621818, 0.0], [-62.10166894196806, -5.457012477664647, 0.0], [-62.10176317832799, -5.457177064390913, 0.0], [-62.10192715891122, -5.457257041100479, 0.0], [-62.10203179952788, -5.457223746399736, 0.0]]]}}, {"id": "79", "type": "Feature", "properties": {"id": "ID_00079", "Name": "141", "descriptio": "<html xmlns:fo=\"http://www.w3.org/1999/XSL/Format\" xmlns:msxsl=\"urn:schemas-microsoft-com:xslt\">\n\n<head>\n\n<META http-equiv=\"Content-Type\" content=\"text/html\">\n\n<meta http-equiv=\"content-type\" content=\"text/html; charset=UTF-8\">\n\n</head>\n\n<body style=\"mar", "timestamp": null, "begin": null, "end": null, "altitudeMo": null, "tessellate": -1, "extrude": 0, "visibility": -1, "drawOrder": null, "icon": null, "snippet": null}, "geometry": {"type": "Polygon", "coordinates": [[[-62.10610716461389, -5.468295732682499, 0.0], [-62.10604464374529, -5.468371740683868, 0.0], [-62.10618423201662, -5.468484631680977, 0.0], [-62.10654279711235, -5.468254970011429, 0.0], [-62.1066166917069, -5.468255080628043, 0.0], [-62.10671461168994, -5.468301909226319, 0.0], [-62.10676280995568, -5.468297151812678, 0.0], [-62.10677731062435, -5.468268198139395, 0.0], [-62.1067035104586, -5.468205307649423, 0.0], [-62.10671967217507, -5.468139331585437, 0.0], [-62.10675825578888, -5.468118461918086, 0.0], [-62.1067102409848, -5.467999268472052, 0.0], [-62.10673595979665, -5.467988037738327, 0.0], [-62.10665588146374, -5.467825333293091, 0.0], [-62.10651286587602, -5.467857315883013, 0.0], [-62.10648872267636, -5.467889474740041, 0.0], [-62.10647238829007, -5.468071352731311, 0.0], [-62.10635656190578, -5.468183863315218, 0.0], [-62.10625531443117, -5.468214298171902, 0.0], [-62.10610716461389, -5.468295732682499, 0.0]]]}}, {"id": "80", "type": "Feature", "properties": {"id": "ID_00080", "Name": "142", "descriptio": "<html xmlns:fo=\"http://www.w3.org/1999/XSL/Format\" xmlns:msxsl=\"urn:schemas-microsoft-com:xslt\">\n\n<head>\n\n<META http-equiv=\"Content-Type\" content=\"text/html\">\n\n<meta http-equiv=\"content-type\" content=\"text/html; charset=UTF-8\">\n\n</head>\n\n<body style=\"mar", "timestamp": null, "begin": null, "end": null, "altitudeMo": null, "tessellate": -1, "extrude": 0, "visibility": -1, "drawOrder": null, "icon": null, "snippet": null}, "geometry": {"type": "Polygon", "coordinates": [[[-62.11029003016075, -5.474723240405576, 0.0], [-62.11021030795928, -5.4747803392616, 0.0], [-62.11014537780687, -5.474759181811169, 0.0], [-62.11017377120254, -5.474939198205776, 0.0], [-62.11021576234754, -5.474967979209215, 0.0], [-62.11028264312945, -5.474962335064048, 0.0], [-62.11029399976826, -5.475035107304722, 0.0], [-62.11025959980065, -5.47504080001328, 0.0], [-62.1101908538248, -5.475015807853575, 0.0], [-62.11030901305048, -5.475218932328219, 0.0], [-62.11037204383474, -5.47523242845413, 0.0], [-62.11041015440509, -5.4753014109517, 0.0], [-62.11036805264348, -5.4753472997584, 0.0], [-62.11042337533848, -5.47540481949713, 0.0], [-62.11052456255845, -5.475456664513817, 0.0], [-62.11053019231445, -5.475525599347272, 0.0], [-62.11048426663556, -5.475573396515395, 0.0], [-62.11054340875125, -5.475632837205999, 0.0], [-62.11062375418288, -5.475565944732899, 0.0], [-62.1106317221762, -5.47534577630686, 0.0], [-62.11056690443904, -5.475248034389645, 0.0], [-62.11059944460862, -5.475207876062974, 0.0], [-62.11055558826973, -5.475148457855413, 0.0], [-62.11052307328117, -5.475171385171661, 0.0], [-62.11050021701135, -5.475123485480799, 0.0], [-62.11044293469365, -5.475098510408299, 0.0], [-62.11047356740119, -5.475056434727037, 0.0], [-62.11047556569474, -5.474997083968603, 0.0], [-62.11046224763459, -5.474958771950123, 0.0], [-62.1104718712798, -5.474910920822697, 0.0], [-62.11041088195662, -5.474809355887424, 0.0], [-62.11029003016075, -5.474723240405576, 0.0]]]}}, {"id": "81", "type": "Feature", "properties": {"id": "ID_00202", "Name": "143", "descriptio": "<html xmlns:fo=\"http://www.w3.org/1999/XSL/Format\" xmlns:msxsl=\"urn:schemas-microsoft-com:xslt\">\n\n<head>\n\n<META http-equiv=\"Content-Type\" content=\"text/html\">\n\n<meta http-equiv=\"content-type\" content=\"text/html; charset=UTF-8\">\n\n</head>\n\n<body style=\"mar", "timestamp": null, "begin": null, "end": null, "altitudeMo": null, "tessellate": -1, "extrude": 0, "visibility": -1, "drawOrder": null, "icon": null, "snippet": null}, "geometry": {"type": "MultiPolygon", "coordinates": [[[[-62.10174803377214, -5.458406194902992, 0.0], [-62.10172996504446, -5.45847816621187, 0.0], [-62.10171648716631, -5.458482645962092, 0.0], [-62.10171203695694, -5.458455639943014, 0.0], [-62.10168956824609, -5.45846685609643, 0.0], [-62.10169621007088, -5.458529864547874, 0.0], [-62.10176808316287, -5.458511972392584, 0.0], [-62.10179959962962, -5.458455770811202, 0.0], [-62.10186475386167, -5.458426618864049, 0.0], [-62.10191404775139, -5.458494190948428, 0.0], [-62.1019116351547, -5.458606684714074, 0.0], [-62.10202592597417, -5.458750852131938, 0.0], [-62.10211100917958, -5.458908475583164, 0.0], [-62.10220754602815, -5.458913119705985, 0.0], [-62.10194763531442, -5.458554989718703, 0.0], [-62.10195443786255, -5.458510000934652, 0.0], [-62.10184918480213, -5.458327597912601, 0.0], [-62.10174803377214, -5.458406194902992, 0.0]]], [[[-62.10205580981535, -5.458282907702066, 0.0], [-62.10206002237923, -5.45846965963985, 0.0], [-62.10198830328677, -5.458384054478714, 0.0], [-62.10200859039668, -5.458330086050839, 0.0], [-62.10192112147568, -5.45826695682778, 0.0], [-62.10189190714284, -5.458284912753284, 0.0], [-62.10199040788304, -5.45847855541722, 0.0], [-62.10216520189037, -5.458701561375055, 0.0], [-62.1023064284814, -5.458850268888338, 0.0], [-62.10236486053413, -5.458812107058317, 0.0], [-62.10223297617858, -5.458420419171282, 0.0], [-62.10211391380141, -5.458465240259544, 0.0], [-62.10209155220738, -5.458404458268094, 0.0], [-62.10220420361457, -5.45814138268701, 0.0], [-62.10217511981764, -5.458071590866956, 0.0], [-62.10206280648674, -5.458107422247505, 0.0], [-62.10200878454915, -5.458199589386107, 0.0], [-62.10204691940752, -5.458222145836499, 0.0], [-62.10205580981535, -5.458282907702066, 0.0]]], [[[-62.10171712339023, -5.458055156922431, 0.0], [-62.10164060592174, -5.458176539713802, 0.0], [-62.1015934869544, -5.458156219758838, 0.0], [-62.10157990861299, -5.458228197774073, 0.0], [-62.10164499250086, -5.458246294636011, 0.0], [-62.10177083731527, -5.458169984512182, 0.0], [-62.10171712339023, -5.458055156922431, 0.0]]], [[[-62.10170832342348, -5.457933646614579, 0.0], [-62.10177100472775, -5.458057487394182, 0.0], [-62.10182275470315, -5.457983316464583, 0.0], [-62.10178687845639, -5.457951763589289, 0.0], [-62.10175541559428, -5.457971966097364, 0.0], [-62.10173302391424, -5.457931433581691, 0.0], [-62.10170832342348, -5.457933646614579, 0.0]]]]}}, {"id": "82", "type": "Feature", "properties": {"id": "ID_00081", "Name": "144", "descriptio": "<html xmlns:fo=\"http://www.w3.org/1999/XSL/Format\" xmlns:msxsl=\"urn:schemas-microsoft-com:xslt\">\n\n<head>\n\n<META http-equiv=\"Content-Type\" content=\"text/html\">\n\n<meta http-equiv=\"content-type\" content=\"text/html; charset=UTF-8\">\n\n</head>\n\n<body style=\"mar", "timestamp": null, "begin": null, "end": null, "altitudeMo": null, "tessellate": -1, "extrude": 0, "visibility": -1, "drawOrder": null, "icon": null, "snippet": null}, "geometry": {"type": "Polygon", "coordinates": [[[-62.11175348073851, -5.480272170744277, 0.0], [-62.11153777564778, -5.480659892760039, 0.0], [-62.11144723999809, -5.48062772131247, 0.0], [-62.11128168739993, -5.480878433413152, 0.0], [-62.11079671269812, -5.480936447778986, 0.0], [-62.11071120425861, -5.481107184968729, 0.0], [-62.11056186553765, -5.481203074282585, 0.0], [-62.11034830892726, -5.481485750986749, 0.0], [-62.11039084236347, -5.4815498879371, 0.0], [-62.11026766312211, -5.481971526085204, 0.0], [-62.11045931314675, -5.482089279716587, 0.0], [-62.11060317409715, -5.482094833030237, 0.0], [-62.11072013902316, -5.482271210767908, 0.0], [-62.110778024786, -5.482762531985337, 0.0], [-62.11062311206695, -5.483023937924507, 0.0], [-62.11083076462802, -5.483131036388284, 0.0], [-62.11109129822478, -5.483510528707985, 0.0], [-62.11148140434331, -5.48274755827331, 0.0], [-62.11177458872623, -5.482667900823094, 0.0], [-62.11207346311977, -5.482342634025474, 0.0], [-62.11239846731536, -5.48236447406132, 0.0], [-62.1125210296218, -5.482359316449414, 0.0], [-62.11228168315311, -5.482065288502383, 0.0], [-62.11210660943242, -5.481547096441499, 0.0], [-62.11213384360195, -5.481146673300501, 0.0], [-62.11201176243288, -5.480826121648331, 0.0], [-62.11175348073851, -5.480272170744277, 0.0]]]}}, {"id": "83", "type": "Feature", "properties": {"id": "ID_00082", "Name": "145", "descriptio": "<html xmlns:fo=\"http://www.w3.org/1999/XSL/Format\" xmlns:msxsl=\"urn:schemas-microsoft-com:xslt\">\n\n<head>\n\n<META http-equiv=\"Content-Type\" content=\"text/html\">\n\n<meta http-equiv=\"content-type\" content=\"text/html; charset=UTF-8\">\n\n</head>\n\n<body style=\"mar", "timestamp": null, "begin": null, "end": null, "altitudeMo": null, "tessellate": -1, "extrude": 0, "visibility": -1, "drawOrder": null, "icon": null, "snippet": null}, "geometry": {"type": "Polygon", "coordinates": [[[-62.13490848373947, -5.51978295943493, 0.0], [-62.13542883507262, -5.520361385388536, 0.0], [-62.13550538446589, -5.520358547128128, 0.0], [-62.13588779958224, -5.520571498494733, 0.0], [-62.13602593904578, -5.5207309968569, 0.0], [-62.13608753271342, -5.520890383703126, 0.0], [-62.1361492675746, -5.520952421635831, 0.0], [-62.13624645011357, -5.520931913495849, 0.0], [-62.13636161729476, -5.520690185622453, 0.0], [-62.13646491882094, -5.520510388662391, 0.0], [-62.13633265103096, -5.520362699298004, 0.0], [-62.13640930654424, -5.520286112133252, 0.0], [-62.13625356375093, -5.520085289923091, 0.0], [-62.13618275742828, -5.520188434967175, 0.0], [-62.13587113154744, -5.519884137661754, 0.0], [-62.13580623017333, -5.519975491694491, 0.0], [-62.13555306562142, -5.519960373191569, 0.0], [-62.13553554682802, -5.519860050220033, 0.0], [-62.13547959730551, -5.51986881860996, 0.0], [-62.13540316392483, -5.519792008413349, 0.0], [-62.13542687814788, -5.519679945691868, 0.0], [-62.13535928600221, -5.519597248533125, 0.0], [-62.13522389486684, -5.519573452471741, 0.0], [-62.1351442904766, -5.519652984916231, 0.0], [-62.13511166307272, -5.519821084394446, 0.0], [-62.13500288377606, -5.519717677647596, 0.0], [-62.13490848373947, -5.51978295943493, 0.0]]]}}, {"id": "84", "type": "Feature", "properties": {"id": "ID_00083", "Name": "146", "descriptio": "<html xmlns:fo=\"http://www.w3.org/1999/XSL/Format\" xmlns:msxsl=\"urn:schemas-microsoft-com:xslt\">\n\n<head>\n\n<META http-equiv=\"Content-Type\" content=\"text/html\">\n\n<meta http-equiv=\"content-type\" content=\"text/html; charset=UTF-8\">\n\n</head>\n\n<body style=\"mar", "timestamp": null, "begin": null, "end": null, "altitudeMo": null, "tessellate": -1, "extrude": 0, "visibility": -1, "drawOrder": null, "icon": null, "snippet": null}, "geometry": {"type": "Polygon", "coordinates": [[[-62.13875679608924, -5.524382275840122, 0.0], [-62.1383420377548, -5.523950520319034, 0.0], [-62.13824629413112, -5.523971434053233, 0.0], [-62.13818098626347, -5.523931573402131, 0.0], [-62.13819740878336, -5.523875457505151, 0.0], [-62.13805755611127, -5.523725548613927, 0.0], [-62.13791728525445, -5.523865694464974, 0.0], [-62.13799648854705, -5.523982767309628, 0.0], [-62.13800773456928, -5.524277516512929, 0.0], [-62.13802870406142, -5.524305616729572, 0.0], [-62.13808007333665, -5.524298673963402, 0.0], [-62.1382176822002, -5.524385422567928, 0.0], [-62.13830640211871, -5.524378533761066, 0.0], [-62.13849993442438, -5.524537877439834, 0.0], [-62.13854168095378, -5.524727408661734, 0.0], [-62.13881209180452, -5.524996804177897, 0.0], [-62.13891741680532, -5.524807485196024, 0.0], [-62.13881483833409, -5.524711431306253, 0.0], [-62.13868195900516, -5.524582584537404, 0.0], [-62.13867968192176, -5.524542815617213, 0.0], [-62.13875679608924, -5.524382275840122, 0.0]]]}}, {"id": "85", "type": "Feature", "properties": {"id": "ID_00203", "Name": "147", "descriptio": "<html xmlns:fo=\"http://www.w3.org/1999/XSL/Format\" xmlns:msxsl=\"urn:schemas-microsoft-com:xslt\">\n\n<head>\n\n<META http-equiv=\"Content-Type\" content=\"text/html\">\n\n<meta http-equiv=\"content-type\" content=\"text/html; charset=UTF-8\">\n\n</head>\n\n<body style=\"mar", "timestamp": null, "begin": null, "end": null, "altitudeMo": null, "tessellate": -1, "extrude": 0, "visibility": -1, "drawOrder": null, "icon": null, "snippet": null}, "geometry": {"type": "MultiPolygon", "coordinates": [[[[-62.12362320945281, -5.503376124305779, 0.0], [-62.1236443865697, -5.503392341380065, 0.0], [-62.12365048245169, -5.503366048182333, 0.0], [-62.12360617870605, -5.503286064958603, 0.0], [-62.12357890274836, -5.503298164319093, 0.0], [-62.12362320945281, -5.503376124305779, 0.0]]], [[[-62.12368686224587, -5.503341822742841, 0.0], [-62.12379774235228, -5.503459333813122, 0.0], [-62.1238078853643, -5.503426976832005, 0.0], [-62.12377772731438, -5.503338921434886, 0.0], [-62.12374052454745, -5.503235681360457, 0.0], [-62.12364659674565, -5.503261845457343, 0.0], [-62.12368686224587, -5.503341822742841, 0.0]]], [[[-62.1235386150482, -5.50323336131821, 0.0], [-62.1235830091289, -5.503251635768153, 0.0], [-62.12354675375479, -5.503190885181676, 0.0], [-62.1235134589389, -5.503176673533483, 0.0], [-62.1235386150482, -5.50323336131821, 0.0]]], [[[-62.1235851541458, -5.503165651096221, 0.0], [-62.12363248805, -5.503244627152717, 0.0], [-62.12369308252254, -5.503230553521079, 0.0], [-62.12379511346982, -5.503186192137417, 0.0], [-62.12373761876884, -5.503151712503831, 0.0], [-62.12366506949833, -5.503056513447458, 0.0], [-62.12358842720491, -5.502998738363789, 0.0], [-62.12351080795018, -5.502918706164067, 0.0], [-62.12353395233411, -5.502970332882968, 0.0], [-62.12359429204227, -5.503130257777467, 0.0], [-62.1235851541458, -5.503165651096221, 0.0]]]]}}, {"id": "86", "type": "Feature", "properties": {"id": "ID_00204", "Name": "148", "descriptio": "<html xmlns:fo=\"http://www.w3.org/1999/XSL/Format\" xmlns:msxsl=\"urn:schemas-microsoft-com:xslt\">\n\n<head>\n\n<META http-equiv=\"Content-Type\" content=\"text/html\">\n\n<meta http-equiv=\"content-type\" content=\"text/html; charset=UTF-8\">\n\n</head>\n\n<body style=\"mar", "timestamp": null, "begin": null, "end": null, "altitudeMo": null, "tessellate": -1, "extrude": 0, "visibility": -1, "drawOrder": null, "icon": null, "snippet": null}, "geometry": {"type": "MultiPolygon", "coordinates": [[[[-62.13616466316653, -5.521961890932435, 0.0], [-62.1362175065563, -5.522100157676068, 0.0], [-62.13623654988268, -5.52213632733976, 0.0], [-62.13627048232904, -5.522147006661865, 0.0], [-62.13629171204025, -5.522138533527627, 0.0], [-62.13630663193595, -5.522091783241455, 0.0], [-62.13641690392684, -5.522132337503042, 0.0], [-62.13654205581125, -5.522153779380025, 0.0], [-62.13666088863999, -5.522143322064826, 0.0], [-62.13670761307117, -5.522111499969231, 0.0], [-62.13662927484192, -5.52199658219626, 0.0], [-62.13652739441909, -5.522021946138153, 0.0], [-62.13633655174269, -5.521943006812656, 0.0], [-62.13623685770586, -5.521923727907367, 0.0], [-62.13626451110912, -5.521874870133174, 0.0], [-62.13623057867764, -5.521864190813054, 0.0], [-62.13618173558768, -5.521893883791604, 0.0], [-62.13616046586505, -5.521929994848902, 0.0], [-62.13616466316653, -5.521961890932435, 0.0]]], [[[-62.13656168995372, -5.521781758090678, 0.0], [-62.13667833636174, -5.521815943563477, 0.0], [-62.13651734267999, -5.521637125717435, 0.0], [-62.13648332101742, -5.521688100253262, 0.0], [-62.13656168995372, -5.521781758090678, 0.0]]], [[[-62.13610368379404, -5.521581248501321, 0.0], [-62.13610116800333, -5.521853372683279, 0.0], [-62.13614360893519, -5.521849182388983, 0.0], [-62.13617759369527, -5.521823719810546, 0.0], [-62.13619472151649, -5.521717444770392, 0.0], [-62.13618634230081, -5.52164302263154, 0.0], [-62.1361421151792, -5.521415476467373, 0.0], [-62.13601073987995, -5.521296229542284, 0.0], [-62.13604867562202, -5.521472742591445, 0.0], [-62.13610368379404, -5.521581248501321, 0.0]]], [[[-62.13613179584452, -5.521215617579559, 0.0], [-62.1362227781289, -5.521390081736765, 0.0], [-62.13636681929427, -5.521553993009578, 0.0], [-62.13639024765498, -5.521492373090616, 0.0], [-62.13633729961916, -5.521426390172239, 0.0], [-62.1362991329684, -5.521409326709033, 0.0], [-62.13626101556454, -5.521358247333546, 0.0], [-62.13626742386406, -5.521328492663836, 0.0], [-62.13630140550923, -5.521305156066848, 0.0], [-62.13631628536538, -5.521286043703257, 0.0], [-62.13629724205288, -5.521249874044592, 0.0], [-62.13626332504278, -5.521228564759594, 0.0], [-62.13623363919717, -5.521215765618475, 0.0], [-62.13621240028674, -5.521230616739057, 0.0], [-62.13613179584452, -5.521215617579559, 0.0]]]]}}, {"id": "87", "type": "Feature", "properties": {"id": "ID_00205", "Name": "149", "descriptio": "<html xmlns:fo=\"http://www.w3.org/1999/XSL/Format\" xmlns:msxsl=\"urn:schemas-microsoft-com:xslt\">\n\n<head>\n\n<META http-equiv=\"Content-Type\" content=\"text/html\">\n\n<meta http-equiv=\"content-type\" content=\"text/html; charset=UTF-8\">\n\n</head>\n\n<body style=\"mar", "timestamp": null, "begin": null, "end": null, "altitudeMo": null, "tessellate": -1, "extrude": 0, "visibility": -1, "drawOrder": null, "icon": null, "snippet": null}, "geometry": {"type": "MultiPolygon", "coordinates": [[[[-62.1674471748401, -5.562027571667354, 0.0], [-62.16758361102667, -5.562145824988518, 0.0], [-62.16740782739068, -5.561830051625822, 0.0], [-62.16735253005724, -5.561851914087893, 0.0], [-62.16733267935158, -5.561879050501789, 0.0], [-62.1673847397065, -5.561934497621509, 0.0], [-62.1674471748401, -5.562027571667354, 0.0]]], [[[-62.1674589815689, -5.561788332381306, 0.0], [-62.16765990610342, -5.562022647906269, 0.0], [-62.16761001934472, -5.561904516722594, 0.0], [-62.16762054096087, -5.561837665273607, 0.0], [-62.16750178775548, -5.561750780495135, 0.0], [-62.1674589815689, -5.561788332381306, 0.0]]], [[[-62.1672932159012, -5.561764068370199, 0.0], [-62.16733485301092, -5.561816366423606, 0.0], [-62.16736513575882, -5.561786110374497, 0.0], [-62.16720693093387, -5.561575885148518, 0.0], [-62.16720586025918, -5.56159573456637, 0.0], [-62.16722458887003, -5.561625015002429, 0.0], [-62.16726827036222, -5.561706569945177, 0.0], [-62.1672932159012, -5.561764068370199, 0.0]]], [[[-62.16728209362739, -5.561516438446949, 0.0], [-62.16742565571663, -5.561757986565548, 0.0], [-62.16746114199577, -5.561735051353971, 0.0], [-62.16745597810949, -5.56169952134985, 0.0], [-62.1674351419275, -5.561685909732081, 0.0], [-62.16740806678867, -5.56165975187997, 0.0], [-62.16738312564683, -5.561599119107488, 0.0], [-62.16735188680398, -5.561567731448923, 0.0], [-62.16731127484437, -5.561527972274699, 0.0], [-62.16728209362739, -5.561516438446949, 0.0]]]]}}, {"id": "88", "type": "Feature", "properties": {"id": "ID_00084", "Name": "150", "descriptio": "<html xmlns:fo=\"http://www.w3.org/1999/XSL/Format\" xmlns:msxsl=\"urn:schemas-microsoft-com:xslt\">\n\n<head>\n\n<META http-equiv=\"Content-Type\" content=\"text/html\">\n\n<meta http-equiv=\"content-type\" content=\"text/html; charset=UTF-8\">\n\n</head>\n\n<body style=\"mar", "timestamp": null, "begin": null, "end": null, "altitudeMo": null, "tessellate": -1, "extrude": 0, "visibility": -1, "drawOrder": null, "icon": null, "snippet": null}, "geometry": {"type": "Polygon", "coordinates": [[[-62.19120344579641, -5.599753315203017, 0.0], [-62.19170487374668, -5.60060301131127, 0.0], [-62.19173608749929, -5.600503096071029, 0.0], [-62.19171655939727, -5.600430968067224, 0.0], [-62.19185741677342, -5.600288598869813, 0.0], [-62.19175942948385, -5.600180312123011, 0.0], [-62.19171231013905, -5.599952473303556, 0.0], [-62.19179282815673, -5.599680566683082, 0.0], [-62.19168832334861, -5.599554245683178, 0.0], [-62.19149180179921, -5.599735865924508, 0.0], [-62.19139850521054, -5.599784897019892, 0.0], [-62.19132825114059, -5.599729085623484, 0.0], [-62.19123665097072, -5.599733875199764, 0.0], [-62.19120344579641, -5.599753315203017, 0.0]]]}}, {"id": "89", "type": "Feature", "properties": {"id": "ID_00208", "Name": "151", "descriptio": "<html xmlns:fo=\"http://www.w3.org/1999/XSL/Format\" xmlns:msxsl=\"urn:schemas-microsoft-com:xslt\">\n\n<head>\n\n<META http-equiv=\"Content-Type\" content=\"text/html\">\n\n<meta http-equiv=\"content-type\" content=\"text/html; charset=UTF-8\">\n\n</head>\n\n<body style=\"mar", "timestamp": null, "begin": null, "end": null, "altitudeMo": null, "tessellate": -1, "extrude": 0, "visibility": -1, "drawOrder": null, "icon": null, "snippet": null}, "geometry": {"type": "Polygon", "coordinates": [[[-62.19886048057037, -5.6115677084484, 0.0], [-62.19927753993593, -5.612298239945515, 0.0], [-62.19972430638462, -5.613142494289723, 0.0], [-62.20037403241376, -5.614058825499562, 0.0], [-62.20053547051857, -5.613921430805184, 0.0], [-62.20038078742967, -5.61348443961497, 0.0], [-62.20026742091277, -5.61340650187539, 0.0], [-62.20027318928659, -5.613556091827359, 0.0], [-62.20018967580876, -5.613484178191368, 0.0], [-62.20011233033241, -5.613268674211241, 0.0], [-62.20001656248131, -5.613424108513036, 0.0], [-62.1999450587905, -5.613304345026132, 0.0], [-62.20005889830502, -5.61303525309937, 0.0], [-62.19966624039539, -5.611927808608016, 0.0], [-62.19931416501398, -5.611717911804415, 0.0], [-62.1990990508486, -5.611801383177533, 0.0], [-62.19902757200542, -5.611663669817274, 0.0], [-62.19886048057037, -5.6115677084484, 0.0]]]}}, {"id": "90", "type": "Feature", "properties": {"id": "ID_00206", "Name": "152", "descriptio": "<html xmlns:fo=\"http://www.w3.org/1999/XSL/Format\" xmlns:msxsl=\"urn:schemas-microsoft-com:xslt\">\n\n<head>\n\n<META http-equiv=\"Content-Type\" content=\"text/html\">\n\n<meta http-equiv=\"content-type\" content=\"text/html; charset=UTF-8\">\n\n</head>\n\n<body style=\"mar", "timestamp": null, "begin": null, "end": null, "altitudeMo": null, "tessellate": -1, "extrude": 0, "visibility": -1, "drawOrder": null, "icon": null, "snippet": null}, "geometry": {"type": "MultiPolygon", "coordinates": [[[[-62.19183066463803, -5.60079875446423, 0.0], [-62.19187902382346, -5.600809591054701, 0.0], [-62.19190530762695, -5.600804840686707, 0.0], [-62.19183919658501, -5.600674314158062, 0.0], [-62.19183082989611, -5.600678490909233, 0.0], [-62.1918194598935, -5.60069522839068, 0.0], [-62.19180330810249, -5.600714950912629, 0.0], [-62.19179075601238, -5.60072271185372, 0.0], [-62.19181217087109, -5.60078436910106, 0.0], [-62.19183066463803, -5.60079875446423, 0.0]]], [[[-62.19192579772519, -5.600670245304782, 0.0], [-62.19197112482171, -5.600714584033675, 0.0], [-62.1919729402894, -5.600697235045603, 0.0], [-62.19198250879521, -5.600687675003879, 0.0], [-62.19199206497059, -5.600687089854495, 0.0], [-62.19200099516637, -5.600707445297411, 0.0], [-62.19201652015022, -5.600709261687714, 0.0], [-62.19203026912287, -5.600699707409788, 0.0], [-62.19202849475544, -5.600687140089596, 0.0], [-62.19202554569624, -5.600660211294206, 0.0], [-62.19201961058942, -5.600633278381259, 0.0], [-62.19199751876868, -5.600629657954004, 0.0], [-62.19197245651903, -5.600614665210948, 0.0], [-62.1919629274717, -5.600595505596698, 0.0], [-62.19188701363272, -5.600645062070412, 0.0], [-62.19189773463074, -5.600666018311395, 0.0], [-62.19192579772519, -5.600670245304782, 0.0]]], [[[-62.19175920504023, -5.600649074079272, 0.0], [-62.19177469302076, -5.600677815151876, 0.0], [-62.19183205884627, -5.600653362858509, 0.0], [-62.19181775294953, -5.600633598326693, 0.0], [-62.1917748105984, -5.600592254514124, 0.0], [-62.19175926341898, -5.600606592923645, 0.0], [-62.19175206648242, -5.600628721105353, 0.0], [-62.19175920504023, -5.600649074079272, 0.0]]], [[[-62.19186317622376, -5.600607932902734, 0.0], [-62.19188165107867, -5.600636079765271, 0.0], [-62.19190616790823, -5.600613377140404, 0.0], [-62.19192711216581, -5.600582891332563, 0.0], [-62.19190980624443, -5.600573294229454, 0.0], [-62.19190684485942, -5.600555340326606, 0.0], [-62.19188296881341, -5.600546332489334, 0.0], [-62.19186859714781, -5.600574434051126, 0.0], [-62.19186317622376, -5.600607932902734, 0.0]]]]}}, {"id": "91", "type": "Feature", "properties": {"id": "ID_00207", "Name": "153", "descriptio": "<html xmlns:fo=\"http://www.w3.org/1999/XSL/Format\" xmlns:msxsl=\"urn:schemas-microsoft-com:xslt\">\n\n<head>\n\n<META http-equiv=\"Content-Type\" content=\"text/html\">\n\n<meta http-equiv=\"content-type\" content=\"text/html; charset=UTF-8\">\n\n</head>\n\n<body style=\"mar", "timestamp": null, "begin": null, "end": null, "altitudeMo": null, "tessellate": -1, "extrude": 0, "visibility": -1, "drawOrder": null, "icon": null, "snippet": null}, "geometry": {"type": "MultiPolygon", "coordinates": [[[[-62.19822465845396, -5.611148598278191, 0.0], [-62.1982017003187, -5.611166755976101, 0.0], [-62.19817877225697, -5.611162895244059, 0.0], [-62.19815486379667, -5.611177222337838, 0.0], [-62.19814813176705, -5.611208804825789, 0.0], [-62.19815093958402, -5.611251888290235, 0.0], [-62.19815568073934, -5.611278699884131, 0.0], [-62.19816618660294, -5.611282543586921, 0.0], [-62.19818148069781, -5.611278735255868, 0.0], [-62.1982302126456, -5.61127975938904, 0.0], [-62.19833718632595, -5.611315327047064, 0.0], [-62.19842695220275, -5.611356615051998, 0.0], [-62.19857110103938, -5.611459246361966, 0.0], [-62.19854442916832, -5.611397941020412, 0.0], [-62.19838506992254, -5.611237849369076, 0.0], [-62.19839376926018, -5.611165104605282, 0.0], [-62.19836897845794, -5.611125820308831, 0.0], [-62.19832404651118, -5.611141075919599, 0.0], [-62.19828295377443, -5.611143891566733, 0.0], [-62.19824568586797, -5.611144797804554, 0.0], [-62.19822465845396, -5.611148598278191, 0.0]]], [[[-62.19845473025879, -5.611045163551489, 0.0], [-62.19842004895375, -5.611076229078706, 0.0], [-62.19841046808921, -5.611094764116626, 0.0], [-62.19843966002961, -5.611147456991143, 0.0], [-62.19851308964203, -5.611168499103488, 0.0], [-62.19853701361606, -5.6111428037822, 0.0], [-62.1985465993791, -5.611120678780294, 0.0], [-62.19854006833945, -5.611092548412647, 0.0], [-62.19852815169094, -5.611072188929475, 0.0], [-62.19851262966053, -5.611067979362599, 0.0], [-62.19849829553732, -5.611068558047565, 0.0], [-62.19848636500312, -5.611058370121387, 0.0], [-62.19847324901343, -5.611041598962095, 0.0], [-62.19845473025879, -5.611045163551489, 0.0]]], [[[-62.19821399836628, -5.611082767584945, 0.0], [-62.19821875913712, -5.611095219333708, 0.0], [-62.19825603227005, -5.611090483805088, 0.0], [-62.19829425049731, -5.611093408167994, 0.0], [-62.19834300334829, -5.61107911512111, 0.0], [-62.19828963092267, -5.610977565533315, 0.0], [-62.19825238656056, -5.610961239958843, 0.0], [-62.19823323757368, -5.610988976128764, 0.0], [-62.19823033038116, -5.61101864921233, 0.0], [-62.19824082185885, -5.61103302346633, 0.0], [-62.19826085841418, -5.611055069402972, 0.0], [-62.19823886760492, -5.611064612505831, 0.0], [-62.1981910663849, -5.611081778822847, 0.0], [-62.19821399836628, -5.611082767584945, 0.0]]], [[[-62.19833194979173, -5.610951536437672, 0.0], [-62.19838819803523, -5.611046388689974, 0.0], [-62.19841975091482, -5.61103207206188, 0.0], [-62.19842836789098, -5.611019638648451, 0.0], [-62.19843986198477, -5.610999550579097, 0.0], [-62.19845421228165, -5.610987125022487, 0.0], [-62.19845423188826, -5.61097276517655, 0.0], [-62.19844275740247, -5.610978493400501, 0.0], [-62.19841506464874, -5.610965052900249, 0.0], [-62.19838646209517, -5.610918104782555, 0.0], [-62.19829873420219, -5.610783959066434, 0.0], [-62.1983119772952, -5.610882581674991, 0.0], [-62.19833008705477, -5.610916112865956, 0.0], [-62.19833194979173, -5.610951536437672, 0.0]]]]}}, {"id": "92", "type": "Feature", "properties": {"id": "ID_00085", "Name": "154", "descriptio": "<html xmlns:fo=\"http://www.w3.org/1999/XSL/Format\" xmlns:msxsl=\"urn:schemas-microsoft-com:xslt\">\n\n<head>\n\n<META http-equiv=\"Content-Type\" content=\"text/html\">\n\n<meta http-equiv=\"content-type\" content=\"text/html; charset=UTF-8\">\n\n</head>\n\n<body style=\"mar", "timestamp": null, "begin": null, "end": null, "altitudeMo": null, "tessellate": -1, "extrude": 0, "visibility": -1, "drawOrder": null, "icon": null, "snippet": null}, "geometry": {"type": "Polygon", "coordinates": [[[-62.22640222528241, -5.65594778247867, 0.0], [-62.22627044222708, -5.655991592952128, 0.0], [-62.22612204239829, -5.655967232116534, 0.0], [-62.22606091817681, -5.655889085527392, 0.0], [-62.22598486970595, -5.6558722556146, 0.0], [-62.22588816380767, -5.656041267005358, 0.0], [-62.22580829771471, -5.656104356245503, 0.0], [-62.22579891958441, -5.656180550406582, 0.0], [-62.22580247730247, -5.656295793130869, 0.0], [-62.2257338347486, -5.656290125603304, 0.0], [-62.22571136069071, -5.656448084326123, 0.0], [-62.22578159594388, -5.656650775327501, 0.0], [-62.2258964870332, -5.656758731744518, 0.0], [-62.22600608381369, -5.656662226395125, 0.0], [-62.22602102335151, -5.656589758125312, 0.0], [-62.22613244845372, -5.656513699761918, 0.0], [-62.22619005722532, -5.656445005047401, 0.0], [-62.22629208711009, -5.656458152236408, 0.0], [-62.22630328906547, -5.6564061237581, 0.0], [-62.22648894960532, -5.656315295828714, 0.0], [-62.22654282978772, -5.656259607109665, 0.0], [-62.2264966594932, -5.656097839757986, 0.0], [-62.22644847381796, -5.65605688373265, 0.0], [-62.22640222528241, -5.65594778247867, 0.0]]]}}, {"id": "93", "type": "Feature", "properties": {"id": "ID_00086", "Name": "155", "descriptio": "<html xmlns:fo=\"http://www.w3.org/1999/XSL/Format\" xmlns:msxsl=\"urn:schemas-microsoft-com:xslt\">\n\n<head>\n\n<META http-equiv=\"Content-Type\" content=\"text/html\">\n\n<meta http-equiv=\"content-type\" content=\"text/html; charset=UTF-8\">\n\n</head>\n\n<body style=\"mar", "timestamp": null, "begin": null, "end": null, "altitudeMo": null, "tessellate": -1, "extrude": 0, "visibility": -1, "drawOrder": null, "icon": null, "snippet": null}, "geometry": {"type": "Polygon", "coordinates": [[[-62.2860327124397, -5.750787752963847, 0.0], [-62.28588728487028, -5.750731708113276, 0.0], [-62.28576535298863, -5.750784626021122, 0.0], [-62.28572799155351, -5.751002167527406, 0.0], [-62.28543907895027, -5.751115907484569, 0.0], [-62.28536755856595, -5.751107857652905, 0.0], [-62.28537803656707, -5.751203398029793, 0.0], [-62.285322375727, -5.751224556379592, 0.0], [-62.28531963639205, -5.751296198172415, 0.0], [-62.28539912836703, -5.751285683299083, 0.0], [-62.28547320822197, -5.751365382118123, 0.0], [-62.28552886636407, -5.75134687676834, 0.0], [-62.28571429128146, -5.751365683390955, 0.0], [-62.28580710581326, -5.751294154912706, 0.0], [-62.28585742468039, -5.7513074855634, 0.0], [-62.28591576550014, -5.751262448414689, 0.0], [-62.2860005715691, -5.751238672138398, 0.0], [-62.2860032641393, -5.751204180440008, 0.0], [-62.28609873346971, -5.75112734776029, 0.0], [-62.28609617669713, -5.751053045772877, 0.0], [-62.28618892108182, -5.751037240187925, 0.0], [-62.2860327124397, -5.750787752963847, 0.0]]]}}, {"id": "94", "type": "Feature", "properties": {"id": "ID_00087", "Name": "156", "descriptio": "<html xmlns:fo=\"http://www.w3.org/1999/XSL/Format\" xmlns:msxsl=\"urn:schemas-microsoft-com:xslt\">\n\n<head>\n\n<META http-equiv=\"Content-Type\" content=\"text/html\">\n\n<meta http-equiv=\"content-type\" content=\"text/html; charset=UTF-8\">\n\n</head>\n\n<body style=\"mar", "timestamp": null, "begin": null, "end": null, "altitudeMo": null, "tessellate": -1, "extrude": 0, "visibility": -1, "drawOrder": null, "icon": null, "snippet": null}, "geometry": {"type": "Polygon", "coordinates": [[[-62.31495278254482, -5.793728395858843, 0.0], [-62.31486573176807, -5.79378132006193, 0.0], [-62.31476256963685, -5.793695008527862, 0.0], [-62.31476267395816, -5.793608821999597, 0.0], [-62.31464653101254, -5.793582826196521, 0.0], [-62.31433705541076, -5.79331527249187, 0.0], [-62.31415632945102, -5.793323673059142, 0.0], [-62.31398863646638, -5.793228665080894, 0.0], [-62.31382537713939, -5.79302592821409, 0.0], [-62.31363149319879, -5.793241160261386, 0.0], [-62.31365699797204, -5.793499751322516, 0.0], [-62.31343732866975, -5.7936890954854, 0.0], [-62.31339433747866, -5.793658878264671, 0.0], [-62.31346341080774, -5.79346935153936, 0.0], [-62.31338172628562, -5.793413231145778, 0.0], [-62.3131233114916, -5.793619765849565, 0.0], [-62.31324750786615, -5.794102561494032, 0.0], [-62.31322153544546, -5.794231809360519, 0.0], [-62.3133804663354, -5.794456087688336, 0.0], [-62.31360013024176, -5.79427105217737, 0.0], [-62.31382396700247, -5.794193755447463, 0.0], [-62.31401324101824, -5.794232768937158, 0.0], [-62.31441802227386, -5.793966079481004, 0.0], [-62.31454269798706, -5.79405241709539, 0.0], [-62.31471913148272, -5.794035393828391, 0.0], [-62.31475792373914, -5.793979419124943, 0.0], [-62.31482676774112, -5.793979501862533, 0.0], [-62.31484820937732, -5.794039858962344, 0.0], [-62.31479635266949, -5.794225097720082, 0.0], [-62.31466288428464, -5.794293885064763, 0.0], [-62.31467996510827, -5.794401639134334, 0.0], [-62.31454629977191, -5.794634181332408, 0.0], [-62.31461070561954, -5.794746301610513, 0.0], [-62.31457617974683, -5.794832446769983, 0.0], [-62.31467513215159, -5.794841185482297, 0.0], [-62.31489906783764, -5.794682010876095, 0.0], [-62.31484326220675, -5.794574210041782, 0.0], [-62.31496859802235, -5.794113263426393, 0.0], [-62.31505476206758, -5.794022870768874, 0.0], [-62.3150334400412, -5.79386340028574, 0.0], [-62.31495278254482, -5.793728395858843, 0.0]]]}}, {"id": "95", "type": "Feature", "properties": {"id": "ID_00088", "Name": "157", "descriptio": "<html xmlns:fo=\"http://www.w3.org/1999/XSL/Format\" xmlns:msxsl=\"urn:schemas-microsoft-com:xslt\">\n\n<head>\n\n<META http-equiv=\"Content-Type\" content=\"text/html\">\n\n<meta http-equiv=\"content-type\" content=\"text/html; charset=UTF-8\">\n\n</head>\n\n<body style=\"mar", "timestamp": null, "begin": null, "end": null, "altitudeMo": null, "tessellate": -1, "extrude": 0, "visibility": -1, "drawOrder": null, "icon": null, "snippet": null}, "geometry": {"type": "Polygon", "coordinates": [[[-62.34179515252423, -5.827448069481777, 0.0], [-62.34177818501518, -5.827471074139694, 0.0], [-62.34179968690597, -5.827594977335272, 0.0], [-62.34176871605338, -5.827635201312446, 0.0], [-62.34177782798434, -5.827777671011631, 0.0], [-62.3419074454722, -5.828003899069651, 0.0], [-62.34212989907553, -5.82817449056921, 0.0], [-62.34217920440672, -5.82832320066409, 0.0], [-62.34215102325107, -5.828623570630204, 0.0], [-62.3422343310495, -5.828784709355749, 0.0], [-62.34242609978464, -5.828750866967853, 0.0], [-62.34254345951301, -5.828881075310247, 0.0], [-62.34266710190519, -5.828927673682096, 0.0], [-62.34281560875332, -5.828865908243955, 0.0], [-62.342985820739, -5.828754616241477, 0.0], [-62.34287466003747, -5.82861202783173, 0.0], [-62.34240214274467, -5.828078802703496, 0.0], [-62.34179515252423, -5.827448069481777, 0.0]]]}}, {"id": "96", "type": "Feature", "properties": {"id": "ID_00089", "Name": "158", "descriptio": "<html xmlns:fo=\"http://www.w3.org/1999/XSL/Format\" xmlns:msxsl=\"urn:schemas-microsoft-com:xslt\">\n\n<head>\n\n<META http-equiv=\"Content-Type\" content=\"text/html\">\n\n<meta http-equiv=\"content-type\" content=\"text/html; charset=UTF-8\">\n\n</head>\n\n<body style=\"mar", "timestamp": null, "begin": null, "end": null, "altitudeMo": null, "tessellate": -1, "extrude": 0, "visibility": -1, "drawOrder": null, "icon": null, "snippet": null}, "geometry": {"type": "Polygon", "coordinates": [[[-62.34246674194657, -5.827947070010229, 0.0], [-62.34274829989408, -5.828243344463713, 0.0], [-62.34300775250573, -5.828509983557794, 0.0], [-62.34324875462631, -5.828686790272031, 0.0], [-62.34331687377465, -5.828612543143247, 0.0], [-62.34340688062298, -5.828330826915067, 0.0], [-62.34349055534484, -5.828176076973302, 0.0], [-62.34356192554242, -5.827965568165381, 0.0], [-62.34353129643215, -5.827711583431777, 0.0], [-62.34348810019561, -5.827627915904554, 0.0], [-62.34356274572411, -5.827259467259551, 0.0], [-62.34366800237638, -5.827160487875142, 0.0], [-62.34356596080039, -5.827154174634378, 0.0], [-62.34352584564125, -5.827079801600545, 0.0], [-62.34320396658972, -5.827311697186036, 0.0], [-62.3431822227813, -5.827395289170189, 0.0], [-62.34296565793874, -5.827478653625942, 0.0], [-62.34286988373811, -5.827401118575678, 0.0], [-62.34275538205519, -5.827472215379388, 0.0], [-62.3426068104559, -5.827589725294521, 0.0], [-62.34250478236976, -5.827571024791911, 0.0], [-62.34245219361377, -5.827586448165001, 0.0], [-62.34238728954175, -5.827555402668638, 0.0], [-62.34230070281512, -5.827555301944591, 0.0], [-62.3423315684471, -5.827604888763542, 0.0], [-62.34228515713425, -5.827626512962135, 0.0], [-62.34229433021915, -5.827716335449455, 0.0], [-62.34239015478175, -5.827750513284519, 0.0], [-62.34239319359096, -5.827796971362102, 0.0], [-62.34247349135848, -5.827886875687694, 0.0], [-62.34246674194657, -5.827947070010229, 0.0]]]}}, {"id": "97", "type": "Feature", "properties": {"id": "ID_00209", "Name": "159", "descriptio": "<html xmlns:fo=\"http://www.w3.org/1999/XSL/Format\" xmlns:msxsl=\"urn:schemas-microsoft-com:xslt\">\n\n<head>\n\n<META http-equiv=\"Content-Type\" content=\"text/html\">\n\n<meta http-equiv=\"content-type\" content=\"text/html; charset=UTF-8\">\n\n</head>\n\n<body style=\"mar", "timestamp": null, "begin": null, "end": null, "altitudeMo": null, "tessellate": -1, "extrude": 0, "visibility": -1, "drawOrder": null, "icon": null, "snippet": null}, "geometry": {"type": "MultiPolygon", "coordinates": [[[[-62.33205982661083, -5.817564980394009, 0.0], [-62.33205407524661, -5.81757837643635, 0.0], [-62.33206840621333, -5.817585094820863, 0.0], [-62.33208563545382, -5.81756596828335, 0.0], [-62.33213532773674, -5.817579429936584, 0.0], [-62.33217259864491, -5.817588090156275, 0.0], [-62.33221846045653, -5.817607291348418, 0.0], [-62.33228054363682, -5.817651402734644, 0.0], [-62.33233594099676, -5.817690719473848, 0.0], [-62.33240855630981, -5.817720483111204, 0.0], [-62.33246398529739, -5.817732994177141, 0.0], [-62.33236655657215, -5.817668736723681, 0.0], [-62.33229688244302, -5.817576749045903, 0.0], [-62.33226822727919, -5.817557568217273, 0.0], [-62.33224049755098, -5.817564236834667, 0.0], [-62.33220799497371, -5.817565155725177, 0.0], [-62.33219368772254, -5.817538333098263, 0.0], [-62.33219754982084, -5.817505787891111, 0.0], [-62.33224826297733, -5.817442349905795, 0.0], [-62.33222918794394, -5.81742732292088, 0.0], [-62.33219380178942, -5.817441641249137, 0.0], [-62.33218230245804, -5.817465561302495, 0.0], [-62.33215265410774, -5.817477971724043, 0.0], [-62.33207227509693, -5.817546805545408, 0.0], [-62.33205982661083, -5.817564980394009, 0.0]]], [[[-62.33202552436038, -5.817470832652195, 0.0], [-62.33202261591823, -5.817505293678471, 0.0], [-62.33206758843793, -5.817468010394291, 0.0], [-62.33217668131665, -5.817368575463569, 0.0], [-62.33215949613264, -5.817350365548513, 0.0], [-62.33212121848919, -5.817384784724979, 0.0], [-62.3320991960785, -5.81741539374877, 0.0], [-62.33206189581389, -5.81743162449609, 0.0], [-62.33202650739676, -5.817447857503327, 0.0], [-62.33202552436038, -5.817470832652195, 0.0]]], [[[-62.3323553462961, -5.817447576442804, 0.0], [-62.33237537329558, -5.817487808681919, 0.0], [-62.33240226902743, -5.817377745657506, 0.0], [-62.33239558884494, -5.8173681642919, 0.0], [-62.33240229951038, -5.817351897340199, 0.0], [-62.33239371312398, -5.817337526987805, 0.0], [-62.33238513238309, -5.817318369909907, 0.0], [-62.33239280800459, -5.817294445328257, 0.0], [-62.33236219358099, -5.817315470737466, 0.0], [-62.33235356880772, -5.817333650117291, 0.0], [-62.33235833713993, -5.817343229221811, 0.0], [-62.33234016328174, -5.817352781188071, 0.0], [-62.33232866734583, -5.817373829210215, 0.0], [-62.33234013618326, -5.817375757469875, 0.0], [-62.33235636432062, -5.817394923594483, 0.0], [-62.33236398123315, -5.81742078095755, 0.0], [-62.3323553462961, -5.817447576442804, 0.0]]], [[[-62.33210515492706, -5.817226133423638, 0.0], [-62.33221494167752, -5.817348803662049, 0.0], [-62.33222451673338, -5.817335412141098, 0.0], [-62.33224842613975, -5.817325866964318, 0.0], [-62.33227520218977, -5.817317282524143, 0.0], [-62.33230294658436, -5.817298168417612, 0.0], [-62.33231731480925, -5.817273294408071, 0.0], [-62.33231064704977, -5.817253182245913, 0.0], [-62.33211481356202, -5.817141898371902, 0.0], [-62.33211380116543, -5.817189764492597, 0.0], [-62.33210515492706, -5.817226133423638, 0.0]]]]}}, {"id": "98", "type": "Feature", "properties": {"id": "ID_00090", "Name": "160", "descriptio": "<html xmlns:fo=\"http://www.w3.org/1999/XSL/Format\" xmlns:msxsl=\"urn:schemas-microsoft-com:xslt\">\n\n<head>\n\n<META http-equiv=\"Content-Type\" content=\"text/html\">\n\n<meta http-equiv=\"content-type\" content=\"text/html; charset=UTF-8\">\n\n</head>\n\n<body style=\"mar", "timestamp": null, "begin": null, "end": null, "altitudeMo": null, "tessellate": -1, "extrude": 0, "visibility": -1, "drawOrder": null, "icon": null, "snippet": null}, "geometry": {"type": "Polygon", "coordinates": [[[-62.3515892543406, -5.83772120058157, 0.0], [-62.35154843321355, -5.837543743657456, 0.0], [-62.35155063565326, -5.837435530933621, 0.0], [-62.35160897827171, -5.837298247624676, 0.0], [-62.35159047741854, -5.837123416720926, 0.0], [-62.35154893773324, -5.837104638876606, 0.0], [-62.35154486740169, -5.837029716356986, 0.0], [-62.35161348387516, -5.836994417067332, 0.0], [-62.3516488659024, -5.836946592919563, 0.0], [-62.35156784777792, -5.836923608046723, 0.0], [-62.3515761889899, -5.836898644665386, 0.0], [-62.35148061533806, -5.83688396683028, 0.0], [-62.35146811386231, -5.836913087777418, 0.0], [-62.3513164162196, -5.836912912409622, 0.0], [-62.35125620570926, -5.836867059575806, 0.0], [-62.35120423478758, -5.83688364847022, 0.0], [-62.35109628196778, -5.83679195719173, 0.0], [-62.35104220483384, -5.836833515762796, 0.0], [-62.35102981487404, -5.836764826444213, 0.0], [-62.35097168449562, -5.836716895277163, 0.0], [-62.35093009534756, -5.836741819987652, 0.0], [-62.35087195777459, -5.836700131014889, 0.0], [-62.35084488818103, -5.836747964155854, 0.0], [-62.35086977871725, -5.836787533426564, 0.0], [-62.35086350864394, -5.836818742599519, 0.0], [-62.35088843605246, -5.836827095502704, 0.0], [-62.35089879714172, -5.8368520804678, 0.0], [-62.35089042085622, -5.83690825931733, 0.0], [-62.35091322676396, -5.836954068983736, 0.0], [-62.35099002616875, -5.8370311570709, 0.0], [-62.35102316888407, -5.837122762014458, 0.0], [-62.3515892543406, -5.83772120058157, 0.0]]]}}, {"id": "99", "type": "Feature", "properties": {"id": "ID_00091", "Name": "161", "descriptio": "<html xmlns:fo=\"http://www.w3.org/1999/XSL/Format\" xmlns:msxsl=\"urn:schemas-microsoft-com:xslt\">\n\n<head>\n\n<META http-equiv=\"Content-Type\" content=\"text/html\">\n\n<meta http-equiv=\"content-type\" content=\"text/html; charset=UTF-8\">\n\n</head>\n\n<body style=\"mar", "timestamp": null, "begin": null, "end": null, "altitudeMo": null, "tessellate": -1, "extrude": 0, "visibility": -1, "drawOrder": null, "icon": null, "snippet": null}, "geometry": {"type": "Polygon", "coordinates": [[[-62.35393617371539, -5.840388467462327, 0.0], [-62.35392122608368, -5.84041696517932, 0.0], [-62.35390729468588, -5.840418941889189, 0.0], [-62.3538953939572, -5.840385050937863, 0.0], [-62.35385164643629, -5.840358098256157, 0.0], [-62.35381581294939, -5.840371009822776, 0.0], [-62.35378697169137, -5.84036001651009, 0.0], [-62.3537700374572, -5.840376935455771, 0.0], [-62.35378991427309, -5.840396886915367, 0.0], [-62.3537898702063, -5.840434749272791, 0.0], [-62.35374505878741, -5.840468575472919, 0.0], [-62.35372517387765, -5.840455600054431, 0.0], [-62.35370422417055, -5.840504399067297, 0.0], [-62.35378679902153, -5.84051047218907, 0.0], [-62.35382455705765, -5.840554357306297, 0.0], [-62.35381242430388, -5.840722735574326, 0.0], [-62.35385511871873, -5.840800503548892, 0.0], [-62.35387601446643, -5.840799531381752, 0.0], [-62.35393266456077, -5.840854398120466, 0.0], [-62.35393462508284, -5.840880306689304, 0.0], [-62.35396543225886, -5.840912227226029, 0.0], [-62.35397644535662, -5.840852455584858, 0.0], [-62.35408594590962, -5.840804754644225, 0.0], [-62.35412871227021, -5.840819749939996, 0.0], [-62.35413370890347, -5.840800823707561, 0.0], [-62.35409294443378, -5.840774870172636, 0.0], [-62.35403930796765, -5.840695096709843, 0.0], [-62.35405227888954, -5.840663226535175, 0.0], [-62.35408612487471, -5.840648319372957, 0.0], [-62.3540961253359, -5.840604490013714, 0.0], [-62.35406030713745, -5.840603452196091, 0.0], [-62.35404238185038, -5.840617380895923, 0.0], [-62.35402148790132, -5.840617357513564, 0.0], [-62.35400762125465, -5.840562539338234, 0.0], [-62.35403847159813, -5.840556596618164, 0.0], [-62.35405834481674, -5.840579536524894, 0.0], [-62.3540762835936, -5.840553650439103, 0.0], [-62.35405344890751, -5.840510778857894, 0.0], [-62.35393617371539, -5.840388467462327, 0.0]]]}}, {"id": "100", "type": "Feature", "properties": {"id": "ID_00210", "Name": "162", "descriptio": "<html xmlns:fo=\"http://www.w3.org/1999/XSL/Format\" xmlns:msxsl=\"urn:schemas-microsoft-com:xslt\">\n\n<head>\n\n<META http-equiv=\"Content-Type\" content=\"text/html\">\n\n<meta http-equiv=\"content-type\" content=\"text/html; charset=UTF-8\">\n\n</head>\n\n<body style=\"mar", "timestamp": null, "begin": null, "end": null, "altitudeMo": null, "tessellate": -1, "extrude": 0, "visibility": -1, "drawOrder": null, "icon": null, "snippet": null}, "geometry": {"type": "MultiPolygon", "coordinates": [[[[-62.3436192603244, -5.82962936646291, 0.0], [-62.34360300810376, -5.829630304871273, 0.0], [-62.34358915131416, -5.829626459330106, 0.0], [-62.34358006758766, -5.829628363440129, 0.0], [-62.3435752711631, -5.829642718072344, 0.0], [-62.3435709449247, -5.829663774689367, 0.0], [-62.34355850703729, -5.829672855000863, 0.0], [-62.3435556275132, -5.829682903800273, 0.0], [-62.34355991982127, -5.829691046261975, 0.0], [-62.34357665836093, -5.829682928310787, 0.0], [-62.34358527523902, -5.829671450175485, 0.0], [-62.34360201822746, -5.82965950283605, 0.0], [-62.34362497264974, -5.829649477430827, 0.0], [-62.34364027448515, -5.829643751173608, 0.0], [-62.34365842136038, -5.829657653868408, 0.0], [-62.34367894920723, -5.829679218122383, 0.0], [-62.34370235157226, -5.829695041636251, 0.0], [-62.34379932632514, -5.82974158601105, 0.0], [-62.34379697871563, -5.829705204045197, 0.0], [-62.34368384239764, -5.829581574311979, 0.0], [-62.34366375582152, -5.829591603061831, 0.0], [-62.34364413831978, -5.829609291142762, 0.0], [-62.34362978186542, -5.829624113309276, 0.0], [-62.3436192603244, -5.82962936646291, 0.0]]], [[[-62.34354294027175, -5.829495248779287, 0.0], [-62.34357589876133, -5.829513955478904, 0.0], [-62.34362131126581, -5.829509700334336, 0.0], [-62.34354206386706, -5.829426797366033, 0.0], [-62.343503826536, -5.829426274127036, 0.0], [-62.34350475800726, -5.829447336871585, 0.0], [-62.34351476875229, -5.829470324894367, 0.0], [-62.34354294027175, -5.829495248779287, 0.0]]], [[[-62.3437548240231, -5.829510908987061, 0.0], [-62.34373327683736, -5.829543912394223, 0.0], [-62.34376193524175, -5.829561178051465, 0.0], [-62.34380930301512, -5.829519588590831, 0.0], [-62.3438752400352, -5.829539769715195, 0.0], [-62.34396831316486, -5.829653323889699, 0.0], [-62.34423469248884, -5.82993796652051, 0.0], [-62.34429059212049, -5.829958135916222, 0.0], [-62.34402852786204, -5.829662010154638, 0.0], [-62.34393545638567, -5.829547019968231, 0.0], [-62.34390973253004, -5.829472316845211, 0.0], [-62.34390975421138, -5.829453648580444, 0.0], [-62.34392410843071, -5.82944074109921, 0.0], [-62.34392556403228, -5.829422074504524, 0.0], [-62.34391554493153, -5.829406266589074, 0.0], [-62.34384529448668, -5.829396132602253, 0.0], [-62.34381374155731, -5.82940183993444, 0.0], [-62.34375629130799, -5.829482190251264, 0.0], [-62.3437548240231, -5.829510908987061, 0.0]]], [[[-62.34365592685089, -5.82947345717642, 0.0], [-62.34368030017003, -5.829476357621492, 0.0], [-62.34372051501916, -5.82942039961082, 0.0], [-62.34372629074023, -5.829385941806021, 0.0], [-62.34374925015369, -5.82937160833315, 0.0], [-62.34378510651175, -5.829364469995745, 0.0], [-62.34378370428457, -5.829337183938796, 0.0], [-62.34377226794972, -5.82930701414746, 0.0], [-62.3437493252211, -5.829306987418366, 0.0], [-62.34371060936677, -5.829306942310897, 0.0], [-62.3437006002838, -5.829282518270584, 0.0], [-62.34369779083239, -5.829232254218059, 0.0], [-62.34368494727615, -5.829179106429861, 0.0], [-62.34366347517658, -5.829147488921699, 0.0], [-62.34363337620167, -5.82913596567225, 0.0], [-62.34360900289751, -5.829133065226787, 0.0], [-62.34358752746697, -5.829104319756965, 0.0], [-62.34358184851659, -5.829055488383168, 0.0], [-62.3435804496354, -5.829025330286058, 0.0], [-62.34354177885379, -5.828986512621464, 0.0], [-62.34348158760309, -5.828957722029402, 0.0], [-62.34343714944735, -5.828946182058993, 0.0], [-62.34339556578115, -5.828946133590069, 0.0], [-62.34334686425888, -5.828901560133347, 0.0], [-62.34346412524028, -5.829177413074662, 0.0], [-62.34358145306842, -5.829395825190756, 0.0], [-62.34365592685089, -5.82947345717642, 0.0]]]]}}, {"id": "101", "type": "Feature", "properties": {"id": "ID_00092", "Name": "163", "descriptio": "<html xmlns:fo=\"http://www.w3.org/1999/XSL/Format\" xmlns:msxsl=\"urn:schemas-microsoft-com:xslt\">\n\n<head>\n\n<META http-equiv=\"Content-Type\" content=\"text/html\">\n\n<meta http-equiv=\"content-type\" content=\"text/html; charset=UTF-8\">\n\n</head>\n\n<body style=\"mar", "timestamp": null, "begin": null, "end": null, "altitudeMo": null, "tessellate": -1, "extrude": 0, "visibility": -1, "drawOrder": null, "icon": null, "snippet": null}, "geometry": {"type": "Polygon", "coordinates": [[[-62.37868039028774, -5.866950728301164, 0.0], [-62.37857001199645, -5.866927844152358, 0.0], [-62.37850147466326, -5.866936086438884, 0.0], [-62.37843716144578, -5.866879868019161, 0.0], [-62.37832501418803, -5.866888060842998, 0.0], [-62.37814858159174, -5.866815081758324, 0.0], [-62.37814660398255, -5.866725659469293, 0.0], [-62.37808227008065, -5.866688156840659, 0.0], [-62.37788286969863, -5.866727446422211, 0.0], [-62.37783721381634, -5.866700361540161, 0.0], [-62.37786424473904, -5.866669198232621, 0.0], [-62.37781236554821, -5.866635868458222, 0.0], [-62.37771057398375, -5.866669028260739, 0.0], [-62.37766694877065, -5.866683536123966, 0.0], [-62.37776652080823, -5.866779304928682, 0.0], [-62.37783708251533, -5.866818894883741, 0.0], [-62.37793872659091, -5.866918824851551, 0.0], [-62.37799688125102, -5.866910571773128, 0.0], [-62.37807783552364, -5.866941854690523, 0.0], [-62.37810267389926, -5.867014665602015, 0.0], [-62.37807565017106, -5.8670395903125, 0.0], [-62.37820012173819, -5.867154102787308, 0.0], [-62.37831639688415, -5.867168788716282, 0.0], [-62.37840352050604, -5.867254146069672, 0.0], [-62.37850739310165, -5.867216829600674, 0.0], [-62.37864012763976, -5.86737086188342, 0.0], [-62.37878350655353, -5.867287840069418, 0.0], [-62.37887899297112, -5.867323298539059, 0.0], [-62.37896418484922, -5.867277642656731, 0.0], [-62.37894140412249, -5.867221470102426, 0.0], [-62.37883340543727, -5.867233827686662, 0.0], [-62.37884593659066, -5.8671693759736, 0.0], [-62.37883765833125, -5.867144412592259, 0.0], [-62.37878989983398, -5.867140200167789, 0.0], [-62.37874635555983, -5.867081924998491, 0.0], [-62.37876096324782, -5.86701747598338, 0.0], [-62.37868039028774, -5.866950728301164, 0.0]]]}}, {"id": "102", "type": "Feature", "properties": {"id": "ID_00093", "Name": "164", "descriptio": "<html xmlns:fo=\"http://www.w3.org/1999/XSL/Format\" xmlns:msxsl=\"urn:schemas-microsoft-com:xslt\">\n\n<head>\n\n<META http-equiv=\"Content-Type\" content=\"text/html\">\n\n<meta http-equiv=\"content-type\" content=\"text/html; charset=UTF-8\">\n\n</head>\n\n<body style=\"mar", "timestamp": null, "begin": null, "end": null, "altitudeMo": null, "tessellate": -1, "extrude": 0, "visibility": -1, "drawOrder": null, "icon": null, "snippet": null}, "geometry": {"type": "Polygon", "coordinates": [[[-62.37957086210553, -5.867793226683677, 0.0], [-62.37955068041953, -5.867797413927151, 0.0], [-62.37953062014197, -5.867783031069645, 0.0], [-62.37950765505416, -5.867801674015679, 0.0], [-62.37948185350467, -5.867791593514847, 0.0], [-62.37946748953301, -5.86781311788874, 0.0], [-62.37949468683031, -5.867857664906934, 0.0], [-62.37948028148974, -5.867916526434175, 0.0], [-62.37945732629453, -5.867926552975654, 0.0], [-62.37948161518437, -5.868006997332667, 0.0], [-62.37950456768163, -5.867999842326488, 0.0], [-62.37960487086803, -5.868071755714615, 0.0], [-62.37963055100909, -5.868190974341594, 0.0], [-62.37962334833884, -5.868221123213927, 0.0], [-62.37966493029228, -5.868225476831935, 0.0], [-62.37966489791666, -5.868254197580766, 0.0], [-62.37970360923413, -5.868261420935431, 0.0], [-62.37971653608923, -5.868242767197571, 0.0], [-62.37976670476956, -5.868262927299895, 0.0], [-62.37979821521543, -5.868297426192902, 0.0], [-62.37985274201036, -5.868267330380609, 0.0], [-62.37992302043102, -5.868257355999804, 0.0], [-62.37993595717864, -5.868230085857427, 0.0], [-62.37991165569833, -5.868159693222892, 0.0], [-62.37988160665077, -5.868100783132272, 0.0], [-62.37957086210553, -5.867793226683677, 0.0]]]}}, {"id": "103", "type": "Feature", "properties": {"id": "ID_00211", "Name": "165", "descriptio": "<html xmlns:fo=\"http://www.w3.org/1999/XSL/Format\" xmlns:msxsl=\"urn:schemas-microsoft-com:xslt\">\n\n<head>\n\n<META http-equiv=\"Content-Type\" content=\"text/html\">\n\n<meta http-equiv=\"content-type\" content=\"text/html; charset=UTF-8\">\n\n</head>\n\n<body style=\"mar", "timestamp": null, "begin": null, "end": null, "altitudeMo": null, "tessellate": -1, "extrude": 0, "visibility": -1, "drawOrder": null, "icon": null, "snippet": null}, "geometry": {"type": "MultiPolygon", "coordinates": [[[[-62.37595006586903, -5.863908402540741, 0.0], [-62.37598082757032, -5.86391515951138, 0.0], [-62.37597582498609, -5.86388602227324, 0.0], [-62.37595006586903, -5.863908402540741, 0.0]]], [[[-62.37599878752641, -5.863863078663855, 0.0], [-62.37605807379141, -5.863876029880918, 0.0], [-62.37606033769148, -5.86385250298224, 0.0], [-62.37602511292604, -5.86383453655724, 0.0], [-62.37599431761334, -5.86385803166438, 0.0], [-62.37599878752641, -5.863863078663855, 0.0]]], [[[-62.37589864226411, -5.86386800908445, 0.0], [-62.37591094121549, -5.863875865931033, 0.0], [-62.37594173341948, -5.863855171946958, 0.0], [-62.37590987899166, -5.863824884336386, 0.0], [-62.37588694820263, -5.86381925653837, 0.0], [-62.37585839437931, -5.863839392789887, 0.0], [-62.37587180847257, -5.863850612225775, 0.0], [-62.37588970991126, -5.863851192400911, 0.0], [-62.37589864226411, -5.86386800908445, 0.0]]], [[[-62.37593955729429, -5.863799707316368, 0.0], [-62.37595017419162, -5.86381092363335, 0.0], [-62.37596754544843, -5.863785172672859, 0.0], [-62.37594797191879, -5.863778988394156, 0.0], [-62.3759351222451, -5.863763287794588, 0.0], [-62.37593955729429, -5.863799707316368, 0.0]]]]}}, {"id": "104", "type": "Feature", "properties": {"id": "ID_00094", "Name": "166", "descriptio": "<html xmlns:fo=\"http://www.w3.org/1999/XSL/Format\" xmlns:msxsl=\"urn:schemas-microsoft-com:xslt\">\n\n<head>\n\n<META http-equiv=\"Content-Type\" content=\"text/html\">\n\n<meta http-equiv=\"content-type\" content=\"text/html; charset=UTF-8\">\n\n</head>\n\n<body style=\"mar", "timestamp": null, "begin": null, "end": null, "altitudeMo": null, "tessellate": -1, "extrude": 0, "visibility": -1, "drawOrder": null, "icon": null, "snippet": null}, "geometry": {"type": "Polygon", "coordinates": [[[-62.4019242993669, -5.891814642838349, 0.0], [-62.40172775523167, -5.891569096443492, 0.0], [-62.40113047499136, -5.890922509972721, 0.0], [-62.40104862859131, -5.890858852361041, 0.0], [-62.401058798125, -5.890924483085329, 0.0], [-62.40100541077107, -5.891057716747137, 0.0], [-62.40097257742246, -5.891121250252363, 0.0], [-62.40102165522518, -5.891186923244804, 0.0], [-62.40094577492755, -5.891289372213631, 0.0], [-62.40096815006, -5.891430888631472, 0.0], [-62.40092301758317, -5.891504662716896, 0.0], [-62.40097205221839, -5.891611347492574, 0.0], [-62.40100465264254, -5.891765179226511, 0.0], [-62.40105173125237, -5.891785735929821, 0.0], [-62.40106613659288, -5.891720131285918, 0.0], [-62.40118280923924, -5.891771522144889, 0.0], [-62.40120935632671, -5.891841271764163, 0.0], [-62.4011929410014, -5.89187201328968, 0.0], [-62.4012850324782, -5.891929530330439, 0.0], [-62.40131371995214, -5.891913155474627, 0.0], [-62.4014181015641, -5.891968634651654, 0.0], [-62.40140775216599, -5.89207115466693, 0.0], [-62.40158597890974, -5.89201187765291, 0.0], [-62.40173556854158, -5.89192181144931, 0.0], [-62.4018133392142, -5.89196700867737, 0.0], [-62.40187075373229, -5.891897348990351, 0.0], [-62.40188309782668, -5.89184404617263, 0.0], [-62.4019242993669, -5.891814642838349, 0.0]]]}}, {"id": "105", "type": "Feature", "properties": {"id": "ID_00212", "Name": "167", "descriptio": "<html xmlns:fo=\"http://www.w3.org/1999/XSL/Format\" xmlns:msxsl=\"urn:schemas-microsoft-com:xslt\">\n\n<head>\n\n<META http-equiv=\"Content-Type\" content=\"text/html\">\n\n<meta http-equiv=\"content-type\" content=\"text/html; charset=UTF-8\">\n\n</head>\n\n<body style=\"mar", "timestamp": null, "begin": null, "end": null, "altitudeMo": null, "tessellate": -1, "extrude": 0, "visibility": -1, "drawOrder": null, "icon": null, "snippet": null}, "geometry": {"type": "MultiPolygon", "coordinates": [[[[-62.40053494959489, -5.890490875016259, 0.0], [-62.40057093740432, -5.890528326605698, 0.0], [-62.40059358010743, -5.890567100020155, 0.0], [-62.40064965793881, -5.890535092113761, 0.0], [-62.40063369280149, -5.890490981180846, 0.0], [-62.4006883717943, -5.890519099633608, 0.0], [-62.40071501760927, -5.89055787734717, 0.0], [-62.40074699517016, -5.890602005490239, 0.0], [-62.40077501832973, -5.890600699436429, 0.0], [-62.4007710624915, -5.890556601414171, 0.0], [-62.40079241667402, -5.890552615841378, 0.0], [-62.40064717543574, -5.890361386716263, 0.0], [-62.40059519098237, -5.890309220011076, 0.0], [-62.40050708262598, -5.890346538172894, 0.0], [-62.40052168042714, -5.890421379658575, 0.0], [-62.40053494959489, -5.890490875016259, 0.0]]], [[[-62.40049948489661, -5.890281501901453, 0.0], [-62.40052276643137, -5.890302469105692, 0.0], [-62.40057119846855, -5.890273202140119, 0.0], [-62.40054076636382, -5.890233678469732, 0.0], [-62.40043201954643, -5.890228774753799, 0.0], [-62.40044216036947, -5.890244941047638, 0.0], [-62.40046007432348, -5.890256328918303, 0.0], [-62.4004821697625, -5.890268917980332, 0.0], [-62.40049948489661, -5.890281501901453, 0.0]]], [[[-62.40062191127628, -5.890278516716351, 0.0], [-62.40084851167968, -5.890504573833585, 0.0], [-62.40089252003997, -5.890528672275119, 0.0], [-62.40080729665742, -5.89036423117691, 0.0], [-62.40084333889825, -5.890350908162747, 0.0], [-62.40087136204545, -5.890349602102765, 0.0], [-62.40087671669879, -5.89033357375819, 0.0], [-62.40086342457749, -5.890285457178027, 0.0], [-62.40081804320271, -5.890297433982394, 0.0], [-62.40074474323776, -5.890213176185076, 0.0], [-62.40067399456913, -5.89023848746065, 0.0], [-62.40062191127628, -5.890278516716351, 0.0]]], [[[-62.40056362217759, -5.89020585992874, 0.0], [-62.40060122025061, -5.890249579736202, 0.0], [-62.40064547079506, -5.890219111572269, 0.0], [-62.40066878376518, -5.890210759764711, 0.0], [-62.4006807467164, -5.890199404016888, 0.0], [-62.40063953133655, -5.890185597713364, 0.0], [-62.40062042422868, -5.890172413522366, 0.0], [-62.40058638315937, -5.890155024841345, 0.0], [-62.40057028042492, -5.890126286837464, 0.0], [-62.40056362217759, -5.89020585992874, 0.0]]]]}}, {"id": "106", "type": "Feature", "properties": {"id": "ID_00095", "Name": "168", "descriptio": "<html xmlns:fo=\"http://www.w3.org/1999/XSL/Format\" xmlns:msxsl=\"urn:schemas-microsoft-com:xslt\">\n\n<head>\n\n<META http-equiv=\"Content-Type\" content=\"text/html\">\n\n<meta http-equiv=\"content-type\" content=\"text/html; charset=UTF-8\">\n\n</head>\n\n<body style=\"mar", "timestamp": null, "begin": null, "end": null, "altitudeMo": null, "tessellate": -1, "extrude": 0, "visibility": -1, "drawOrder": null, "icon": null, "snippet": null}, "geometry": {"type": "Polygon", "coordinates": [[[-62.48270923594242, -5.964490150604463, 0.0], [-62.48247780170914, -5.96458360635288, 0.0], [-62.48236958808597, -5.96457858004194, 0.0], [-62.48227855601052, -5.96461050687392, 0.0], [-62.48216530528457, -5.964731062792818, 0.0], [-62.48204231220291, -5.964750647329038, 0.0], [-62.48200034803762, -5.9649131323397, 0.0], [-62.48209135673067, -5.964905830743996, 0.0], [-62.48212573871182, -5.964960038279643, 0.0], [-62.48209615731178, -5.9650314228664, 0.0], [-62.48215258977018, -5.965176763201563, 0.0], [-62.48227802720913, -5.965174418668996, 0.0], [-62.48255115491185, -5.965044162662486, 0.0], [-62.48276271412789, -5.965000036526938, 0.0], [-62.48282671168334, -5.964945921621455, 0.0], [-62.48294230694187, -5.964948492783229, 0.0], [-62.48301865308832, -5.964840214408881, 0.0], [-62.48305800292445, -5.964842713624837, 0.0], [-62.48313433018512, -5.964754135799264, 0.0], [-62.48311719180493, -5.964670394527587, 0.0], [-62.48286893215543, -5.96451009846677, 0.0], [-62.48270923594242, -5.964490150604463, 0.0]]]}}, {"id": "107", "type": "Feature", "properties": {"id": "ID_00096", "Name": "169", "descriptio": "<html xmlns:fo=\"http://www.w3.org/1999/XSL/Format\" xmlns:msxsl=\"urn:schemas-microsoft-com:xslt\">\n\n<head>\n\n<META http-equiv=\"Content-Type\" content=\"text/html\">\n\n<meta http-equiv=\"content-type\" content=\"text/html; charset=UTF-8\">\n\n</head>\n\n<body style=\"mar", "timestamp": null, "begin": null, "end": null, "altitudeMo": null, "tessellate": -1, "extrude": 0, "visibility": -1, "drawOrder": null, "icon": null, "snippet": null}, "geometry": {"type": "Polygon", "coordinates": [[[-62.50513936019325, -5.994531765232314, 0.0], [-62.50521238784135, -5.99465674491637, 0.0], [-62.50529123050586, -5.994694146820975, 0.0], [-62.50535580632539, -5.994649695130902, 0.0], [-62.50541455184002, -5.994708616013352, 0.0], [-62.50545040601139, -5.994707212171666, 0.0], [-62.50553492339792, -5.994813536319154, 0.0], [-62.50560804187755, -5.994838010469317, 0.0], [-62.5056452711123, -5.994902654637325, 0.0], [-62.50568830097428, -5.994895514919611, 0.0], [-62.50571700373673, -5.994872567818292, 0.0], [-62.50571273915156, -5.994830926509577, 0.0], [-62.50530464479344, -5.994131330400122, 0.0], [-62.50522778513414, -5.994085513539156, 0.0], [-62.50516690912554, -5.994198687822694, 0.0], [-62.50515096684359, -5.994383889708282, 0.0], [-62.50513936019325, -5.994531765232314, 0.0]]]}}, {"id": "108", "type": "Feature", "properties": {"id": "ID_00097", "Name": "170", "descriptio": "<html xmlns:fo=\"http://www.w3.org/1999/XSL/Format\" xmlns:msxsl=\"urn:schemas-microsoft-com:xslt\">\n\n<head>\n\n<META http-equiv=\"Content-Type\" content=\"text/html\">\n\n<meta http-equiv=\"content-type\" content=\"text/html; charset=UTF-8\">\n\n</head>\n\n<body style=\"mar", "timestamp": null, "begin": null, "end": null, "altitudeMo": null, "tessellate": -1, "extrude": 0, "visibility": -1, "drawOrder": null, "icon": null, "snippet": null}, "geometry": {"type": "Polygon", "coordinates": [[[-62.50894386836477, -6.000139910531818, 0.0], [-62.50867457627065, -6.000306473068638, 0.0], [-62.50862910564866, -6.000543439931166, 0.0], [-62.50838174172395, -6.000748856777648, 0.0], [-62.50800541951447, -6.001117971820269, 0.0], [-62.5080366925393, -6.001184223076772, 0.0], [-62.5081933742248, -6.001163451435479, 0.0], [-62.50824555828586, -6.00120532297061, 0.0], [-62.50848930963389, -6.001146289672848, 0.0], [-62.50851742603834, -6.000850055688892, 0.0], [-62.50853496101962, -6.000707169603568, 0.0], [-62.50866380419115, -6.000672431490895, 0.0], [-62.50885534359918, -6.000602895010965, 0.0], [-62.50906421833896, -6.000613538487348, 0.0], [-62.50908849463826, -6.000718122446749, 0.0], [-62.50918239285312, -6.00082974000383, 0.0], [-62.50928682842437, -6.000836804178496, 0.0], [-62.50939808715196, -6.001000718211904, 0.0], [-62.50945367065032, -6.001133213530334, 0.0], [-62.50939085570337, -6.001300456853953, 0.0], [-62.50928641653485, -6.001296877552167, 0.0], [-62.50918553418502, -6.001209652306934, 0.0], [-62.50913001543784, -6.001003962965852, 0.0], [-62.50895954534673, -6.000871365124738, 0.0], [-62.50890729923241, -6.000899200940745, 0.0], [-62.50882015222823, -6.001024597910186, 0.0], [-62.50870874061587, -6.001031468730669, 0.0], [-62.50872942951953, -6.001254552758759, 0.0], [-62.50881984915669, -6.001362681845627, 0.0], [-62.50867693699103, -6.0015577367035, 0.0], [-62.50901459284917, -6.00160334941839, 0.0], [-62.50890682169245, -6.001432468337083, 0.0], [-62.50903918391117, -6.001355908151976, 0.0], [-62.50919236633461, -6.001356045748236, 0.0], [-62.50941861957358, -6.001398072866129, 0.0], [-62.50966211551416, -6.001624842315914, 0.0], [-62.50974573537734, -6.001551723836294, 0.0], [-62.50971453339895, -6.001405308811258, 0.0], [-62.50894386836477, -6.000139910531818, 0.0]]]}}, {"id": "109", "type": "Feature", "properties": {"id": "ID_00098", "Name": "171", "descriptio": "<html xmlns:fo=\"http://www.w3.org/1999/XSL/Format\" xmlns:msxsl=\"urn:schemas-microsoft-com:xslt\">\n\n<head>\n\n<META http-equiv=\"Content-Type\" content=\"text/html\">\n\n<meta http-equiv=\"content-type\" content=\"text/html; charset=UTF-8\">\n\n</head>\n\n<body style=\"mar", "timestamp": null, "begin": null, "end": null, "altitudeMo": null, "tessellate": -1, "extrude": 0, "visibility": -1, "drawOrder": null, "icon": null, "snippet": null}, "geometry": {"type": "Polygon", "coordinates": [[[-62.51126719582436, -6.0034113005943, 0.0], [-62.51130337105371, -6.003355438306095, 0.0], [-62.51127493628921, -6.003304088815892, 0.0], [-62.51135191465908, -6.003212915546874, 0.0], [-62.51134345743457, -6.003115963234373, 0.0], [-62.51125526182085, -6.003010385524168, 0.0], [-62.51128380540325, -6.002939128641145, 0.0], [-62.51133507845105, -6.002930620155244, 0.0], [-62.51140617795272, -6.003044736029026, 0.0], [-62.51147466042721, -6.002899380405373, 0.0], [-62.51140639918594, -6.002796672431754, 0.0], [-62.51145777295784, -6.002674111924011, 0.0], [-62.51168563148668, -6.002657207367519, 0.0], [-62.51173695489648, -6.002591672870723, 0.0], [-62.51165731903001, -6.002468995451077, 0.0], [-62.51154912878923, -6.002428980116627, 0.0], [-62.51146651526744, -6.002451716776587, 0.0], [-62.51141525031351, -6.002451670911181, 0.0], [-62.51136118577006, -6.002397448087043, 0.0], [-62.51119607294037, -6.002314612432713, 0.0], [-62.51107079468143, -6.002274581809781, 0.0], [-62.51093698185617, -6.002223138790099, 0.0], [-62.51083440698227, -6.002274371368462, 0.0], [-62.51078867735555, -6.002453963283076, 0.0], [-62.51072020297494, -6.002590764555455, 0.0], [-62.51074289826607, -6.002690581208629, 0.0], [-62.51081680455184, -6.002850320589098, 0.0], [-62.51096187509039, -6.003052893779328, 0.0], [-62.51119803166381, -6.003312573919431, 0.0], [-62.51126719582436, -6.0034113005943, 0.0]]]}}, {"id": "110", "type": "Feature", "properties": {"id": "ID_00099", "Name": "172", "descriptio": "<html xmlns:fo=\"http://www.w3.org/1999/XSL/Format\" xmlns:msxsl=\"urn:schemas-microsoft-com:xslt\">\n\n<head>\n\n<META http-equiv=\"Content-Type\" content=\"text/html\">\n\n<meta http-equiv=\"content-type\" content=\"text/html; charset=UTF-8\">\n\n</head>\n\n<body style=\"mar", "timestamp": null, "begin": null, "end": null, "altitudeMo": null, "tessellate": -1, "extrude": 0, "visibility": -1, "drawOrder": null, "icon": null, "snippet": null}, "geometry": {"type": "Polygon", "coordinates": [[[-62.51890364059051, -6.016171898017562, 0.0], [-62.51895291174741, -6.016153450224413, 0.0], [-62.51918197087122, -6.016425967287385, 0.0], [-62.5192269387722, -6.016417005543198, 0.0], [-62.51929228620997, -6.016241519933044, 0.0], [-62.51946096305296, -6.016156148190542, 0.0], [-62.51947902233895, -6.016070643348382, 0.0], [-62.51942962887421, -6.015998582471487, 0.0], [-62.51949482342731, -6.015996389024965, 0.0], [-62.51952188043036, -6.015904141066098, 0.0], [-62.51936226515635, -6.015910751982474, 0.0], [-62.51921171324993, -6.015836351069613, 0.0], [-62.51922297276196, -6.015813855427973, 0.0], [-62.51905218071352, -6.015748439641666, 0.0], [-62.51906568673201, -6.015728196801692, 0.0], [-62.51890164679355, -6.015653784197657, 0.0], [-62.51878717568757, -6.015451134565107, 0.0], [-62.51881643513037, -6.015410650683837, 0.0], [-62.51877383334569, -6.015284582820103, 0.0], [-62.51870418265185, -6.015241760701581, 0.0], [-62.51861873626563, -6.015266441695799, 0.0], [-62.51859172422866, -6.015306927375706, 0.0], [-62.51845460549561, -6.015295553649752, 0.0], [-62.51838487116483, -6.015347254774865, 0.0], [-62.51839381402328, -6.015403526254638, 0.0], [-62.51842750442576, -6.015437313783866, 0.0], [-62.51848598464045, -6.01540135708982, 0.0], [-62.51851521710353, -6.015392380956518, 0.0], [-62.51855347066613, -6.015349654166116, 0.0], [-62.51858942736015, -6.015363188962894, 0.0], [-62.51856917912427, -6.015381175403803, 0.0], [-62.51855340141827, -6.015428423086153, 0.0], [-62.51859833604431, -6.015457719401112, 0.0], [-62.51863430442955, -6.01545775177668, 0.0], [-62.51871511840795, -6.015588354022188, 0.0], [-62.51869035647474, -6.015626591396964, 0.0], [-62.51872845985049, -6.01575490576718, 0.0], [-62.51878229956345, -6.0158832345265, 0.0], [-62.51886317919234, -6.015939569858144, 0.0], [-62.5188384289503, -6.015964303912327, 0.0], [-62.51885629668072, -6.016097101402984, 0.0], [-62.51890364059051, -6.016171898017562, 0.0]]]}}, {"id": "111", "type": "Feature", "properties": {"id": "ID_00100", "Name": "173", "descriptio": "<html xmlns:fo=\"http://www.w3.org/1999/XSL/Format\" xmlns:msxsl=\"urn:schemas-microsoft-com:xslt\">\n\n<head>\n\n<META http-equiv=\"Content-Type\" content=\"text/html\">\n\n<meta http-equiv=\"content-type\" content=\"text/html; charset=UTF-8\">\n\n</head>\n\n<body style=\"mar", "timestamp": null, "begin": null, "end": null, "altitudeMo": null, "tessellate": -1, "extrude": 0, "visibility": -1, "drawOrder": null, "icon": null, "snippet": null}, "geometry": {"type": "Polygon", "coordinates": [[[-62.54122098176286, -6.05285461834765, 0.0], [-62.54121249576001, -6.052892311632564, 0.0], [-62.5412400545848, -6.052975308265506, 0.0], [-62.54125070615509, -6.053085950058192, 0.0], [-62.54118474448035, -6.053038260808773, 0.0], [-62.54106663112009, -6.052945967883795, 0.0], [-62.54100365969111, -6.052992011373895, 0.0], [-62.54098517052915, -6.053074969336037, 0.0], [-62.54100657529317, -6.05317486333093, 0.0], [-62.54094669213611, -6.053199397735701, 0.0], [-62.54095742284677, -6.053216308587423, 0.0], [-62.54100653662232, -6.05322095988106, 0.0], [-62.54099880784867, -6.053285488935783, 0.0], [-62.54093434354508, -6.053280825051689, 0.0], [-62.54090673076099, -6.053262362869417, 0.0], [-62.54090818406542, -6.053359166793777, 0.0], [-62.54094652396287, -6.053399149752591, 0.0], [-62.54101712703876, -6.053403819032666, 0.0], [-62.54106165696987, -6.053383881962251, 0.0], [-62.54110001485378, -6.053402353137762, 0.0], [-62.54111988537437, -6.053502246233342, 0.0], [-62.54113981075363, -6.053536067037496, 0.0], [-62.54108759161903, -6.053572899671219, 0.0], [-62.54108295741251, -6.053608236732375, 0.0], [-62.54114737045472, -6.053672826941072, 0.0], [-62.54122261762966, -6.053631403268283, 0.0], [-62.54147441880935, -6.05354710531629, 0.0], [-62.54154347055469, -6.053571748539006, 0.0], [-62.54154506145539, -6.053505678046236, 0.0], [-62.54146084893899, -6.053256684549999, 0.0], [-62.54135050572119, -6.05305222997811, 0.0], [-62.54122098176286, -6.05285461834765, 0.0]]]}}, {"id": "112", "type": "Feature", "properties": {"id": "ID_00101", "Name": "174", "descriptio": "<html xmlns:fo=\"http://www.w3.org/1999/XSL/Format\" xmlns:msxsl=\"urn:schemas-microsoft-com:xslt\">\n\n<head>\n\n<META http-equiv=\"Content-Type\" content=\"text/html\">\n\n<meta http-equiv=\"content-type\" content=\"text/html; charset=UTF-8\">\n\n</head>\n\n<body style=\"mar", "timestamp": null, "begin": null, "end": null, "altitudeMo": null, "tessellate": -1, "extrude": 0, "visibility": -1, "drawOrder": null, "icon": null, "snippet": null}, "geometry": {"type": "Polygon", "coordinates": [[[-62.5451292806917, -6.058782208233824, 0.0], [-62.5453578703694, -6.059135341424325, 0.0], [-62.54541183598741, -6.059100173435749, 0.0], [-62.54552315856688, -6.059182430825999, 0.0], [-62.54566259035624, -6.059303444499826, 0.0], [-62.54564263080272, -6.059335119521602, 0.0], [-62.54567427614688, -6.059350405298439, 0.0], [-62.54571180305719, -6.059343394183754, 0.0], [-62.54574231795358, -6.059309380025343, 0.0], [-62.54572715718252, -6.059210772060946, 0.0], [-62.54565338849305, -6.059089812346406, 0.0], [-62.54556904467563, -6.058994666771916, 0.0], [-62.5454495274737, -6.058897144289237, 0.0], [-62.54535578664018, -6.05882194567772, 0.0], [-62.54524442538985, -6.058786639193496, 0.0], [-62.54517642585131, -6.058777191815413, 0.0], [-62.5451292806917, -6.058782208233824, 0.0]]]}}, {"id": "113", "type": "Feature", "properties": {"id": "ID_00102", "Name": "175", "descriptio": "<html xmlns:fo=\"http://www.w3.org/1999/XSL/Format\" xmlns:msxsl=\"urn:schemas-microsoft-com:xslt\">\n\n<head>\n\n<META http-equiv=\"Content-Type\" content=\"text/html\">\n\n<meta http-equiv=\"content-type\" content=\"text/html; charset=UTF-8\">\n\n</head>\n\n<body style=\"mar", "timestamp": null, "begin": null, "end": null, "altitudeMo": null, "tessellate": -1, "extrude": 0, "visibility": -1, "drawOrder": null, "icon": null, "snippet": null}, "geometry": {"type": "Polygon", "coordinates": [[[-62.54820887144223, -6.064265971898397, 0.0], [-62.54818162738013, -6.06421131380238, 0.0], [-62.54812894419534, -6.064126777530084, 0.0], [-62.54809037946739, -6.063980643992817, 0.0], [-62.54806751690234, -6.063984145053553, 0.0], [-62.54799020128672, -6.063917190527208, 0.0], [-62.54786890342711, -6.063874843250749, 0.0], [-62.5478232187665, -6.063832558926793, 0.0], [-62.54777574265637, -6.063830758484023, 0.0], [-62.54780556597403, -6.063915275870624, 0.0], [-62.54777380551667, -6.064045509394074, 0.0], [-62.54789488034442, -6.064355415771105, 0.0], [-62.54792641597129, -6.06449450312009, 0.0], [-62.54793866383825, -6.064568444479434, 0.0], [-62.5480036821242, -6.064621306629282, 0.0], [-62.54799484178847, -6.06467938754501, 0.0], [-62.54804749619495, -6.064799129577452, 0.0], [-62.54808093748522, -6.064762191723021, 0.0], [-62.54809684559291, -6.064663630523437, 0.0], [-62.54814441523251, -6.064552773792772, 0.0], [-62.54815327085675, -6.06447708954731, 0.0], [-62.54812343854582, -6.064403133798919, 0.0], [-62.5480444510905, -6.06423232286471, 0.0], [-62.54807960199202, -6.064253474919212, 0.0], [-62.54814289447893, -6.064267610463161, 0.0], [-62.54820887144223, -6.064265971898397, 0.0]]]}}, {"id": "114", "type": "Feature", "properties": {"id": "ID_00103", "Name": "176", "descriptio": "<html xmlns:fo=\"http://www.w3.org/1999/XSL/Format\" xmlns:msxsl=\"urn:schemas-microsoft-com:xslt\">\n\n<head>\n\n<META http-equiv=\"Content-Type\" content=\"text/html\">\n\n<meta http-equiv=\"content-type\" content=\"text/html; charset=UTF-8\">\n\n</head>\n\n<body style=\"mar", "timestamp": null, "begin": null, "end": null, "altitudeMo": null, "tessellate": -1, "extrude": 0, "visibility": -1, "drawOrder": null, "icon": null, "snippet": null}, "geometry": {"type": "Polygon", "coordinates": [[[-62.54872645646077, -6.064987618485103, 0.0], [-62.54868333846525, -6.065016805082765, 0.0], [-62.54868134466829, -6.0651144552692, 0.0], [-62.54862391845904, -6.065166106032247, 0.0], [-62.54853591799815, -6.065181350440252, 0.0], [-62.54850718196082, -6.065234939242336, 0.0], [-62.54826806391998, -6.065259631927769, 0.0], [-62.54827934771367, -6.065491325165809, 0.0], [-62.54838071120083, -6.065508642511078, 0.0], [-62.54850508923845, -6.065451303536074, 0.0], [-62.54855298173471, -6.065363265303707, 0.0], [-62.54864669378987, -6.065380576353808, 0.0], [-62.54871166441178, -6.065457220175808, 0.0], [-62.54873258084388, -6.065606587675129, 0.0], [-62.54866559663991, -6.065650570818434, 0.0], [-62.5487210083678, -6.065721462576679, 0.0], [-62.54878223780998, -6.065696622402478, 0.0], [-62.54884143388499, -6.065817300629189, 0.0], [-62.54882420916988, -6.065828774179802, 0.0], [-62.54881264029109, -6.065939819768118, 0.0], [-62.54898861423312, -6.065941881014214, 0.0], [-62.54913592228495, -6.065913282573209, 0.0], [-62.54917228187526, -6.065892251027828, 0.0], [-62.54917989013978, -6.065943955750174, 0.0], [-62.54923151752046, -6.065965060140679, 0.0], [-62.54924878090645, -6.065907632132777, 0.0], [-62.54921628390434, -6.065882713717486, 0.0], [-62.54924499925727, -6.065854016351003, 0.0], [-62.54924314845249, -6.065779340245632, 0.0], [-62.54915528199062, -6.06563374630162, 0.0], [-62.54901386180023, -6.065482363421628, 0.0], [-62.54895650304014, -6.065453594109342, 0.0], [-62.54899866685498, -6.065354062541202, 0.0], [-62.54872645646077, -6.064987618485103, 0.0]]]}}, {"id": "115", "type": "Feature", "properties": {"id": "ID_00104", "Name": "177", "descriptio": "<html xmlns:fo=\"http://www.w3.org/1999/XSL/Format\" xmlns:msxsl=\"urn:schemas-microsoft-com:xslt\">\n\n<head>\n\n<META http-equiv=\"Content-Type\" content=\"text/html\">\n\n<meta http-equiv=\"content-type\" content=\"text/html; charset=UTF-8\">\n\n</head>\n\n<body style=\"mar", "timestamp": null, "begin": null, "end": null, "altitudeMo": null, "tessellate": -1, "extrude": 0, "visibility": -1, "drawOrder": null, "icon": null, "snippet": null}, "geometry": {"type": "Polygon", "coordinates": [[[-62.56057530770427, -6.084170021929618, 0.0], [-62.56046365777154, -6.084233639971134, 0.0], [-62.56042305517979, -6.084282989369148, 0.0], [-62.56040871728845, -6.084389423233936, 0.0], [-62.56051282820442, -6.084434500852208, 0.0], [-62.56049634632928, -6.08448057761719, 0.0], [-62.56055772146163, -6.084501477861544, 0.0], [-62.56058172436708, -6.084644156203494, 0.0], [-62.56063985204748, -6.084614574803446, 0.0], [-62.5606486015517, -6.084639821471247, 0.0], [-62.5606365020729, -6.084689193352244, 0.0], [-62.56067818295174, -6.084662890880345, 0.0], [-62.56067383652829, -6.084614601783094, 0.0], [-62.56069467382009, -6.084604742515491, 0.0], [-62.56075053430966, -6.084667338927161, 0.0], [-62.56077466222087, -6.084655287112437, 0.0], [-62.56078676439762, -6.084602622813431, 0.0], [-62.56076705935226, -6.084568587970608, 0.0], [-62.56077804636971, -6.084537869827464, 0.0], [-62.56086236950274, -6.084650969467313, 0.0], [-62.56087114598654, -6.084643294652968, 0.0], [-62.56085475674162, -6.084575243853091, 0.0], [-62.56073975503563, -6.084441270049205, 0.0], [-62.56065657853821, -6.084266718834641, 0.0], [-62.56057530770427, -6.084170021929618, 0.0]]]}}, {"id": "116", "type": "Feature", "properties": {"id": "ID_00047", "Name": "178", "descriptio": "<html xmlns:fo=\"http://www.w3.org/1999/XSL/Format\" xmlns:msxsl=\"urn:schemas-microsoft-com:xslt\">\n\n<head>\n\n<META http-equiv=\"Content-Type\" content=\"text/html\">\n\n<meta http-equiv=\"content-type\" content=\"text/html; charset=UTF-8\">\n\n</head>\n\n<body style=\"mar", "timestamp": null, "begin": null, "end": null, "altitudeMo": null, "tessellate": -1, "extrude": 0, "visibility": -1, "drawOrder": null, "icon": null, "snippet": null}, "geometry": {"type": "Polygon", "coordinates": [[[-62.58407937294021, -6.114754969998336, 0.0], [-62.58411718034228, -6.114889200524505, 0.0], [-62.58451472510422, -6.115344261369047, 0.0], [-62.58454819381029, -6.11535481837711, 0.0], [-62.58456542376655, -6.11533759894154, 0.0], [-62.58456069455696, -6.115268664255842, 0.0], [-62.58450048577299, -6.115204473549851, 0.0], [-62.58455219779189, -6.115124093999671, 0.0], [-62.5846134228903, -6.115110738076684, 0.0], [-62.58463738439412, -6.115046612445843, 0.0], [-62.58459624391571, -6.115061898650092, 0.0], [-62.58456660927465, -6.115040813480627, 0.0], [-62.58458384660719, -6.115014020295122, 0.0], [-62.58461158232188, -6.11501691386253, 0.0], [-62.58467379564627, -6.114962391552143, 0.0], [-62.58468818864071, -6.114903045399336, 0.0], [-62.58473889464472, -6.114886809203776, 0.0], [-62.58475896300621, -6.114909801722384, 0.0], [-62.58486035360033, -6.114905093184246, 0.0], [-62.58487379304535, -6.114841916786438, 0.0], [-62.58480117291435, -6.114748037886697, 0.0], [-62.58472848560938, -6.114741280092364, 0.0], [-62.58453716229479, -6.114776555098625, 0.0], [-62.58441277038804, -6.114840603064469, 0.0], [-62.58425401244551, -6.114817503252031, 0.0], [-62.58423870285117, -6.114825150410308, 0.0], [-62.58418228605962, -6.114805001874759, 0.0], [-62.58416696980959, -6.114821265404209, 0.0], [-62.58407937294021, -6.114754969998336, 0.0]]]}}, {"id": "117", "type": "Feature", "properties": {"id": "ID_00105", "Name": "179", "descriptio": "<html xmlns:fo=\"http://www.w3.org/1999/XSL/Format\" xmlns:msxsl=\"urn:schemas-microsoft-com:xslt\">\n\n<head>\n\n<META http-equiv=\"Content-Type\" content=\"text/html\">\n\n<meta http-equiv=\"content-type\" content=\"text/html; charset=UTF-8\">\n\n</head>\n\n<body style=\"mar", "timestamp": null, "begin": null, "end": null, "altitudeMo": null, "tessellate": -1, "extrude": 0, "visibility": -1, "drawOrder": null, "icon": null, "snippet": null}, "geometry": {"type": "Polygon", "coordinates": [[[-62.59111219786961, -6.123191359992665, 0.0], [-62.59143079439559, -6.123502302388742, 0.0], [-62.59154303878018, -6.123606329667791, 0.0], [-62.59154308824287, -6.123541631540447, 0.0], [-62.59159183419577, -6.12353954691198, 0.0], [-62.59158870365571, -6.123474846086667, 0.0], [-62.59154208819677, -6.123463144108216, 0.0], [-62.59157285220534, -6.12341862137165, 0.0], [-62.59150297578168, -6.12333796027805, 0.0], [-62.59151677767709, -6.123304030655873, 0.0], [-62.59145004618266, -6.12326791837912, 0.0], [-62.59147127467951, -6.123221266047971, 0.0], [-62.59138545867194, -6.123201049288375, 0.0], [-62.59136217522416, -6.123161788485132, 0.0], [-62.59133355699801, -6.123172372606311, 0.0], [-62.59130285324403, -6.123137348509238, 0.0], [-62.5912753492779, -6.123075810599598, 0.0], [-62.59122871043662, -6.123093806033722, 0.0], [-62.59115977830105, -6.123165876803207, 0.0], [-62.59113541206954, -6.123158433114586, 0.0], [-62.59111219786961, -6.123191359992665, 0.0]]]}}, {"id": "118", "type": "Feature", "properties": {"id": "ID_00106", "Name": "180", "descriptio": "<html xmlns:fo=\"http://www.w3.org/1999/XSL/Format\" xmlns:msxsl=\"urn:schemas-microsoft-com:xslt\">\n\n<head>\n\n<META http-equiv=\"Content-Type\" content=\"text/html\">\n\n<meta http-equiv=\"content-type\" content=\"text/html; charset=UTF-8\">\n\n</head>\n\n<body style=\"mar", "timestamp": null, "begin": null, "end": null, "altitudeMo": null, "tessellate": -1, "extrude": 0, "visibility": -1, "drawOrder": null, "icon": null, "snippet": null}, "geometry": {"type": "Polygon", "coordinates": [[[-62.59383837034449, -6.126898473385118, 0.0], [-62.59378046749453, -6.126891709584032, 0.0], [-62.59376213931125, -6.126866190421616, 0.0], [-62.59372851186129, -6.126854942600832, 0.0], [-62.59375197607277, -6.126827414352967, 0.0], [-62.59379375317911, -6.126844789254934, 0.0], [-62.59381415340044, -6.12682542145531, 0.0], [-62.59380296313623, -6.126796846396614, 0.0], [-62.59368168146436, -6.126779411240097, 0.0], [-62.59367967957354, -6.126731459388641, 0.0], [-62.5936623613289, -6.126719204327095, 0.0], [-62.59367358666663, -6.126701868995361, 0.0], [-62.59361348857158, -6.126648772122427, 0.0], [-62.59358594953194, -6.126673236380021, 0.0], [-62.59360834265084, -6.126714062003618, 0.0], [-62.59363483847699, -6.126722244035626, 0.0], [-62.59364195571164, -6.126744693811848, 0.0], [-62.59360522470132, -6.126793636716254, 0.0], [-62.59358691630307, -6.126742611881324, 0.0], [-62.59354303748115, -6.126808891916102, 0.0], [-62.59359596977816, -6.126901772098362, 0.0], [-62.59356844063096, -6.126912973154464, 0.0], [-62.5935847309505, -6.126936449956486, 0.0], [-62.59353376457153, -6.126939472577885, 0.0], [-62.59356224340275, -6.127021111234588, 0.0], [-62.59359687359684, -6.127053783604498, 0.0], [-62.59366517530754, -6.127041593294181, 0.0], [-62.59371610751231, -6.127083460332714, 0.0], [-62.59379255618148, -6.127079437665222, 0.0], [-62.59383236377254, -6.127006012516758, 0.0], [-62.59386595435029, -6.127067250052798, 0.0], [-62.59390670263218, -6.127096867425744, 0.0], [-62.59395561406029, -6.127116288285333, 0.0], [-62.59401576161803, -6.127103070949226, 0.0], [-62.59399339278081, -6.127029599036016, 0.0], [-62.59390784567051, -6.126933634179148, 0.0], [-62.5938487287358, -6.126931549550664, 0.0], [-62.59383837034449, -6.126898473385118, 0.0]]]}}, {"id": "119", "type": "Feature", "properties": {"id": "ID_00213", "Name": "181", "descriptio": "<html xmlns:fo=\"http://www.w3.org/1999/XSL/Format\" xmlns:msxsl=\"urn:schemas-microsoft-com:xslt\">\n\n<head>\n\n<META http-equiv=\"Content-Type\" content=\"text/html\">\n\n<meta http-equiv=\"content-type\" content=\"text/html; charset=UTF-8\">\n\n</head>\n\n<body style=\"mar", "timestamp": null, "begin": null, "end": null, "altitudeMo": null, "tessellate": -1, "extrude": 0, "visibility": -1, "drawOrder": null, "icon": null, "snippet": null}, "geometry": {"type": "MultiPolygon", "coordinates": [[[[-62.57861534212393, -6.108499846725651, 0.0], [-62.57864904920312, -6.108510643597602, 0.0], [-62.57866344674606, -6.108446032066607, 0.0], [-62.57860396163365, -6.108375618412802, 0.0], [-62.57854223801318, -6.108415779803765, 0.0], [-62.57854222285252, -6.108435166634146, 0.0], [-62.57854866441218, -6.108453840492105, 0.0], [-62.57856802109793, -6.108468934312519, 0.0], [-62.5785880940129, -6.108485464755809, 0.0], [-62.57861534212393, -6.108499846725651, 0.0]]], [[[-62.57866065087848, -6.108351967788634, 0.0], [-62.57864845254565, -6.108356266421263, 0.0], [-62.57869288171153, -6.108415897810573, 0.0], [-62.57879328110329, -6.108454032089599, 0.0], [-62.57890094154161, -6.108380159163549, 0.0], [-62.57889665146183, -6.108362205024451, 0.0], [-62.57886582781596, -6.108333459644976, 0.0], [-62.57882707403617, -6.108354970240796, 0.0], [-62.57879192384295, -6.108354942718696, 0.0], [-62.57878835280137, -6.108334835048291, 0.0], [-62.57878836065775, -6.108324782617404, 0.0], [-62.57876399429967, -6.108294606226283, 0.0], [-62.57874752441473, -6.108257255705756, 0.0], [-62.57872526465297, -6.108285241491357, 0.0], [-62.57868435039983, -6.108317520852935, 0.0], [-62.57866065761458, -6.108343351419451, 0.0], [-62.57866065087848, -6.108351967788634, 0.0]]], [[[-62.57848989273473, -6.108388453603902, 0.0], [-62.57853650875138, -6.108403568784579, 0.0], [-62.57859106335354, -6.108357657528484, 0.0], [-62.57852082979056, -6.108272156791119, 0.0], [-62.57840252420952, -6.10819882490312, 0.0], [-62.57839819932359, -6.108225388667552, 0.0], [-62.57840535766518, -6.10824478111982, 0.0], [-62.5784275848656, -6.108258441131886, 0.0], [-62.57844262788895, -6.108285738105904, 0.0], [-62.57844620172538, -6.108302255623931, 0.0], [-62.57846842331332, -6.108323095942072, 0.0], [-62.57847414751848, -6.108341769238602, 0.0], [-62.57847341668945, -6.108359001414505, 0.0], [-62.57848057559685, -6.10837767583522, 0.0], [-62.57848989273473, -6.108388453603902, 0.0]]], [[[-62.57855313247171, -6.108244178882886, 0.0], [-62.57863985275576, -6.108345489217014, 0.0], [-62.57867359126018, -6.108316076363749, 0.0], [-62.57870303856565, -6.108270145429415, 0.0], [-62.57868511995182, -6.108250744553007, 0.0], [-62.57867365468906, -6.108234938886573, 0.0], [-62.57866004635616, -6.108207643042027, 0.0], [-62.578639985237, -6.108176033955618, 0.0], [-62.57861562506901, -6.108137959220206, 0.0], [-62.57860129377676, -6.108117843120213, 0.0], [-62.57857405747483, -6.10808838250466, 0.0], [-62.57852883800292, -6.10812209454479, 0.0], [-62.57855313247171, -6.108244178882886, 0.0]]]]}}, {"id": "120", "type": "Feature", "properties": {"id": "ID_00107", "Name": "182", "descriptio": "<html xmlns:fo=\"http://www.w3.org/1999/XSL/Format\" xmlns:msxsl=\"urn:schemas-microsoft-com:xslt\">\n\n<head>\n\n<META http-equiv=\"Content-Type\" content=\"text/html\">\n\n<meta http-equiv=\"content-type\" content=\"text/html; charset=UTF-8\">\n\n</head>\n\n<body style=\"mar", "timestamp": null, "begin": null, "end": null, "altitudeMo": null, "tessellate": -1, "extrude": 0, "visibility": -1, "drawOrder": null, "icon": null, "snippet": null}, "geometry": {"type": "Polygon", "coordinates": [[[-62.61338124814603, -6.149411058272243, 0.0], [-62.61348962814376, -6.149499941867371, 0.0], [-62.61353184142131, -6.149552127727029, 0.0], [-62.61351492427428, -6.149576078471752, 0.0], [-62.61352756874226, -6.149618375386265, 0.0], [-62.61348108188638, -6.149632438085078, 0.0], [-62.6133924078333, -6.149559074090537, 0.0], [-62.61334457469233, -6.149487150809903, 0.0], [-62.61337557432323, -6.149466029332319, 0.0], [-62.61334843008592, -6.149425805355198, 0.0], [-62.61334095941771, -6.149379267237943, 0.0], [-62.61332614758361, -6.149359151202386, 0.0], [-62.61330797858028, -6.149351479086066, 0.0], [-62.61330652797386, -6.149372540309049, 0.0], [-62.61329606076453, -6.149384778283449, 0.0], [-62.61326154928103, -6.149392647351341, 0.0], [-62.61321647975672, -6.149395434350345, 0.0], [-62.61321219898376, -6.149471549371025, 0.0], [-62.61318119215826, -6.149503947447756, 0.0], [-62.61318397196271, -6.14953480228783, 0.0], [-62.6135991116097, -6.150011704674974, 0.0], [-62.61364134377294, -6.150038517062448, 0.0], [-62.61374977683069, -6.150054101414188, 0.0], [-62.61379767832017, -6.150031582390132, 0.0], [-62.61383016273179, -6.149904742008769, 0.0], [-62.61376537737021, -6.149904695244013, 0.0], [-62.61371613679023, -6.149831360927095, 0.0], [-62.61371897235267, -6.149805990152881, 0.0], [-62.61365002313004, -6.149721364847629, 0.0], [-62.61367965759007, -6.149639629064184, 0.0], [-62.6136669951357, -6.149621295484917, 0.0], [-62.61366989634858, -6.149504300881317, 0.0], [-62.61365581296536, -6.149504290988798, 0.0], [-62.61363883286582, -6.149614226813654, 0.0], [-62.61364020882854, -6.149659335008852, 0.0], [-62.6136204884947, -6.149663549231963, 0.0], [-62.61360361361585, -6.149628297606377, 0.0], [-62.61357556915714, -6.149457715999328, 0.0], [-62.6135192329262, -6.149460494005141, 0.0], [-62.61346010250167, -6.149430850551862, 0.0], [-62.6134136651085, -6.149377251857247, 0.0], [-62.61339962579207, -6.149315219320463, 0.0], [-62.61338416015082, -6.149278558457274, 0.0], [-62.6133573828369, -6.149303912144388, 0.0], [-62.61334325898417, -6.149358876009858, 0.0], [-62.61338124814603, -6.149411058272243, 0.0]]]}}, {"id": "121", "type": "Feature", "properties": {"id": "ID_00108", "Name": "183", "descriptio": "<html xmlns:fo=\"http://www.w3.org/1999/XSL/Format\" xmlns:msxsl=\"urn:schemas-microsoft-com:xslt\">\n\n<head>\n\n<META http-equiv=\"Content-Type\" content=\"text/html\">\n\n<meta http-equiv=\"content-type\" content=\"text/html; charset=UTF-8\">\n\n</head>\n\n<body style=\"mar", "timestamp": null, "begin": null, "end": null, "altitudeMo": null, "tessellate": -1, "extrude": 0, "visibility": -1, "drawOrder": null, "icon": null, "snippet": null}, "geometry": {"type": "Polygon", "coordinates": [[[-62.66095357045089, -6.203750752891704, 0.0], [-62.66090350609188, -6.203828928259266, 0.0], [-62.66077814059867, -6.203898042957107, 0.0], [-62.66073918556492, -6.203995324421482, 0.0], [-62.66075206925256, -6.204120750169284, 0.0], [-62.66079512519485, -6.204369449587226, 0.0], [-62.66087713527156, -6.204520866641444, 0.0], [-62.66108233628075, -6.204624791397763, 0.0], [-62.66130266478608, -6.204724401206949, 0.0], [-62.66160286298167, -6.204945154192288, 0.0], [-62.66164395930122, -6.204878146605966, 0.0], [-62.66164833180505, -6.204798142017415, 0.0], [-62.66161600927136, -6.204659730958568, 0.0], [-62.66156205894184, -6.204553740459531, 0.0], [-62.66151024630079, -6.204484511547747, 0.0], [-62.66137626080575, -6.204519023930588, 0.0], [-62.66133955587576, -6.204475753050332, 0.0], [-62.66138062971226, -6.204443344181769, 0.0], [-62.66137201330776, -6.204402253258167, 0.0], [-62.66139148452936, -6.204363343190509, 0.0], [-62.66132240040843, -6.204272480187604, 0.0], [-62.66135270126609, -6.204192491786873, 0.0], [-62.66138081946923, -6.204147100305235, 0.0], [-62.66129013453206, -6.204045411263479, 0.0], [-62.66123616621605, -6.203967531772985, 0.0], [-62.66116918740801, -6.203963164665128, 0.0], [-62.66108495780451, -6.203902564748359, 0.0], [-62.66103316314991, -6.20380522482808, 0.0], [-62.66095357045089, -6.203750752891704, 0.0]]]}}, {"id": "122", "type": "Feature", "properties": {"id": "ID_00109", "Name": "184", "descriptio": "<html xmlns:fo=\"http://www.w3.org/1999/XSL/Format\" xmlns:msxsl=\"urn:schemas-microsoft-com:xslt\">\n\n<head>\n\n<META http-equiv=\"Content-Type\" content=\"text/html\">\n\n<meta http-equiv=\"content-type\" content=\"text/html; charset=UTF-8\">\n\n</head>\n\n<body style=\"mar", "timestamp": null, "begin": null, "end": null, "altitudeMo": null, "tessellate": -1, "extrude": 0, "visibility": -1, "drawOrder": null, "icon": null, "snippet": null}, "geometry": {"type": "Polygon", "coordinates": [[[-62.6770840388379, -6.218438978182713, 0.0], [-62.67711277583283, -6.218410255087145, 0.0], [-62.6771092420587, -6.218347698002767, 0.0], [-62.67714859979736, -6.218238697744514, 0.0], [-62.67713261767801, -6.218088556159316, 0.0], [-62.6771772984058, -6.218036752223946, 0.0], [-62.67727554389409, -6.218008215677211, 0.0], [-62.67736839989022, -6.218031507048448, 0.0], [-62.67740056794799, -6.217997568292025, 0.0], [-62.67727562561237, -6.217874169453521, 0.0], [-62.67722385008954, -6.217845541302652, 0.0], [-62.67716132391104, -6.217874099657523, 0.0], [-62.67712021076437, -6.217933054906191, 0.0], [-62.67704340448807, -6.217949093538143, 0.0], [-62.67695414444631, -6.217886484069753, 0.0], [-62.67694527352234, -6.217789965334127, 0.0], [-62.67698814101448, -6.217782842395875, 0.0], [-62.67700596793787, -6.217836471797214, 0.0], [-62.67704167195136, -6.217861515582672, 0.0], [-62.67710062402602, -6.217836529626247, 0.0], [-62.67709171819018, -6.217797203946303, 0.0], [-62.67704352878723, -6.217745343282102, 0.0], [-62.67707394685999, -6.217652423116305, 0.0], [-62.67702753471166, -6.217614861805712, 0.0], [-62.67677744312762, -6.217707647695474, 0.0], [-62.6766595870069, -6.217678979082554, 0.0], [-62.6765721097451, -6.217621732494699, 0.0], [-62.67647563606279, -6.217673504683031, 0.0], [-62.67642380270877, -6.217739602447804, 0.0], [-62.67636308650605, -6.217728841577639, 0.0], [-62.67632556269717, -6.217759202422416, 0.0], [-62.67641660641733, -6.217825387651256, 0.0], [-62.6770840388379, -6.218438978182713, 0.0]]]}}, {"id": "123", "type": "Feature", "properties": {"id": "ID_00110", "Name": "185", "descriptio": "<html xmlns:fo=\"http://www.w3.org/1999/XSL/Format\" xmlns:msxsl=\"urn:schemas-microsoft-com:xslt\">\n\n<head>\n\n<META http-equiv=\"Content-Type\" content=\"text/html\">\n\n<meta http-equiv=\"content-type\" content=\"text/html; charset=UTF-8\">\n\n</head>\n\n<body style=\"mar", "timestamp": null, "begin": null, "end": null, "altitudeMo": null, "tessellate": -1, "extrude": 0, "visibility": -1, "drawOrder": null, "icon": null, "snippet": null}, "geometry": {"type": "Polygon", "coordinates": [[[-62.68885817646363, -6.229564753506519, 0.0], [-62.68849629017159, -6.229266312586233, 0.0], [-62.6884454577916, -6.229269032136089, 0.0], [-62.68841795382548, -6.229317133275071, 0.0], [-62.68843302556365, -6.229384506885449, 0.0], [-62.68840688676835, -6.229446357759188, 0.0], [-62.68831070337621, -6.229475171138191, 0.0], [-62.68822688026626, -6.229509491965435, 0.0], [-62.68818705648744, -6.229480597647426, 0.0], [-62.68822557445066, -6.229394008222882, 0.0], [-62.68818164436738, -6.229340365461465, 0.0], [-62.68808268566738, -6.229415920204539, 0.0], [-62.6880332184582, -6.229432388589843, 0.0], [-62.68802358222253, -6.229465378420477, 0.0], [-62.68806200215965, -6.229543764229296, 0.0], [-62.68812104085332, -6.229604290401665, 0.0], [-62.6882281743907, -6.229644222099129, 0.0], [-62.68831746447938, -6.229658023095224, 0.0], [-62.68840539659173, -6.22964295225643, 0.0], [-62.68853309042975, -6.229764009997048, 0.0], [-62.68864435185531, -6.229792946583189, 0.0], [-62.68867592525373, -6.229834208377951, 0.0], [-62.68883119410429, -6.229786182782047, 0.0], [-62.68881746865122, -6.229764177270914, 0.0], [-62.68870072855572, -6.229707742114555, 0.0], [-62.68858261519551, -6.229648555932051, 0.0], [-62.68851119733387, -6.229614144273294, 0.0], [-62.68856341017317, -6.22960042691416, 0.0], [-62.68867193226385, -6.229615613765542, 0.0], [-62.68871313110607, -6.22964175885602, 0.0], [-62.68877220127603, -6.229648668347363, 0.0], [-62.6888093100016, -6.229621194058841, 0.0], [-62.68885817646363, -6.229564753506519, 0.0]]]}}, {"id": "124", "type": "Feature", "properties": {"id": "ID_00111", "Name": "186", "descriptio": "<html xmlns:fo=\"http://www.w3.org/1999/XSL/Format\" xmlns:msxsl=\"urn:schemas-microsoft-com:xslt\">\n\n<head>\n\n<META http-equiv=\"Content-Type\" content=\"text/html\">\n\n<meta http-equiv=\"content-type\" content=\"text/html; charset=UTF-8\">\n\n</head>\n\n<body style=\"mar", "timestamp": null, "begin": null, "end": null, "altitudeMo": null, "tessellate": -1, "extrude": 0, "visibility": -1, "drawOrder": null, "icon": null, "snippet": null}, "geometry": {"type": "Polygon", "coordinates": [[[-62.72083044666771, -6.256805666143684, 0.0], [-62.72075235313855, -6.256992932872642, 0.0], [-62.72065748005862, -6.257106465985692, 0.0], [-62.72061206339593, -6.257131831363984, 0.0], [-62.72088572439662, -6.25730836468435, 0.0], [-62.72116202490748, -6.257545032072671, 0.0], [-62.72119409203367, -6.25751164204372, 0.0], [-62.72116473996073, -6.257462183827814, 0.0], [-62.7211794609633, -6.257402059652428, 0.0], [-62.72100459858331, -6.257262994786428, 0.0], [-62.72093523027661, -6.257127993956869, 0.0], [-62.72090597533047, -6.25689413065469, 0.0], [-62.72083044666771, -6.256805666143684, 0.0]]]}}, {"id": "125", "type": "Feature", "properties": {"id": "ID_00112", "Name": "187", "descriptio": "<html xmlns:fo=\"http://www.w3.org/1999/XSL/Format\" xmlns:msxsl=\"urn:schemas-microsoft-com:xslt\">\n\n<head>\n\n<META http-equiv=\"Content-Type\" content=\"text/html\">\n\n<meta http-equiv=\"content-type\" content=\"text/html; charset=UTF-8\">\n\n</head>\n\n<body style=\"mar", "timestamp": null, "begin": null, "end": null, "altitudeMo": null, "tessellate": -1, "extrude": 0, "visibility": -1, "drawOrder": null, "icon": null, "snippet": null}, "geometry": {"type": "Polygon", "coordinates": [[[-62.72476230783423, -6.260680399675696, 0.0], [-62.72482899076527, -6.260554687044165, 0.0], [-62.72497274559566, -6.260406823211309, 0.0], [-62.72479589391532, -6.260135856579494, 0.0], [-62.7246356248342, -6.260008669959119, 0.0], [-62.72450858390397, -6.260050276194297, 0.0], [-62.72406942786176, -6.25965831927102, 0.0], [-62.72399443159771, -6.25972287260749, 0.0], [-62.72399646946145, -6.259808303705272, 0.0], [-62.72391521391598, -6.259895774465408, 0.0], [-62.72397971239376, -6.259995823143705, 0.0], [-62.7239776124768, -6.26002916101196, 0.0], [-62.72476230783423, -6.260680399675696, 0.0]]]}}, {"id": "126", "type": "Feature", "properties": {"id": "ID_00113", "Name": "188", "descriptio": "<html xmlns:fo=\"http://www.w3.org/1999/XSL/Format\" xmlns:msxsl=\"urn:schemas-microsoft-com:xslt\">\n\n<head>\n\n<META http-equiv=\"Content-Type\" content=\"text/html\">\n\n<meta http-equiv=\"content-type\" content=\"text/html; charset=UTF-8\">\n\n</head>\n\n<body style=\"mar", "timestamp": null, "begin": null, "end": null, "altitudeMo": null, "tessellate": -1, "extrude": 0, "visibility": -1, "drawOrder": null, "icon": null, "snippet": null}, "geometry": {"type": "Polygon", "coordinates": [[[-62.74084256822988, -6.274489556242533, 0.0], [-62.74090635534401, -6.274428626274622, 0.0], [-62.74090637692773, -6.274385671955691, 0.0], [-62.740845587254, -6.274337318107248, 0.0], [-62.74083848171051, -6.27423708776592, 0.0], [-62.74070976444403, -6.274106371306504, 0.0], [-62.74065797428603, -6.273943477104297, 0.0], [-62.74049170492822, -6.273793053800945, 0.0], [-62.74032010978521, -6.273562089013777, 0.0], [-62.74010722047184, -6.273646102779953, 0.0], [-62.74011253276711, -6.273753490825477, 0.0], [-62.74019653664083, -6.273878816748553, 0.0], [-62.74048436466165, -6.274168901168362, 0.0], [-62.74084256822988, -6.274489556242533, 0.0]]]}}, {"id": "127", "type": "Feature", "properties": {"id": "ID_00114", "Name": "189", "descriptio": "<html xmlns:fo=\"http://www.w3.org/1999/XSL/Format\" xmlns:msxsl=\"urn:schemas-microsoft-com:xslt\">\n\n<head>\n\n<META http-equiv=\"Content-Type\" content=\"text/html\">\n\n<meta http-equiv=\"content-type\" content=\"text/html; charset=UTF-8\">\n\n</head>\n\n<body style=\"mar", "timestamp": null, "begin": null, "end": null, "altitudeMo": null, "tessellate": -1, "extrude": 0, "visibility": -1, "drawOrder": null, "icon": null, "snippet": null}, "geometry": {"type": "Polygon", "coordinates": [[[-62.75050494274887, -6.289213446537389, 0.0], [-62.75066587013378, -6.289519745733696, 0.0], [-62.75089285811886, -6.289887322036292, 0.0], [-62.75099497523786, -6.290110881805783, 0.0], [-62.75110472850037, -6.290201854525984, 0.0], [-62.75134698607451, -6.290308042875871, 0.0], [-62.7514452792762, -6.290611155774206, 0.0], [-62.75161549395984, -6.290944609999743, 0.0], [-62.75166849550465, -6.290952211069708, 0.0], [-62.75177075021992, -6.290887858282043, 0.0], [-62.75175941876211, -6.290831028323301, 0.0], [-62.7517443209436, -6.290732524680287, 0.0], [-62.7517860018225, -6.290660566326075, 0.0], [-62.75187304720333, -6.290732585834155, 0.0], [-62.75203586676179, -6.290694779234656, 0.0], [-62.75214952757858, -6.290528146550725, 0.0], [-62.75204371874258, -6.290103804141261, 0.0], [-62.75197181524704, -6.290035579772217, 0.0], [-62.75179018366997, -6.289827135807687, 0.0], [-62.75167293455826, -6.289577050534492, 0.0], [-62.7515328624516, -6.289550465675476, 0.0], [-62.75133593340656, -6.289664021271567, 0.0], [-62.75141155559879, -6.28987241577341, 0.0], [-62.75138882343542, -6.289906500078928, 0.0], [-62.75117688650409, -6.289732135923372, 0.0], [-62.75092328038505, -6.28960699975729, 0.0], [-62.75091955899041, -6.28947061846829, 0.0], [-62.75088174699499, -6.289368315189634, 0.0], [-62.75090827699534, -6.289311503217355, 0.0], [-62.75098019937667, -6.289338055700756, 0.0], [-62.75120737891734, -6.289304069421321, 0.0], [-62.75119606904332, -6.289201778733134, 0.0], [-62.75094997945798, -6.289194085033063, 0.0], [-62.75107495824267, -6.289110801516333, 0.0], [-62.75103712556286, -6.28905395806774, 0.0], [-62.75078720756352, -6.289133394284777, 0.0], [-62.75050494274887, -6.289213446537389, 0.0]]]}}, {"id": "128", "type": "Feature", "properties": {"id": "ID_00115", "Name": "190", "descriptio": "<html xmlns:fo=\"http://www.w3.org/1999/XSL/Format\" xmlns:msxsl=\"urn:schemas-microsoft-com:xslt\">\n\n<head>\n\n<META http-equiv=\"Content-Type\" content=\"text/html\">\n\n<meta http-equiv=\"content-type\" content=\"text/html; charset=UTF-8\">\n\n</head>\n\n<body style=\"mar", "timestamp": null, "begin": null, "end": null, "altitudeMo": null, "tessellate": -1, "extrude": 0, "visibility": -1, "drawOrder": null, "icon": null, "snippet": null}, "geometry": {"type": "Polygon", "coordinates": [[[-62.76960386662512, -6.320100343848821, 0.0], [-62.76962643601116, -6.320084229796402, 0.0], [-62.76963237423462, -6.320035888538484, 0.0], [-62.76972118948129, -6.319879057565514, 0.0], [-62.7697054252651, -6.319851425895658, 0.0], [-62.76971036524111, -6.319829722556732, 0.0], [-62.76970151411354, -6.319775455665827, 0.0], [-62.76968476873702, -6.319735984421186, 0.0], [-62.76963449213805, -6.319706364350294, 0.0], [-62.76960983632484, -6.319715232565003, 0.0], [-62.76953098646584, -6.319633309722534, 0.0], [-62.76944421447886, -6.319629324826579, 0.0], [-62.76939489295988, -6.31967074040542, 0.0], [-62.76940274943731, -6.319741778753171, 0.0], [-62.76941750911072, -6.3198128206982, 0.0], [-62.76948056687461, -6.319927295401444, 0.0], [-62.76960386662512, -6.320100343848821, 0.0]]]}}, {"id": "129", "type": "Feature", "properties": {"id": "ID_00116", "Name": "191", "descriptio": "<html xmlns:fo=\"http://www.w3.org/1999/XSL/Format\" xmlns:msxsl=\"urn:schemas-microsoft-com:xslt\">\n\n<head>\n\n<META http-equiv=\"Content-Type\" content=\"text/html\">\n\n<meta http-equiv=\"content-type\" content=\"text/html; charset=UTF-8\">\n\n</head>\n\n<body style=\"mar", "timestamp": null, "begin": null, "end": null, "altitudeMo": null, "tessellate": -1, "extrude": 0, "visibility": -1, "drawOrder": null, "icon": null, "snippet": null}, "geometry": {"type": "Polygon", "coordinates": [[[-62.79951378633212, -6.362651990388705, 0.0], [-62.79966852997865, -6.362464920611268, 0.0], [-62.79948097906391, -6.362225193729398, 0.0], [-62.79937521339537, -6.362139276098395, 0.0], [-62.79923546504467, -6.362173173344958, 0.0], [-62.79874255382578, -6.361781545573558, 0.0], [-62.79859680250041, -6.361853385217293, 0.0], [-62.7986287320303, -6.36187936033589, 0.0], [-62.79867265312038, -6.361867393956759, 0.0], [-62.79873851856775, -6.361891385170974, 0.0], [-62.79877243919668, -6.361931341150187, 0.0], [-62.79877042201729, -6.361983265307134, 0.0], [-62.79881632701182, -6.362003254538267, 0.0], [-62.79885625511206, -6.361995282048341, 0.0], [-62.7988781994693, -6.362031238742365, 0.0], [-62.79886420152167, -6.362093143575414, 0.0], [-62.79901187649688, -6.362207037316646, 0.0], [-62.79906977305154, -6.362191082444213, 0.0], [-62.79910769206629, -6.362213065472309, 0.0], [-62.7990897119206, -6.362251004272149, 0.0], [-62.7991216261621, -6.36231492448588, 0.0], [-62.7991216144709, -6.362344880903213, 0.0], [-62.79916352018029, -6.362382843085417, 0.0], [-62.79919945529059, -6.362374868796856, 0.0], [-62.79926730374302, -6.362432811216929, 0.0], [-62.79927727092929, -6.362468763414369, 0.0], [-62.79951378633212, -6.362651990388705, 0.0]]]}}, {"id": "130", "type": "Feature", "properties": {"id": "ID_00117", "Name": "192", "descriptio": "<html xmlns:fo=\"http://www.w3.org/1999/XSL/Format\" xmlns:msxsl=\"urn:schemas-microsoft-com:xslt\">\n\n<head>\n\n<META http-equiv=\"Content-Type\" content=\"text/html\">\n\n<meta http-equiv=\"content-type\" content=\"text/html; charset=UTF-8\">\n\n</head>\n\n<body style=\"mar", "timestamp": null, "begin": null, "end": null, "altitudeMo": null, "tessellate": -1, "extrude": 0, "visibility": -1, "drawOrder": null, "icon": null, "snippet": null}, "geometry": {"type": "Polygon", "coordinates": [[[-62.80146938370507, -6.364488217149126, 0.0], [-62.80149212306297, -6.364425730454728, 0.0], [-62.80152167658406, -6.364365519045104, 0.0], [-62.80151373557039, -6.364339381149121, 0.0], [-62.80147511688311, -6.364346184520443, 0.0], [-62.80146717586944, -6.364323455954374, 0.0], [-62.8015205686193, -6.36429166042339, 0.0], [-62.80153080470285, -6.364254166787981, 0.0], [-62.80150582603299, -6.364234840357261, 0.0], [-62.80150583682484, -6.364206433471727, 0.0], [-62.80151946784914, -6.364200757850304, 0.0], [-62.8015262919048, -6.364176897937111, 0.0], [-62.80149790480443, -6.364157570606989, 0.0], [-62.8014558830825, -6.364153009245611, 0.0], [-62.80144455072542, -6.364087100630788, 0.0], [-62.80142184194442, -6.364070047686183, 0.0], [-62.80136846088573, -6.364072300487909, 0.0], [-62.8013434786186, -6.364059791817571, 0.0], [-62.80128896801141, -6.364043862126154, 0.0], [-62.80125376944585, -6.364016578493938, 0.0], [-62.80124241100844, -6.364019982427871, 0.0], [-62.80122651728987, -6.364000659594413, 0.0], [-62.80119358051927, -6.364000647003886, 0.0], [-62.80119245187011, -6.363981330465658, 0.0], [-62.80115270183569, -6.36397790584732, 0.0], [-62.8011084003324, -6.363994932711573, 0.0], [-62.80112314831461, -6.364038117256928, 0.0], [-62.80112654055733, -6.364077887975781, 0.0], [-62.80109132760266, -6.36408923742, 0.0], [-62.80108791197749, -6.364111961489457, 0.0], [-62.80105043363057, -6.364105130239184, 0.0], [-62.80103452552286, -6.364125576325942, 0.0], [-62.80103905990465, -6.36414830399268, 0.0], [-62.80109696185524, -6.364206276090362, 0.0], [-62.80111855187965, -6.364176741455059, 0.0], [-62.80116057629954, -6.364174485056074, 0.0], [-62.80119464081995, -6.364196087670972, 0.0], [-62.80124573130543, -6.364246103466527, 0.0], [-62.80127981021503, -6.3642302088487, 0.0], [-62.80133546745783, -6.364218867498352, 0.0], [-62.80129115606193, -6.364260892817589, 0.0], [-62.80128546065542, -6.36430520511276, 0.0], [-62.80133995777278, -6.364355222706972, 0.0], [-62.80146938370507, -6.364488217149126, 0.0]]]}}, {"id": "131", "type": "Feature", "properties": {"id": "ID_00214", "Name": "193", "descriptio": "<html xmlns:fo=\"http://www.w3.org/1999/XSL/Format\" xmlns:msxsl=\"urn:schemas-microsoft-com:xslt\">\n\n<head>\n\n<META http-equiv=\"Content-Type\" content=\"text/html\">\n\n<meta http-equiv=\"content-type\" content=\"text/html; charset=UTF-8\">\n\n</head>\n\n<body style=\"mar", "timestamp": null, "begin": null, "end": null, "altitudeMo": null, "tessellate": -1, "extrude": 0, "visibility": -1, "drawOrder": null, "icon": null, "snippet": null}, "geometry": {"type": "MultiPolygon", "coordinates": [[[[-62.80847410627299, -6.371021969925108, 0.0], [-62.80878693437421, -6.371290632595055, 0.0], [-62.80877117528137, -6.371207334204763, 0.0], [-62.80868652747408, -6.371089544398658, 0.0], [-62.80860615252482, -6.371062229107385, 0.0], [-62.80847410627299, -6.371021969925108, 0.0]]], [[[-62.80842642805703, -6.37126233580508, 0.0], [-62.80865843938928, -6.371404832989957, 0.0], [-62.80857953274847, -6.371288720720435, 0.0], [-62.80851615908097, -6.371220483484382, 0.0], [-62.80849467040009, -6.371104392502951, 0.0], [-62.80838226252641, -6.37100861221715, 0.0], [-62.80834756544746, -6.371027747046423, 0.0], [-62.80830448914976, -6.371062436277572, 0.0], [-62.80828055392258, -6.371092345687568, 0.0], [-62.80827934483542, -6.37112705046726, 0.0], [-62.80830326141137, -6.371147403795814, 0.0], [-62.80833315502468, -6.371178529931345, 0.0], [-62.80842642805703, -6.37126233580508, 0.0]]], [[[-62.80818609007116, -6.370994178561567, 0.0], [-62.80823392409391, -6.371032491762093, 0.0], [-62.8082734144407, -6.370990620812569, 0.0], [-62.80830573376311, -6.370931992947816, 0.0], [-62.80822561285132, -6.370864946189139, 0.0], [-62.8079039149628, -6.370645824595669, 0.0], [-62.8080629399951, -6.370834967418401, 0.0], [-62.80807966686582, -6.37088882657981, 0.0], [-62.80808084973304, -6.370924728980439, 0.0], [-62.80811672568318, -6.370952267156465, 0.0], [-62.80818609007116, -6.370994178561567, 0.0]]]]}}, {"id": "132", "type": "Feature", "properties": {"id": "ID_00118", "Name": "194", "descriptio": "<html xmlns:fo=\"http://www.w3.org/1999/XSL/Format\" xmlns:msxsl=\"urn:schemas-microsoft-com:xslt\">\n\n<head>\n\n<META http-equiv=\"Content-Type\" content=\"text/html\">\n\n<meta http-equiv=\"content-type\" content=\"text/html; charset=UTF-8\">\n\n</head>\n\n<body style=\"mar", "timestamp": null, "begin": null, "end": null, "altitudeMo": null, "tessellate": -1, "extrude": 0, "visibility": -1, "drawOrder": null, "icon": null, "snippet": null}, "geometry": {"type": "Polygon", "coordinates": [[[-62.81988424006557, -6.381775778720247, 0.0], [-62.81914138995258, -6.381115142287218, 0.0], [-62.81911231238324, -6.381145249644631, 0.0], [-62.81902980408215, -6.381275841098279, 0.0], [-62.81883728890972, -6.381566233086231, 0.0], [-62.81875993102596, -6.381705419360681, 0.0], [-62.81873585257748, -6.381782752063437, 0.0], [-62.81874786841934, -6.381810256029519, 0.0], [-62.81877535349976, -6.381818858944233, 0.0], [-62.81894029905548, -6.381762199856694, 0.0], [-62.81903652021919, -6.381720984826645, 0.0], [-62.8191361651019, -6.381714145482461, 0.0], [-62.81927875800825, -6.381709039131913, 0.0], [-62.81943853336156, -6.381698783263268, 0.0], [-62.81956737023791, -6.38173148351222, 0.0], [-62.81964294026941, -6.381791664344907, 0.0], [-62.81972194571118, -6.381851846076907, 0.0], [-62.81978551249135, -6.381846712746627, 0.0], [-62.81985596178317, -6.381812363141141, 0.0], [-62.81988424006557, -6.381775778720247, 0.0]]]}}, {"id": "133", "type": "Feature", "properties": {"id": "ID_00119", "Name": "195", "descriptio": "<html xmlns:fo=\"http://www.w3.org/1999/XSL/Format\" xmlns:msxsl=\"urn:schemas-microsoft-com:xslt\">\n\n<head>\n\n<META http-equiv=\"Content-Type\" content=\"text/html\">\n\n<meta http-equiv=\"content-type\" content=\"text/html; charset=UTF-8\">\n\n</head>\n\n<body style=\"mar", "timestamp": null, "begin": null, "end": null, "altitudeMo": null, "tessellate": -1, "extrude": 0, "visibility": -1, "drawOrder": null, "icon": null, "snippet": null}, "geometry": {"type": "Polygon", "coordinates": [[[-62.82113895529852, -6.383915433141718, 0.0], [-62.82119139926363, -6.38389837120388, 0.0], [-62.82134514106537, -6.383916172384419, 0.0], [-62.82147228901488, -6.383886636849786, 0.0], [-62.82156985826231, -6.383889628894264, 0.0], [-62.82164970457018, -6.383845287820796, 0.0], [-62.82169703229215, -6.383783187834863, 0.0], [-62.82167340260542, -6.383715147826813, 0.0], [-62.82158471776047, -6.383670748297381, 0.0], [-62.82157291415859, -6.383602712785992, 0.0], [-62.82148422931368, -6.383558313256564, 0.0], [-62.82144582736299, -6.383457730380941, 0.0], [-62.82125073923021, -6.383303851882271, 0.0], [-62.82125966680013, -6.383138211150546, 0.0], [-62.82116805646058, -6.383002115845978, 0.0], [-62.82100249037262, -6.382978395327732, 0.0], [-62.82068623028528, -6.382676577453115, 0.0], [-62.82068329220014, -6.382623333990731, 0.0], [-62.82059463703285, -6.382493155325877, 0.0], [-62.8204675367474, -6.382386626132968, 0.0], [-62.82030196976006, -6.382365863484883, 0.0], [-62.82016889977485, -6.382422017153413, 0.0], [-62.82088123388179, -6.383073005805561, 0.0], [-62.82110289158516, -6.383342252933645, 0.0], [-62.82118857269444, -6.38352271539202, 0.0], [-62.820993401824, -6.383608427078227, 0.0], [-62.82095789209302, -6.383694194522488, 0.0], [-62.82108200303195, -6.383895375562116, 0.0], [-62.82113895529852, -6.383915433141718, 0.0]]]}}, {"id": "134", "type": "Feature", "properties": {"id": "ID_00215", "Name": "196", "descriptio": "<html xmlns:fo=\"http://www.w3.org/1999/XSL/Format\" xmlns:msxsl=\"urn:schemas-microsoft-com:xslt\">\n\n<head>\n\n<META http-equiv=\"Content-Type\" content=\"text/html\">\n\n<meta http-equiv=\"content-type\" content=\"text/html; charset=UTF-8\">\n\n</head>\n\n<body style=\"mar", "timestamp": null, "begin": null, "end": null, "altitudeMo": null, "tessellate": -1, "extrude": 0, "visibility": -1, "drawOrder": null, "icon": null, "snippet": null}, "geometry": {"type": "MultiPolygon", "coordinates": [[[[-62.82597707130454, -6.387582668580478, 0.0], [-62.82605553790768, -6.387603757590566, 0.0], [-62.82612252895916, -6.387599950678362, 0.0], [-62.82603836336812, -6.387451527421677, 0.0], [-62.82590729175789, -6.387342341115619, 0.0], [-62.82589483204496, -6.387397865286764, 0.0], [-62.82587663552849, -6.387438069342005, 0.0], [-62.82586035235456, -6.387480188815614, 0.0], [-62.82583257680643, -6.38754719643484, 0.0], [-62.82597707130454, -6.387582668580478, 0.0]]], [[[-62.8260728255761, -6.387420902715548, 0.0], [-62.82624602025997, -6.387485106059765, 0.0], [-62.82620776721031, -6.387405630112757, 0.0], [-62.82618098682028, -6.387359666545296, 0.0], [-62.82614845929007, -6.387329019211065, 0.0], [-62.82610922665258, -6.387316559943267, 0.0], [-62.82607478158249, -6.387296443202345, 0.0], [-62.82605373187262, -6.387283990073009, 0.0], [-62.82602885224051, -6.387277279964385, 0.0], [-62.82600109612483, -6.387286844443561, 0.0], [-62.82597429441719, -6.387304068331448, 0.0], [-62.82595802031089, -6.387319381005138, 0.0], [-62.8260728255761, -6.387420902715548, 0.0]]], [[[-62.82582509139586, -6.387042651509744, 0.0], [-62.82585278407863, -6.387220734664771, 0.0], [-62.82591879641285, -6.387281072305322, 0.0], [-62.82600591020226, -6.387200681334672, 0.0], [-62.82602217686803, -6.387207388533745, 0.0], [-62.82604514412121, -6.387209311066703, 0.0], [-62.82605950326023, -6.387196869900884, 0.0], [-62.82604802545188, -6.387178675689582, 0.0], [-62.82602410669986, -6.387160477273985, 0.0], [-62.8260183802428, -6.387114520812733, 0.0], [-62.82601360916582, -6.387073351604039, 0.0], [-62.82597629571586, -6.387045574799817, 0.0], [-62.82592462119257, -6.38703598347064, 0.0], [-62.82589304131176, -6.387033100634039, 0.0], [-62.82582509139586, -6.387042651509744, 0.0]]], [[[-62.82573213363044, -6.387424617043245, 0.0], [-62.82578952977139, -6.387494525642757, 0.0], [-62.82582303791334, -6.387455284157579, 0.0], [-62.82584792758298, -6.387432315315569, 0.0], [-62.8258613459159, -6.387372004540298, 0.0], [-62.82589294264033, -6.387325103315931, 0.0], [-62.82582214532417, -6.38726476405322, 0.0], [-62.82573602670148, -6.387232183787472, 0.0], [-62.82552075483327, -6.387077971738419, 0.0], [-62.82542604341361, -6.386986030581783, 0.0], [-62.82550732285168, -6.387178492709151, 0.0], [-62.82556471763849, -6.387252230876102, 0.0], [-62.82564604090587, -6.387315445896212, 0.0], [-62.82573213363044, -6.387424617043245, 0.0]]]]}}, {"id": "135", "type": "Feature", "properties": {"id": "ID_00120", "Name": "197", "descriptio": "<html xmlns:fo=\"http://www.w3.org/1999/XSL/Format\" xmlns:msxsl=\"urn:schemas-microsoft-com:xslt\">\n\n<head>\n\n<META http-equiv=\"Content-Type\" content=\"text/html\">\n\n<meta http-equiv=\"content-type\" content=\"text/html; charset=UTF-8\">\n\n</head>\n\n<body style=\"mar", "timestamp": null, "begin": null, "end": null, "altitudeMo": null, "tessellate": -1, "extrude": 0, "visibility": -1, "drawOrder": null, "icon": null, "snippet": null}, "geometry": {"type": "Polygon", "coordinates": [[[-62.85472724336756, -6.417367488308846, 0.0], [-62.85467504221936, -6.417379195683273, 0.0], [-62.85476809237354, -6.417618069108515, 0.0], [-62.85511178088393, -6.41808630742705, 0.0], [-62.85530750573673, -6.418308491233769, 0.0], [-62.85534093623517, -6.418296558129517, 0.0], [-62.85543164095742, -6.418387345589418, 0.0], [-62.85556533507213, -6.418439929848788, 0.0], [-62.85558683066768, -6.418416051049815, 0.0], [-62.85557254583626, -6.418270350086474, 0.0], [-62.85546276379547, -6.418093572150523, 0.0], [-62.85540547788047, -6.418029067377422, 0.0], [-62.85541981307387, -6.417998020981798, 0.0], [-62.85541266166496, -6.417955027092749, 0.0], [-62.85535298175466, -6.417916794214571, 0.0], [-62.85524076434973, -6.41790959694024, 0.0], [-62.85519302293959, -6.417868979959375, 0.0], [-62.85521691432909, -6.417814051167437, 0.0], [-62.85518111861369, -6.417749552689642, 0.0], [-62.85514057088062, -6.417599067333, 0.0], [-62.85507851316282, -6.417525006363849, 0.0], [-62.85499495445355, -6.417493932988508, 0.0], [-62.85485886814224, -6.417458067126001, 0.0], [-62.85472724336756, -6.417367488308846, 0.0]]]}}, {"id": "136", "type": "Feature", "properties": {"id": "ID_00216", "Name": "198", "descriptio": "<html xmlns:fo=\"http://www.w3.org/1999/XSL/Format\" xmlns:msxsl=\"urn:schemas-microsoft-com:xslt\">\n\n<head>\n\n<META http-equiv=\"Content-Type\" content=\"text/html\">\n\n<meta http-equiv=\"content-type\" content=\"text/html; charset=UTF-8\">\n\n</head>\n\n<body style=\"mar", "timestamp": null, "begin": null, "end": null, "altitudeMo": null, "tessellate": -1, "extrude": 0, "visibility": -1, "drawOrder": null, "icon": null, "snippet": null}, "geometry": {"type": "Polygon", "coordinates": [[[-62.86913341559705, -6.437704839072956, 0.0], [-62.86901496443264, -6.437747891083056, 0.0], [-62.86906868038407, -6.438218220699349, 0.0], [-62.86914042834015, -6.438351076383571, 0.0], [-62.86924452966876, -6.438282889293967, 0.0], [-62.86937013160961, -6.438347544981229, 0.0], [-62.8694095685875, -6.438516294337403, 0.0], [-62.86943103440049, -6.438785564619067, 0.0], [-62.86947405319751, -6.43898303646184, 0.0], [-62.86957095808179, -6.43898665141459, 0.0], [-62.86965348457618, -6.439076427413275, 0.0], [-62.86971442887412, -6.439352888148732, 0.0], [-62.8696821012819, -6.439453405422103, 0.0], [-62.8697574414192, -6.439575491344982, 0.0], [-62.87006614669344, -6.439410420906864, 0.0], [-62.87015584243598, -6.439536100622285, 0.0], [-62.87041789737003, -6.439338706330281, 0.0], [-62.86995507257821, -6.438670811997711, 0.0], [-62.86986175959365, -6.438656427442176, 0.0], [-62.86971462473741, -6.438584585987284, 0.0], [-62.86962492651981, -6.438469676786485, 0.0], [-62.86963214409712, -6.438315300143936, 0.0], [-62.8694563616863, -6.437988547293474, 0.0], [-62.86934866400711, -6.438085455087576, 0.0], [-62.86924819040323, -6.438002854841625, 0.0], [-62.86913341559705, -6.437704839072956, 0.0]]]}}, {"id": "137", "type": "Feature", "properties": {"id": "ID_00121", "Name": "199", "descriptio": "<html xmlns:fo=\"http://www.w3.org/1999/XSL/Format\" xmlns:msxsl=\"urn:schemas-microsoft-com:xslt\">\n\n<head>\n\n<META http-equiv=\"Content-Type\" content=\"text/html\">\n\n<meta http-equiv=\"content-type\" content=\"text/html; charset=UTF-8\">\n\n</head>\n\n<body style=\"mar", "timestamp": null, "begin": null, "end": null, "altitudeMo": null, "tessellate": -1, "extrude": 0, "visibility": -1, "drawOrder": null, "icon": null, "snippet": null}, "geometry": {"type": "Polygon", "coordinates": [[[-62.87107281545804, -6.440486678506591, 0.0], [-62.87099266338067, -6.440473605961345, 0.0], [-62.8708134833555, -6.440605218145492, 0.0], [-62.87080981861817, -6.440641788177162, 0.0], [-62.8708646565786, -6.440652773395964, 0.0], [-62.87089754208784, -6.440725925150494, 0.0], [-62.87086825746405, -6.440868546835104, 0.0], [-62.87087921300525, -6.440919749735809, 0.0], [-62.87085360660859, -6.440974600286751, 0.0], [-62.87087553837534, -6.440992891597865, 0.0], [-62.87084993197875, -6.441047742148758, 0.0], [-62.87074390011089, -6.4410733161698, 0.0], [-62.87059766944684, -6.441029393281019, 0.0], [-62.87046607255115, -6.44094524461653, 0.0], [-62.87046238533077, -6.441069587580586, 0.0], [-62.87053548402532, -6.441157377600034, 0.0], [-62.87047695344859, -6.441289020361149, 0.0], [-62.87046595473998, -6.441409703084461, 0.0], [-62.87056828679697, -6.441559672230214, 0.0], [-62.87072545951229, -6.441705998222359, 0.0], [-62.87078028847947, -6.44175355527148, 0.0], [-62.87078026869443, -6.441834012219029, 0.0], [-62.87090090645165, -6.441881586355246, 0.0], [-62.87103248715953, -6.442027905152832, 0.0], [-62.87105810974395, -6.441910882670246, 0.0], [-62.87100327717945, -6.441877954892849, 0.0], [-62.87101792443764, -6.441786529813616, 0.0], [-62.87099599357021, -6.441764580959792, 0.0], [-62.871091089682, -6.441611004633273, 0.0], [-62.8711788275408, -6.441640283861156, 0.0], [-62.87143846901012, -6.441395320227024, 0.0], [-62.87143848789589, -6.441322177465643, 0.0], [-62.87123748132468, -6.441018583430071, 0.0], [-62.87109859992041, -6.44082471927457, 0.0], [-62.87111326516505, -6.440663808077469, 0.0], [-62.87105844159378, -6.440594308469759, 0.0], [-62.87107281545804, -6.440486678506591, 0.0]]]}}, {"id": "138", "type": "Feature", "properties": {"id": "ID_00217", "Name": "200", "descriptio": "<html xmlns:fo=\"http://www.w3.org/1999/XSL/Format\" xmlns:msxsl=\"urn:schemas-microsoft-com:xslt\">\n\n<head>\n\n<META http-equiv=\"Content-Type\" content=\"text/html\">\n\n<meta http-equiv=\"content-type\" content=\"text/html; charset=UTF-8\">\n\n</head>\n\n<body style=\"mar", "timestamp": null, "begin": null, "end": null, "altitudeMo": null, "tessellate": -1, "extrude": 0, "visibility": -1, "drawOrder": null, "icon": null, "snippet": null}, "geometry": {"type": "MultiPolygon", "coordinates": [[[[-62.86386397723369, -6.430224787189808, 0.0], [-62.86386995419441, -6.430242739768916, 0.0], [-62.86390345223391, -6.430241551951553, 0.0], [-62.8639201995034, -6.430247540070606, 0.0], [-62.86392856597887, -6.430277460610345, 0.0], [-62.86394171434478, -6.430320546480059, 0.0], [-62.86395965446531, -6.430339698973238, 0.0], [-62.86399074518559, -6.430393560207038, 0.0], [-62.86410794847502, -6.430539592733724, 0.0], [-62.86419644614283, -6.430660486228683, 0.0], [-62.86429930542877, -6.430761039066573, 0.0], [-62.86426344068862, -6.430664094212442, 0.0], [-62.8640709011069, -6.430391188052588, 0.0], [-62.86395610741658, -6.43018172933324, 0.0], [-62.86393936046693, -6.430174544482951, 0.0], [-62.86390705686947, -6.430182913015889, 0.0], [-62.8638807324598, -6.430200856998558, 0.0], [-62.86386397723369, -6.430224787189808, 0.0]]], [[[-62.86363436978157, -6.429882460513102, 0.0], [-62.86369772992245, -6.430056003621937, 0.0], [-62.86372284236926, -6.430096699220402, 0.0], [-62.86377547589628, -6.430118254428019, 0.0], [-62.86382572151042, -6.430121858006251, 0.0], [-62.86386161223581, -6.430120670828554, 0.0], [-62.8638855461762, -6.430094349082676, 0.0], [-62.86389154605196, -6.430026136923824, 0.0], [-62.86389514368512, -6.429993826102164, 0.0], [-62.86387122375603, -6.429967491619881, 0.0], [-62.86383891061888, -6.430011762122981, 0.0], [-62.86381498432289, -6.430009362287531, 0.0], [-62.86374920246246, -6.429944721209687, 0.0], [-62.86367027451663, -6.429828617119808, 0.0], [-62.86352198279536, -6.429621542840016, 0.0], [-62.86342270685867, -6.429543728724689, 0.0], [-62.86347890190015, -6.4296682039126, 0.0], [-62.86357696142665, -6.429821411843673, 0.0], [-62.86363436978157, -6.429882460513102, 0.0]]]]}}, {"id": "139", "type": "Feature", "properties": {"id": "ID_00122", "Name": "201", "descriptio": "<html xmlns:fo=\"http://www.w3.org/1999/XSL/Format\" xmlns:msxsl=\"urn:schemas-microsoft-com:xslt\">\n\n<head>\n\n<META http-equiv=\"Content-Type\" content=\"text/html\">\n\n<meta http-equiv=\"content-type\" content=\"text/html; charset=UTF-8\">\n\n</head>\n\n<body style=\"mar", "timestamp": null, "begin": null, "end": null, "altitudeMo": null, "tessellate": -1, "extrude": 0, "visibility": -1, "drawOrder": null, "icon": null, "snippet": null}, "geometry": {"type": "Polygon", "coordinates": [[[-62.87280413339534, -6.44234546905396, 0.0], [-62.87282374298981, -6.442337747404499, 0.0], [-62.87285731182357, -6.442351748399664, 0.0], [-62.87287037794044, -6.442310706595594, 0.0], [-62.87289929091566, -6.442296721161644, 0.0], [-62.87289463412954, -6.442272466104144, 0.0], [-62.87291235540307, -6.442262209251606, 0.0], [-62.87293194714159, -6.442230497492517, 0.0], [-62.87296645062361, -6.442236103133036, 0.0], [-62.87294219838623, -6.442258485311179, 0.0], [-62.87294872401544, -6.442267815357565, 0.0], [-62.87298696448391, -6.442246369502009, 0.0], [-62.87300748901328, -6.442213725129756, 0.0], [-62.87296086335863, -6.442203452264313, 0.0], [-62.87301588951123, -6.442183876267658, 0.0], [-62.87305411837917, -6.442209072515983, 0.0], [-62.87305317770085, -6.442241721760521, 0.0], [-62.87307276015793, -6.442247323683192, 0.0], [-62.87309980869122, -6.442230539247288, 0.0], [-62.87313900418729, -6.44211860791961, 0.0], [-62.87306159372838, -6.442149372471253, 0.0], [-62.8730634709106, -6.442100865141349, 0.0], [-62.87307932936489, -6.442081279397032, 0.0], [-62.87305695826331, -6.442039295933685, 0.0], [-62.87307374997499, -6.442016911894775, 0.0], [-62.87300195392835, -6.441971184769379, 0.0], [-62.87286484013439, -6.44207936034218, 0.0], [-62.8728704313388, -6.442096152894856, 0.0], [-62.87283592206172, -6.442113868302545, 0.0], [-62.87271749318177, -6.442086786364187, 0.0], [-62.87269978237197, -6.442055065312101, 0.0], [-62.87265688490078, -6.442053188929036, 0.0], [-62.87267738851664, -6.442104500365923, 0.0], [-62.87271655062273, -6.44212689834524, 0.0], [-62.87272214228756, -6.442141825215008, 0.0], [-62.87268576368938, -6.442176331306423, 0.0], [-62.87280413339534, -6.44234546905396, 0.0]]]}}, {"id": "140", "type": "Feature", "properties": {"id": "ID_00123", "Name": "202", "descriptio": "<html xmlns:fo=\"http://www.w3.org/1999/XSL/Format\" xmlns:msxsl=\"urn:schemas-microsoft-com:xslt\">\n\n<head>\n\n<META http-equiv=\"Content-Type\" content=\"text/html\">\n\n<meta http-equiv=\"content-type\" content=\"text/html; charset=UTF-8\">\n\n</head>\n\n<body style=\"mar", "timestamp": null, "begin": null, "end": null, "altitudeMo": null, "tessellate": -1, "extrude": 0, "visibility": -1, "drawOrder": null, "icon": null, "snippet": null}, "geometry": {"type": "Polygon", "coordinates": [[[-62.87283013480283, -6.442676324441926, 0.0], [-62.87273330120087, -6.442704475919961, 0.0], [-62.87263566360497, -6.442759979378631, 0.0], [-62.87305474498044, -6.443278987124651, 0.0], [-62.87324993833397, -6.443503064004299, 0.0], [-62.87339922129701, -6.443604583973473, 0.0], [-62.87345283528008, -6.443539495540336, 0.0], [-62.87342795733436, -6.443508852940279, 0.0], [-62.87343371029743, -6.443470558908255, 0.0], [-62.87283013480283, -6.442676324441926, 0.0]]]}}, {"id": "141", "type": "Feature", "properties": {"id": "ID_00218", "Name": "203", "descriptio": "<html xmlns:fo=\"http://www.w3.org/1999/XSL/Format\" xmlns:msxsl=\"urn:schemas-microsoft-com:xslt\">\n\n<head>\n\n<META http-equiv=\"Content-Type\" content=\"text/html\">\n\n<meta http-equiv=\"content-type\" content=\"text/html; charset=UTF-8\">\n\n</head>\n\n<body style=\"mar", "timestamp": null, "begin": null, "end": null, "altitudeMo": null, "tessellate": -1, "extrude": 0, "visibility": -1, "drawOrder": null, "icon": null, "snippet": null}, "geometry": {"type": "MultiPolygon", "coordinates": [[[[-62.87403832650228, -6.444567712736667, 0.0], [-62.87405650700985, -6.444585907555606, 0.0], [-62.87408809053037, -6.444589744892853, 0.0], [-62.87411680533265, -6.444583050275762, 0.0], [-62.87414264834734, -6.444578269720528, 0.0], [-62.87416656983766, -6.444603167652714, 0.0], [-62.87416082154476, -6.444626143496494, 0.0], [-62.8741407166746, -6.444649115799605, 0.0], [-62.87414836761629, -6.444673052333602, 0.0], [-62.87416080455657, -6.444695075275933, 0.0], [-62.87418856084338, -6.444694124733854, 0.0], [-62.87420482832967, -6.444707532146542, 0.0], [-62.87422395958604, -6.444751576612841, 0.0], [-62.87427756526258, -6.444719996088248, 0.0], [-62.8743436158919, -6.44467788737759, 0.0], [-62.87436661491892, -6.444562049347335, 0.0], [-62.87430633757398, -6.44447969931741, 0.0], [-62.87427092351757, -6.444484477523054, 0.0], [-62.87418477488463, -6.444521794340938, 0.0], [-62.87414840442731, -6.444523700144583, 0.0], [-62.87403832650228, -6.444567712736667, 0.0]]], [[[-62.87435993756319, -6.44447109604328, 0.0], [-62.87440011971543, -6.444537165561398, 0.0], [-62.87444127452059, -6.444540047846461, 0.0], [-62.87458096880577, -6.444715283817368, 0.0], [-62.87456471824276, -6.444632944635989, 0.0], [-62.87454940362028, -6.444636770414991, 0.0], [-62.87453600438403, -6.444635809734963, 0.0], [-62.87453218019808, -6.444618575848581, 0.0], [-62.8745388851088, -6.444597515007247, 0.0], [-62.87453219337198, -6.444564962241461, 0.0], [-62.87453028974832, -6.444521879407878, 0.0], [-62.87452838212559, -6.444495072133567, 0.0], [-62.87451976818203, -6.444495070015608, 0.0], [-62.8744814781049, -6.444518995246755, 0.0], [-62.87445659243635, -6.444522818668867, 0.0], [-62.8744345820844, -6.444510367236972, 0.0], [-62.87442310082869, -6.444494088851589, 0.0], [-62.87443076072802, -6.444481644719706, 0.0], [-62.87442981351148, -6.444441434278835, 0.0], [-62.87441929595481, -6.444398349325219, 0.0], [-62.87438483571237, -6.444416531176277, 0.0], [-62.87438961770314, -6.444430893141811, 0.0], [-62.87438674097213, -6.444452912309442, 0.0], [-62.87435993756319, -6.44447109604328, 0.0]]], [[[-62.87406324735823, -6.444421238846727, 0.0], [-62.87408429327369, -6.444463369018987, 0.0], [-62.87409290343948, -6.444478689317598, 0.0], [-62.87412448954977, -6.444471995408327, 0.0], [-62.8741579905767, -6.444462429811629, 0.0], [-62.87416181380514, -6.444483493243944, 0.0], [-62.87416755454656, -6.444491153746636, 0.0], [-62.87423838761304, -6.444461492244676, 0.0], [-62.87427189405907, -6.444429906766162, 0.0], [-62.87423745031502, -6.444381071598515, 0.0], [-62.8742049125317, -6.444365745404731, 0.0], [-62.87414175401177, -6.444323604853123, 0.0], [-62.87410443684975, -6.444283385441082, 0.0], [-62.873992458703, -6.444270911788253, 0.0], [-62.87394842882825, -6.444283346931564, 0.0], [-62.87395799443728, -6.444305369169598, 0.0], [-62.87398957841211, -6.444307291740933, 0.0], [-62.8739905229951, -6.444358033426294, 0.0], [-62.87398860311574, -6.444381010213586, 0.0], [-62.87403645716534, -6.44438580895694, 0.0], [-62.87406324735823, -6.444421238846727, 0.0]]], [[[-62.87399158074042, -6.443950187295743, 0.0], [-62.87423173527615, -6.444269056040011, 0.0], [-62.87427478399534, -6.444354273992296, 0.0], [-62.87430444433896, -6.444394491506285, 0.0], [-62.87433411528981, -6.444391626655763, 0.0], [-62.87437526772743, -6.44440408280434, 0.0], [-62.87441068483854, -6.444386858575295, 0.0], [-62.87439442536367, -6.444340900050359, 0.0], [-62.87436380084481, -6.444329403881189, 0.0], [-62.87429395672563, -6.444229818548061, 0.0], [-62.87428438591802, -6.444228858804615, 0.0], [-62.87426619574952, -6.444249916813269, 0.0], [-62.87424418635715, -6.444233635829959, 0.0], [-62.874262381005, -6.444194387490991, 0.0], [-62.87428535787118, -6.444168543732021, 0.0], [-62.87426813848147, -6.444134073597416, 0.0], [-62.87423081707851, -6.444111087139676, 0.0], [-62.87419062153634, -6.444099588601578, 0.0], [-62.87414755916689, -6.44406989902123, 0.0], [-62.87410737401501, -6.444016275499429, 0.0], [-62.87407579784828, -6.443982759202739, 0.0], [-62.87401742207068, -6.443952108447121, 0.0], [-62.87399158074042, -6.443950187295743, 0.0]]]]}}, {"id": "142", "type": "Feature", "properties": {"id": "ID_00124", "Name": "204", "descriptio": "<html xmlns:fo=\"http://www.w3.org/1999/XSL/Format\" xmlns:msxsl=\"urn:schemas-microsoft-com:xslt\">\n\n<head>\n\n<META http-equiv=\"Content-Type\" content=\"text/html\">\n\n<meta http-equiv=\"content-type\" content=\"text/html; charset=UTF-8\">\n\n</head>\n\n<body style=\"mar", "timestamp": null, "begin": null, "end": null, "altitudeMo": null, "tessellate": -1, "extrude": 0, "visibility": -1, "drawOrder": null, "icon": null, "snippet": null}, "geometry": {"type": "Polygon", "coordinates": [[[-62.88138956187873, -6.455534867029164, 0.0], [-62.8814375119316, -6.455550866867677, 0.0], [-62.88150716172611, -6.455541745943501, 0.0], [-62.88155853459866, -6.455568025932346, 0.0], [-62.88172638226667, -6.45552466601921, 0.0], [-62.88168988418079, -6.455362484979414, 0.0], [-62.88156093129191, -6.455081507094604, 0.0], [-62.88143424199664, -6.45488275782171, 0.0], [-62.88138171439455, -6.454914723324554, 0.0], [-62.88137484537275, -6.454994666759183, 0.0], [-62.88141591291399, -6.455145428207656, 0.0], [-62.88135536965456, -6.455279035987439, 0.0], [-62.88126522161264, -6.455332934156305, 0.0], [-62.88125258523859, -6.455392076272018, 0.0], [-62.88130052180162, -6.455466321602178, 0.0], [-62.88138956187873, -6.455534867029164, 0.0]]]}}, {"id": "143", "type": "Feature", "properties": {"id": "ID_00125", "Name": "205", "descriptio": "<html xmlns:fo=\"http://www.w3.org/1999/XSL/Format\" xmlns:msxsl=\"urn:schemas-microsoft-com:xslt\">\n\n<head>\n\n<META http-equiv=\"Content-Type\" content=\"text/html\">\n\n<meta http-equiv=\"content-type\" content=\"text/html; charset=UTF-8\">\n\n</head>\n\n<body style=\"mar", "timestamp": null, "begin": null, "end": null, "altitudeMo": null, "tessellate": -1, "extrude": 0, "visibility": -1, "drawOrder": null, "icon": null, "snippet": null}, "geometry": {"type": "Polygon", "coordinates": [[[-62.88964101432133, -6.474480419623752, 0.0], [-62.88959554369934, -6.474493042507994, 0.0], [-62.88987596580314, -6.475282365776601, 0.0], [-62.88994434575487, -6.475226818251087, 0.0], [-62.88994008116975, -6.475188351549283, 0.0], [-62.89004976878175, -6.475119991382564, 0.0], [-62.89002557432077, -6.475034507224811, 0.0], [-62.88995581031237, -6.474903422942671, 0.0], [-62.88990168371567, -6.474910534781454, 0.0], [-62.88987321657566, -6.474820775246683, 0.0], [-62.88983192690188, -6.474749532752837, 0.0], [-62.88982623689128, -6.474715339629279, 0.0], [-62.88983336132053, -6.47470251979351, 0.0], [-62.88983906482093, -6.474672602946358, 0.0], [-62.88981913314643, -6.474634132647204, 0.0], [-62.88979776075802, -6.474666894949308, 0.0], [-62.88977498542722, -6.474604205008147, 0.0], [-62.88971945319019, -6.474525836286406, 0.0], [-62.88966817654507, -6.474531524498372, 0.0], [-62.88964101432133, -6.474480419623752, 0.0]]]}}, {"id": "144", "type": "Feature", "properties": {"id": "ID_00126", "Name": "206", "descriptio": "<html xmlns:fo=\"http://www.w3.org/1999/XSL/Format\" xmlns:msxsl=\"urn:schemas-microsoft-com:xslt\">\n\n<head>\n\n<META http-equiv=\"Content-Type\" content=\"text/html\">\n\n<meta http-equiv=\"content-type\" content=\"text/html; charset=UTF-8\">\n\n</head>\n\n<body style=\"mar", "timestamp": null, "begin": null, "end": null, "altitudeMo": null, "tessellate": -1, "extrude": 0, "visibility": -1, "drawOrder": null, "icon": null, "snippet": null}, "geometry": {"type": "Polygon", "coordinates": [[[-62.88973565447684, -6.475148400965971, 0.0], [-62.88972399746445, -6.47516491161942, 0.0], [-62.88971850350612, -6.475186185082425, 0.0], [-62.88969998016989, -6.475177945493851, 0.0], [-62.88969654565904, -6.475193043312357, 0.0], [-62.88971575517792, -6.475206773262023, 0.0], [-62.88971643866267, -6.475218441066271, 0.0], [-62.88973496109951, -6.475230111568466, 0.0], [-62.88973564098699, -6.475260309004122, 0.0], [-62.8897431871983, -6.475265800264538, 0.0], [-62.88975278296454, -6.475311098216661, 0.0], [-62.88975140430381, -6.475341294752991, 0.0], [-62.88972945005406, -6.475333054265105, 0.0], [-62.88971984349593, -6.475335797197328, 0.0], [-62.88971504291488, -6.475325501758565, 0.0], [-62.88972876836794, -6.475313837551594, 0.0], [-62.88972808668182, -6.475292562289954, 0.0], [-62.88973426412496, -6.475281583366439, 0.0], [-62.88971711225491, -6.475274717042631, 0.0], [-62.88970544535, -6.475285695066829, 0.0], [-62.88969721655326, -6.475264418006542, 0.0], [-62.889665657544, -6.47525137154162, 0.0], [-62.88964302250747, -6.475217052513034, 0.0], [-62.88957305075564, -6.475154584704411, 0.0], [-62.88954972144244, -6.475157324938678, 0.0], [-62.88952844168421, -6.475203988061656, 0.0], [-62.88951538622604, -6.475288398428924, 0.0], [-62.88951880994507, -6.475322027677469, 0.0], [-62.88967110833493, -6.475427063096563, 0.0], [-62.88968620345548, -6.475427752876555, 0.0], [-62.88969993160652, -6.475402363216525, 0.0], [-62.88972942397368, -6.475451096578934, 0.0], [-62.88973970592264, -6.475497765997156, 0.0], [-62.88976303163855, -6.475514242476375, 0.0], [-62.88979322008101, -6.475516994401792, 0.0], [-62.88985635068997, -6.475487497538039, 0.0], [-62.88986458937928, -6.475467596440466, 0.0], [-62.8898323576771, -6.475389352724508, 0.0], [-62.88973565447684, -6.475148400965971, 0.0]]]}}, {"id": "145", "type": "Feature", "properties": {"id": "ID_00127", "Name": "207", "descriptio": "<html xmlns:fo=\"http://www.w3.org/1999/XSL/Format\" xmlns:msxsl=\"urn:schemas-microsoft-com:xslt\">\n\n<head>\n\n<META http-equiv=\"Content-Type\" content=\"text/html\">\n\n<meta http-equiv=\"content-type\" content=\"text/html; charset=UTF-8\">\n\n</head>\n\n<body style=\"mar", "timestamp": null, "begin": null, "end": null, "altitudeMo": null, "tessellate": -1, "extrude": 0, "visibility": -1, "drawOrder": null, "icon": null, "snippet": null}, "geometry": {"type": "Polygon", "coordinates": [[[-62.89167340210408, -6.480568251161995, 0.0], [-62.89169852435089, -6.480584412308266, 0.0], [-62.89171886351724, -6.480588006842291, 0.0], [-62.89173321856462, -6.480599977218763, 0.0], [-62.8917379988175, -6.480626306329373, 0.0], [-62.89174996016758, -6.480641866388964, 0.0], [-62.89176431266618, -6.480665804078091, 0.0], [-62.89176908909479, -6.480710084158568, 0.0], [-62.89176309958731, -6.480742394533746, 0.0], [-62.89178103386756, -6.480803431521027, 0.0], [-62.89181692311246, -6.480824980176565, 0.0], [-62.8919030637753, -6.480850130616942, 0.0], [-62.89195810138523, -6.480846552214476, 0.0], [-62.8919868203354, -6.480829803240679, 0.0], [-62.89191773891247, -6.480649143830782, 0.0], [-62.89189951594989, -6.480653865271572, 0.0], [-62.89188276877473, -6.480638304302216, 0.0], [-62.89187679188039, -6.480614368845922, 0.0], [-62.89185525851331, -6.480597609979631, 0.0], [-62.89181938545623, -6.48050186365793, 0.0], [-62.89177274571562, -6.480394148259244, 0.0], [-62.89173447326726, -6.480325925688834, 0.0], [-62.89172490627936, -6.480303186330835, 0.0], [-62.89169379603179, -6.480313950316448, 0.0], [-62.89168302395233, -6.480331898985838, 0.0], [-62.89168780474834, -6.480358227538051, 0.0], [-62.89168539546461, -6.480434818300101, 0.0], [-62.89165786002219, -6.480512599764563, 0.0], [-62.89167340210408, -6.480568251161995, 0.0]]]}}, {"id": "146", "type": "Feature", "properties": {"id": "ID_00128", "Name": "208", "descriptio": "<html xmlns:fo=\"http://www.w3.org/1999/XSL/Format\" xmlns:msxsl=\"urn:schemas-microsoft-com:xslt\">\n\n<head>\n\n<META http-equiv=\"Content-Type\" content=\"text/html\">\n\n<meta http-equiv=\"content-type\" content=\"text/html; charset=UTF-8\">\n\n</head>\n\n<body style=\"mar", "timestamp": null, "begin": null, "end": null, "altitudeMo": null, "tessellate": -1, "extrude": 0, "visibility": -1, "drawOrder": null, "icon": null, "snippet": null}, "geometry": {"type": "Polygon", "coordinates": [[[-62.91921840880246, -6.512896201885038, 0.0], [-62.918823122589, -6.512482306899829, 0.0], [-62.91879203932109, -6.512475640225488, 0.0], [-62.91875872933184, -6.512507835055378, 0.0], [-62.9187742660195, -6.51254003707993, 0.0], [-62.91877313737037, -6.512656622491981, 0.0], [-62.91881642713633, -6.512698822279671, 0.0], [-62.91882642040292, -6.51268772014902, 0.0], [-62.91885418607176, -6.512611111400542, 0.0], [-62.91888305341012, -6.51259335068943, 0.0], [-62.91894521095269, -6.512666642738228, 0.0], [-62.9189252235202, -6.512692177189083, 0.0], [-62.91889747134121, -6.512681069662516, 0.0], [-62.91888525764848, -6.512694391319937, 0.0], [-62.9189019023009, -6.512741028362602, 0.0], [-62.91903729973154, -6.513010862747976, 0.0], [-62.9190661625733, -6.513016418759546, 0.0], [-62.91911500925021, -6.513020867705723, 0.0], [-62.91914608982017, -6.513047520913217, 0.0], [-62.91916829677946, -6.513023097125069, 0.0], [-62.91920381820159, -6.513044198817557, 0.0], [-62.91921048127865, -6.513033096686907, 0.0], [-62.91919827567983, -6.512992012058569, 0.0], [-62.91920605211753, -6.512964255382929, 0.0], [-62.91922381462729, -6.512959816329312, 0.0], [-62.91923602832004, -6.512950935524069, 0.0], [-62.91923825144409, -6.51293317121575, 0.0], [-62.91921840880246, -6.512896201885038, 0.0]]]}}, {"id": "147", "type": "Feature", "properties": {"id": "ID_00129", "Name": "209", "descriptio": "<html xmlns:fo=\"http://www.w3.org/1999/XSL/Format\" xmlns:msxsl=\"urn:schemas-microsoft-com:xslt\">\n\n<head>\n\n<META http-equiv=\"Content-Type\" content=\"text/html\">\n\n<meta http-equiv=\"content-type\" content=\"text/html; charset=UTF-8\">\n\n</head>\n\n<body style=\"mar", "timestamp": null, "begin": null, "end": null, "altitudeMo": null, "tessellate": -1, "extrude": 0, "visibility": -1, "drawOrder": null, "icon": null, "snippet": null}, "geometry": {"type": "Polygon", "coordinates": [[[-62.92039066070038, -6.514444993628335, 0.0], [-62.92033162830194, -6.514513334909276, 0.0], [-62.9202569584918, -6.514547789735499, 0.0], [-62.92027801162089, -6.514584173607544, 0.0], [-62.92024354330481, -6.514633951982081, 0.0], [-62.92022630240189, -6.514700965863699, 0.0], [-62.9201746003775, -6.514771804561897, 0.0], [-62.92021479287838, -6.514848401619229, 0.0], [-62.92019755647203, -6.514884779195981, 0.0], [-62.9202032743616, -6.515045621145284, 0.0], [-62.92027601512598, -6.515106905446116, 0.0], [-62.92030665053147, -6.515083932264463, 0.0], [-62.92030474756602, -6.515011170815667, 0.0], [-62.92026646342651, -6.514976698902316, 0.0], [-62.92033348000604, -6.514913522427938, 0.0], [-62.9204559820579, -6.515066722837774, 0.0], [-62.92054020626546, -6.515152901272168, 0.0], [-62.92067801747646, -6.515350144180593, 0.0], [-62.92071438516069, -6.515396104033728, 0.0], [-62.92074503045876, -6.515311859141745, 0.0], [-62.92077375120762, -6.515286971303476, 0.0], [-62.92086946155637, -6.515373151536466, 0.0], [-62.9208866817749, -6.51543634150076, 0.0], [-62.92093262993688, -6.515434434038658, 0.0], [-62.92085799430094, -6.515248689861934, 0.0], [-62.92075846902811, -6.515072515371044, 0.0], [-62.92061297670745, -6.515018878904901, 0.0], [-62.92065701560875, -6.51498441958208, 0.0], [-62.92066085571389, -6.514915488345921, 0.0], [-62.92061491654509, -6.514861868067543, 0.0], [-62.92047516279848, -6.51484078346219, 0.0], [-62.92042539971236, -6.514758440636327, 0.0], [-62.92044838998117, -6.514649302510117, 0.0], [-62.92039861430459, -6.514643550446288, 0.0], [-62.92040053435715, -6.514612914141476, 0.0], [-62.92050008930761, -6.514595696620917, 0.0], [-62.92050776232332, -6.514501874848453, 0.0], [-62.92043884008034, -6.514505693369859, 0.0], [-62.92039066070038, -6.514444993628335, 0.0]]]}}, {"id": "148", "type": "Feature", "properties": {"id": "ID_00131", "Name": "210", "descriptio": "<html xmlns:fo=\"http://www.w3.org/1999/XSL/Format\" xmlns:msxsl=\"urn:schemas-microsoft-com:xslt\">\n\n<head>\n\n<META http-equiv=\"Content-Type\" content=\"text/html\">\n\n<meta http-equiv=\"content-type\" content=\"text/html; charset=UTF-8\">\n\n</head>\n\n<body style=\"mar", "timestamp": null, "begin": null, "end": null, "altitudeMo": null, "tessellate": -1, "extrude": 0, "visibility": -1, "drawOrder": null, "icon": null, "snippet": null}, "geometry": {"type": "Polygon", "coordinates": [[[-62.94035867051623, -6.542559071529809, 0.0], [-62.94036457906202, -6.542535448138327, 0.0], [-62.94038851361898, -6.542516303370583, 0.0], [-62.9404136397776, -6.542536650531877, 0.0], [-62.94045670291444, -6.542665902895015, 0.0], [-62.94047106149026, -6.542671887883213, 0.0], [-62.9404890128576, -6.542653939213832, 0.0], [-62.94048901915289, -6.542601283008707, 0.0], [-62.94051534590648, -6.542588122329851, 0.0], [-62.9405332918779, -6.542620435870339, 0.0], [-62.94061465983862, -6.542634806137306, 0.0], [-62.94061706732378, -6.542515133352605, 0.0], [-62.9405763873903, -6.542472046833383, 0.0], [-62.94060630693548, -6.542437344693632, 0.0], [-62.94058118167618, -6.542402637157874, 0.0], [-62.94053212006128, -6.542407417953906, 0.0], [-62.94050220591203, -6.542397840174102, 0.0], [-62.94050819269888, -6.542370316422887, 0.0], [-62.94053092666086, -6.542379893303354, 0.0], [-62.94052734016459, -6.542357154844711, 0.0], [-62.94054289663734, -6.54234877945852, 0.0], [-62.94056922159228, -6.542355963242999, 0.0], [-62.94057999277244, -6.5423380136743, 0.0], [-62.94055247351782, -6.542312878522425, 0.0], [-62.94045315778699, -6.542290129271928, 0.0], [-62.94041846284176, -6.542233878476645, 0.0], [-62.94033948617829, -6.542233869483385, 0.0], [-62.94030597923751, -6.542245832265249, 0.0], [-62.94032990749918, -6.542279343702669, 0.0], [-62.94034306548003, -6.542320034427931, 0.0], [-62.94031673602846, -6.542355932666076, 0.0], [-62.9402832290877, -6.542371486440871, 0.0], [-62.94029878106386, -6.542401406885304, 0.0], [-62.94029878016454, -6.542410980168494, 0.0], [-62.94031672433733, -6.542452867891434, 0.0], [-62.94030355916186, -6.542473210556137, 0.0], [-62.94035867051623, -6.542559071529809, 0.0]]]}}, {"id": "149", "type": "Feature", "properties": {"id": "ID_00130", "Name": "211", "descriptio": "<html xmlns:fo=\"http://www.w3.org/1999/XSL/Format\" xmlns:msxsl=\"urn:schemas-microsoft-com:xslt\">\n\n<head>\n\n<META http-equiv=\"Content-Type\" content=\"text/html\">\n\n<meta http-equiv=\"content-type\" content=\"text/html; charset=UTF-8\">\n\n</head>\n\n<body style=\"mar", "timestamp": null, "begin": null, "end": null, "altitudeMo": null, "tessellate": -1, "extrude": 0, "visibility": -1, "drawOrder": null, "icon": null, "snippet": null}, "geometry": {"type": "Polygon", "coordinates": [[[-62.96497571575662, -6.66121385511742, 0.0], [-62.96494463338809, -6.661246654291745, 0.0], [-62.96491507357177, -6.661306986210553, 0.0], [-62.96487320563386, -6.661273738274479, 0.0], [-62.96487690094818, -6.661254037725712, 0.0], [-62.96490029950916, -6.661249113937526, 0.0], [-62.9648719780593, -6.661220792487663, 0.0], [-62.96482764328107, -6.661242952682183, 0.0], [-62.96481656183482, -6.661212168888542, 0.0], [-62.96483134129335, -6.661191238067273, 0.0], [-62.96484366020672, -6.661130905249149, 0.0], [-62.96484858849151, -6.661100123254193, 0.0], [-62.96482765497228, -6.661070570632437, 0.0], [-62.96476977640401, -6.661066872620164, 0.0], [-62.96473529369883, -6.661082876955279, 0.0], [-62.96472050974369, -6.661164141494007, 0.0], [-62.9647352820076, -6.661246639902573, 0.0], [-62.96477099048878, -6.661303281903036, 0.0], [-62.96479192041073, -6.661372236521572, 0.0], [-62.96481038888828, -6.661428876723329, 0.0], [-62.96480792294729, -6.661468278720173, 0.0], [-62.96483131791098, -6.661519994234415, 0.0], [-62.96483500782933, -6.661574172092446, 0.0], [-62.96480913793135, -6.661705919174882, 0.0], [-62.96484484011722, -6.661859833646457, 0.0], [-62.96487562481018, -6.661884461580691, 0.0], [-62.96490764607097, -6.66185245021249, 0.0], [-62.96496183022425, -6.661859841740401, 0.0], [-62.96500124121427, -6.661814286582099, 0.0], [-62.9650295653621, -6.661808132521396, 0.0], [-62.96505666103604, -6.661761345291937, 0.0], [-62.96506036084697, -6.66168993012826, 0.0], [-62.96505790299977, -6.661608663790897, 0.0], [-62.96509854516171, -6.661564340703814, 0.0], [-62.96511086497442, -6.661494157611338, 0.0], [-62.96508007848279, -6.66148307346714, 0.0], [-62.96508131594993, -6.661398113614151, 0.0], [-62.96502713719259, -6.661315613406898, 0.0], [-62.96499265718535, -6.661292215745216, 0.0], [-62.96499265988332, -6.661255276991537, 0.0], [-62.96497571575662, -6.66121385511742, 0.0]]]}}, {"id": "150", "type": "Feature", "properties": {"id": "ID_00219", "Name": "212", "descriptio": "<html xmlns:fo=\"http://www.w3.org/1999/XSL/Format\" xmlns:msxsl=\"urn:schemas-microsoft-com:xslt\">\n\n<head>\n\n<META http-equiv=\"Content-Type\" content=\"text/html\">\n\n<meta http-equiv=\"content-type\" content=\"text/html; charset=UTF-8\">\n\n</head>\n\n<body style=\"mar", "timestamp": null, "begin": null, "end": null, "altitudeMo": null, "tessellate": -1, "extrude": 0, "visibility": -1, "drawOrder": null, "icon": null, "snippet": null}, "geometry": {"type": "MultiPolygon", "coordinates": [[[[-62.97102683054465, -6.690158320342007, 0.0], [-62.97105770824384, -6.690228689491744, 0.0], [-62.97104048362131, -6.6900290750254, 0.0], [-62.97103761326103, -6.689988864952117, 0.0], [-62.97102899702182, -6.689955834880466, 0.0], [-62.97099093824428, -6.689873258726655, 0.0], [-62.97096149147045, -6.689895516043576, 0.0], [-62.97094856258303, -6.689922800572528, 0.0], [-62.97092270692684, -6.689941467929105, 0.0], [-62.97095143026331, -6.690008246788596, 0.0], [-62.97096794446727, -6.69007574295994, 0.0], [-62.97096147959746, -6.690096565564408, 0.0], [-62.97097081507667, -6.690111644829456, 0.0], [-62.97100241458897, -6.690120263101234, 0.0], [-62.97102683054465, -6.690158320342007, 0.0]]], [[[-62.97106849817555, -6.689936450286982, 0.0], [-62.97113528767104, -6.689960867366811, 0.0], [-62.97115252589403, -6.689929274881626, 0.0], [-62.97116186453422, -6.689890501592674, 0.0], [-62.97115899467015, -6.689841675111713, 0.0], [-62.97115253318145, -6.689805054998242, 0.0], [-62.97111949517226, -6.689833056386234, 0.0], [-62.9710850214711, -6.689849569143385, 0.0], [-62.97104264776643, -6.6898660814331, 0.0], [-62.97106849817555, -6.689936450286982, 0.0]]], [[[-62.97089686236043, -6.689772728408623, 0.0], [-62.97089686155298, -6.689786371054797, 0.0], [-62.97092056184986, -6.689781346218247, 0.0], [-62.97094929018238, -6.689763397065297, 0.0], [-62.97090548721179, -6.689659997578724, 0.0], [-62.97084947019447, -6.68964060734418, 0.0], [-62.97084731356385, -6.68967579088311, 0.0], [-62.97084013047004, -6.689697331477793, 0.0], [-62.97085664711666, -6.689723181681009, 0.0], [-62.97088034634787, -6.689736107696647, 0.0], [-62.9708939908658, -6.689751905252398, 0.0], [-62.97089686236043, -6.689772728408623, 0.0]]], [[[-62.97094762136796, -6.689645878733152, 0.0], [-62.97098280760575, -6.689724864551466, 0.0], [-62.97104457279783, -6.689698300932288, 0.0], [-62.97105821909498, -6.689683941054995, 0.0], [-62.97109269274323, -6.689668146333584, 0.0], [-62.97108694944325, -6.689631526261246, 0.0], [-62.97106827744027, -6.689619318585171, 0.0], [-62.97102805990724, -6.689608545708084, 0.0], [-62.97098856127766, -6.689585566291755, 0.0], [-62.97095050100833, -6.689528839358363, 0.0], [-62.97094906099746, -6.689590590198904, 0.0], [-62.97094762136796, -6.689645878733152, 0.0]]]]}}, {"id": "151", "type": "Feature", "properties": {"id": "ID_00139", "Name": "213", "descriptio": "<html xmlns:fo=\"http://www.w3.org/1999/XSL/Format\" xmlns:msxsl=\"urn:schemas-microsoft-com:xslt\">\n\n<head>\n\n<META http-equiv=\"Content-Type\" content=\"text/html\">\n\n<meta http-equiv=\"content-type\" content=\"text/html; charset=UTF-8\">\n\n</head>\n\n<body style=\"mar", "timestamp": null, "begin": null, "end": null, "altitudeMo": null, "tessellate": -1, "extrude": 0, "visibility": -1, "drawOrder": null, "icon": null, "snippet": null}, "geometry": {"type": "Polygon", "coordinates": [[[-63.01146581545463, -6.785796703302804, 0.0], [-63.01132307309882, -6.785848449786708, 0.0], [-63.0111865935105, -6.785927436392844, 0.0], [-63.01117940939389, -6.785889141557368, 0.0], [-63.01103335054551, -6.7858987186517, 0.0], [-63.0110405362862, -6.786008816616038, 0.0], [-63.01092321303463, -6.7861380648998, 0.0], [-63.01081786018187, -6.786195509761782, 0.0], [-63.01090885114064, -6.786341507413431, 0.0], [-63.01095673913335, -6.786329539146523, 0.0], [-63.01103575220429, -6.786217045791355, 0.0], [-63.01110758381276, -6.786183536026359, 0.0], [-63.01126321794759, -6.786068647435555, 0.0], [-63.01143082632255, -6.786049496014559, 0.0], [-63.01149547498472, -6.786030346986407, 0.0], [-63.01155772751809, -6.785939394880124, 0.0], [-63.01146581545463, -6.785796703302804, 0.0]]]}}, {"id": "152", "type": "Feature", "properties": {"id": "ID_00220", "Name": "214", "descriptio": "<html xmlns:fo=\"http://www.w3.org/1999/XSL/Format\" xmlns:msxsl=\"urn:schemas-microsoft-com:xslt\">\n\n<head>\n\n<META http-equiv=\"Content-Type\" content=\"text/html\">\n\n<meta http-equiv=\"content-type\" content=\"text/html; charset=UTF-8\">\n\n</head>\n\n<body style=\"mar", "timestamp": null, "begin": null, "end": null, "altitudeMo": null, "tessellate": -1, "extrude": 0, "visibility": -1, "drawOrder": null, "icon": null, "snippet": null}, "geometry": {"type": "MultiPolygon", "coordinates": [[[[-63.0404620244174, -6.830353117670778, 0.0], [-63.04053147435031, -6.830420127949431, 0.0], [-63.040555419754, -6.830409355488428, 0.0], [-63.04056379793823, -6.830373453293961, 0.0], [-63.04048955673402, -6.830282509095938, 0.0], [-63.04046680935434, -6.830301658467342, 0.0], [-63.04045363999251, -6.830314823452343, 0.0], [-63.04044286505956, -6.83032559480341, 0.0], [-63.0404620244174, -6.830353117670778, 0.0]]], [[[-63.04071945535703, -6.83044928206539, 0.0], [-63.04098767524263, -6.830698176321576, 0.0], [-63.04094695957055, -6.830616803074215, 0.0], [-63.04063083087749, -6.830175241507586, 0.0], [-63.04061526588432, -6.830176439535694, 0.0], [-63.04055181242552, -6.830226706963815, 0.0], [-63.04053265860802, -6.830265003497174, 0.0], [-63.04060091313977, -6.830354751476602, 0.0], [-63.04071945535703, -6.83044928206539, 0.0]]], [[[-63.04034108162831, -6.830186784239229, 0.0], [-63.04038179284612, -6.830216698738445, 0.0], [-63.04040992954865, -6.830214302947721, 0.0], [-63.04045243523763, -6.830226266545585, 0.0], [-63.04040753095191, -6.830167032853907, 0.0], [-63.04030575698037, -6.830140713615632, 0.0], [-63.04031473854501, -6.830161057042167, 0.0], [-63.04034108162831, -6.830186784239229, 0.0]]], [[[-63.0404356650261, -6.830133372847855, 0.0], [-63.04049314267922, -6.830211154583951, 0.0], [-63.04053025863912, -6.830201577733867, 0.0], [-63.04058054264183, -6.830163278580692, 0.0], [-63.0404667823391, -6.829980190545863, 0.0], [-63.04031231104292, -6.829768384696302, 0.0], [-63.04032668552448, -6.829848563489215, 0.0], [-63.04039255245692, -6.830023278559967, 0.0], [-63.0404356650261, -6.830133372847855, 0.0]]]]}}, {"id": "153", "type": "Feature", "properties": {"id": "ID_00221", "Name": "215", "descriptio": "<html xmlns:fo=\"http://www.w3.org/1999/XSL/Format\" xmlns:msxsl=\"urn:schemas-microsoft-com:xslt\">\n\n<head>\n\n<META http-equiv=\"Content-Type\" content=\"text/html\">\n\n<meta http-equiv=\"content-type\" content=\"text/html; charset=UTF-8\">\n\n</head>\n\n<body style=\"mar", "timestamp": null, "begin": null, "end": null, "altitudeMo": null, "tessellate": -1, "extrude": 0, "visibility": -1, "drawOrder": null, "icon": null, "snippet": null}, "geometry": {"type": "MultiPolygon", "coordinates": [[[[-63.05881315257062, -6.860185297237332, 0.0], [-63.05888597936687, -6.860339917685971, 0.0], [-63.05889659233242, -6.860300501052029, 0.0], [-63.05887686665902, -6.860244412423265, 0.0], [-63.05890416958841, -6.8602444090731, 0.0], [-63.0589436103217, -6.860270175793877, 0.0], [-63.05897242933602, -6.860264108356451, 0.0], [-63.05897545945157, -6.860235304472494, 0.0], [-63.05894815055774, -6.860186796649826, 0.0], [-63.05890416102011, -6.860174674256282, 0.0], [-63.0588738210853, -6.860147390441476, 0.0], [-63.05883740527941, -6.860050372551264, 0.0], [-63.05880554889948, -6.860026120866428, 0.0], [-63.05876155863684, -6.860007934562413, 0.0], [-63.05872667102047, -6.86000339090949, 0.0], [-63.05868268113399, -6.859988236546788, 0.0], [-63.05871454641708, -6.860085255005997, 0.0], [-63.05874640242488, -6.860106474748241, 0.0], [-63.05881315257062, -6.860185297237332, 0.0]]], [[[-63.05865087799458, -6.860399069471964, 0.0], [-63.05869638864576, -6.860446059111184, 0.0], [-63.05868121069572, -6.86036723030391, 0.0], [-63.05862962680208, -6.86027173022722, 0.0], [-63.05859321362978, -6.860195935958719, 0.0], [-63.05858106806627, -6.860106494956828, 0.0], [-63.05858257637391, -6.860036759954071, 0.0], [-63.05857346891877, -6.859983701964315, 0.0], [-63.05849914949719, -6.86002615830949, 0.0], [-63.05849915578658, -6.86007770143569, 0.0], [-63.05849309069058, -6.860095893866702, 0.0], [-63.05849764450705, -6.86012318084944, 0.0], [-63.05851736606011, -6.860145918060071, 0.0], [-63.05854771449122, -6.860242936714852, 0.0], [-63.05859777912684, -6.860318729320167, 0.0], [-63.05865087799458, -6.860399069471964, 0.0]]], [[[-63.05831408145601, -6.859903386909776, 0.0], [-63.05832318777433, -6.859947349059003, 0.0], [-63.05841116918267, -6.859991301615336, 0.0], [-63.05850065744659, -6.859953391358043, 0.0], [-63.05851885642792, -6.859929133550242, 0.0], [-63.05860227902612, -6.859904867782571, 0.0], [-63.05858710574081, -6.859863938328015, 0.0], [-63.05854160367106, -6.859886683495065, 0.0], [-63.05849761768545, -6.859903364575684, 0.0], [-63.05846575227368, -6.859804830126552, 0.0], [-63.05841566961182, -6.859580472021192, 0.0], [-63.05837773711537, -6.859483454277274, 0.0], [-63.05835954700091, -6.859580478848173, 0.0], [-63.05838534469588, -6.859675982095018, 0.0], [-63.05835046282659, -6.859718433618572, 0.0], [-63.05832316767246, -6.859782107858562, 0.0], [-63.05830345591453, -6.859839717278408, 0.0], [-63.05833228173609, -6.85988974092911, 0.0], [-63.05831408145601, -6.859903386909776, 0.0]]], [[[-63.05851121289737, -6.859442506717446, 0.0], [-63.05860681320322, -6.859771461487674, 0.0], [-63.05864019509908, -6.85986696379343, 0.0], [-63.05866598099333, -6.859865444668001, 0.0], [-63.05873423269135, -6.859819957090949, 0.0], [-63.05871602202844, -6.859748708525389, 0.0], [-63.05869781842392, -6.859735066982855, 0.0], [-63.0586932627441, -6.859692620258515, 0.0], [-63.05869932578582, -6.859657752107243, 0.0], [-63.05872359316993, -6.859642589395456, 0.0], [-63.05872207318593, -6.859616818017575, 0.0], [-63.05870235220203, -6.859598628737714, 0.0], [-63.05868415175802, -6.859610758758066, 0.0], [-63.05865229856785, -6.859612278625798, 0.0], [-63.05861740393823, -6.859550127940198, 0.0], [-63.05851121289737, -6.859442506717446, 0.0]]]]}}, {"id": "154", "type": "Feature", "properties": {"id": "ID_00222", "Name": "216", "descriptio": "<html xmlns:fo=\"http://www.w3.org/1999/XSL/Format\" xmlns:msxsl=\"urn:schemas-microsoft-com:xslt\">\n\n<head>\n\n<META http-equiv=\"Content-Type\" content=\"text/html\">\n\n<meta http-equiv=\"content-type\" content=\"text/html; charset=UTF-8\">\n\n</head>\n\n<body style=\"mar", "timestamp": null, "begin": null, "end": null, "altitudeMo": null, "tessellate": -1, "extrude": 0, "visibility": -1, "drawOrder": null, "icon": null, "snippet": null}, "geometry": {"type": "MultiPolygon", "coordinates": [[[[-63.07750723115663, -6.920163427879388, 0.0], [-63.07754650551925, -6.92016529038054, 0.0], [-63.07757829849901, -6.920163416298917, 0.0], [-63.07760261314722, -6.920176494631683, 0.0], [-63.07762506309859, -6.920223213460346, 0.0], [-63.0776044961591, -6.920254988108184, 0.0], [-63.07760263023832, -6.920281153006976, 0.0], [-63.07763442414156, -6.9202848856202, 0.0], [-63.0776325576117, -6.920307312719934, 0.0], [-63.07761385903158, -6.92032787366569, 0.0], [-63.07760264000476, -6.920340957792649, 0.0], [-63.07761760491403, -6.920361513247509, 0.0], [-63.0776475289341, -6.920367115064372, 0.0], [-63.07764379434806, -6.920402624766009, 0.0], [-63.07764005640256, -6.920417576572643, 0.0], [-63.07767746181437, -6.920426914966073, 0.0], [-63.07767933934083, -6.920471768249658, 0.0], [-63.07768121259045, -6.920490456939724, 0.0], [-63.07770552542458, -6.92049232186964, 0.0], [-63.07772422278436, -6.920464285322232, 0.0], [-63.07776536767277, -6.920468016399052, 0.0], [-63.07761380256236, -6.919982127246362, 0.0], [-63.07741183273117, -6.920049440530685, 0.0], [-63.07746981937068, -6.920114842581215, 0.0], [-63.07750723115663, -6.920163427879388, 0.0]]], [[[-63.07770917901829, -6.919961553785478, 0.0], [-63.07786261318851, -6.920439967003054, 0.0], [-63.07787757137368, -6.920419406659841, 0.0], [-63.07788317429861, -6.920372683253236, 0.0], [-63.07787194854045, -6.920344651596611, 0.0], [-63.07787755452797, -6.920316617185387, 0.0], [-63.07786819896525, -6.92028858522253, 0.0], [-63.07784762377288, -6.920269899592999, 0.0], [-63.07785884217881, -6.920253077661262, 0.0], [-63.07783826729451, -6.920236260930864, 0.0], [-63.07783451925475, -6.92018953905391, 0.0], [-63.07785695667536, -6.920159632989819, 0.0], [-63.07789808683323, -6.920073656876861, 0.0], [-63.07794296103968, -6.920010106942417, 0.0], [-63.07793921053963, -6.91994843386945, 0.0], [-63.07793920226391, -6.919897973581113, 0.0], [-63.07770917901829, -6.919961553785478, 0.0]]], [[[-63.0773912450884, -6.919954129997903, 0.0], [-63.07736881282042, -6.920015807333504, 0.0], [-63.0776287576913, -6.919942877914835, 0.0], [-63.07762314161948, -6.919909238637555, 0.0], [-63.07758386392158, -6.919886818247043, 0.0], [-63.07753710881337, -6.919884956967625, 0.0], [-63.0775352340475, -6.91985692377846, 0.0], [-63.07750343621137, -6.919828895463523, 0.0], [-63.07748099421315, -6.919830768017548, 0.0], [-63.07745668598278, -6.919856936569623, 0.0], [-63.07743050968912, -6.919896187721956, 0.0], [-63.0773912450884, -6.919954129997903, 0.0]]], [[[-63.07767362550722, -6.919840081113847, 0.0], [-63.07768299235288, -6.919937262365726, 0.0], [-63.07795415889611, -6.919868068737401, 0.0], [-63.07793545299133, -6.919843776106106, 0.0], [-63.07788121681236, -6.919840047185927, 0.0], [-63.07782884745928, -6.919815760058327, 0.0], [-63.07781388041637, -6.91978212231244, 0.0], [-63.07780452242049, -6.919739139150876, 0.0], [-63.07777833576265, -6.919714847736076, 0.0], [-63.07773906143653, -6.91971298525362, 0.0], [-63.07771662372365, -6.919741022413017, 0.0], [-63.07771475842198, -6.919770925111871, 0.0], [-63.07768857726618, -6.9197802738848, 0.0], [-63.07767362550722, -6.919840081113847, 0.0]]]]}}, {"id": "155", "type": "Feature", "properties": {"id": "ID_00223", "Name": "217", "descriptio": "<html xmlns:fo=\"http://www.w3.org/1999/XSL/Format\" xmlns:msxsl=\"urn:schemas-microsoft-com:xslt\">\n\n<head>\n\n<META http-equiv=\"Content-Type\" content=\"text/html\">\n\n<meta http-equiv=\"content-type\" content=\"text/html; charset=UTF-8\">\n\n</head>\n\n<body style=\"mar", "timestamp": null, "begin": null, "end": null, "altitudeMo": null, "tessellate": -1, "extrude": 0, "visibility": -1, "drawOrder": null, "icon": null, "snippet": null}, "geometry": {"type": "MultiPolygon", "coordinates": [[[[-63.09884922285868, -6.986305718962872, 0.0], [-63.09888396161833, -6.986330842526117, 0.0], [-63.09888874766614, -6.986308104088159, 0.0], [-63.09889353220481, -6.986278185408125, 0.0], [-63.09890550649989, -6.986265019118594, 0.0], [-63.09891269047301, -6.98625424724787, 0.0], [-63.09889711828252, -6.986244676858252, 0.0], [-63.09887675652558, -6.986241091007924, 0.0], [-63.09885639577433, -6.986242291984713, 0.0], [-63.09883603502296, -6.986243492960666, 0.0], [-63.09884922285868, -6.986305718962872, 0.0]]], [[[-63.09868990936508, -6.986217196016398, 0.0], [-63.09868871617567, -6.986238736993381, 0.0], [-63.09868392886429, -6.98625549189441, 0.0], [-63.09867315176753, -6.986266264513715, 0.0], [-63.09868034101499, -6.986280623493788, 0.0], [-63.09867914782506, -6.986302164470689, 0.0], [-63.09867795538773, -6.986327295568582, 0.0], [-63.09867915986833, -6.98635960640717, 0.0], [-63.09867078219594, -6.986389525837167, 0.0], [-63.09866359997125, -6.986408674653235, 0.0], [-63.09866839556383, -6.986431411083745, 0.0], [-63.09867558807541, -6.986461327254801, 0.0], [-63.09867439438312, -6.986480474817509, 0.0], [-63.09868637922833, -6.986517570227559, 0.0], [-63.09869237403562, -6.986547486648934, 0.0], [-63.09869956554676, -6.986572615991424, 0.0], [-63.09870076952777, -6.986602533415589, 0.0], [-63.0987259143451, -6.986569020353147, 0.0], [-63.09874985467273, -6.986503196451297, 0.0], [-63.098784563301, -6.986384715181496, 0.0], [-63.09880011891409, -6.986315302912409, 0.0], [-63.09878213448359, -6.986225553651378, 0.0], [-63.0987689607221, -6.986230343239658, 0.0], [-63.09874021527571, -6.986227955846749, 0.0], [-63.09872104997157, -6.986218386203753, 0.0], [-63.09870547803704, -6.986210012514764, 0.0], [-63.09869469918524, -6.986212408185435, 0.0], [-63.09868990936508, -6.986217196016398, 0.0]]], [[[-63.09879048200481, -6.986052029377331, 0.0], [-63.09881204095607, -6.986053221566493, 0.0], [-63.09883120273734, -6.986046037307663, 0.0], [-63.09884437372862, -6.986028083940438, 0.0], [-63.0988659294111, -6.986013718935872, 0.0], [-63.09883597772833, -6.985970643761041, 0.0], [-63.09879882776248, -6.985870128152777, 0.0], [-63.09876770174334, -6.985938346977808, 0.0], [-63.09879048200481, -6.986052029377331, 0.0]]]]}}, {"id": "156", "type": "Feature", "properties": {"id": "ID_00224", "Name": "218", "descriptio": "<html xmlns:fo=\"http://www.w3.org/1999/XSL/Format\" xmlns:msxsl=\"urn:schemas-microsoft-com:xslt\">\n\n<head>\n\n<META http-equiv=\"Content-Type\" content=\"text/html\">\n\n<meta http-equiv=\"content-type\" content=\"text/html; charset=UTF-8\">\n\n</head>\n\n<body style=\"mar", "timestamp": null, "begin": null, "end": null, "altitudeMo": null, "tessellate": -1, "extrude": 0, "visibility": -1, "drawOrder": null, "icon": null, "snippet": null}, "geometry": {"type": "MultiPolygon", "coordinates": [[[[-63.10999253038895, -7.084906552916334, 0.0], [-63.11001697231713, -7.084921625574771, 0.0], [-63.11005004040003, -7.084940286295367, 0.0], [-63.11007017189491, -7.084964694243539, 0.0], [-63.1100629705189, -7.084907254270641, 0.0], [-63.11004500165227, -7.084909412586153, 0.0], [-63.11002199982752, -7.084905109903011, 0.0], [-63.10999253038895, -7.084906552916334, 0.0]]], [[[-63.11025659297254, -7.085385880248652, 0.0], [-63.11032585712501, -7.085527322975671, 0.0], [-63.11032584142899, -7.085461308706806, 0.0], [-63.11031953541275, -7.085409441845785, 0.0], [-63.11031165410888, -7.085349716516245, 0.0], [-63.11030849605795, -7.085302564213194, 0.0], [-63.11032107744367, -7.085277412933861, 0.0], [-63.11031162907392, -7.085244408038786, 0.0], [-63.11029117162013, -7.085231838744116, 0.0], [-63.11025812867237, -7.08522713127498, 0.0], [-63.11025810626428, -7.085132825175118, 0.0], [-63.11027224836883, -7.085054233400441, 0.0], [-63.11030370667616, -7.085011788191857, 0.0], [-63.11029581716304, -7.084917483957312, 0.0], [-63.11027063722555, -7.084895485170781, 0.0], [-63.11022500806845, -7.08489549598855, 0.0], [-63.11015263265006, -7.084903371980353, 0.0], [-63.11010228733644, -7.084920673356155, 0.0], [-63.11011332290361, -7.085011833312735, 0.0], [-63.11013378220807, -7.085032261457334, 0.0], [-63.11020146911605, -7.085157986895718, 0.0], [-63.11025659297254, -7.085385880248652, 0.0]]], [[[-63.11001118330623, -7.084757918162714, 0.0], [-63.11004281587056, -7.084785195475424, 0.0], [-63.11003129351006, -7.084692573496165, 0.0], [-63.10997880542508, -7.084618629751533, 0.0], [-63.10997521886862, -7.084649505501822, 0.0], [-63.10997666254384, -7.084675353915622, 0.0], [-63.10997954989479, -7.084727050743121, 0.0], [-63.11001118330623, -7.084757918162714, 0.0]]], [[[-63.11013373445972, -7.084831075107957, 0.0], [-63.11019352848715, -7.084848350395819, 0.0], [-63.11021870207207, -7.084843629124586, 0.0], [-63.11023757712642, -7.084818476355401, 0.0], [-63.11023914195751, -7.084782325310201, 0.0], [-63.11022339619608, -7.08473360422067, 0.0], [-63.11019505898445, -7.084667596661227, 0.0], [-63.11016672066168, -7.084596873794645, 0.0], [-63.11014309812503, -7.084507288587476, 0.0], [-63.11012577411685, -7.084438134877322, 0.0], [-63.1100786304936, -7.084686485457032, 0.0], [-63.11009282071817, -7.084810651805986, 0.0], [-63.11013373445972, -7.084831075107957, 0.0]]]]}}, {"id": "157", "type": "Feature", "properties": {"id": "ID_00132", "Name": "219", "descriptio": "<html xmlns:fo=\"http://www.w3.org/1999/XSL/Format\" xmlns:msxsl=\"urn:schemas-microsoft-com:xslt\">\n\n<head>\n\n<META http-equiv=\"Content-Type\" content=\"text/html\">\n\n<meta http-equiv=\"content-type\" content=\"text/html; charset=UTF-8\">\n\n</head>\n\n<body style=\"mar", "timestamp": null, "begin": null, "end": null, "altitudeMo": null, "tessellate": -1, "extrude": 0, "visibility": -1, "drawOrder": null, "icon": null, "snippet": null}, "geometry": {"type": "Polygon", "coordinates": [[[-63.11607364486024, -7.134369130571002, 0.0], [-63.11610293029139, -7.134406894137467, 0.0], [-63.11610050444624, -7.134461723512537, 0.0], [-63.11616638632444, -7.134505569958668, 0.0], [-63.11622859796773, -7.134506772723935, 0.0], [-63.11626154291091, -7.134544535358842, 0.0], [-63.11618593156355, -7.134616440988825, 0.0], [-63.11618959965725, -7.134650555741789, 0.0], [-63.11625181869789, -7.134681000509438, 0.0], [-63.11624572999608, -7.134722428219528, 0.0], [-63.11637627465189, -7.134812558199269, 0.0], [-63.11651777657901, -7.134818614606008, 0.0], [-63.11659462839407, -7.134828342546269, 0.0], [-63.11664463560265, -7.134805179996482, 0.0], [-63.1166873336951, -7.134821008630931, 0.0], [-63.11674588156635, -7.134805154414107, 0.0], [-63.11678612116236, -7.134746660226313, 0.0], [-63.11679219252119, -7.134637001164345, 0.0], [-63.116784013055, -7.134578434342352, 0.0], [-63.11672142445445, -7.13456635087035, 0.0], [-63.11670679112046, -7.134584630823001, 0.0], [-63.11672753255674, -7.134601683418857, 0.0], [-63.11669825909701, -7.13461143815228, 0.0], [-63.11669339828961, -7.134684544398652, 0.0], [-63.11663606995388, -7.13469917988377, 0.0], [-63.1166116844424, -7.134743049052353, 0.0], [-63.11657509044528, -7.134746713541497, 0.0], [-63.11656407189911, -7.13458832211604, 0.0], [-63.11663602153277, -7.134507888430923, 0.0], [-63.11661648482458, -7.134431133094467, 0.0], [-63.1165347401979, -7.134367796043613, 0.0], [-63.11649205231753, -7.134392175152279, 0.0], [-63.11645056825095, -7.134353196269703, 0.0], [-63.11650301630736, -7.134334906788153, 0.0], [-63.11652008837672, -7.134312970975519, 0.0], [-63.11641393703798, -7.134209432298, 0.0], [-63.11631634085028, -7.134170467542196, 0.0], [-63.1162516776062, -7.134121747141511, 0.0], [-63.11623094297004, -7.134131499695827, 0.0], [-63.11624437430689, -7.134183888247362, 0.0], [-63.11620535421155, -7.134241163665791, 0.0], [-63.11606508456946, -7.134283843531334, 0.0], [-63.11603215684202, -7.134314312230098, 0.0], [-63.11603460816013, -7.134360611460783, 0.0], [-63.11607364486024, -7.134369130571002, 0.0]], [[-63.11634450428657, -7.134595687981247, 0.0], [-63.11634083064446, -7.134539641725184, 0.0], [-63.11639327287889, -7.134498202334394, 0.0], [-63.11649085836175, -7.134494522480479, 0.0], [-63.11653918759782, -7.134517715763079, 0.0], [-63.1165396641991, -7.134544465264255, 0.0], [-63.11648478662445, -7.134602963123393, 0.0], [-63.11638232795193, -7.134631012544116, 0.0], [-63.11634450428657, -7.134595687981247, 0.0]]]}}, {"id": "158", "type": "Feature", "properties": {"id": "ID_00140", "Name": "220", "descriptio": "<html xmlns:fo=\"http://www.w3.org/1999/XSL/Format\" xmlns:msxsl=\"urn:schemas-microsoft-com:xslt\">\n\n<head>\n\n<META http-equiv=\"Content-Type\" content=\"text/html\">\n\n<meta http-equiv=\"content-type\" content=\"text/html; charset=UTF-8\">\n\n</head>\n\n<body style=\"mar", "timestamp": null, "begin": null, "end": null, "altitudeMo": null, "tessellate": -1, "extrude": 0, "visibility": -1, "drawOrder": null, "icon": null, "snippet": null}, "geometry": {"type": "Polygon", "coordinates": [[[-63.11897481881607, -7.152873394876637, 0.0], [-63.11886369816631, -7.152901965077955, 0.0], [-63.11884790321516, -7.152980951204323, 0.0], [-63.11881627245833, -7.15298095936329, 0.0], [-63.11882808293974, -7.152783501187973, 0.0], [-63.11853550467367, -7.152807271175285, 0.0], [-63.11856339247169, -7.153624728229407, 0.0], [-63.11860300435899, -7.153909053409477, 0.0], [-63.11874931119326, -7.153964303149018, 0.0], [-63.11881256875824, -7.153948490427324, 0.0], [-63.11881649095716, -7.15382606724083, 0.0], [-63.11896671688107, -7.153747046418835, 0.0], [-63.11906157759098, -7.153624599735204, 0.0], [-63.11903381676234, -7.15330078050834, 0.0], [-63.11897481881607, -7.152873394876637, 0.0]]]}}, {"id": "159", "type": "Feature", "properties": {"id": "ID_00133", "Name": "221", "descriptio": "<html xmlns:fo=\"http://www.w3.org/1999/XSL/Format\" xmlns:msxsl=\"urn:schemas-microsoft-com:xslt\">\n\n<head>\n\n<META http-equiv=\"Content-Type\" content=\"text/html\">\n\n<meta http-equiv=\"content-type\" content=\"text/html; charset=UTF-8\">\n\n</head>\n\n<body style=\"mar", "timestamp": null, "begin": null, "end": null, "altitudeMo": null, "tessellate": -1, "extrude": 0, "visibility": -1, "drawOrder": null, "icon": null, "snippet": null}, "geometry": {"type": "Polygon", "coordinates": [[[-63.11806820068688, -7.155086417770232, 0.0], [-63.11790807819522, -7.155081408546442, 0.0], [-63.1178255770887, -7.155090196721455, 0.0], [-63.117779948186, -7.155135793248514, 0.0], [-63.11777470154117, -7.155211185214275, 0.0], [-63.11760797173049, -7.155337464418714, 0.0], [-63.11746404153223, -7.155384839804741, 0.0], [-63.11747810153311, -7.15545321436057, 0.0], [-63.11752024736148, -7.155514567909207, 0.0], [-63.11753781651697, -7.15557417497443, 0.0], [-63.1175044687562, -7.155593469928917, 0.0], [-63.11749394668823, -7.155635551006101, 0.0], [-63.1174535770209, -7.155651341302626, 0.0], [-63.11742723767686, -7.155619788588615, 0.0], [-63.11738862258682, -7.155633825207114, 0.0], [-63.11740444795686, -7.155737264329529, 0.0], [-63.11746062680646, -7.155763548814965, 0.0], [-63.1175887460238, -7.155665332955016, 0.0], [-63.11765196296768, -7.155754733660246, 0.0], [-63.11764670283304, -7.155779281554865, 0.0], [-63.11765373193413, -7.155805578630787, 0.0], [-63.11765725277996, -7.155847656110689, 0.0], [-63.11768533141287, -7.155817843584855, 0.0], [-63.11770112890395, -7.155810826174923, 0.0], [-63.11772220361677, -7.155849392701525, 0.0], [-63.11775730865281, -7.155840618016347, 0.0], [-63.11777135786185, -7.155863406836975, 0.0], [-63.1177485411622, -7.155875685280899, 0.0], [-63.11774328282622, -7.155907246088773, 0.0], [-63.11782403115411, -7.155907225404374, 0.0], [-63.11790829493186, -7.155926489781928, 0.0], [-63.11794865830387, -7.155882647832161, 0.0], [-63.1179820078633, -7.155872119468969, 0.0], [-63.11803465687387, -7.15582301378728, 0.0], [-63.11794335949839, -7.155756412694499, 0.0], [-63.1180047930867, -7.155735357766764, 0.0], [-63.11807149940012, -7.15574235359296, 0.0], [-63.11810486065075, -7.155775657286966, 0.0], [-63.11808731038104, -7.155787934831586, 0.0], [-63.11808555940098, -7.155807221692188, 0.0], [-63.11817508960866, -7.155824731492397, 0.0], [-63.11818561527389, -7.155798429020505, 0.0], [-63.11821370110142, -7.155798421825949, 0.0], [-63.11818209712608, -7.155772131045266, 0.0], [-63.11818384990471, -7.155761610775941, 0.0], [-63.11824705156015, -7.155787893462753, 0.0], [-63.11824879804357, -7.15575458077549, 0.0], [-63.11822772872666, -7.155737053888154, 0.0], [-63.11819964110048, -7.155733554626104, 0.0], [-63.11818383731418, -7.155712518584118, 0.0], [-63.11823648992201, -7.155675686849716, 0.0], [-63.11822595256564, -7.155656403586388, 0.0], [-63.11816803172923, -7.155686224206106, 0.0], [-63.11809779287881, -7.155596824400147, 0.0], [-63.1181328961162, -7.155577529445657, 0.0], [-63.11806820068688, -7.155086417770232, 0.0]]]}}, {"id": "160", "type": "Feature", "properties": {"id": "ID_00134", "Name": "222", "descriptio": "<html xmlns:fo=\"http://www.w3.org/1999/XSL/Format\" xmlns:msxsl=\"urn:schemas-microsoft-com:xslt\">\n\n<head>\n\n<META http-equiv=\"Content-Type\" content=\"text/html\">\n\n<meta http-equiv=\"content-type\" content=\"text/html; charset=UTF-8\">\n\n</head>\n\n<body style=\"mar", "timestamp": null, "begin": null, "end": null, "altitudeMo": null, "tessellate": -1, "extrude": 0, "visibility": -1, "drawOrder": null, "icon": null, "snippet": null}, "geometry": {"type": "Polygon", "coordinates": [[[-63.13011551252082, -7.192224205847489, 0.0], [-63.13009165890288, -7.192174431070232, 0.0], [-63.12988494073738, -7.192093713319318, 0.0], [-63.12976213201677, -7.192132640474039, 0.0], [-63.12968123530072, -7.192075820407871, 0.0], [-63.12951646421339, -7.192027998958054, 0.0], [-63.12938763722962, -7.191971192381706, 0.0], [-63.12930077261252, -7.191995151220342, 0.0], [-63.12921086918625, -7.191869523125059, 0.0], [-63.12920187056982, -7.191827641697401, 0.0], [-63.12915390792647, -7.191710977144981, 0.0], [-63.12913292314585, -7.19165413999164, 0.0], [-63.1290909904568, -7.191675094195346, 0.0], [-63.12907602483865, -7.191716982817591, 0.0], [-63.12910002414674, -7.191839636854826, 0.0], [-63.12914197572155, -7.191887493378225, 0.0], [-63.12916593815748, -7.191881502994033, 0.0], [-63.12927681107594, -7.192007124794036, 0.0], [-63.12930979371197, -7.192117809754167, 0.0], [-63.12930982788622, -7.192237478941598, 0.0], [-63.12930986295977, -7.192363132217842, 0.0], [-63.1293937508209, -7.192402000916663, 0.0], [-63.12933985445067, -7.192488776500895, 0.0], [-63.12937283888537, -7.192605445549923, 0.0], [-63.1295046750007, -7.192710118542191, 0.0], [-63.12970534522549, -7.192587400653111, 0.0], [-63.12978918991916, -7.192476682418024, 0.0], [-63.12978916923476, -7.192401889400734, 0.0], [-63.12971426829881, -7.192363018003952, 0.0], [-63.12993892614049, -7.192321070026415, 0.0], [-63.13010965883365, -7.192267170058928, 0.0], [-63.13011551252082, -7.192224205847489, 0.0]]]}}, {"id": "161", "type": "Feature", "properties": {"id": "ID_00135", "Name": "223", "descriptio": "<html xmlns:fo=\"http://www.w3.org/1999/XSL/Format\" xmlns:msxsl=\"urn:schemas-microsoft-com:xslt\">\n\n<head>\n\n<META http-equiv=\"Content-Type\" content=\"text/html\">\n\n<meta http-equiv=\"content-type\" content=\"text/html; charset=UTF-8\">\n\n</head>\n\n<body style=\"mar", "timestamp": null, "begin": null, "end": null, "altitudeMo": null, "tessellate": -1, "extrude": 0, "visibility": -1, "drawOrder": null, "icon": null, "snippet": null}, "geometry": {"type": "Polygon", "coordinates": [[[-63.16376563527582, -7.277836439662274, 0.0], [-63.16361356531376, -7.277848840413983, 0.0], [-63.16356032005269, -7.277755517765288, 0.0], [-63.16348985996904, -7.277782827477821, 0.0], [-63.16353735046829, -7.277867535520668, 0.0], [-63.16357766347835, -7.277991019632152, 0.0], [-63.16358057458383, -7.27808723270196, 0.0], [-63.16349141669547, -7.27811024095716, 0.0], [-63.16350869447064, -7.278164803725058, 0.0], [-63.16364243175281, -7.278134599094809, 0.0], [-63.16374884673183, -7.278111583644978, 0.0], [-63.16376036255065, -7.278138864579245, 0.0], [-63.16381645686397, -7.278157512021886, 0.0], [-63.16381644067616, -7.278112995580609, 0.0], [-63.16378477284893, -7.278034025212427, 0.0], [-63.16376029779946, -7.277960797015502, 0.0], [-63.16379768531487, -7.277949295585864, 0.0], [-63.16376563527582, -7.277836439662274, 0.0]]]}}, {"id": "162", "type": "Feature", "properties": {"id": "ID_00136", "Name": "224", "descriptio": "<html xmlns:fo=\"http://www.w3.org/1999/XSL/Format\" xmlns:msxsl=\"urn:schemas-microsoft-com:xslt\">\n\n<head>\n\n<META http-equiv=\"Content-Type\" content=\"text/html\">\n\n<meta http-equiv=\"content-type\" content=\"text/html; charset=UTF-8\">\n\n</head>\n\n<body style=\"mar", "timestamp": null, "begin": null, "end": null, "altitudeMo": null, "tessellate": -1, "extrude": 0, "visibility": -1, "drawOrder": null, "icon": null, "snippet": null}, "geometry": {"type": "Polygon", "coordinates": [[[-63.20275195194096, -7.382442411746884, 0.0], [-63.20278796529232, -7.382429389563653, 0.0], [-63.20281424977777, -7.382376852069077, 0.0], [-63.20280920997703, -7.382314323106551, 0.0], [-63.20277412562536, -7.382298080451079, 0.0], [-63.20279037457606, -7.382218033594386, 0.0], [-63.20282293812807, -7.382198009289672, 0.0], [-63.20282167547992, -7.382177999374193, 0.0], [-63.20284797795177, -7.382165481710644, 0.0], [-63.20286677468186, -7.382175477675187, 0.0], [-63.20286422420451, -7.382076679953817, 0.0], [-63.20282412343449, -7.382050435038549, 0.0], [-63.20283282707329, -7.381905359104037, 0.0], [-63.20279648367074, -7.381877862332518, 0.0], [-63.20277019648735, -7.381922896783274, 0.0], [-63.20273511213566, -7.381907905084768, 0.0], [-63.20272256749245, -7.381870391664241, 0.0], [-63.20268247121902, -7.381855402663723, 0.0], [-63.20259855457959, -7.381895460266299, 0.0], [-63.20263491686787, -7.381966729739784, 0.0], [-63.20269631448324, -7.381992964762526, 0.0], [-63.20271886138629, -7.381985450926808, 0.0], [-63.20273139433834, -7.381996700546301, 0.0], [-63.20270511165154, -7.382054240969435, 0.0], [-63.20270637160172, -7.38206924795642, 0.0], [-63.2027251602379, -7.382062985977055, 0.0], [-63.2027452133209, -7.382081736841675, 0.0], [-63.20271515438083, -7.382099259232433, 0.0], [-63.20269385393818, -7.382091765181858, 0.0], [-63.20268757487162, -7.38205800103494, 0.0], [-63.20264747949756, -7.382043012034415, 0.0], [-63.20265250850646, -7.38208177821051, 0.0], [-63.20269386113274, -7.382108023125769, 0.0], [-63.20270890139466, -7.382121772860522, 0.0], [-63.20268886899606, -7.382149295712425, 0.0], [-63.20270140734402, -7.382171801246629, 0.0], [-63.20272020587277, -7.382186800139746, 0.0], [-63.20271269473506, -7.382199309709354, 0.0], [-63.20270518449661, -7.382213070236007, 0.0], [-63.20270894726008, -7.38222307339511, 0.0], [-63.20272523038506, -7.382216812315008, 0.0], [-63.20275527493595, -7.382168024993366, 0.0], [-63.20275401768373, -7.382158020035622, 0.0], [-63.20277406087416, -7.382155510027782, 0.0], [-63.20278033094746, -7.382170514316805, 0.0], [-63.20275529651969, -7.382215548767554, 0.0], [-63.20274028413678, -7.38226182788005, 0.0], [-63.20271147255637, -7.38226684339909, 0.0], [-63.20269268661814, -7.382279358364674, 0.0], [-63.2026952011226, -7.382299367380893, 0.0], [-63.20268520066146, -7.382346895651746, 0.0], [-63.20275195194096, -7.382442411746884, 0.0]]]}}, {"id": "163", "type": "Feature", "properties": {"id": "ID_00137", "Name": "225", "descriptio": "<html xmlns:fo=\"http://www.w3.org/1999/XSL/Format\" xmlns:msxsl=\"urn:schemas-microsoft-com:xslt\">\n\n<head>\n\n<META http-equiv=\"Content-Type\" content=\"text/html\">\n\n<meta http-equiv=\"content-type\" content=\"text/html; charset=UTF-8\">\n\n</head>\n\n<body style=\"mar", "timestamp": null, "begin": null, "end": null, "altitudeMo": null, "tessellate": -1, "extrude": 0, "visibility": -1, "drawOrder": null, "icon": null, "snippet": null}, "geometry": {"type": "Polygon", "coordinates": [[[-63.20514141104723, -7.389615629216681, 0.0], [-63.2051264220467, -7.389506661062351, 0.0], [-63.20512790952535, -7.389475188387982, 0.0], [-63.20508884567363, -7.389409265384046, 0.0], [-63.20504225539573, -7.38929838617039, 0.0], [-63.20500621416538, -7.389274424633777, 0.0], [-63.20496712243471, -7.389145557180503, 0.0], [-63.20492657380232, -7.38911410429128, 0.0], [-63.20492655671518, -7.389076637635495, 0.0], [-63.20495507601589, -7.389067632723839, 0.0], [-63.20491899791341, -7.388962742995004, 0.0], [-63.20487544374669, -7.388925297023648, 0.0], [-63.20481094886618, -7.38905271207178, 0.0], [-63.20476587844251, -7.388982296054892, 0.0], [-63.20472229819547, -7.388887900514958, 0.0], [-63.20466529017096, -7.38897335049851, 0.0], [-63.20465179854164, -7.389015319160448, 0.0], [-63.20474040154824, -7.389078222240946, 0.0], [-63.20474191780522, -7.389111191387171, 0.0], [-63.20482300607682, -7.389156114321988, 0.0], [-63.20482302046599, -7.389186087826461, 0.0], [-63.20477800310233, -7.389231068317915, 0.0], [-63.20475850939766, -7.389280532829132, 0.0], [-63.20481110444889, -7.389391409344814, 0.0], [-63.20479762451071, -7.389458854900973, 0.0], [-63.20480813938411, -7.389472338436427, 0.0], [-63.20484266076017, -7.389455836776238, 0.0], [-63.2049057356112, -7.389503765245325, 0.0], [-63.20492980776437, -7.389616153521455, 0.0], [-63.20490732471325, -7.389694094165861, 0.0], [-63.2049388729306, -7.389740537854277, 0.0], [-63.20492536781143, -7.389754032181601, 0.0], [-63.20495240502942, -7.389785491366067, 0.0], [-63.20502294245479, -7.389739000912944, 0.0], [-63.20498686884889, -7.389644601775738, 0.0], [-63.20503940814211, -7.389634086902345, 0.0], [-63.20505290516742, -7.38960410800196, 0.0], [-63.20509645213953, -7.389626567670706, 0.0], [-63.20514141104723, -7.389615629216681, 0.0]]]}}]}