{"type": "FeatureCollection", "features": [{"id": "0", "type": "Feature", "properties": {"id": null, "Name": "\u00c1rea 101", "descriptio": null, "timestamp": null, "begin": null, "end": null, "altitudeMo": null, "tessellate": -1, "extrude": 0, "visibility": -1, "drawOrder": 0, "icon": null}, "geometry": {"type": "Point", "coordinates": [-61.77162414164076, -5.157654893858194, 0.0]}}, {"id": "1", "type": "Feature", "properties": {"id": null, "Name": "\u00c1rea 102", "descriptio": null, "timestamp": null, "begin": null, "end": null, "altitudeMo": null, "tessellate": -1, "extrude": 0, "visibility": -1, "drawOrder": 0, "icon": null}, "geometry": {"type": "Point", "coordinates": [-61.78714938903306, -5.169326850253867, 0.0]}}, {"id": "2", "type": "Feature", "properties": {"id": null, "Name": "\u00c1rea 103", "descriptio": null, "timestamp": null, "begin": null, "end": null, "altitudeMo": null, "tessellate": -1, "extrude": 0, "visibility": -1, "drawOrder": 0, "icon": null}, "geometry": {"type": "Point", "coordinates": [-61.781957999462065, -5.1660087781825155, 0.0]}}, {"id": "3", "type": "Feature", "properties": {"id": null, "Name": "\u00c1rea 104", "descriptio": null, "timestamp": null, "begin": null, "end": null, "altitudeMo": null, "tessellate": -1, "extrude": 0, "visibility": -1, "drawOrder": 0, "icon": null}, "geometry": {"type": "Point", "coordinates": [-61.82832028215523, -5.195240652234247, 0.0]}}, {"id": "4", "type": "Feature", "properties": {"id": null, "Name": "\u00c1rea 105", "descriptio": null, "timestamp": null, "begin": null, "end": null, "altitudeMo": null, "tessellate": -1, "extrude": 0, "visibility": -1, "drawOrder": 0, "icon": null}, "geometry": {"type": "Point", "coordinates": [-61.83004059080059, -5.1961049906527705, 0.0]}}, {"id": "5", "type": "Feature", "properties": {"id": null, "Name": "\u00c1rea 106", "descriptio": null, "timestamp": null, "begin": null, "end": null, "altitudeMo": null, "tessellate": -1, "extrude": 0, "visibility": -1, "drawOrder": 0, "icon": null}, "geometry": {"type": "Point", "coordinates": [-61.83141112882049, -5.197398466665845, 0.0]}}, {"id": "6", "type": "Feature", "properties": {"id": null, "Name": "\u00c1rea 107", "descriptio": null, "timestamp": null, "begin": null, "end": null, "altitudeMo": null, "tessellate": -1, "extrude": 0, "visibility": -1, "drawOrder": 0, "icon": null}, "geometry": {"type": "Point", "coordinates": [-61.83340187079966, -5.197947256360749, 0.0]}}, {"id": "7", "type": "Feature", "properties": {"id": null, "Name": "\u00c1rea 108", "descriptio": null, "timestamp": null, "begin": null, "end": null, "altitudeMo": null, "tessellate": -1, "extrude": 0, "visibility": -1, "drawOrder": 0, "icon": null}, "geometry": {"type": "Point", "coordinates": [-61.833152831437985, -5.198376292332, 0.0]}}, {"id": "8", "type": "Feature", "properties": {"id": null, "Name": "\u00c1rea 109", "descriptio": null, "timestamp": null, "begin": null, "end": null, "altitudeMo": null, "tessellate": -1, "extrude": 0, "visibility": -1, "drawOrder": 0, "icon": null}, "geometry": {"type": "Point", "coordinates": [-61.836344472319524, -5.200348159340024, 0.0]}}, {"id": "9", "type": "Feature", "properties": {"id": null, "Name": "\u00c1rea 110", "descriptio": null, "timestamp": null, "begin": null, "end": null, "altitudeMo": null, "tessellate": -1, "extrude": 0, "visibility": -1, "drawOrder": 0, "icon": null}, "geometry": {"type": "Point", "coordinates": [-61.83104259294129, -5.1968331501297484, 0.0]}}, {"id": "10", "type": "Feature", "properties": {"id": null, "Name": "\u00c1rea 111", "descriptio": null, "timestamp": null, "begin": null, "end": null, "altitudeMo": null, "tessellate": -1, "extrude": 0, "visibility": -1, "drawOrder": 0, "icon": null}, "geometry": {"type": "Point", "coordinates": [-61.84512300482277, -5.205568474705274, 0.0]}}, {"id": "11", "type": "Feature", "properties": {"id": null, "Name": "\u00c1rea 112", "descriptio": null, "timestamp": null, "begin": null, "end": null, "altitudeMo": null, "tessellate": -1, "extrude": 0, "visibility": -1, "drawOrder": 0, "icon": null}, "geometry": {"type": "Point", "coordinates": [-61.86866602931377, -5.2230989926243865, 0.0]}}, {"id": "12", "type": "Feature", "properties": {"id": null, "Name": "\u00c1rea 113", "descriptio": null, "timestamp": null, "begin": null, "end": null, "altitudeMo": null, "tessellate": -1, "extrude": 0, "visibility": -1, "drawOrder": 0, "icon": null}, "geometry": {"type": "Point", "coordinates": [-61.85617732572297, -5.212695548860438, 0.0]}}, {"id": "13", "type": "Feature", "properties": {"id": null, "Name": "\u00c1rea 114", "descriptio": null, "timestamp": null, "begin": null, "end": null, "altitudeMo": null, "tessellate": -1, "extrude": 0, "visibility": -1, "drawOrder": 0, "icon": null}, "geometry": {"type": "Point", "coordinates": [-61.89128461189529, -5.244798485161937, 0.0]}}, {"id": "14", "type": "Feature", "properties": {"id": null, "Name": "\u00c1rea 115", "descriptio": null, "timestamp": null, "begin": null, "end": null, "altitudeMo": null, "tessellate": -1, "extrude": 0, "visibility": -1, "drawOrder": 0, "icon": null}, "geometry": {"type": "Point", "coordinates": [-61.86969323225685, -5.223864623253689, 0.0]}}, {"id": "15", "type": "Feature", "properties": {"id": null, "Name": "\u00c1rea 116", "descriptio": null, "timestamp": null, "begin": null, "end": null, "altitudeMo": null, "tessellate": -1, "extrude": 0, "visibility": -1, "drawOrder": 0, "icon": null}, "geometry": {"type": "Point", "coordinates": [-61.873871883580534, -5.22801324261701, 0.0]}}, {"id": "16", "type": "Feature", "properties": {"id": null, "Name": "\u00c1rea 117", "descriptio": null, "timestamp": null, "begin": null, "end": null, "altitudeMo": null, "tessellate": -1, "extrude": 0, "visibility": -1, "drawOrder": 0, "icon": null}, "geometry": {"type": "Point", "coordinates": [-61.88662443207187, -5.2404526984332165, 0.0]}}, {"id": "17", "type": "Feature", "properties": {"id": null, "Name": "\u00c1rea 118", "descriptio": null, "timestamp": null, "begin": null, "end": null, "altitudeMo": null, "tessellate": -1, "extrude": 0, "visibility": -1, "drawOrder": 0, "icon": null}, "geometry": {"type": "Point", "coordinates": [-61.92349740038469, -5.276683491449944, 0.0]}}, {"id": "18", "type": "Feature", "properties": {"id": null, "Name": "\u00c1rea 119", "descriptio": null, "timestamp": null, "begin": null, "end": null, "altitudeMo": null, "tessellate": -1, "extrude": 0, "visibility": -1, "drawOrder": 0, "icon": null}, "geometry": {"type": "Point", "coordinates": [-61.90120567190422, -5.254733254436076, 0.0]}}, {"id": "19", "type": "Feature", "properties": {"id": null, "Name": "\u00c1rea 120", "descriptio": null, "timestamp": null, "begin": null, "end": null, "altitudeMo": null, "tessellate": -1, "extrude": 0, "visibility": -1, "drawOrder": 0, "icon": null}, "geometry": {"type": "Point", "coordinates": [-61.92885175070768, -5.281808085674584, 0.0]}}, {"id": "20", "type": "Feature", "properties": {"id": null, "Name": "\u00c1rea 121", "descriptio": null, "timestamp": null, "begin": null, "end": null, "altitudeMo": null, "tessellate": -1, "extrude": 0, "visibility": -1, "drawOrder": 0, "icon": null}, "geometry": {"type": "Point", "coordinates": [-61.90673090690581, -5.260109306299398, 0.0]}}, {"id": "21", "type": "Feature", "properties": {"id": null, "Name": "\u00c1rea 122", "descriptio": null, "timestamp": null, "begin": null, "end": null, "altitudeMo": null, "tessellate": -1, "extrude": 0, "visibility": -1, "drawOrder": 0, "icon": null}, "geometry": {"type": "Point", "coordinates": [-61.94811857441266, -5.297562300459731, 0.0]}}, {"id": "22", "type": "Feature", "properties": {"id": null, "Name": "\u00c1rea 123", "descriptio": null, "timestamp": null, "begin": null, "end": null, "altitudeMo": null, "tessellate": -1, "extrude": 0, "visibility": -1, "drawOrder": 0, "icon": null}, "geometry": {"type": "Point", "coordinates": [-61.948064227482064, -5.297238465382804, 0.0]}}, {"id": "23", "type": "Feature", "properties": {"id": null, "Name": "\u00c1rea 124", "descriptio": null, "timestamp": null, "begin": null, "end": null, "altitudeMo": null, "tessellate": -1, "extrude": 0, "visibility": -1, "drawOrder": 0, "icon": null}, "geometry": {"type": "Point", "coordinates": [-61.92929524957606, -5.282139332064503, 0.0]}}, {"id": "24", "type": "Feature", "properties": {"id": null, "Name": "\u00c1rea 125", "descriptio": null, "timestamp": null, "begin": null, "end": null, "altitudeMo": null, "tessellate": -1, "extrude": 0, "visibility": -1, "drawOrder": 0, "icon": null}, "geometry": {"type": "Point", "coordinates": [-61.97512346087899, -5.307623953282757, 0.0]}}, {"id": "25", "type": "Feature", "properties": {"id": null, "Name": "\u00c1rea 126", "descriptio": null, "timestamp": null, "begin": null, "end": null, "altitudeMo": null, "tessellate": -1, "extrude": 0, "visibility": -1, "drawOrder": 0, "icon": null}, "geometry": {"type": "Point", "coordinates": [-61.969052180913366, -5.305434856833131, 0.0]}}, {"id": "26", "type": "Feature", "properties": {"id": null, "Name": "\u00c1rea 127", "descriptio": null, "timestamp": null, "begin": null, "end": null, "altitudeMo": null, "tessellate": -1, "extrude": 0, "visibility": -1, "drawOrder": 0, "icon": null}, "geometry": {"type": "Point", "coordinates": [-61.997309240229185, -5.316362874247204, 0.0]}}, {"id": "27", "type": "Feature", "properties": {"id": null, "Name": "\u00c1rea 128", "descriptio": null, "timestamp": null, "begin": null, "end": null, "altitudeMo": null, "tessellate": -1, "extrude": 0, "visibility": -1, "drawOrder": 0, "icon": null}, "geometry": {"type": "Point", "coordinates": [-61.971842326662, -5.306495174612564, 0.0]}}, {"id": "28", "type": "Feature", "properties": {"id": null, "Name": "\u00c1rea 129", "descriptio": null, "timestamp": null, "begin": null, "end": null, "altitudeMo": null, "tessellate": -1, "extrude": 0, "visibility": -1, "drawOrder": 0, "icon": null}, "geometry": {"type": "Point", "coordinates": [-62.00030455281285, -5.317357149412885, 0.0]}}, {"id": "29", "type": "Feature", "properties": {"id": null, "Name": "\u00c1rea 130", "descriptio": null, "timestamp": null, "begin": null, "end": null, "altitudeMo": null, "tessellate": -1, "extrude": 0, "visibility": -1, "drawOrder": 0, "icon": null}, "geometry": {"type": "Point", "coordinates": [-62.037262451301046, -5.356534270739928, 0.0]}}, {"id": "30", "type": "Feature", "properties": {"id": null, "Name": "\u00c1rea 131", "descriptio": null, "timestamp": null, "begin": null, "end": null, "altitudeMo": null, "tessellate": -1, "extrude": 0, "visibility": -1, "drawOrder": 0, "icon": null}, "geometry": {"type": "Point", "coordinates": [-62.038170228773026, -5.357813675960358, 0.0]}}, {"id": "31", "type": "Feature", "properties": {"id": null, "Name": "\u00c1rea 132", "descriptio": null, "timestamp": null, "begin": null, "end": null, "altitudeMo": null, "tessellate": -1, "extrude": 0, "visibility": -1, "drawOrder": 0, "icon": null}, "geometry": {"type": "Point", "coordinates": [-62.02344294893288, -5.33761087564136, 0.0]}}, {"id": "32", "type": "Feature", "properties": {"id": null, "Name": "\u00c1rea 133", "descriptio": null, "timestamp": null, "begin": null, "end": null, "altitudeMo": null, "tessellate": -1, "extrude": 0, "visibility": -1, "drawOrder": 0, "icon": null}, "geometry": {"type": "Point", "coordinates": [-62.02696213459478, -5.342433437053444, 0.0]}}, {"id": "33", "type": "Feature", "properties": {"id": null, "Name": "\u00c1rea 134", "descriptio": null, "timestamp": null, "begin": null, "end": null, "altitudeMo": null, "tessellate": -1, "extrude": 0, "visibility": -1, "drawOrder": 0, "icon": null}, "geometry": {"type": "Point", "coordinates": [-62.037020279162505, -5.35596640732382, 0.0]}}, {"id": "34", "type": "Feature", "properties": {"id": null, "Name": "\u00c1rea 135", "descriptio": null, "timestamp": null, "begin": null, "end": null, "altitudeMo": null, "tessellate": -1, "extrude": 0, "visibility": -1, "drawOrder": 0, "icon": null}, "geometry": {"type": "Point", "coordinates": [-62.0830813240438, -5.4201088570380875, 0.0]}}, {"id": "35", "type": "Feature", "properties": {"id": null, "Name": "\u00c1rea 136", "descriptio": null, "timestamp": null, "begin": null, "end": null, "altitudeMo": null, "tessellate": -1, "extrude": 0, "visibility": -1, "drawOrder": 0, "icon": null}, "geometry": {"type": "Point", "coordinates": [-62.08342177409554, -5.42034965771046, 0.0]}}, {"id": "36", "type": "Feature", "properties": {"id": null, "Name": "\u00c1rea 137", "descriptio": null, "timestamp": null, "begin": null, "end": null, "altitudeMo": null, "tessellate": -1, "extrude": 0, "visibility": -1, "drawOrder": 0, "icon": null}, "geometry": {"type": "Point", "coordinates": [-62.09635030192487, -5.446956018605306, 0.0]}}, {"id": "37", "type": "Feature", "properties": {"id": null, "Name": "\u00c1rea 138", "descriptio": null, "timestamp": null, "begin": null, "end": null, "altitudeMo": null, "tessellate": -1, "extrude": 0, "visibility": -1, "drawOrder": 0, "icon": null}, "geometry": {"type": "Point", "coordinates": [-62.085016209130686, -5.42376475943604, 0.0]}}, {"id": "38", "type": "Feature", "properties": {"id": null, "Name": "\u00c1rea 139", "descriptio": null, "timestamp": null, "begin": null, "end": null, "altitudeMo": null, "tessellate": -1, "extrude": 0, "visibility": -1, "drawOrder": 0, "icon": null}, "geometry": {"type": "Point", "coordinates": [-62.08773315366204, -5.429087603809819, 0.0]}}, {"id": "39", "type": "Feature", "properties": {"id": null, "Name": "\u00c1rea 140", "descriptio": null, "timestamp": null, "begin": null, "end": null, "altitudeMo": null, "tessellate": -1, "extrude": 0, "visibility": -1, "drawOrder": 0, "icon": null}, "geometry": {"type": "Point", "coordinates": [-62.10065229077054, -5.454947094832505, 0.0]}}, {"id": "40", "type": "Feature", "properties": {"id": null, "Name": "\u00c1rea 141", "descriptio": null, "timestamp": null, "begin": null, "end": null, "altitudeMo": null, "tessellate": -1, "extrude": 0, "visibility": -1, "drawOrder": 0, "icon": null}, "geometry": {"type": "Point", "coordinates": [-62.10665510085221, -5.4679475036742815, 0.0]}}, {"id": "41", "type": "Feature", "properties": {"id": null, "Name": "\u00c1rea 142", "descriptio": null, "timestamp": null, "begin": null, "end": null, "altitudeMo": null, "tessellate": -1, "extrude": 0, "visibility": -1, "drawOrder": 0, "icon": null}, "geometry": {"type": "Point", "coordinates": [-62.110144291425854, -5.474789194165908, 0.0]}}, {"id": "42", "type": "Feature", "properties": {"id": null, "Name": "\u00c1rea 143", "descriptio": null, "timestamp": null, "begin": null, "end": null, "altitudeMo": null, "tessellate": -1, "extrude": 0, "visibility": -1, "drawOrder": 0, "icon": null}, "geometry": {"type": "Point", "coordinates": [-62.10189969721324, -5.458424204813127, 0.0]}}, {"id": "43", "type": "Feature", "properties": {"id": null, "Name": "\u00c1rea 144", "descriptio": null, "timestamp": null, "begin": null, "end": null, "altitudeMo": null, "tessellate": -1, "extrude": 0, "visibility": -1, "drawOrder": 0, "icon": null}, "geometry": {"type": "Point", "coordinates": [-62.11175712029484, -5.4807879411105205, 0.0]}}, {"id": "44", "type": "Feature", "properties": {"id": null, "Name": "\u00c1rea 145", "descriptio": null, "timestamp": null, "begin": null, "end": null, "altitudeMo": null, "tessellate": -1, "extrude": 0, "visibility": -1, "drawOrder": 0, "icon": null}, "geometry": {"type": "Point", "coordinates": [-62.134963020426994, -5.519807608234487, 0.0]}}, {"id": "45", "type": "Feature", "properties": {"id": null, "Name": "\u00c1rea 146", "descriptio": null, "timestamp": null, "begin": null, "end": null, "altitudeMo": null, "tessellate": -1, "extrude": 0, "visibility": -1, "drawOrder": 0, "icon": null}, "geometry": {"type": "Point", "coordinates": [-62.138056950867565, -5.523764116220946, 0.0]}}, {"id": "46", "type": "Feature", "properties": {"id": null, "Name": "\u00c1rea 147", "descriptio": null, "timestamp": null, "begin": null, "end": null, "altitudeMo": null, "tessellate": -1, "extrude": 0, "visibility": -1, "drawOrder": 0, "icon": null}, "geometry": {"type": "Point", "coordinates": [-62.12362762451522, -5.503249978703479, 0.0]}}, {"id": "47", "type": "Feature", "properties": {"id": null, "Name": "\u00c1rea 148", "descriptio": null, "timestamp": null, "begin": null, "end": null, "altitudeMo": null, "tessellate": -1, "extrude": 0, "visibility": -1, "drawOrder": 0, "icon": null}, "geometry": {"type": "Point", "coordinates": [-62.1361111111388, -5.521388888886065, 0.0]}}, {"id": "48", "type": "Feature", "properties": {"id": null, "Name": "\u00c1rea 149", "descriptio": null, "timestamp": null, "begin": null, "end": null, "altitudeMo": null, "tessellate": -1, "extrude": 0, "visibility": -1, "drawOrder": 0, "icon": null}, "geometry": {"type": "Point", "coordinates": [-62.16737560589945, -5.5618277779295795, 0.0]}}, {"id": "49", "type": "Feature", "properties": {"id": null, "Name": "\u00c1rea 150", "descriptio": "DISCRIMINA\u00c7\u00c3O E CLASSIFICA\u00c7\u00c3O DO PROBLEMA\nER (33) - Eros\u00e3o (Em sulcos), SC \u2013 Sem cobertura\n\nLOCALIZA\u00c7\u00c3O\nDist\u00e2ncia do eixo (m) 5\n\nDIMENS\u00d5ES (m)\nComprimento 109,1\nLargura 37,3\n\nSOLU\u00c7\u00c3O\nProte\u00e7\u00e3o vegetal (PVE) com mudas e leguminosas.\nImplanta", "timestamp": null, "begin": null, "end": null, "altitudeMo": null, "tessellate": -1, "extrude": 0, "visibility": -1, "drawOrder": 0, "icon": null}, "geometry": {"type": "Point", "coordinates": [-62.19121681500394, -5.5997534440661525, 0.0]}}, {"id": "50", "type": "Feature", "properties": {"id": null, "Name": "\u00c1rea 151", "descriptio": "DISCRIMINA\u00c7\u00c3O E CLASSIFICA\u00c7\u00c3O DO PROBLEMA\nSC \u2013 Sem cobertura\n\nLOCALIZA\u00c7\u00c3O\nDist\u00e2ncia do eixo (m) 25\n\nDIMENS\u00d5ES (m)\nComprimento 150\nLargura 40\nAltura 1,0\n\nSOLU\u00c7\u00c3O\nCercamento da \u00e1rea, prote\u00e7\u00e3o vegetal (PVE) com mudas e leguminosas. Implanta\u00e7", "timestamp": null, "begin": null, "end": null, "altitudeMo": null, "tessellate": -1, "extrude": 0, "visibility": -1, "drawOrder": 0, "icon": null}, "geometry": {"type": "Point", "coordinates": [-62.198946061711354, -5.611732637651073, 0.0]}}, {"id": "51", "type": "Feature", "properties": {"id": null, "Name": "\u00c1rea 152", "descriptio": "DISCRIMINA\u00c7\u00c3O E CLASSIFICA\u00c7\u00c3O DO PROBLEMA\nSC \u2013 Sem cobertura\n\nLOCALIZA\u00c7\u00c3O\nDist\u00e2ncia do eixo (m) 0\n\nDIMENS\u00d5ES (m)\nComprimento 40\nLargura 15\n\nSOLU\u00c7\u00c3O\nCercamento da \u00e1rea, prote\u00e7\u00e3o vegetal (PVE) com mudas, biomanta e\nleguminosas. Implanta\u00e7\u00e3o", "timestamp": null, "begin": null, "end": null, "altitudeMo": null, "tessellate": -1, "extrude": 0, "visibility": -1, "drawOrder": 0, "icon": null}, "geometry": {"type": "Point", "coordinates": [-62.19186873625313, -5.600696288802624, 0.0]}}, {"id": "52", "type": "Feature", "properties": {"id": null, "Name": "\u00c1rea 153", "descriptio": "DISCRIMINA\u00c7\u00c3O E CLASSIFICA\u00c7\u00c3O DO PROBLEMA\nSC \u2013 Sem cobertura\n\nLOCALIZA\u00c7\u00c3O\nDist\u00e2ncia do eixo (m) 0\n\nDIMENS\u00d5ES (m)\nComprimento 50\nLargura 15\n\nSOLU\u00c7\u00c3O\nCercamento da \u00e1rea, prote\u00e7\u00e3o vegetal (PVE) com mudas, biomanta e\nleguminosas. Implanta\u00e7\u00e3o", "timestamp": null, "begin": null, "end": null, "altitudeMo": null, "tessellate": -1, "extrude": 0, "visibility": -1, "drawOrder": 0, "icon": null}, "geometry": {"type": "Point", "coordinates": [-62.19837753999144, -5.61112598917299, 0.0]}}, {"id": "53", "type": "Feature", "properties": {"id": null, "Name": "\u00c1rea 154", "descriptio": "DISCRIMINA\u00c7\u00c3O E CLASSIFICA\u00c7\u00c3O DO PROBLEMA\nER (33) - Eros\u00e3o (Ravinamento), ER (30) - Eros\u00e3o (Sulcos); SC \u2013 Sem cobertura\n\nLOCALIZA\u00c7\u00c3O\nDist\u00e2ncia do eixo (m) 5\n\nDIMENS\u00d5ES (m)\nComprimento 73,10\nLargura 94,20\nAltura 1,0\n\nSOLU\u00c7\u00c3O\nProte\u00e7\u00e3o veget", "timestamp": null, "begin": null, "end": null, "altitudeMo": null, "tessellate": -1, "extrude": 0, "visibility": -1, "drawOrder": 0, "icon": null}, "geometry": {"type": "Point", "coordinates": [-62.22644444485519, -5.656138888598775, 0.0]}}, {"id": "54", "type": "Feature", "properties": {"id": null, "Name": "\u00c1rea 155", "descriptio": "DISCRIMINA\u00c7\u00c3O E CLASSIFICA\u00c7\u00c3O DO PROBLEMA\nER (30) - Eros\u00e3o (Em Sulcos), SC \u2013 Sem cobertura\n\nLOCALIZA\u00c7\u00c3O\nDist\u00e2ncia do eixo (m) 5\n\nDIMENS\u00d5ES (m)\nComprimento 53,3\nLargura 96,9\nAltura 0,5\n\nSOLU\u00c7\u00c3O\nProte\u00e7\u00e3o vegetal (PVE) com mudas e leguminosas", "timestamp": null, "begin": null, "end": null, "altitudeMo": null, "tessellate": -1, "extrude": 0, "visibility": -1, "drawOrder": 0, "icon": null}, "geometry": {"type": "Point", "coordinates": [-62.28582162806566, -5.750811111243763, 0.0]}}, {"id": "55", "type": "Feature", "properties": {"id": null, "Name": "\u00c1rea 156", "descriptio": "DISCRIMINA\u00c7\u00c3O E CLASSIFICA\u00c7\u00c3O DO PROBLEMA\nProcessos Erosivos\n\nLOCALIZA\u00c7\u00c3O\nDist\u00e2ncia do eixo (m) 30\n\nDIMENS\u00d5ES (m)\nComprimento 100\nLargura 160\n\nSOLU\u00c7\u00c3O\nProte\u00e7\u00e3o vegetal (PVE) com mudas e leguminosas; Cercamento da \u00e1rea;\nImplanta\u00e7\u00e3o placa.\n\n", "timestamp": null, "begin": null, "end": null, "altitudeMo": null, "tessellate": -1, "extrude": 0, "visibility": -1, "drawOrder": 0, "icon": null}, "geometry": {"type": "Point", "coordinates": [-62.314126958492295, -5.792616666725735, 0.0]}}, {"id": "56", "type": "Feature", "properties": {"id": null, "Name": "\u00c1rea 157", "descriptio": null, "timestamp": null, "begin": null, "end": null, "altitudeMo": null, "tessellate": -1, "extrude": 0, "visibility": -1, "drawOrder": 0, "icon": null}, "geometry": {"type": "Point", "coordinates": [-62.34231579973431, -5.82844844044314, 0.0]}}, {"id": "57", "type": "Feature", "properties": {"id": null, "Name": "\u00c1rea 158", "descriptio": null, "timestamp": null, "begin": null, "end": null, "altitudeMo": null, "tessellate": -1, "extrude": 0, "visibility": -1, "drawOrder": 0, "icon": null}, "geometry": {"type": "Point", "coordinates": [-62.343101779323604, -5.8279301422622325, 0.0]}}, {"id": "58", "type": "Feature", "properties": {"id": null, "Name": "\u00c1rea 159", "descriptio": null, "timestamp": null, "begin": null, "end": null, "altitudeMo": null, "tessellate": -1, "extrude": 0, "visibility": -1, "drawOrder": 0, "icon": null}, "geometry": {"type": "Point", "coordinates": [-62.33203822058738, -5.817322426488772, 0.0]}}, {"id": "59", "type": "Feature", "properties": {"id": null, "Name": "\u00c1rea 160", "descriptio": null, "timestamp": null, "begin": null, "end": null, "altitudeMo": null, "tessellate": -1, "extrude": 0, "visibility": -1, "drawOrder": 0, "icon": null}, "geometry": {"type": "Point", "coordinates": [-62.35134589149965, -5.837139251275403, 0.0]}}, {"id": "60", "type": "Feature", "properties": {"id": null, "Name": "\u00c1rea 161", "descriptio": null, "timestamp": null, "begin": null, "end": null, "altitudeMo": null, "tessellate": -1, "extrude": 0, "visibility": -1, "drawOrder": 0, "icon": null}, "geometry": {"type": "Point", "coordinates": [-62.35391206019341, -5.840587990343408, 0.0]}}, {"id": "61", "type": "Feature", "properties": {"id": null, "Name": "\u00c1rea 162", "descriptio": null, "timestamp": null, "begin": null, "end": null, "altitudeMo": null, "tessellate": -1, "extrude": 0, "visibility": -1, "drawOrder": 0, "icon": null}, "geometry": {"type": "Point", "coordinates": [-62.34355330554058, -5.8292429249210045, 0.0]}}, {"id": "62", "type": "Feature", "properties": {"id": null, "Name": "\u00c1rea 163", "descriptio": null, "timestamp": null, "begin": null, "end": null, "altitudeMo": null, "tessellate": -1, "extrude": 0, "visibility": -1, "drawOrder": 0, "icon": null}, "geometry": {"type": "Point", "coordinates": [-62.37842138913578, -5.867043534931156, 0.0]}}, {"id": "63", "type": "Feature", "properties": {"id": null, "Name": "\u00c1rea 164", "descriptio": null, "timestamp": null, "begin": null, "end": null, "altitudeMo": null, "tessellate": -1, "extrude": 0, "visibility": -1, "drawOrder": 0, "icon": null}, "geometry": {"type": "Point", "coordinates": [-62.379717028018376, -5.868084719634055, 0.0]}}, {"id": "64", "type": "Feature", "properties": {"id": null, "Name": "\u00c1rea 165", "descriptio": null, "timestamp": null, "begin": null, "end": null, "altitudeMo": null, "tessellate": -1, "extrude": 0, "visibility": -1, "drawOrder": 0, "icon": null}, "geometry": {"type": "Point", "coordinates": [-62.37590777862107, -5.8638444071935965, 0.0]}}, {"id": "65", "type": "Feature", "properties": {"id": null, "Name": "\u00c1rea 166", "descriptio": null, "timestamp": null, "begin": null, "end": null, "altitudeMo": null, "tessellate": -1, "extrude": 0, "visibility": -1, "drawOrder": 0, "icon": null}, "geometry": {"type": "Point", "coordinates": [-62.401385518227016, -5.89159388015338, 0.0]}}, {"id": "66", "type": "Feature", "properties": {"id": null, "Name": "\u00c1rea 167", "descriptio": null, "timestamp": null, "begin": null, "end": null, "altitudeMo": null, "tessellate": -1, "extrude": 0, "visibility": -1, "drawOrder": 0, "icon": null}, "geometry": {"type": "Point", "coordinates": [-62.40061442331694, -5.890413512773364, 0.0]}}, {"id": "67", "type": "Feature", "properties": {"id": null, "Name": "\u00c1rea 168", "descriptio": null, "timestamp": null, "begin": null, "end": null, "altitudeMo": null, "tessellate": -1, "extrude": 0, "visibility": -1, "drawOrder": 0, "icon": null}, "geometry": {"type": "Point", "coordinates": [-62.482505311071236, -5.964840014055369, 0.0]}}, {"id": "68", "type": "Feature", "properties": {"id": null, "Name": "\u00c1rea 169", "descriptio": null, "timestamp": null, "begin": null, "end": null, "altitudeMo": null, "tessellate": -1, "extrude": 0, "visibility": -1, "drawOrder": 0, "icon": null}, "geometry": {"type": "Point", "coordinates": [-62.50533227196672, -5.994464053673084, 0.0]}}, {"id": "69", "type": "Feature", "properties": {"id": null, "Name": "\u00c1rea 170", "descriptio": null, "timestamp": null, "begin": null, "end": null, "altitudeMo": null, "tessellate": -1, "extrude": 0, "visibility": -1, "drawOrder": 0, "icon": null}, "geometry": {"type": "Point", "coordinates": [-62.50887665663237, -6.0004007536917925, 0.0]}}, {"id": "70", "type": "Feature", "properties": {"id": null, "Name": "\u00c1rea 171", "descriptio": null, "timestamp": null, "begin": null, "end": null, "altitudeMo": null, "tessellate": -1, "extrude": 0, "visibility": -1, "drawOrder": 0, "icon": null}, "geometry": {"type": "Point", "coordinates": [-62.51108157035816, -6.0027144116407385, 0.0]}}, {"id": "71", "type": "Feature", "properties": {"id": null, "Name": "\u00c1rea 172", "descriptio": null, "timestamp": null, "begin": null, "end": null, "altitudeMo": null, "tessellate": -1, "extrude": 0, "visibility": -1, "drawOrder": 0, "icon": null}, "geometry": {"type": "Point", "coordinates": [-62.51906431706453, -6.016039057556441, 0.0]}}, {"id": "72", "type": "Feature", "properties": {"id": null, "Name": "\u00c1rea 173", "descriptio": null, "timestamp": null, "begin": null, "end": null, "altitudeMo": null, "tessellate": -1, "extrude": 0, "visibility": -1, "drawOrder": 0, "icon": null}, "geometry": {"type": "Point", "coordinates": [-62.54124444237709, -6.0533339688875, 0.0]}}, {"id": "73", "type": "Feature", "properties": {"id": null, "Name": "\u00c1rea 174", "descriptio": null, "timestamp": null, "begin": null, "end": null, "altitudeMo": null, "tessellate": -1, "extrude": 0, "visibility": -1, "drawOrder": 0, "icon": null}, "geometry": {"type": "Point", "coordinates": [-62.545425803358114, -6.059036418895573, 0.0]}}, {"id": "74", "type": "Feature", "properties": {"id": null, "Name": "\u00c1rea 175", "descriptio": null, "timestamp": null, "begin": null, "end": null, "altitudeMo": null, "tessellate": -1, "extrude": 0, "visibility": -1, "drawOrder": 0, "icon": null}, "geometry": {"type": "Point", "coordinates": [-62.54793372026495, -6.064161142622595, 0.0]}}, {"id": "75", "type": "Feature", "properties": {"id": null, "Name": "\u00c1rea 176", "descriptio": null, "timestamp": null, "begin": null, "end": null, "altitudeMo": null, "tessellate": -1, "extrude": 0, "visibility": -1, "drawOrder": 0, "icon": null}, "geometry": {"type": "Point", "coordinates": [-62.548805096777755, -6.0654134512697055, 0.0]}}, {"id": "76", "type": "Feature", "properties": {"id": null, "Name": "\u00c1rea 177", "descriptio": null, "timestamp": null, "begin": null, "end": null, "altitudeMo": null, "tessellate": -1, "extrude": 0, "visibility": -1, "drawOrder": 0, "icon": null}, "geometry": {"type": "Point", "coordinates": [-62.56060846570807, -6.08442014607283, 0.0]}}, {"id": "77", "type": "Feature", "properties": {"id": null, "Name": "\u00c1rea 178", "descriptio": null, "timestamp": null, "begin": null, "end": null, "altitudeMo": null, "tessellate": -1, "extrude": 0, "visibility": -1, "drawOrder": 0, "icon": null}, "geometry": {"type": "Point", "coordinates": [-62.584458230962525, -6.114970442431911, 0.0]}}, {"id": "78", "type": "Feature", "properties": {"id": null, "Name": "\u00c1rea 179", "descriptio": null, "timestamp": null, "begin": null, "end": null, "altitudeMo": null, "tessellate": -1, "extrude": 0, "visibility": -1, "drawOrder": 0, "icon": null}, "geometry": {"type": "Point", "coordinates": [-62.591345910085636, -6.123317116891371, 0.0]}}, {"id": "79", "type": "Feature", "properties": {"id": null, "Name": "\u00c1rea 180", "descriptio": null, "timestamp": null, "begin": null, "end": null, "altitudeMo": null, "tessellate": -1, "extrude": 0, "visibility": -1, "drawOrder": 0, "icon": null}, "geometry": {"type": "Point", "coordinates": [-62.59371018637597, -6.126918928665589, 0.0]}}, {"id": "80", "type": "Feature", "properties": {"id": null, "Name": "\u00c1rea 181", "descriptio": null, "timestamp": null, "begin": null, "end": null, "altitudeMo": null, "tessellate": -1, "extrude": 0, "visibility": -1, "drawOrder": 0, "icon": null}, "geometry": {"type": "Point", "coordinates": [-62.57852629465276, -6.108337824530906, 0.0]}}, {"id": "81", "type": "Feature", "properties": {"id": null, "Name": "\u00c1rea 182", "descriptio": null, "timestamp": null, "begin": null, "end": null, "altitudeMo": null, "tessellate": -1, "extrude": 0, "visibility": -1, "drawOrder": 0, "icon": null}, "geometry": {"type": "Point", "coordinates": [-62.61349400424484, -6.149774686752323, 0.0]}}, {"id": "82", "type": "Feature", "properties": {"id": null, "Name": "\u00c1rea 183", "descriptio": null, "timestamp": null, "begin": null, "end": null, "altitudeMo": null, "tessellate": -1, "extrude": 0, "visibility": -1, "drawOrder": 0, "icon": null}, "geometry": {"type": "Point", "coordinates": [-62.661076604002005, -6.204241313485795, 0.0]}}, {"id": "83", "type": "Feature", "properties": {"id": null, "Name": "\u00c1rea 184", "descriptio": null, "timestamp": null, "begin": null, "end": null, "altitudeMo": null, "tessellate": -1, "extrude": 0, "visibility": -1, "drawOrder": 0, "icon": null}, "geometry": {"type": "Point", "coordinates": [-62.67682457659288, -6.218075894786693, 0.0]}}, {"id": "84", "type": "Feature", "properties": {"id": null, "Name": "\u00c1rea 185", "descriptio": null, "timestamp": null, "begin": null, "end": null, "altitudeMo": null, "tessellate": -1, "extrude": 0, "visibility": -1, "drawOrder": 0, "icon": null}, "geometry": {"type": "Point", "coordinates": [-62.68855343938969, -6.229431244856016, 0.0]}}, {"id": "85", "type": "Feature", "properties": {"id": null, "Name": "\u00c1rea 186", "descriptio": null, "timestamp": null, "begin": null, "end": null, "altitudeMo": null, "tessellate": -1, "extrude": 0, "visibility": -1, "drawOrder": 0, "icon": null}, "geometry": {"type": "Point", "coordinates": [-62.720804160383636, -6.257185009380635, 0.0]}}, {"id": "86", "type": "Feature", "properties": {"id": null, "Name": "\u00c1rea 187", "descriptio": null, "timestamp": null, "begin": null, "end": null, "altitudeMo": null, "tessellate": -1, "extrude": 0, "visibility": -1, "drawOrder": 0, "icon": null}, "geometry": {"type": "Point", "coordinates": [-62.724364838066776, -6.260254967492699, 0.0]}}, {"id": "87", "type": "Feature", "properties": {"id": null, "Name": "\u00c1rea 188", "descriptio": null, "timestamp": null, "begin": null, "end": null, "altitudeMo": null, "tessellate": -1, "extrude": 0, "visibility": -1, "drawOrder": 0, "icon": null}, "geometry": {"type": "Point", "coordinates": [-62.74044241398616, -6.274070619863153, 0.0]}}, {"id": "88", "type": "Feature", "properties": {"id": null, "Name": "\u00c1rea 189", "descriptio": null, "timestamp": null, "begin": null, "end": null, "altitudeMo": null, "tessellate": -1, "extrude": 0, "visibility": -1, "drawOrder": 0, "icon": null}, "geometry": {"type": "Point", "coordinates": [-62.751123127730125, -6.290135309396987, 0.0]}}, {"id": "89", "type": "Feature", "properties": {"id": null, "Name": "\u00c1rea 190", "descriptio": null, "timestamp": null, "begin": null, "end": null, "altitudeMo": null, "tessellate": -1, "extrude": 0, "visibility": -1, "drawOrder": 0, "icon": null}, "geometry": {"type": "Point", "coordinates": [-62.76950574969055, -6.3198642090659405, 0.0]}}, {"id": "90", "type": "Feature", "properties": {"id": null, "Name": "\u00c1rea 191", "descriptio": null, "timestamp": null, "begin": null, "end": null, "altitudeMo": null, "tessellate": -1, "extrude": 0, "visibility": -1, "drawOrder": 0, "icon": null}, "geometry": {"type": "Point", "coordinates": [-62.79935946716563, -6.362439319818691, 0.0]}}, {"id": "91", "type": "Feature", "properties": {"id": null, "Name": "\u00c1rea 192", "descriptio": null, "timestamp": null, "begin": null, "end": null, "altitudeMo": null, "tessellate": -1, "extrude": 0, "visibility": -1, "drawOrder": 0, "icon": null}, "geometry": {"type": "Point", "coordinates": [-62.80133563383242, -6.364255777681933, 0.0]}}, {"id": "92", "type": "Feature", "properties": {"id": null, "Name": "\u00c1rea 193", "descriptio": null, "timestamp": null, "begin": null, "end": null, "altitudeMo": null, "tessellate": -1, "extrude": 0, "visibility": -1, "drawOrder": 0, "icon": null}, "geometry": {"type": "Point", "coordinates": [-62.808352586902345, -6.371098788378333, 0.0]}}, {"id": "93", "type": "Feature", "properties": {"id": null, "Name": "\u00c1rea 194", "descriptio": null, "timestamp": null, "begin": null, "end": null, "altitudeMo": null, "tessellate": -1, "extrude": 0, "visibility": -1, "drawOrder": 0, "icon": null}, "geometry": {"type": "Point", "coordinates": [-62.81929083410466, -6.381483484874877, 0.0]}}, {"id": "94", "type": "Feature", "properties": {"id": null, "Name": "\u00c1rea 195", "descriptio": null, "timestamp": null, "begin": null, "end": null, "altitudeMo": null, "tessellate": -1, "extrude": 0, "visibility": -1, "drawOrder": 0, "icon": null}, "geometry": {"type": "Point", "coordinates": [-62.82071718225211, -6.382861733682034, 0.0]}}, {"id": "95", "type": "Feature", "properties": {"id": null, "Name": "\u00c1rea 196", "descriptio": null, "timestamp": null, "begin": null, "end": null, "altitudeMo": null, "tessellate": -1, "extrude": 0, "visibility": -1, "drawOrder": 0, "icon": null}, "geometry": {"type": "Point", "coordinates": [-62.82580375583865, -6.387343808170158, 0.0]}}, {"id": "96", "type": "Feature", "properties": {"id": null, "Name": "\u00c1rea 197", "descriptio": null, "timestamp": null, "begin": null, "end": null, "altitudeMo": null, "tessellate": -1, "extrude": 0, "visibility": -1, "drawOrder": 0, "icon": null}, "geometry": {"type": "Point", "coordinates": [-62.854980934922196, -6.417807386501636, 0.0]}}, {"id": "97", "type": "Feature", "properties": {"id": null, "Name": "\u00c1rea 198", "descriptio": null, "timestamp": null, "begin": null, "end": null, "altitudeMo": null, "tessellate": -1, "extrude": 0, "visibility": -1, "drawOrder": 0, "icon": null}, "geometry": {"type": "Point", "coordinates": [-62.86992061574381, -6.438846674134652, 0.0]}}, {"id": "98", "type": "Feature", "properties": {"id": null, "Name": "\u00c1rea 199", "descriptio": null, "timestamp": null, "begin": null, "end": null, "altitudeMo": null, "tessellate": -1, "extrude": 0, "visibility": -1, "drawOrder": 0, "icon": null}, "geometry": {"type": "Point", "coordinates": [-62.87110885399039, -6.4410430083281085, 0.0]}}, {"id": "99", "type": "Feature", "properties": {"id": null, "Name": "\u00c1rea 200", "descriptio": null, "timestamp": null, "begin": null, "end": null, "altitudeMo": null, "tessellate": -1, "extrude": 0, "visibility": -1, "drawOrder": 0, "icon": null}, "geometry": {"type": "Point", "coordinates": [-62.86380291547215, -6.430098048586046, 0.0]}}, {"id": "100", "type": "Feature", "properties": {"id": null, "Name": "\u00c1rea 201", "descriptio": null, "timestamp": null, "begin": null, "end": null, "altitudeMo": null, "tessellate": -1, "extrude": 0, "visibility": -1, "drawOrder": 0, "icon": null}, "geometry": {"type": "Point", "coordinates": [-62.87278012800044, -6.442233618986279, 0.0]}}, {"id": "101", "type": "Feature", "properties": {"id": null, "Name": "\u00c1rea 202", "descriptio": null, "timestamp": null, "begin": null, "end": null, "altitudeMo": null, "tessellate": -1, "extrude": 0, "visibility": -1, "drawOrder": 0, "icon": null}, "geometry": {"type": "Point", "coordinates": [-62.8730204601261, -6.443032448088957, 0.0]}}, {"id": "102", "type": "Feature", "properties": {"id": null, "Name": "\u00c1rea 203", "descriptio": null, "timestamp": null, "begin": null, "end": null, "altitudeMo": null, "tessellate": -1, "extrude": 0, "visibility": -1, "drawOrder": 0, "icon": null}, "geometry": {"type": "Point", "coordinates": [-62.87429500451083, -6.4443661840521145, 0.0]}}, {"id": "103", "type": "Feature", "properties": {"id": null, "Name": "\u00c1rea 204", "descriptio": null, "timestamp": null, "begin": null, "end": null, "altitudeMo": null, "tessellate": -1, "extrude": 0, "visibility": -1, "drawOrder": 0, "icon": null}, "geometry": {"type": "Point", "coordinates": [-62.88155041012328, -6.4552637495223735, 0.0]}}, {"id": "104", "type": "Feature", "properties": {"id": null, "Name": "\u00c1rea 205", "descriptio": null, "timestamp": null, "begin": null, "end": null, "altitudeMo": null, "tessellate": -1, "extrude": 0, "visibility": -1, "drawOrder": 0, "icon": null}, "geometry": {"type": "Point", "coordinates": [-62.88982109996374, -6.4750449683505735, 0.0]}}, {"id": "105", "type": "Feature", "properties": {"id": null, "Name": "\u00c1rea 206", "descriptio": null, "timestamp": null, "begin": null, "end": null, "altitudeMo": null, "tessellate": -1, "extrude": 0, "visibility": -1, "drawOrder": 0, "icon": null}, "geometry": {"type": "Point", "coordinates": [-62.8897875498555, -6.475447186538361, 0.0]}}, {"id": "106", "type": "Feature", "properties": {"id": null, "Name": "\u00c1rea 207", "descriptio": null, "timestamp": null, "begin": null, "end": null, "altitudeMo": null, "tessellate": -1, "extrude": 0, "visibility": -1, "drawOrder": 0, "icon": null}, "geometry": {"type": "Point", "coordinates": [-62.89188652884019, -6.480734512187951, 0.0]}}, {"id": "107", "type": "Feature", "properties": {"id": null, "Name": "\u00c1rea 208", "descriptio": null, "timestamp": null, "begin": null, "end": null, "altitudeMo": null, "tessellate": -1, "extrude": 0, "visibility": -1, "drawOrder": 0, "icon": null}, "geometry": {"type": "Point", "coordinates": [-62.9191059917481, -6.512875654387869, 0.0]}}, {"id": "108", "type": "Feature", "properties": {"id": null, "Name": "\u00c1rea 209", "descriptio": null, "timestamp": null, "begin": null, "end": null, "altitudeMo": null, "tessellate": -1, "extrude": 0, "visibility": -1, "drawOrder": 0, "icon": null}, "geometry": {"type": "Point", "coordinates": [-62.920562755866456, -6.514940491510401, 0.0]}}, {"id": "109", "type": "Feature", "properties": {"id": null, "Name": "\u00c1rea 210", "descriptio": null, "timestamp": null, "begin": null, "end": null, "altitudeMo": null, "tessellate": -1, "extrude": 0, "visibility": -1, "drawOrder": 0, "icon": null}, "geometry": {"type": "Point", "coordinates": [-62.94043805996847, -6.542577086063602, 0.0]}}, {"id": "110", "type": "Feature", "properties": {"id": null, "Name": "\u00c1rea 211", "descriptio": null, "timestamp": null, "begin": null, "end": null, "altitudeMo": null, "tessellate": -1, "extrude": 0, "visibility": -1, "drawOrder": 0, "icon": null}, "geometry": {"type": "Point", "coordinates": [-62.964887630759506, -6.66168915063372, 0.0]}}, {"id": "111", "type": "Feature", "properties": {"id": null, "Name": "\u00c1rea 212", "descriptio": null, "timestamp": null, "begin": null, "end": null, "altitudeMo": null, "tessellate": -1, "extrude": 0, "visibility": -1, "drawOrder": 0, "icon": null}, "geometry": {"type": "Point", "coordinates": [-62.970970159445244, -6.689940940821714, 0.0]}}, {"id": "112", "type": "Feature", "properties": {"id": null, "Name": "\u00c1rea 213", "descriptio": null, "timestamp": null, "begin": null, "end": null, "altitudeMo": null, "tessellate": -1, "extrude": 0, "visibility": -1, "drawOrder": 0, "icon": null}, "geometry": {"type": "Point", "coordinates": [-63.01143191644974, -6.785911884325969, 0.0]}}, {"id": "113", "type": "Feature", "properties": {"id": null, "Name": "\u00c1rea 214", "descriptio": null, "timestamp": null, "begin": null, "end": null, "altitudeMo": null, "tessellate": -1, "extrude": 0, "visibility": -1, "drawOrder": 0, "icon": null}, "geometry": {"type": "Point", "coordinates": [-63.040596719063274, -6.8303024043324285, 0.0]}}, {"id": "114", "type": "Feature", "properties": {"id": null, "Name": "\u00c1rea 215", "descriptio": null, "timestamp": null, "begin": null, "end": null, "altitudeMo": null, "tessellate": -1, "extrude": 0, "visibility": -1, "drawOrder": 0, "icon": null}, "geometry": {"type": "Point", "coordinates": [-63.05863607339603, -6.859733942267553, 0.0]}}, {"id": "115", "type": "Feature", "properties": {"id": null, "Name": "\u00c1rea 216", "descriptio": null, "timestamp": null, "begin": null, "end": null, "altitudeMo": null, "tessellate": -1, "extrude": 0, "visibility": -1, "drawOrder": 0, "icon": null}, "geometry": {"type": "Point", "coordinates": [-63.077771549317504, -6.920061984972563, 0.0]}}, {"id": "116", "type": "Feature", "properties": {"id": null, "Name": "\u00c1rea 217", "descriptio": null, "timestamp": null, "begin": null, "end": null, "altitudeMo": null, "tessellate": -1, "extrude": 0, "visibility": -1, "drawOrder": 0, "icon": null}, "geometry": {"type": "Point", "coordinates": [-63.098771386390354, -6.986287656650006, 0.0]}}, {"id": "117", "type": "Feature", "properties": {"id": null, "Name": "\u00c1rea 218", "descriptio": null, "timestamp": null, "begin": null, "end": null, "altitudeMo": null, "tessellate": -1, "extrude": 0, "visibility": -1, "drawOrder": 0, "icon": null}, "geometry": {"type": "Point", "coordinates": [-63.1101380930985, -7.0849626681925315, 0.0]}}, {"id": "118", "type": "Feature", "properties": {"id": null, "Name": "\u00c1rea 219", "descriptio": null, "timestamp": null, "begin": null, "end": null, "altitudeMo": null, "tessellate": -1, "extrude": 0, "visibility": -1, "drawOrder": 0, "icon": null}, "geometry": {"type": "Point", "coordinates": [-63.11615053132192, -7.134371699294434, 0.0]}}, {"id": "119", "type": "Feature", "properties": {"id": null, "Name": "\u00c1rea 220", "descriptio": null, "timestamp": null, "begin": null, "end": null, "altitudeMo": null, "tessellate": -1, "extrude": 0, "visibility": -1, "drawOrder": 0, "icon": null}, "geometry": {"type": "Point", "coordinates": [-63.118618400518756, -7.153427140949759, 0.0]}}, {"id": "120", "type": "Feature", "properties": {"id": null, "Name": "\u00c1rea 221", "descriptio": null, "timestamp": null, "begin": null, "end": null, "altitudeMo": null, "tessellate": -1, "extrude": 0, "visibility": -1, "drawOrder": 0, "icon": null}, "geometry": {"type": "Point", "coordinates": [-63.11805753113009, -7.155492596805857, 0.0]}}, {"id": "121", "type": "Feature", "properties": {"id": null, "Name": "\u00c1rea 222", "descriptio": null, "timestamp": null, "begin": null, "end": null, "altitudeMo": null, "tessellate": -1, "extrude": 0, "visibility": -1, "drawOrder": 0, "icon": null}, "geometry": {"type": "Point", "coordinates": [-63.129831297975954, -7.192235929644369, 0.0]}}, {"id": "122", "type": "Feature", "properties": {"id": null, "Name": "\u00c1rea 223", "descriptio": null, "timestamp": null, "begin": null, "end": null, "altitudeMo": null, "tessellate": -1, "extrude": 0, "visibility": -1, "drawOrder": 0, "icon": null}, "geometry": {"type": "Point", "coordinates": [-63.1636106497117, -7.2780852508336125, 0.0]}}, {"id": "123", "type": "Feature", "properties": {"id": null, "Name": "\u00c1rea 224", "descriptio": null, "timestamp": null, "begin": null, "end": null, "altitudeMo": null, "tessellate": -1, "extrude": 0, "visibility": -1, "drawOrder": 0, "icon": null}, "geometry": {"type": "Point", "coordinates": [-63.20271198966657, -7.382316364808332, 0.0]}}, {"id": "124", "type": "Feature", "properties": {"id": null, "Name": "\u00c1rea 225", "descriptio": null, "timestamp": null, "begin": null, "end": null, "altitudeMo": null, "tessellate": -1, "extrude": 0, "visibility": -1, "drawOrder": 0, "icon": null}, "geometry": {"type": "Point", "coordinates": [-63.20501853757543, -7.389450119127673, 0.0]}}, {"id": "125", "type": "Feature", "properties": {"id": null, "Name": "\u00c1rea 01", "descriptio": "DISCRIMINA\u00c7\u00c3O E CLASSIFICA\u00c7\u00c3O DO PROBLEMA\nER (33) - Eros\u00e3o (Ravinamento), SC \u2013 Sem cobertura\n\nLOCALIZA\u00c7\u00c3O\nDist\u00e2ncia do eixo (m) - 47\n\nDIMENS\u00d5ES (m)\nComprimento 110\nLargura 70\nAltura 2,0\n\nSOLU\u00c7\u00c3O\nProte\u00e7\u00e3o vegetal (PVE) com mudas e leguminos", "timestamp": null, "begin": null, "end": null, "altitudeMo": null, "tessellate": -1, "extrude": 0, "visibility": -1, "drawOrder": 0, "icon": null}, "geometry": {"type": "Point", "coordinates": [-59.87805985407897, -3.3642029952719668, 0.0]}}, {"id": "126", "type": "Feature", "properties": {"id": null, "Name": "\u00c1rea 02", "descriptio": "DISCRIMINA\u00c7\u00c3O E CLASSIFICA\u00c7\u00c3O DO PROBLEMA\nER (33) - Eros\u00e3o (Ravinamento), SC \u2013 Sem cobertura\n\nLOCALIZA\u00c7\u00c3O\nDist\u00e2ncia do eixo (m) - 18,95\n\nDIMENS\u00d5ES (m)\nComprimento 226,58\nLargura 95,19\nAltura 2,0\n\n\nSOLU\u00c7\u00c3O\nCercamento da \u00e1rea e prote\u00e7\u00e3o veg", "timestamp": null, "begin": null, "end": null, "altitudeMo": null, "tessellate": -1, "extrude": 0, "visibility": -1, "drawOrder": 0, "icon": null}, "geometry": {"type": "Point", "coordinates": [-60.26239336556131, -3.6572843410993983, 0.0]}}, {"id": "127", "type": "Feature", "properties": {"id": null, "Name": "\u00c1rea 03", "descriptio": "DISCRIMINA\u00c7\u00c3O E CLASSIFICA\u00c7\u00c3O DO PROBLEMA\nER (33) - Eros\u00e3o (Ravinamento), SC \u2013 Sem cobertura\n\nLOCALIZA\u00c7\u00c3O\nDist\u00e2ncia do eixo (m) 15,9\n\nDIMENS\u00d5ES (m)\nComprimento 170\nLargura 160\nAltura 2,0\n\nSOLU\u00c7\u00c3O\nCercamento da \u00e1rea e prote\u00e7\u00e3o vegetal (PVE", "timestamp": null, "begin": null, "end": null, "altitudeMo": null, "tessellate": -1, "extrude": 0, "visibility": -1, "drawOrder": 0, "icon": null}, "geometry": {"type": "Point", "coordinates": [-60.27339444479776, -3.687300000394657, 0.0]}}, {"id": "128", "type": "Feature", "properties": {"id": null, "Name": "\u00c1rea 04", "descriptio": "DISCRIMINA\u00c7\u00c3O E CLASSIFICA\u00c7\u00c3O DO PROBLEMA\nER (33) - Eros\u00e3o (Ravinamento), SC \u2013 Sem cobertura\n\nLOCALIZA\u00c7\u00c3O\nDist\u00e2ncia do eixo (m) 17\n\nDIMENS\u00d5ES (m)\nComprimento 160\nLargura 150\nAltura 2,0\n\nSOLU\u00c7\u00c3O\nCercamento da \u00e1rea e prote\u00e7\u00e3o vegetal (PVE)", "timestamp": null, "begin": null, "end": null, "altitudeMo": null, "tessellate": -1, "extrude": 0, "visibility": -1, "drawOrder": 0, "icon": null}, "geometry": {"type": "Point", "coordinates": [-60.27717695555202, -3.7169957726367784, 0.0]}}, {"id": "129", "type": "Feature", "properties": {"id": null, "Name": "\u00c1rea 05", "descriptio": "DISCRIMINA\u00c7\u00c3O E CLASSIFICA\u00c7\u00c3O DO PROBLEMA\nER (33) - Eros\u00e3o (Ravinamento), SC \u2013 Sem cobertura\n\nLOCALIZA\u00c7\u00c3O\nDist\u00e2ncia do eixo (m) 31,30\n\nDIMENS\u00d5ES (m)\nComprimento 62,27\nLargura 90,91\nAltura 2,0\n\nSOLU\u00c7\u00c3O\nCercamento da \u00e1rea e prote\u00e7\u00e3o vegetal", "timestamp": null, "begin": null, "end": null, "altitudeMo": null, "tessellate": -1, "extrude": 0, "visibility": -1, "drawOrder": 0, "icon": null}, "geometry": {"type": "Point", "coordinates": [-60.27658534193995, -3.7163376676492135, 0.0]}}, {"id": "130", "type": "Feature", "properties": {"id": null, "Name": "\u00c1rea 06", "descriptio": "DISCRIMINA\u00c7\u00c3O E CLASSIFICA\u00c7\u00c3O DO PROBLEMA\nER (33) - Eros\u00e3o (Ravinamento), SC \u2013 Sem cobertura\n\nLOCALIZA\u00c7\u00c3O\nDist\u00e2ncia do eixo (m) 26,89\n\nDIMENS\u00d5ES (m)\nComprimento 183,08\nLargura 98,23\nAltura 2,0\n\nSOLU\u00c7\u00c3O\nCercamento da \u00e1rea e prote\u00e7\u00e3o vegeta", "timestamp": null, "begin": null, "end": null, "altitudeMo": null, "tessellate": -1, "extrude": 0, "visibility": -1, "drawOrder": 0, "icon": null}, "geometry": {"type": "Point", "coordinates": [-60.27737434954656, -3.7193037720513757, 0.0]}}, {"id": "131", "type": "Feature", "properties": {"id": null, "Name": "\u00c1rea 07", "descriptio": "DISCRIMINA\u00c7\u00c3O E CLASSIFICA\u00c7\u00c3O DO PROBLEMA\nER (33) - Eros\u00e3o (Ravinamento), SC \u2013 Sem cobertura\n\nLOCALIZA\u00c7\u00c3O\nDist\u00e2ncia do eixo (m) 34,01\n\nDIMENS\u00d5ES (m)\nComprimento 90\nLargura 35\nAltura 2,0\n\nSOLU\u00c7\u00c3O\nCercamento da \u00e1rea e prote\u00e7\u00e3o vegetal (PVE)", "timestamp": null, "begin": null, "end": null, "altitudeMo": null, "tessellate": -1, "extrude": 0, "visibility": -1, "drawOrder": 0, "icon": null}, "geometry": {"type": "Point", "coordinates": [-60.27768613730535, -3.7210923338440693, 0.0]}}, {"id": "132", "type": "Feature", "properties": {"id": null, "Name": "\u00c1rea 08", "descriptio": "DISCRIMINA\u00c7\u00c3O E CLASSIFICA\u00c7\u00c3O DO PROBLEMA\nER (33) - Eros\u00e3o (Ravinamento), SC \u2013 Sem cobertura\n\nLOCALIZA\u00c7\u00c3O\nDist\u00e2ncia do eixo (m) 18\n\nDIMENS\u00d5ES (m)\nComprimento 115\nLargura 52\nAltura 2,0\n\nSOLU\u00c7\u00c3O\nCercamento da \u00e1rea e prote\u00e7\u00e3o vegetal (PVE) c", "timestamp": null, "begin": null, "end": null, "altitudeMo": null, "tessellate": -1, "extrude": 0, "visibility": -1, "drawOrder": 0, "icon": null}, "geometry": {"type": "Point", "coordinates": [-60.27723706353959, -3.7232868028436314, 0.0]}}, {"id": "133", "type": "Feature", "properties": {"id": null, "Name": "\u00c1rea 09", "descriptio": "DISCRIMINA\u00c7\u00c3O E CLASSIFICA\u00c7\u00c3O DO PROBLEMA\nER (33) - Eros\u00e3o (Ravinamento), SC \u2013 Sem cobertura\n\nLOCALIZA\u00c7\u00c3O\nDist\u00e2ncia do eixo (m) 19,70\n\nDIMENS\u00d5ES (m)\nComprimento 41\nLargura 37\nAltura 2,0\n\nSOLU\u00c7\u00c3O\nCercamento da \u00e1rea e prote\u00e7\u00e3o vegetal (PVE)", "timestamp": null, "begin": null, "end": null, "altitudeMo": null, "tessellate": -1, "extrude": 0, "visibility": -1, "drawOrder": 0, "icon": null}, "geometry": {"type": "Point", "coordinates": [-60.30432975171664, -3.7704096511844227, 0.0]}}, {"id": "134", "type": "Feature", "properties": {"id": null, "Name": "\u00c1rea 10", "descriptio": "DISCRIMINA\u00c7\u00c3O E CLASSIFICA\u00c7\u00c3O DO PROBLEMA\nER (33) - Eros\u00e3o (Ravinamento), SC \u2013 Sem cobertura\n\nLOCALIZA\u00c7\u00c3O\nDist\u00e2ncia do eixo (m) 9,39\n\nDIMENS\u00d5ES (m)\nComprimento 268,47\nLargura 47,58\nAltura 2,0\n\nSOLU\u00c7\u00c3O\nCercamento da \u00e1rea e prote\u00e7\u00e3o vegetal", "timestamp": null, "begin": null, "end": null, "altitudeMo": null, "tessellate": -1, "extrude": 0, "visibility": -1, "drawOrder": 0, "icon": null}, "geometry": {"type": "Point", "coordinates": [-60.30390277789087, -3.7705722225300065, 0.0]}}, {"id": "135", "type": "Feature", "properties": {"id": null, "Name": "\u00c1rea 11", "descriptio": "DISCRIMINA\u00c7\u00c3O E CLASSIFICA\u00c7\u00c3O DO PROBLEMA\nER (33) - Eros\u00e3o (Ravinamento), SC \u2013 Sem cobertura\n\nLOCALIZA\u00c7\u00c3O\nDist\u00e2ncia do eixo (m) 11\n\nDIMENS\u00d5ES (m)\nComprimento 93,53\nLargura 62,35\nAltura 2,0\n\nSOLU\u00c7\u00c3O\nCercamento da \u00e1rea e prote\u00e7\u00e3o vegetal (P", "timestamp": null, "begin": null, "end": null, "altitudeMo": null, "tessellate": -1, "extrude": 0, "visibility": -1, "drawOrder": 0, "icon": null}, "geometry": {"type": "Point", "coordinates": [-60.307417607236744, -3.7762359009660145, 0.0]}}, {"id": "136", "type": "Feature", "properties": {"id": null, "Name": "\u00c1rea 12", "descriptio": "DISCRIMINA\u00c7\u00c3O E CLASSIFICA\u00c7\u00c3O DO PROBLEMA\nER (33) - Eros\u00e3o (Ravinamento), SC \u2013 Sem cobertura\n\nLOCALIZA\u00c7\u00c3O\nDist\u00e2ncia do eixo (m) 10\n\nDIMENS\u00d5ES (m)\nComprimento 123\nLargura 60\nAltura 2,0\n\nSOLU\u00c7\u00c3O\nCercamento da \u00e1rea e prote\u00e7\u00e3o vegetal (PVE) c", "timestamp": null, "begin": null, "end": null, "altitudeMo": null, "tessellate": -1, "extrude": 0, "visibility": -1, "drawOrder": 0, "icon": null}, "geometry": {"type": "Point", "coordinates": [-60.316249306760085, -3.79786241531815, 0.0]}}, {"id": "137", "type": "Feature", "properties": {"id": null, "Name": "\u00c1rea 13", "descriptio": "DISCRIMINA\u00c7\u00c3O E CLASSIFICA\u00c7\u00c3O DO PROBLEMA\nER (33) - Eros\u00e3o (Ravinamento), SC \u2013 Sem cobertura\n\nLOCALIZA\u00c7\u00c3O\nDist\u00e2ncia do eixo (m) 6,30\n\nDIMENS\u00d5ES (m)\nComprimento 277,18\nLargura 265,84\nAltura 2,0\n\nSOLU\u00c7\u00c3O\nCercamento da \u00e1rea e prote\u00e7\u00e3o vegeta", "timestamp": null, "begin": null, "end": null, "altitudeMo": null, "tessellate": -1, "extrude": 0, "visibility": -1, "drawOrder": 0, "icon": null}, "geometry": {"type": "Point", "coordinates": [-60.40891453667649, -3.8757092496820746, 0.0]}}, {"id": "138", "type": "Feature", "properties": {"id": null, "Name": "\u00c1rea 14", "descriptio": "DISCRIMINA\u00c7\u00c3O E CLASSIFICA\u00c7\u00c3O DO PROBLEMA\nER (33) - Eros\u00e3o (Ravinamento), SC \u2013 Sem cobertura\n\nLOCALIZA\u00c7\u00c3O\nDist\u00e2ncia do eixo (m) 13,61\n\nDIMENS\u00d5ES (m)\nComprimento 85\nLargura 85\nAltura 2,0\n\nSOLU\u00c7\u00c3O\nCercamento da \u00e1rea e prote\u00e7\u00e3o vegetal (PVE)", "timestamp": null, "begin": null, "end": null, "altitudeMo": null, "tessellate": -1, "extrude": 0, "visibility": -1, "drawOrder": 0, "icon": null}, "geometry": {"type": "Point", "coordinates": [-60.40965949548928, -3.8768346271162955, 0.0]}}, {"id": "139", "type": "Feature", "properties": {"id": null, "Name": "\u00c1rea 15", "descriptio": "DISCRIMINA\u00c7\u00c3O E CLASSIFICA\u00c7\u00c3O DO PROBLEMA\nER (33) - Eros\u00e3o (Ravinamento), SC \u2013 Sem cobertura\n\nLOCALIZA\u00c7\u00c3O\nDist\u00e2ncia do eixo (m) 13,64\n\nDIMENS\u00d5ES (m)\nComprimento 205,10\nLargura 225,62\nAltura 2,0\n\nSOLU\u00c7\u00c3O\nCercamento da \u00e1rea e prote\u00e7\u00e3o veget", "timestamp": null, "begin": null, "end": null, "altitudeMo": null, "tessellate": -1, "extrude": 0, "visibility": -1, "drawOrder": 0, "icon": null}, "geometry": {"type": "Point", "coordinates": [-60.411356640296674, -3.877890682109239, 0.0]}}, {"id": "140", "type": "Feature", "properties": {"id": null, "Name": "\u00c1rea 16", "descriptio": "DISCRIMINA\u00c7\u00c3O E CLASSIFICA\u00c7\u00c3O DO PROBLEMA\nER (33) - Eros\u00e3o (Ravinamento), SC \u2013 Sem cobertura\n\nLOCALIZA\u00c7\u00c3O\nDist\u00e2ncia do eixo (m) 12,79\n\nDIMENS\u00d5ES (m)\nComprimento 89,98\nLargura 79,67\nAltura 2,0\n\nSOLU\u00c7\u00c3O\nProte\u00e7\u00e3o vegetal (PVE) com mudas e leg", "timestamp": null, "begin": null, "end": null, "altitudeMo": null, "tessellate": -1, "extrude": 0, "visibility": -1, "drawOrder": 0, "icon": null}, "geometry": {"type": "Point", "coordinates": [-60.421483471484976, -3.8863196094623618, 0.0]}}, {"id": "141", "type": "Feature", "properties": {"id": null, "Name": "\u00c1rea 17", "descriptio": "DISCRIMINA\u00c7\u00c3O E CLASSIFICA\u00c7\u00c3O DO PROBLEMA\nER (33) - Eros\u00e3o (Ravinamento), SC \u2013 Sem cobertura\n\nLOCALIZA\u00c7\u00c3O\nDist\u00e2ncia do eixo (m) 13,60\n\nDIMENS\u00d5ES (m)\nComprimento 70\nLargura 59\nAltura 2,0\n\nSOLU\u00c7\u00c3O\nRemo\u00e7\u00e3o de res\u00edduos de pavimento, prote\u00e7\u00e3", "timestamp": null, "begin": null, "end": null, "altitudeMo": null, "tessellate": -1, "extrude": 0, "visibility": -1, "drawOrder": 0, "icon": null}, "geometry": {"type": "Point", "coordinates": [-60.43259889142564, -3.892394555064641, 0.0]}}, {"id": "142", "type": "Feature", "properties": {"id": null, "Name": "\u00c1rea 18", "descriptio": "DISCRIMINA\u00c7\u00c3O E CLASSIFICA\u00c7\u00c3O DO PROBLEMA\nER (33) - Eros\u00e3o (Ravinamento), SC \u2013 Sem cobertura\n\nLOCALIZA\u00c7\u00c3O\nDist\u00e2ncia do eixo (m) 7,73\n\nDIMENS\u00d5ES (m)\nComprimento 126,66\nLargura 70,78\nAltura 2,0\n\nSOLU\u00c7\u00c3O\nCercamento da \u00e1rea e prote\u00e7\u00e3o vegetal", "timestamp": null, "begin": null, "end": null, "altitudeMo": null, "tessellate": -1, "extrude": 0, "visibility": -1, "drawOrder": 0, "icon": null}, "geometry": {"type": "Point", "coordinates": [-60.453930554051794, -3.909517723264287, 0.0]}}, {"id": "143", "type": "Feature", "properties": {"id": null, "Name": "\u00c1rea 19", "descriptio": "DISCRIMINA\u00c7\u00c3O E CLASSIFICA\u00c7\u00c3O DO PROBLEMA\nER (33) - Eros\u00e3o (Ravinamento), SC \u2013 Sem cobertura\n\nLOCALIZA\u00c7\u00c3O\nDist\u00e2ncia do eixo (m) 18,71\n\nDIMENS\u00d5ES (m)\nComprimento 203\nLargura 146\nAltura 2,0\n\nSOLU\u00c7\u00c3O\nCercamento da \u00e1rea e prote\u00e7\u00e3o vegetal (PV", "timestamp": null, "begin": null, "end": null, "altitudeMo": null, "tessellate": -1, "extrude": 0, "visibility": -1, "drawOrder": 0, "icon": null}, "geometry": {"type": "Point", "coordinates": [-60.45505969155147, -3.9124687100628535, 0.0]}}, {"id": "144", "type": "Feature", "properties": {"id": null, "Name": "\u00c1rea 20", "descriptio": "DISCRIMINA\u00c7\u00c3O E CLASSIFICA\u00c7\u00c3O DO PROBLEMA\nER (33) - Eros\u00e3o (Ravinamento), SC \u2013 Sem cobertura\n\nLOCALIZA\u00c7\u00c3O\nDist\u00e2ncia do eixo (m) 10,5\n\nDIMENS\u00d5ES (m)\nComprimento 88,30\nLargura 95,80\nAltura 2,0\n\nSOLU\u00c7\u00c3O\nProte\u00e7\u00e3o vegetal (PVE) com mudas e legu", "timestamp": null, "begin": null, "end": null, "altitudeMo": null, "tessellate": -1, "extrude": 0, "visibility": -1, "drawOrder": 0, "icon": null}, "geometry": {"type": "Point", "coordinates": [-60.47521099039483, -3.9282401549591555, 0.0]}}, {"id": "145", "type": "Feature", "properties": {"id": null, "Name": "\u00c1rea 21", "descriptio": "DISCRIMINA\u00c7\u00c3O E CLASSIFICA\u00c7\u00c3O DO PROBLEMA\nER (33) - Eros\u00e3o (Ravinamento), SC \u2013 Sem cobertura\n\nLOCALIZA\u00c7\u00c3O\nDist\u00e2ncia do eixo (m) 23\n\nDIMENS\u00d5ES (m)\nComprimento 122\nLargura 150,5\nAltura 2,0\n\nSOLU\u00c7\u00c3O\nCercamento da \u00e1rea e prote\u00e7\u00e3o vegetal (PVE", "timestamp": null, "begin": null, "end": null, "altitudeMo": null, "tessellate": -1, "extrude": 0, "visibility": -1, "drawOrder": 0, "icon": null}, "geometry": {"type": "Point", "coordinates": [-60.50450585476136, -3.9493822764708284, 0.0]}}, {"id": "146", "type": "Feature", "properties": {"id": null, "Name": "\u00c1rea 22", "descriptio": "DISCRIMINA\u00c7\u00c3O E CLASSIFICA\u00c7\u00c3O DO PROBLEMA\nER (33) - Eros\u00e3o (Ravinamento), SC \u2013 Sem cobertura\n\nLOCALIZA\u00c7\u00c3O\nDist\u00e2ncia do eixo (m) 5\n\nDIMENS\u00d5ES (m)\nComprimento 131\nLargura 147\nAltura 2,0\n\nSOLU\u00c7\u00c3O\nProte\u00e7\u00e3o vegetal (PVE) com mudas e leguminosas", "timestamp": null, "begin": null, "end": null, "altitudeMo": null, "tessellate": -1, "extrude": 0, "visibility": -1, "drawOrder": 0, "icon": null}, "geometry": {"type": "Point", "coordinates": [-60.518498700554574, -3.9603952573352217, 0.0]}}, {"id": "147", "type": "Feature", "properties": {"id": null, "Name": "\u00c1rea 23", "descriptio": "DISCRIMINA\u00c7\u00c3O E CLASSIFICA\u00c7\u00c3O DO PROBLEMA\nER (33) - Eros\u00e3o (Ravinamento), SC \u2013 Sem cobertura\n\nLOCALIZA\u00c7\u00c3O\nDist\u00e2ncia do eixo (m) 6\n\nDIMENS\u00d5ES (m)\nComprimento 250\nLargura 257\nAltura 2,0\n\nSOLU\u00c7\u00c3O\nProte\u00e7\u00e3o vegetal (PVE) com mudas e leguminosas", "timestamp": null, "begin": null, "end": null, "altitudeMo": null, "tessellate": -1, "extrude": 0, "visibility": -1, "drawOrder": 0, "icon": null}, "geometry": {"type": "Point", "coordinates": [-60.63994013602843, -4.050446623013215, 0.0]}}, {"id": "148", "type": "Feature", "properties": {"id": null, "Name": "\u00c1rea 24", "descriptio": "DISCRIMINA\u00c7\u00c3O E CLASSIFICA\u00c7\u00c3O DO PROBLEMA\nER (33) - Eros\u00e3o (Ravinamento), SC \u2013 Sem cobertura\n\nLOCALIZA\u00c7\u00c3O\nDist\u00e2ncia do eixo (m) 7\n\nDIMENS\u00d5ES (m)\nComprimento 65,18\nLargura 140,5\nAltura 2,0\n\nSOLU\u00c7\u00c3O\nProte\u00e7\u00e3o vegetal (PVE) com mudas e legumin", "timestamp": null, "begin": null, "end": null, "altitudeMo": null, "tessellate": -1, "extrude": 0, "visibility": -1, "drawOrder": 0, "icon": null}, "geometry": {"type": "Point", "coordinates": [-60.63981456009384, -4.050675217187461, 0.0]}}, {"id": "149", "type": "Feature", "properties": {"id": null, "Name": "\u00c1rea 25", "descriptio": "DISCRIMINA\u00c7\u00c3O E CLASSIFICA\u00c7\u00c3O DO PROBLEMA\nER (33) - Eros\u00e3o (Ravinamento), SC \u2013 Sem cobertura\n\nLOCALIZA\u00c7\u00c3O\nDist\u00e2ncia do eixo (m) 5\n\nDIMENS\u00d5ES (m)\nComprimento 112\nLargura 74\nAltura 2,0\n\nSOLU\u00c7\u00c3O\nCercamento da \u00e1rea e prote\u00e7\u00e3o vegetal (PVE) co", "timestamp": null, "begin": null, "end": null, "altitudeMo": null, "tessellate": -1, "extrude": 0, "visibility": -1, "drawOrder": 0, "icon": null}, "geometry": {"type": "Point", "coordinates": [-60.640925180552586, -4.051167935052092, 0.0]}}, {"id": "150", "type": "Feature", "properties": {"id": null, "Name": "\u00c1rea 26", "descriptio": "DISCRIMINA\u00c7\u00c3O E CLASSIFICA\u00c7\u00c3O DO PROBLEMA\nER (33) - Eros\u00e3o (Ravinamento), SC \u2013 Sem cobertura\n\nLOCALIZA\u00c7\u00c3O\nDist\u00e2ncia do eixo (m) 5,6\n\nDIMENS\u00d5ES (m)\nComprimento 122\nLargura 127\nAltura 2,0\n\nSOLU\u00c7\u00c3O\nProte\u00e7\u00e3o vegetal (PVE) com mudas e leguminos", "timestamp": null, "begin": null, "end": null, "altitudeMo": null, "tessellate": -1, "extrude": 0, "visibility": -1, "drawOrder": 0, "icon": null}, "geometry": {"type": "Point", "coordinates": [-60.68043549979842, -4.0809666212125535, 0.0]}}, {"id": "151", "type": "Feature", "properties": {"id": null, "Name": "\u00c1rea 27", "descriptio": "DISCRIMINA\u00c7\u00c3O E CLASSIFICA\u00c7\u00c3O DO PROBLEMA\nER (33) - Eros\u00e3o (Ravinamento), SC \u2013 Sem cobertura\n\nLOCALIZA\u00c7\u00c3O\nDist\u00e2ncia do eixo (m) 6\n\nDIMENS\u00d5ES (m)\nComprimento 150\nLargura 80\nAltura 2,0\n\nSOLU\u00c7\u00c3O\nReconforma\u00e7\u00e3o topogr\u00e1fica da \u00e1rea, prote\u00e7\u00e3o", "timestamp": null, "begin": null, "end": null, "altitudeMo": null, "tessellate": -1, "extrude": 0, "visibility": -1, "drawOrder": 0, "icon": null}, "geometry": {"type": "Point", "coordinates": [-60.725681399177176, -4.114212847644751, 0.0]}}, {"id": "152", "type": "Feature", "properties": {"id": null, "Name": "\u00c1rea 28", "descriptio": "DISCRIMINA\u00c7\u00c3O E CLASSIFICA\u00c7\u00c3O DO PROBLEMA\nER (33) - Eros\u00e3o (Ravinamento), SC \u2013 Sem cobertura\n\nLOCALIZA\u00c7\u00c3O\nDist\u00e2ncia do eixo (m) 6\n\nDIMENS\u00d5ES (m)\nComprimento 119\nLargura 58\nAltura 3\n\nSOLU\u00c7\u00c3O\nProte\u00e7\u00e3o vegetal (PVE) com mudas e leguminosas. I", "timestamp": null, "begin": null, "end": null, "altitudeMo": null, "tessellate": -1, "extrude": 0, "visibility": -1, "drawOrder": 0, "icon": null}, "geometry": {"type": "Point", "coordinates": [-60.72736499749658, -4.115442067097661, 0.0]}}, {"id": "153", "type": "Feature", "properties": {"id": null, "Name": "\u00c1rea 29", "descriptio": "DISCRIMINA\u00c7\u00c3O E CLASSIFICA\u00c7\u00c3O DO PROBLEMA\nER (33) - Eros\u00e3o (Ravinamento), SC \u2013 Sem cobertura\n\nLOCALIZA\u00c7\u00c3O\nDist\u00e2ncia do eixo (m) 5,5\n\nDIMENS\u00d5ES (m)\nComprimento 177\nLargura 86\nAltura 5\n\nSOLU\u00c7\u00c3O\nCercamento da \u00e1rea e prote\u00e7\u00e3o vegetal (PVE) co", "timestamp": null, "begin": null, "end": null, "altitudeMo": null, "tessellate": -1, "extrude": 0, "visibility": -1, "drawOrder": 0, "icon": null}, "geometry": {"type": "Point", "coordinates": [-60.74241540554647, -4.1267109905197685, 0.0]}}, {"id": "154", "type": "Feature", "properties": {"id": null, "Name": "\u00c1rea 30", "descriptio": "DISCRIMINA\u00c7\u00c3O E CLASSIFICA\u00c7\u00c3O DO PROBLEMA\nER (33) - Eros\u00e3o (Ravinamento), SC \u2013 Sem cobertura\n\nLOCALIZA\u00c7\u00c3O\nDist\u00e2ncia do eixo (m) 7\n\nDIMENS\u00d5ES (m)\nComprimento 50\nLargura 44\nAltura 2,0\n\nSOLU\u00c7\u00c3O\nCercamento da \u00e1rea e prote\u00e7\u00e3o vegetal (PVE) com", "timestamp": null, "begin": null, "end": null, "altitudeMo": null, "tessellate": -1, "extrude": 0, "visibility": -1, "drawOrder": 0, "icon": null}, "geometry": {"type": "Point", "coordinates": [-60.751115834628024, -4.133199680021164, 0.0]}}, {"id": "155", "type": "Feature", "properties": {"id": null, "Name": "\u00c1rea 31", "descriptio": "DISCRIMINA\u00c7\u00c3O E CLASSIFICA\u00c7\u00c3O DO PROBLEMA\nER (33) - Eros\u00e3o (Ravinamento), SC \u2013 Sem cobertura\n\nLOCALIZA\u00c7\u00c3O\nDist\u00e2ncia do eixo (m) 7\n\nDIMENS\u00d5ES (m)\nComprimento 120\nLargura 85\nAltura 2,0\n\nSOLU\u00c7\u00c3O\nProte\u00e7\u00e3o vegetal (PVE) com mudas e leguminosas.", "timestamp": null, "begin": null, "end": null, "altitudeMo": null, "tessellate": -1, "extrude": 0, "visibility": -1, "drawOrder": 0, "icon": null}, "geometry": {"type": "Point", "coordinates": [-60.772231123067854, -4.148784866328469, 0.0]}}, {"id": "156", "type": "Feature", "properties": {"id": null, "Name": "\u00c1rea 32", "descriptio": "DISCRIMINA\u00c7\u00c3O E CLASSIFICA\u00c7\u00c3O DO PROBLEMA\nER (33) - Eros\u00e3o (Ravinamento), SC \u2013 Sem cobertura\n\nLOCALIZA\u00c7\u00c3O\nDist\u00e2ncia do eixo (m) 7,5\n\nDIMENS\u00d5ES (m)\nComprimento 212,5\nLargura 60\nAltura 3,0\n\nSOLU\u00c7\u00c3O\nProte\u00e7\u00e3o vegetal (PVE) com mudas e legumino", "timestamp": null, "begin": null, "end": null, "altitudeMo": null, "tessellate": -1, "extrude": 0, "visibility": -1, "drawOrder": 0, "icon": null}, "geometry": {"type": "Point", "coordinates": [-60.79753333299686, -4.167233333051854, 0.0]}}, {"id": "157", "type": "Feature", "properties": {"id": null, "Name": "\u00c1rea 33", "descriptio": "DISCRIMINA\u00c7\u00c3O E CLASSIFICA\u00c7\u00c3O DO PROBLEMA\nER (33) - Eros\u00e3o (Ravinamento), SC \u2013 Sem cobertura\n\nLOCALIZA\u00c7\u00c3O\nDist\u00e2ncia do eixo (m) 7\n\nDIMENS\u00d5ES (m)\nComprimento 120\nLargura 90\nAltura 5\n\nSOLU\u00c7\u00c3O\nRegulariza\u00e7\u00e3o da \u00e1rea, prote\u00e7\u00e3o vegetal (PVE)", "timestamp": null, "begin": null, "end": null, "altitudeMo": null, "tessellate": -1, "extrude": 0, "visibility": -1, "drawOrder": 0, "icon": null}, "geometry": {"type": "Point", "coordinates": [-60.797438888893566, -4.168138889198303, 0.0]}}, {"id": "158", "type": "Feature", "properties": {"id": null, "Name": "\u00c1rea 34", "descriptio": "DISCRIMINA\u00c7\u00c3O E CLASSIFICA\u00c7\u00c3O DO PROBLEMA\nER (33) - Eros\u00e3o (Ravinamento), SC \u2013 Sem cobertura\n\nLOCALIZA\u00c7\u00c3O\nDist\u00e2ncia do eixo (m) 5\n\nDIMENS\u00d5ES (m)\nComprimento 80\nLargura 73,5\nAltura 2,0\n\nSOLU\u00c7\u00c3O\nCercamento da \u00e1rea e prote\u00e7\u00e3o vegetal (PVE) c", "timestamp": null, "begin": null, "end": null, "altitudeMo": null, "tessellate": -1, "extrude": 0, "visibility": -1, "drawOrder": 0, "icon": null}, "geometry": {"type": "Point", "coordinates": [-60.80045555587918, -4.1704333331317684, 0.0]}}, {"id": "159", "type": "Feature", "properties": {"id": null, "Name": "\u00c1rea 35", "descriptio": "DISCRIMINA\u00c7\u00c3O E CLASSIFICA\u00c7\u00c3O DO PROBLEMA\nER (33) - Eros\u00e3o (Ravinamento), SC \u2013 Sem cobertura\n\nLOCALIZA\u00c7\u00c3O\nDist\u00e2ncia do eixo (m) 5\n\nDIMENS\u00d5ES (m)\nComprimento 236\nLargura 105\nAltura 2,0\n\nSOLU\u00c7\u00c3O\nProte\u00e7\u00e3o vegetal (PVE) com mudas e leguminosas", "timestamp": null, "begin": null, "end": null, "altitudeMo": null, "tessellate": -1, "extrude": 0, "visibility": -1, "drawOrder": 0, "icon": null}, "geometry": {"type": "Point", "coordinates": [-60.8022426625688, -4.1721445037657645, 0.0]}}, {"id": "160", "type": "Feature", "properties": {"id": null, "Name": "\u00c1rea 36", "descriptio": "DISCRIMINA\u00c7\u00c3O E CLASSIFICA\u00c7\u00c3O DO PROBLEMA\nER (33) - Eros\u00e3o (Ravinamento), SC \u2013 Sem cobertura\n\nLOCALIZA\u00c7\u00c3O\nDist\u00e2ncia do eixo (m) 5\n\nDIMENS\u00d5ES (m)\nComprimento 125\nLargura 75,5\nAltura 2,0\n\nSOLU\u00c7\u00c3O\nProte\u00e7\u00e3o vegetal (PVE) com mudas e leguminosa", "timestamp": null, "begin": null, "end": null, "altitudeMo": null, "tessellate": -1, "extrude": 0, "visibility": -1, "drawOrder": 0, "icon": null}, "geometry": {"type": "Point", "coordinates": [-60.80380477596958, -4.174273124405147, 0.0]}}, {"id": "161", "type": "Feature", "properties": {"id": null, "Name": "\u00c1rea 37", "descriptio": "DISCRIMINA\u00c7\u00c3O E CLASSIFICA\u00c7\u00c3O DO PROBLEMA\nER (33) - Eros\u00e3o (Ravinamento), SC \u2013 Sem cobertura\n\nLOCALIZA\u00c7\u00c3O\nDist\u00e2ncia do eixo (m) 8\n\nDIMENS\u00d5ES (m)\nComprimento 56,70\nLargura 50\nAltura 3\n\nSOLU\u00c7\u00c3O\nProte\u00e7\u00e3o vegetal (PVE) com mudas e leguminosas.", "timestamp": null, "begin": null, "end": null, "altitudeMo": null, "tessellate": -1, "extrude": 0, "visibility": -1, "drawOrder": 0, "icon": null}, "geometry": {"type": "Point", "coordinates": [-60.804078077241456, -4.175743693116885, 0.0]}}, {"id": "162", "type": "Feature", "properties": {"id": null, "Name": "\u00c1rea 38", "descriptio": "DISCRIMINA\u00c7\u00c3O E CLASSIFICA\u00c7\u00c3O DO PROBLEMA\nER (33) - Eros\u00e3o (Ravinamento), SC \u2013 Sem cobertura\n\nLOCALIZA\u00c7\u00c3O\nDist\u00e2ncia do eixo (m) 8\n\nDIMENS\u00d5ES (m)\nComprimento 92\nLargura 65\nAltura 3\n\nSOLU\u00c7\u00c3O\nProte\u00e7\u00e3o vegetal (PVE) com mudas e leguminosas. Im", "timestamp": null, "begin": null, "end": null, "altitudeMo": null, "tessellate": -1, "extrude": 0, "visibility": -1, "drawOrder": 0, "icon": null}, "geometry": {"type": "Point", "coordinates": [-60.805636852358816, -4.178404187203455, 0.0]}}, {"id": "163", "type": "Feature", "properties": {"id": null, "Name": "\u00c1rea 39", "descriptio": "DISCRIMINA\u00c7\u00c3O E CLASSIFICA\u00c7\u00c3O DO PROBLEMA\nSC \u2013 Sem cobertura\n\nLOCALIZA\u00c7\u00c3O\nDist\u00e2ncia do eixo (m) 12\n\nDIMENS\u00d5ES (m)\nComprimento 90\nLargura 40\nAltura 2,0\n\nSOLU\u00c7\u00c3O\nCercamento da \u00e1rea e prote\u00e7\u00e3o vegetal (PVE) com mudas e leguminosas. Implanta\u00e7", "timestamp": null, "begin": null, "end": null, "altitudeMo": null, "tessellate": -1, "extrude": 0, "visibility": -1, "drawOrder": 0, "icon": null}, "geometry": {"type": "Point", "coordinates": [-60.83749999972514, -4.257222221927975, 0.0]}}, {"id": "164", "type": "Feature", "properties": {"id": null, "Name": "\u00c1rea 40", "descriptio": "DISCRIMINA\u00c7\u00c3O E CLASSIFICA\u00c7\u00c3O DO PROBLEMA\nSC \u2013 Sem cobertura\n\nLOCALIZA\u00c7\u00c3O\nDist\u00e2ncia do eixo (m) 12\n\nDIMENS\u00d5ES (m)\nComprimento 120\nLargura 40\nAltura 0,5\n\nSOLU\u00c7\u00c3O\nCercamento da \u00e1rea e prote\u00e7\u00e3o vegetal (PVE) com mudas e leguminosas. Implanta", "timestamp": null, "begin": null, "end": null, "altitudeMo": null, "tessellate": -1, "extrude": 0, "visibility": -1, "drawOrder": 0, "icon": null}, "geometry": {"type": "Point", "coordinates": [-60.859715759774474, -4.291162970494668, 0.0]}}, {"id": "165", "type": "Feature", "properties": {"id": null, "Name": "\u00c1rea 41", "descriptio": "DISCRIMINA\u00c7\u00c3O E CLASSIFICA\u00c7\u00c3O DO PROBLEMA\nSC \u2013 Sem cobertura\n\nLOCALIZA\u00c7\u00c3O\nDist\u00e2ncia do eixo (m) 15\n\nDIMENS\u00d5ES (m)\nComprimento 90\nLargura 40\nAltura 2,0\n\nSOLU\u00c7\u00c3O\nCercamento da \u00e1rea e prote\u00e7\u00e3o vegetal (PVE) com mudas e leguminosas. Implanta\u00e7", "timestamp": null, "begin": null, "end": null, "altitudeMo": null, "tessellate": -1, "extrude": 0, "visibility": -1, "drawOrder": 0, "icon": null}, "geometry": {"type": "Point", "coordinates": [-60.86323816860653, -4.294291568900746, 0.0]}}, {"id": "166", "type": "Feature", "properties": {"id": null, "Name": "\u00c1rea 42", "descriptio": "DISCRIMINA\u00c7\u00c3O E CLASSIFICA\u00c7\u00c3O DO PROBLEMA\nER (33) - Eros\u00e3o (Ravinamento), SC \u2013 Sem cobertura\n\nLOCALIZA\u00c7\u00c3O\nDist\u00e2ncia do eixo (m) 15\n\nDIMENS\u00d5ES (m)\nComprimento 100\nLargura 120\nAltura 3,0\n\nSOLU\u00c7\u00c3O\nCercamento da \u00e1rea e prote\u00e7\u00e3o vegetal (PVE)", "timestamp": null, "begin": null, "end": null, "altitudeMo": null, "tessellate": -1, "extrude": 0, "visibility": -1, "drawOrder": 0, "icon": null}, "geometry": {"type": "Point", "coordinates": [-60.98303322870049, -4.400693693059452, 0.0]}}, {"id": "167", "type": "Feature", "properties": {"id": null, "Name": "\u00c1rea 43", "descriptio": "DISCRIMINA\u00c7\u00c3O E CLASSIFICA\u00c7\u00c3O DO PROBLEMA\nER (33) - Eros\u00e3o (Ravinamento), SC \u2013 Sem cobertura\n\nLOCALIZA\u00c7\u00c3O\nDist\u00e2ncia do eixo (m) 50\n\nDIMENS\u00d5ES (m)\nComprimento 150\nLargura 230\nAltura 0\n\nSOLU\u00c7\u00c3O\nCercamento da \u00e1rea e prote\u00e7\u00e3o vegetal (PVE) co", "timestamp": null, "begin": null, "end": null, "altitudeMo": null, "tessellate": -1, "extrude": 0, "visibility": -1, "drawOrder": 0, "icon": null}, "geometry": {"type": "Point", "coordinates": [-61.01771334949143, -4.430479691584424, 0.0]}}, {"id": "168", "type": "Feature", "properties": {"id": null, "Name": "\u00c1rea 44", "descriptio": "DISCRIMINA\u00c7\u00c3O E CLASSIFICA\u00c7\u00c3O DO PROBLEMA\nER (33) - Eros\u00e3o (Ravinamento), SC \u2013 Sem cobertura\n\nLOCALIZA\u00c7\u00c3O\nDist\u00e2ncia do eixo (m) 30\n\nDIMENS\u00d5ES (m)\nComprimento 190\nLargura 170\nAltura 1,0\n\nSOLU\u00c7\u00c3O\nCercamento da \u00e1rea e prote\u00e7\u00e3o vegetal (PVE)", "timestamp": null, "begin": null, "end": null, "altitudeMo": null, "tessellate": -1, "extrude": 0, "visibility": -1, "drawOrder": 0, "icon": null}, "geometry": {"type": "Point", "coordinates": [-61.02043091455505, -4.432245707373454, 0.0]}}, {"id": "169", "type": "Feature", "properties": {"id": null, "Name": "\u00c1rea 45", "descriptio": "DISCRIMINA\u00c7\u00c3O E CLASSIFICA\u00c7\u00c3O DO PROBLEMA\nER (33) - Eros\u00e3o (Ravinamento), SC \u2013 Sem cobertura\n\nLOCALIZA\u00c7\u00c3O\nDist\u00e2ncia do eixo (m) 25\n\nDIMENS\u00d5ES (m)\nComprimento 0\nLargura 0\nAltura 0\n\nSOLU\u00c7\u00c3O\nCercamento da \u00e1rea e prote\u00e7\u00e3o vegetal (PVE) com mu", "timestamp": null, "begin": null, "end": null, "altitudeMo": null, "tessellate": -1, "extrude": 0, "visibility": -1, "drawOrder": 0, "icon": null}, "geometry": {"type": "Point", "coordinates": [-61.02560349300677, -4.436228467469732, 0.0]}}, {"id": "170", "type": "Feature", "properties": {"id": null, "Name": "\u00c1rea 46", "descriptio": "DISCRIMINA\u00c7\u00c3O E CLASSIFICA\u00c7\u00c3O DO PROBLEMA\nSC \u2013 Sem cobertura\n\nLOCALIZA\u00c7\u00c3O\nDist\u00e2ncia do eixo (m) 20\n\nDIMENS\u00d5ES (m)\nComprimento 320\nLargura 110\nAltura 1\n\nSOLU\u00c7\u00c3O\nCercamento da \u00e1rea e prote\u00e7\u00e3o vegetal (PVE) com mudas e leguminosas. Implanta\u00e7", "timestamp": null, "begin": null, "end": null, "altitudeMo": null, "tessellate": -1, "extrude": 0, "visibility": -1, "drawOrder": 0, "icon": null}, "geometry": {"type": "Point", "coordinates": [-61.028221857452706, -4.437969858022484, 0.0]}}, {"id": "171", "type": "Feature", "properties": {"id": null, "Name": "\u00c1rea 47", "descriptio": "DISCRIMINA\u00c7\u00c3O E CLASSIFICA\u00c7\u00c3O DO PROBLEMA\nSC \u2013 Sem cobertura\n\nLOCALIZA\u00c7\u00c3O\nDist\u00e2ncia do eixo (m) 10\n\nDIMENS\u00d5ES (m)\nComprimento 0\nLargura 0\nAltura 0\n\nSOLU\u00c7\u00c3O\nCercamento da \u00e1rea e prote\u00e7\u00e3o vegetal (PVE) com mudas e leguminosas. Implanta\u00e7\u00e3o", "timestamp": null, "begin": null, "end": null, "altitudeMo": null, "tessellate": -1, "extrude": 0, "visibility": -1, "drawOrder": 0, "icon": null}, "geometry": {"type": "Point", "coordinates": [-61.03603119958018, -4.444215799819233, 0.0]}}, {"id": "172", "type": "Feature", "properties": {"id": null, "Name": "\u00c1rea 48", "descriptio": "DISCRIMINA\u00c7\u00c3O E CLASSIFICA\u00c7\u00c3O DO PROBLEMA\nSC \u2013 Sem cobertura\n\nLOCALIZA\u00c7\u00c3O\nDist\u00e2ncia do eixo (m) 16\n\nDIMENS\u00d5ES (m)\nComprimento 50\nLargura 80\nAltura 1\n\nSOLU\u00c7\u00c3O\nCercamento da \u00e1rea e prote\u00e7\u00e3o vegetal (PVE) com mudas e leguminosas. Implanta\u00e7\u00e3", "timestamp": null, "begin": null, "end": null, "altitudeMo": null, "tessellate": -1, "extrude": 0, "visibility": -1, "drawOrder": 0, "icon": null}, "geometry": {"type": "Point", "coordinates": [-61.062814438235705, -4.464606750001451, 0.0]}}, {"id": "173", "type": "Feature", "properties": {"id": null, "Name": "\u00c1rea 49", "descriptio": "DISCRIMINA\u00c7\u00c3O E CLASSIFICA\u00c7\u00c3O DO PROBLEMA\nER (33) - Eros\u00e3o (Ravinamento), SC \u2013 Sem cobertura\n\nLOCALIZA\u00c7\u00c3O\nDist\u00e2ncia do eixo (m) 20\n\nDIMENS\u00d5ES (m)\nComprimento 310\nLargura 75\nAltura 0\n\nSOLU\u00c7\u00c3O\nCercamento da \u00e1rea e prote\u00e7\u00e3o vegetal (PVE) com", "timestamp": null, "begin": null, "end": null, "altitudeMo": null, "tessellate": -1, "extrude": 0, "visibility": -1, "drawOrder": 0, "icon": null}, "geometry": {"type": "Point", "coordinates": [-61.093390622479205, -4.487839907685554, 0.0]}}, {"id": "174", "type": "Feature", "properties": {"id": null, "Name": "\u00c1rea 50", "descriptio": "DISCRIMINA\u00c7\u00c3O E CLASSIFICA\u00c7\u00c3O DO PROBLEMA\nSC \u2013 Sem cobertura\n\nLOCALIZA\u00c7\u00c3O\nDist\u00e2ncia do eixo (m) 0\n\nDIMENS\u00d5ES (m)\nComprimento 100\nLargura 60\nAltura 0\n\nSOLU\u00c7\u00c3O\nCercamento da \u00e1rea e prote\u00e7\u00e3o vegetal (PVE) com mudas e leguminosas. Implanta\u00e7\u00e3", "timestamp": null, "begin": null, "end": null, "altitudeMo": null, "tessellate": -1, "extrude": 0, "visibility": -1, "drawOrder": 0, "icon": null}, "geometry": {"type": "Point", "coordinates": [-61.10134521141231, -4.494469895069528, 0.0]}}, {"id": "175", "type": "Feature", "properties": {"id": null, "Name": "\u00c1rea 51", "descriptio": "DISCRIMINA\u00c7\u00c3O E CLASSIFICA\u00c7\u00c3O DO PROBLEMA\nSC \u2013 Sem cobertura\n\nLOCALIZA\u00c7\u00c3O\nDist\u00e2ncia do eixo (m) 15\n\nDIMENS\u00d5ES (m)\nComprimento 70\nLargura 50\nAltura 0\n\nSOLU\u00c7\u00c3O\nCercamento da \u00e1rea e prote\u00e7\u00e3o vegetal (PVE) com mudas e leguminosas. Implanta\u00e7\u00e3", "timestamp": null, "begin": null, "end": null, "altitudeMo": null, "tessellate": -1, "extrude": 0, "visibility": -1, "drawOrder": 0, "icon": null}, "geometry": {"type": "Point", "coordinates": [-61.11047158729389, -4.501022993116578, 0.0]}}, {"id": "176", "type": "Feature", "properties": {"id": null, "Name": "\u00c1rea 52", "descriptio": "DISCRIMINA\u00c7\u00c3O E CLASSIFICA\u00c7\u00c3O DO PROBLEMA\nSC \u2013 Sem cobertura\n\nLOCALIZA\u00c7\u00c3O\nDist\u00e2ncia do eixo (m) 15\n\nDIMENS\u00d5ES (m)\nComprimento 150\nLargura 35\nAltura 0\n\nSOLU\u00c7\u00c3O\nCercamento da \u00e1rea e prote\u00e7\u00e3o vegetal (PVE) com mudas e leguminosas. Implanta\u00e7", "timestamp": null, "begin": null, "end": null, "altitudeMo": null, "tessellate": -1, "extrude": 0, "visibility": -1, "drawOrder": 0, "icon": null}, "geometry": {"type": "Point", "coordinates": [-61.1437324313066, -4.526413166634313, 0.0]}}, {"id": "177", "type": "Feature", "properties": {"id": null, "Name": "\u00c1rea 53", "descriptio": "DISCRIMINA\u00c7\u00c3O E CLASSIFICA\u00c7\u00c3O DO PROBLEMA\nER (33) - Eros\u00e3o (Ravinamento), SC \u2013 Sem cobertura\n\nLOCALIZA\u00c7\u00c3O\nDist\u00e2ncia do eixo (m) 15\n\nDIMENS\u00d5ES (m)\nComprimento 70\nLargura 30\nAltura 0\n\nSOLU\u00c7\u00c3O\nCercamento da \u00e1rea e prote\u00e7\u00e3o vegetal (PVE) com", "timestamp": null, "begin": null, "end": null, "altitudeMo": null, "tessellate": -1, "extrude": 0, "visibility": -1, "drawOrder": 0, "icon": null}, "geometry": {"type": "Point", "coordinates": [-61.16158997329859, -4.540162043443502, 0.0]}}, {"id": "178", "type": "Feature", "properties": {"id": null, "Name": "\u00c1rea 54", "descriptio": "DISCRIMINA\u00c7\u00c3O E CLASSIFICA\u00c7\u00c3O DO PROBLEMA\nSC \u2013 Sem cobertura\n\nLOCALIZA\u00c7\u00c3O\nDist\u00e2ncia do eixo (m) 10\n\nDIMENS\u00d5ES (m)\nComprimento 90\nLargura 35\nAltura 2,0\n\nSOLU\u00c7\u00c3O\nCercamento da \u00e1rea e prote\u00e7\u00e3o vegetal (PVE) com mudas e leguminosas. Implanta\u00e7", "timestamp": null, "begin": null, "end": null, "altitudeMo": null, "tessellate": -1, "extrude": 0, "visibility": -1, "drawOrder": 0, "icon": null}, "geometry": {"type": "Point", "coordinates": [-61.16346019802967, -4.541615318192328, 0.0]}}, {"id": "179", "type": "Feature", "properties": {"id": null, "Name": "\u00c1rea 55", "descriptio": "DISCRIMINA\u00c7\u00c3O E CLASSIFICA\u00c7\u00c3O DO PROBLEMA\nSC \u2013 Sem cobertura\n\nLOCALIZA\u00c7\u00c3O\nDist\u00e2ncia do eixo (m) 12\n\nDIMENS\u00d5ES (m)\nComprimento 90\nLargura 35\nAltura 0\n\nSOLU\u00c7\u00c3O\nCercamento da \u00e1rea e prote\u00e7\u00e3o vegetal (PVE) com mudas e leguminosas. Implanta\u00e7\u00e3", "timestamp": null, "begin": null, "end": null, "altitudeMo": null, "tessellate": -1, "extrude": 0, "visibility": -1, "drawOrder": 0, "icon": null}, "geometry": {"type": "Point", "coordinates": [-61.16519032367444, -4.542886934384455, 0.0]}}, {"id": "180", "type": "Feature", "properties": {"id": null, "Name": "\u00c1rea 56", "descriptio": "DISCRIMINA\u00c7\u00c3O E CLASSIFICA\u00c7\u00c3O DO PROBLEMA\nER (33) - Eros\u00e3o (Ravinamento), SC \u2013 Sem cobertura\n\nLOCALIZA\u00c7\u00c3O\nDist\u00e2ncia do eixo (m) 15\n\nDIMENS\u00d5ES (m)\nComprimento 70\nLargura 60\nAltura 2,0\n\nSOLU\u00c7\u00c3O\nCercamento da \u00e1rea e prote\u00e7\u00e3o vegetal (PVE) co", "timestamp": null, "begin": null, "end": null, "altitudeMo": null, "tessellate": -1, "extrude": 0, "visibility": -1, "drawOrder": 0, "icon": null}, "geometry": {"type": "Point", "coordinates": [-61.17277990656737, -4.550229003165896, 0.0]}}, {"id": "181", "type": "Feature", "properties": {"id": null, "Name": "\u00c1rea 57", "descriptio": "DISCRIMINA\u00c7\u00c3O E CLASSIFICA\u00c7\u00c3O DO PROBLEMA\nER (33) - Eros\u00e3o (Ravinamento), SC \u2013 Sem cobertura\n\nLOCALIZA\u00c7\u00c3O\nDist\u00e2ncia do eixo (m) 15\n\nDIMENS\u00d5ES (m)\nComprimento 70\nLargura 40\nAltura 2,0\n\nSOLU\u00c7\u00c3O\nCercamento da \u00e1rea e prote\u00e7\u00e3o vegetal (PVE) co", "timestamp": null, "begin": null, "end": null, "altitudeMo": null, "tessellate": -1, "extrude": 0, "visibility": -1, "drawOrder": 0, "icon": null}, "geometry": {"type": "Point", "coordinates": [-61.19039142102724, -4.568338824776902, 0.0]}}, {"id": "182", "type": "Feature", "properties": {"id": null, "Name": "\u00c1rea 58", "descriptio": "DISCRIMINA\u00c7\u00c3O E CLASSIFICA\u00c7\u00c3O DO PROBLEMA\nSC \u2013 Sem cobertura\n\nLOCALIZA\u00c7\u00c3O\nDist\u00e2ncia do eixo (m) 20\n\nDIMENS\u00d5ES (m)\nComprimento 250\nLargura 200\nAltura 0\n\nSOLU\u00c7\u00c3O\nCercamento da \u00e1rea e prote\u00e7\u00e3o vegetal (PVE) com mudas e leguminosas. Implanta\u00e7", "timestamp": null, "begin": null, "end": null, "altitudeMo": null, "tessellate": -1, "extrude": 0, "visibility": -1, "drawOrder": 0, "icon": null}, "geometry": {"type": "Point", "coordinates": [-61.19250000027478, -4.5700000002997285, 0.0]}}, {"id": "183", "type": "Feature", "properties": {"id": null, "Name": "\u00c1rea 59", "descriptio": "DISCRIMINA\u00c7\u00c3O E CLASSIFICA\u00c7\u00c3O DO PROBLEMA\nSC \u2013 Sem cobertura\n\nLOCALIZA\u00c7\u00c3O\nDist\u00e2ncia do eixo (m) 20\n\nDIMENS\u00d5ES (m)\nComprimento 100\nLargura 50\nAltura 1,0\n\nSOLU\u00c7\u00c3O\nCercamento da \u00e1rea e prote\u00e7\u00e3o vegetal (PVE) com mudas e leguminosas. Implanta", "timestamp": null, "begin": null, "end": null, "altitudeMo": null, "tessellate": -1, "extrude": 0, "visibility": -1, "drawOrder": 0, "icon": null}, "geometry": {"type": "Point", "coordinates": [-61.22342632476506, -4.601982012859537, 0.0]}}, {"id": "184", "type": "Feature", "properties": {"id": null, "Name": "\u00c1rea 60", "descriptio": "DISCRIMINA\u00c7\u00c3O E CLASSIFICA\u00c7\u00c3O DO PROBLEMA\nSC \u2013 Sem cobertura\n\nLOCALIZA\u00c7\u00c3O\nDist\u00e2ncia do eixo (m) 0\n\nDIMENS\u00d5ES (m)\nComprimento 50\nLargura 30\n\nSOLU\u00c7\u00c3O\nCercamento da \u00e1rea e prote\u00e7\u00e3o vegetal (PVE) com mudas, biomanta e leguminosas. Implanta\u00e7\u00e3", "timestamp": null, "begin": null, "end": null, "altitudeMo": null, "tessellate": -1, "extrude": 0, "visibility": -1, "drawOrder": 0, "icon": null}, "geometry": {"type": "Point", "coordinates": [-61.26394982022799, -4.651880546749794, 0.0]}}, {"id": "185", "type": "Feature", "properties": {"id": null, "Name": "\u00c1rea 61", "descriptio": "DISCRIMINA\u00c7\u00c3O E CLASSIFICA\u00c7\u00c3O DO PROBLEMA\nSC \u2013 Sem cobertura\n\nLOCALIZA\u00c7\u00c3O\nDist\u00e2ncia do eixo (m) 10\n\nDIMENS\u00d5ES (m)\nComprimento 75\nLargura 40\nAltura 1,0\n\nSOLU\u00c7\u00c3O\nCercamento da \u00e1rea e prote\u00e7\u00e3o vegetal (PVE) com mudas e leguminosas. Implanta\u00e7", "timestamp": null, "begin": null, "end": null, "altitudeMo": null, "tessellate": -1, "extrude": 0, "visibility": -1, "drawOrder": 0, "icon": null}, "geometry": {"type": "Point", "coordinates": [-61.26155876392579, -4.648104338444398, 0.0]}}, {"id": "186", "type": "Feature", "properties": {"id": null, "Name": "\u00c1rea 62", "descriptio": "DISCRIMINA\u00c7\u00c3O E CLASSIFICA\u00c7\u00c3O DO PROBLEMA\nSC \u2013 Sem cobertura\n\nLOCALIZA\u00c7\u00c3O\nDist\u00e2ncia do eixo (m) 0\n\nDIMENS\u00d5ES (m)\nComprimento 40\nLargura 20\nAltura 0\n\nSOLU\u00c7\u00c3O\nCercamento da \u00e1rea, prote\u00e7\u00e3o vegetal (PVE) com mudas, biomanta e leguminosas. Impl", "timestamp": null, "begin": null, "end": null, "altitudeMo": null, "tessellate": -1, "extrude": 0, "visibility": -1, "drawOrder": 0, "icon": null}, "geometry": {"type": "Point", "coordinates": [-61.302811293906075, -4.736329837551921, 0.0]}}, {"id": "187", "type": "Feature", "properties": {"id": null, "Name": "\u00c1rea 63", "descriptio": "DISCRIMINA\u00c7\u00c3O E CLASSIFICA\u00c7\u00c3O DO PROBLEMA\nSC \u2013 Sem cobertura\n\nLOCALIZA\u00c7\u00c3O\nDist\u00e2ncia do eixo (m) 0\n\nDIMENS\u00d5ES (m)\nComprimento 40\nLargura 20\nAltura 0\n\nSOLU\u00c7\u00c3O\nCercamento da \u00e1rea, prote\u00e7\u00e3o vegetal (PVE) com mudas, biomanta e leguminosas. Impl", "timestamp": null, "begin": null, "end": null, "altitudeMo": null, "tessellate": -1, "extrude": 0, "visibility": -1, "drawOrder": 0, "icon": null}, "geometry": {"type": "Point", "coordinates": [-61.350601672129415, -4.79218919667403, 0.0]}}, {"id": "188", "type": "Feature", "properties": {"id": null, "Name": "\u00c1rea 64", "descriptio": "DISCRIMINA\u00c7\u00c3O E CLASSIFICA\u00c7\u00c3O DO PROBLEMA\nER (33) - Eros\u00e3o (Ravinamento), SC \u2013 Sem cobertura\n\nLOCALIZA\u00c7\u00c3O\nDist\u00e2ncia do eixo (m) 2,0\n\nDIMENS\u00d5ES (m)\nComprimento 17,20\nLargura 23,82\nAltura 2,0\n\nSOLU\u00c7\u00c3O\nDescompacta\u00e7\u00e3o, aduba\u00e7\u00e3o e corre\u00e7\u00e3o", "timestamp": null, "begin": null, "end": null, "altitudeMo": null, "tessellate": -1, "extrude": 0, "visibility": -1, "drawOrder": 0, "icon": null}, "geometry": {"type": "Point", "coordinates": [-61.40997361229233, -4.845723063668402, 0.0]}}, {"id": "189", "type": "Feature", "properties": {"id": null, "Name": "\u00c1rea 65", "descriptio": "DISCRIMINA\u00c7\u00c3O E CLASSIFICA\u00c7\u00c3O DO PROBLEMA\nSC \u2013 Sem cobertura\n\nLOCALIZA\u00c7\u00c3O\nDist\u00e2ncia do eixo (m) 0\n\nDIMENS\u00d5ES (m)\nComprimento 30\nLargura 10\n\nSOLU\u00c7\u00c3O\nCercamento da \u00e1rea, prote\u00e7\u00e3o vegetal (PVE) com mudas, biomanta e\nleguminosas. Implanta\u00e7\u00e3o", "timestamp": null, "begin": null, "end": null, "altitudeMo": null, "tessellate": -1, "extrude": 0, "visibility": -1, "drawOrder": 0, "icon": null}, "geometry": {"type": "Point", "coordinates": [-61.40288935845706, -4.839266505145076, 0.0]}}, {"id": "190", "type": "Feature", "properties": {"id": null, "Name": "\u00c1rea 66", "descriptio": "DISCRIMINA\u00c7\u00c3O E CLASSIFICA\u00c7\u00c3O DO PROBLEMA\nER (33) - Eros\u00e3o (Ravinamento), SC \u2013 Sem cobertura\n\nLOCALIZA\u00c7\u00c3O\nDist\u00e2ncia do eixo (m) 10,4\n\nDIMENS\u00d5ES (m)\nComprimento 51\nLargura 55\nAltura 3,0\n\nSOLU\u00c7\u00c3O\nDescompacta\u00e7\u00e3o, aduba\u00e7\u00e3o e corre\u00e7\u00e3o de so", "timestamp": null, "begin": null, "end": null, "altitudeMo": null, "tessellate": -1, "extrude": 0, "visibility": -1, "drawOrder": 0, "icon": null}, "geometry": {"type": "Point", "coordinates": [-61.41327501273162, -4.848264671877075, 0.0]}}, {"id": "191", "type": "Feature", "properties": {"id": null, "Name": "\u00c1rea 67", "descriptio": "DISCRIMINA\u00c7\u00c3O E CLASSIFICA\u00c7\u00c3O DO PROBLEMA\nER (33) - Eros\u00e3o (Ravinamento), SC \u2013 Sem cobertura\n\nLOCALIZA\u00c7\u00c3O\nDist\u00e2ncia do eixo (m) 16,0\n\nDIMENS\u00d5ES (m)\nComprimento 34,20\nLargura 46,52\nAltura 3,0\n\nSOLU\u00c7\u00c3O\nDescompacta\u00e7\u00e3o, aduba\u00e7\u00e3o e corre\u00e7\u00e3o", "timestamp": null, "begin": null, "end": null, "altitudeMo": null, "tessellate": -1, "extrude": 0, "visibility": -1, "drawOrder": 0, "icon": null}, "geometry": {"type": "Point", "coordinates": [-61.41304681875562, -4.848546348535137, 0.0]}}, {"id": "192", "type": "Feature", "properties": {"id": null, "Name": "\u00c1rea 68", "descriptio": "DISCRIMINA\u00c7\u00c3O E CLASSIFICA\u00c7\u00c3O DO PROBLEMA\nER (33) - Eros\u00e3o (Ravinamento), SC \u2013 Sem cobertura\n\nLOCALIZA\u00c7\u00c3O\nDist\u00e2ncia do eixo (m) 42,0\n\nDIMENS\u00d5ES (m)\nComprimento 104,0\nLargura 141,2\nAltura 2,5\n\nSOLU\u00c7\u00c3O\nDescompacta\u00e7\u00e3o, aduba\u00e7\u00e3o e corre\u00e7\u00e3o", "timestamp": null, "begin": null, "end": null, "altitudeMo": null, "tessellate": -1, "extrude": 0, "visibility": -1, "drawOrder": 0, "icon": null}, "geometry": {"type": "Point", "coordinates": [-61.417564754609714, -4.852478536155445, 0.0]}}, {"id": "193", "type": "Feature", "properties": {"id": null, "Name": "\u00c1rea 69", "descriptio": "DISCRIMINA\u00c7\u00c3O E CLASSIFICA\u00c7\u00c3O DO PROBLEMA\nER (33) - Eros\u00e3o (Ravinamento), SC \u2013 Sem cobertura\n\nLOCALIZA\u00c7\u00c3O\nDist\u00e2ncia do eixo (m) 113,10\n\nDIMENS\u00d5ES (m)\nComprimento 118,52\nLargura 160,85\nAltura 3,0\n\nSOLU\u00c7\u00c3O\nDescompacta\u00e7\u00e3o, aduba\u00e7\u00e3o e correo", "timestamp": null, "begin": null, "end": null, "altitudeMo": null, "tessellate": -1, "extrude": 0, "visibility": -1, "drawOrder": 0, "icon": null}, "geometry": {"type": "Point", "coordinates": [-61.41860695374788, -4.852168027232608, 0.0]}}, {"id": "194", "type": "Feature", "properties": {"id": null, "Name": "\u00c1rea 70", "descriptio": "DISCRIMINA\u00c7\u00c3O E CLASSIFICA\u00c7\u00c3O DO PROBLEMA\nER (33) - Eros\u00e3o (Ravinamento), SC \u2013 Sem cobertura\n\nLOCALIZA\u00c7\u00c3O\nDist\u00e2ncia do eixo (m) 17,80\n\nDIMENS\u00d5ES (m)\nComprimento 125,9\nLargura 82,87\nAltura 2,0\n\nSOLU\u00c7\u00c3O\nDescompacta\u00e7\u00e3o, aduba\u00e7\u00e3o e corre\u00e7\u00e3", "timestamp": null, "begin": null, "end": null, "altitudeMo": null, "tessellate": -1, "extrude": 0, "visibility": -1, "drawOrder": 0, "icon": null}, "geometry": {"type": "Point", "coordinates": [-61.41898884725748, -4.854239836798968, 0.0]}}, {"id": "195", "type": "Feature", "properties": {"id": null, "Name": "\u00c1rea 71", "descriptio": "DISCRIMINA\u00c7\u00c3O E CLASSIFICA\u00c7\u00c3O DO PROBLEMA\nER (33) - Eros\u00e3o (Ravinamento), SC \u2013 Sem cobertura\n\nLOCALIZA\u00c7\u00c3O\nDist\u00e2ncia do eixo (m) 0\n\nDIMENS\u00d5ES (m)\nComprimento 100\nLargura 30\n\nSOLU\u00c7\u00c3O\nCercamento da \u00e1rea, prote\u00e7\u00e3o vegetal (PVE) com mudas, bio", "timestamp": null, "begin": null, "end": null, "altitudeMo": null, "tessellate": -1, "extrude": 0, "visibility": -1, "drawOrder": 0, "icon": null}, "geometry": {"type": "Point", "coordinates": [-61.4143974107119, -4.8497314400538585, 0.0]}}, {"id": "196", "type": "Feature", "properties": {"id": null, "Name": "\u00c1rea 72", "descriptio": "DISCRIMINA\u00c7\u00c3O E CLASSIFICA\u00c7\u00c3O DO PROBLEMA\nER (33) - Eros\u00e3o (Ravinamento), SC \u2013 Sem cobertura\n\nLOCALIZA\u00c7\u00c3O\nDist\u00e2ncia do eixo (m) 5,35\n\nDIMENS\u00d5ES (m)\nComprimento 55,37\nLargura 43,96\nAltura 2,0\n\nSOLU\u00c7\u00c3O\nDescompacta\u00e7\u00e3o, aduba\u00e7\u00e3o e corre\u00e7\u00e3o", "timestamp": null, "begin": null, "end": null, "altitudeMo": null, "tessellate": -1, "extrude": 0, "visibility": -1, "drawOrder": 0, "icon": null}, "geometry": {"type": "Point", "coordinates": [-61.427572951730326, -4.866290325937769, 0.0]}}, {"id": "197", "type": "Feature", "properties": {"id": null, "Name": "\u00c1rea 73", "descriptio": "DISCRIMINA\u00c7\u00c3O E CLASSIFICA\u00c7\u00c3O DO PROBLEMA\nSC \u2013 Sem cobertura\n\nLOCALIZA\u00c7\u00c3O\nDist\u00e2ncia do eixo (m) 0\n\nDIMENS\u00d5ES (m)\nComprimento 50\nLargura 10\n\nSOLU\u00c7\u00c3O\nCercamento da \u00e1rea, prote\u00e7\u00e3o vegetal (PVE) com mudas, biomanta e\nleguminosas. Implanta\u00e7\u00e3o", "timestamp": null, "begin": null, "end": null, "altitudeMo": null, "tessellate": -1, "extrude": 0, "visibility": -1, "drawOrder": 0, "icon": null}, "geometry": {"type": "Point", "coordinates": [-61.43260720455879, -4.874409446738525, 0.0]}}, {"id": "198", "type": "Feature", "properties": {"id": null, "Name": "\u00c1rea 74", "descriptio": "DISCRIMINA\u00c7\u00c3O E CLASSIFICA\u00c7\u00c3O DO PROBLEMA\nSC \u2013 Sem cobertura\n\nLOCALIZA\u00c7\u00c3O\nDist\u00e2ncia do eixo (m) 0\n\nDIMENS\u00d5ES (m)\nComprimento 60\nLargura 20\n\nSOLU\u00c7\u00c3O\nCercamento da \u00e1rea, prote\u00e7\u00e3o vegetal (PVE) com mudas, biomanta e leguminosas. Implanta\u00e7\u00e3o", "timestamp": null, "begin": null, "end": null, "altitudeMo": null, "tessellate": -1, "extrude": 0, "visibility": -1, "drawOrder": 0, "icon": null}, "geometry": {"type": "Point", "coordinates": [-61.43367732494852, -4.876217486947439, 0.0]}}, {"id": "199", "type": "Feature", "properties": {"id": null, "Name": "\u00c1rea 75", "descriptio": "DISCRIMINA\u00c7\u00c3O E CLASSIFICA\u00c7\u00c3O DO PROBLEMA\nER (33) - Eros\u00e3o (Ravinamento), SC \u2013 Sem cobertura\n\nLOCALIZA\u00c7\u00c3O\nDist\u00e2ncia do eixo (m) 2,0\n\nDIMENS\u00d5ES (m)\nComprimento 66,93\nLargura 174,23\nAltura 5,5\n\nSOLU\u00c7\u00c3O\nDescompacta\u00e7\u00e3o, aduba\u00e7\u00e3o e corre\u00e7\u00e3o", "timestamp": null, "begin": null, "end": null, "altitudeMo": null, "tessellate": -1, "extrude": 0, "visibility": -1, "drawOrder": 0, "icon": null}, "geometry": {"type": "Point", "coordinates": [-61.46185402534297, -4.90177240097546, 0.0]}}, {"id": "200", "type": "Feature", "properties": {"id": null, "Name": "\u00c1rea 76", "descriptio": "DISCRIMINA\u00c7\u00c3O E CLASSIFICA\u00c7\u00c3O DO PROBLEMA\nER (33) - Eros\u00e3o (Ravinamento), SC \u2013 Sem cobertura\n\nLOCALIZA\u00c7\u00c3O\nDist\u00e2ncia do eixo (m) 6,8\n\nDIMENS\u00d5ES (m)\nComprimento 35,24\nLargura 73,74\nAltura 2,5\n\nSOLU\u00c7\u00c3O\nDescompacta\u00e7\u00e3o, aduba\u00e7\u00e3o e corre\u00e7\u00e3o", "timestamp": null, "begin": null, "end": null, "altitudeMo": null, "tessellate": -1, "extrude": 0, "visibility": -1, "drawOrder": 0, "icon": null}, "geometry": {"type": "Point", "coordinates": [-61.46187267638288, -4.902037087641418, 0.0]}}, {"id": "201", "type": "Feature", "properties": {"id": null, "Name": "\u00c1rea 77", "descriptio": "DISCRIMINA\u00c7\u00c3O E CLASSIFICA\u00c7\u00c3O DO PROBLEMA\nER (33) - Eros\u00e3o (Ravinamento), SC \u2013 Sem cobertura\n\nLOCALIZA\u00c7\u00c3O\nDist\u00e2ncia do eixo (m) 8,0\n\nDIMENS\u00d5ES (m)\nComprimento 128,2\nLargura 98,9\nAltura 4,0\n\nSOLU\u00c7\u00c3O\nDescompacta\u00e7\u00e3o, aduba\u00e7\u00e3o e corre\u00e7\u00e3o d", "timestamp": null, "begin": null, "end": null, "altitudeMo": null, "tessellate": -1, "extrude": 0, "visibility": -1, "drawOrder": 0, "icon": null}, "geometry": {"type": "Point", "coordinates": [-61.469523777400354, -4.905837622608146, 0.0]}}, {"id": "202", "type": "Feature", "properties": {"id": null, "Name": "\u00c1rea 78", "descriptio": "DISCRIMINA\u00c7\u00c3O E CLASSIFICA\u00c7\u00c3O DO PROBLEMA\nSC \u2013 Sem cobertura\n\nLOCALIZA\u00c7\u00c3O\nDist\u00e2ncia do eixo (m) 0\n\nDIMENS\u00d5ES (m)\nComprimento 110\nLargura 20\n\nSOLU\u00c7\u00c3O\nCercamento da \u00e1rea, prote\u00e7\u00e3o vegetal (PVE) com mudas, biomanta e leguminosas. Implanta\u00e7\u00e3", "timestamp": null, "begin": null, "end": null, "altitudeMo": null, "tessellate": -1, "extrude": 0, "visibility": -1, "drawOrder": 0, "icon": null}, "geometry": {"type": "Point", "coordinates": [-61.466985944545684, -4.904290363309599, 0.0]}}, {"id": "203", "type": "Feature", "properties": {"id": null, "Name": "\u00c1rea 79", "descriptio": "DISCRIMINA\u00c7\u00c3O E CLASSIFICA\u00c7\u00c3O DO PROBLEMA\nER (33) - Eros\u00e3o (Ravinamento), SC \u2013 Sem cobertura\n\nLOCALIZA\u00c7\u00c3O\nDist\u00e2ncia do eixo (m) 28,38\n\nDIMENS\u00d5ES (m)\nComprimento 82,60\nLargura 88,41\nAltura 2,5\n\nSOLU\u00c7\u00c3O\nDescompacta\u00e7\u00e3o, aduba\u00e7\u00e3o e corre\u00e7\u00e3", "timestamp": null, "begin": null, "end": null, "altitudeMo": null, "tessellate": -1, "extrude": 0, "visibility": -1, "drawOrder": 0, "icon": null}, "geometry": {"type": "Point", "coordinates": [-61.50329354596033, -4.925406693164291, 0.0]}}, {"id": "204", "type": "Feature", "properties": {"id": null, "Name": "\u00c1rea 80", "descriptio": "DISCRIMINA\u00c7\u00c3O E CLASSIFICA\u00c7\u00c3O DO PROBLEMA\nSC \u2013 Sem cobertura\n\nLOCALIZA\u00c7\u00c3O\nDist\u00e2ncia do eixo (m) 0\n\nDIMENS\u00d5ES (m)\nComprimento 50\nLargura 15\n\nSOLU\u00c7\u00c3O\nCercamento da \u00e1rea e prote\u00e7\u00e3o vegetal (PVE) com mudas e leguminosas. Implanta\u00e7\u00e3o placa.\n\n", "timestamp": null, "begin": null, "end": null, "altitudeMo": null, "tessellate": -1, "extrude": 0, "visibility": -1, "drawOrder": 0, "icon": null}, "geometry": {"type": "Point", "coordinates": [-61.505036402407995, -4.926976543432659, 0.0]}}, {"id": "205", "type": "Feature", "properties": {"id": null, "Name": "\u00c1rea 81", "descriptio": "DISCRIMINA\u00c7\u00c3O E CLASSIFICA\u00c7\u00c3O DO PROBLEMA\nER (33) - Eros\u00e3o (Ravinamento), SC \u2013 Sem cobertura\n\nLOCALIZA\u00c7\u00c3O\nDist\u00e2ncia do eixo (m) 13,51\n\nDIMENS\u00d5ES (m)\nComprimento 79,51\nLargura 60,46\nAltura 2,0\n\nSOLU\u00c7\u00c3O\nDescompacta\u00e7\u00e3o, aduba\u00e7\u00e3o e corre\u00e7\u00e3", "timestamp": null, "begin": null, "end": null, "altitudeMo": null, "tessellate": -1, "extrude": 0, "visibility": -1, "drawOrder": 0, "icon": null}, "geometry": {"type": "Point", "coordinates": [-61.52370573453197, -4.941627758614118, 0.0]}}, {"id": "206", "type": "Feature", "properties": {"id": null, "Name": "\u00c1rea 82", "descriptio": "DISCRIMINA\u00c7\u00c3O E CLASSIFICA\u00c7\u00c3O DO PROBLEMA\nER (33) - Eros\u00e3o (Ravinamento), SC \u2013 Sem cobertura\n\nLOCALIZA\u00c7\u00c3O\nDist\u00e2ncia do eixo (m) 0\n\nDIMENS\u00d5ES (m)\nComprimento 150\nLargura 35\n\nSOLU\u00c7\u00c3O\nCercamento da \u00e1rea, prote\u00e7\u00e3o vegetal (PVE) com mudas, bio", "timestamp": null, "begin": null, "end": null, "altitudeMo": null, "tessellate": -1, "extrude": 0, "visibility": -1, "drawOrder": 0, "icon": null}, "geometry": {"type": "Point", "coordinates": [-61.52633521010182, -4.943302260291034, 0.0]}}, {"id": "207", "type": "Feature", "properties": {"id": null, "Name": "\u00c1rea 83", "descriptio": "DISCRIMINA\u00c7\u00c3O E CLASSIFICA\u00c7\u00c3O DO PROBLEMA\nER (33) - Eros\u00e3o (Ravinamento), SC \u2013 Sem cobertura\n\nLOCALIZA\u00c7\u00c3O\nDist\u00e2ncia do eixo (m) 2,0\n\nDIMENS\u00d5ES (m)\nComprimento 198,7\nLargura 132,95\nAltura 3,5\n\nSOLU\u00c7\u00c3O\nDescompacta\u00e7\u00e3o, aduba\u00e7\u00e3o e corre\u00e7\u00e3o", "timestamp": null, "begin": null, "end": null, "altitudeMo": null, "tessellate": -1, "extrude": 0, "visibility": -1, "drawOrder": 0, "icon": null}, "geometry": {"type": "Point", "coordinates": [-61.53576977015871, -4.950550884115955, 0.0]}}, {"id": "208", "type": "Feature", "properties": {"id": null, "Name": "\u00c1rea 84", "descriptio": "DISCRIMINA\u00c7\u00c3O E CLASSIFICA\u00c7\u00c3O DO PROBLEMA\nSC \u2013 Sem cobertura\n\nLOCALIZA\u00c7\u00c3O\nDist\u00e2ncia do eixo (m) 0\n\nDIMENS\u00d5ES (m)\nComprimento 60\nLargura 20\n\nSOLU\u00c7\u00c3O\nCercamento da \u00e1rea, prote\u00e7\u00e3o vegetal (PVE) com mudas, biomanta e leguminosas. Implanta\u00e7\u00e3o", "timestamp": null, "begin": null, "end": null, "altitudeMo": null, "tessellate": -1, "extrude": 0, "visibility": -1, "drawOrder": 0, "icon": null}, "geometry": {"type": "Point", "coordinates": [-61.54384375308672, -4.956459268080721, 0.0]}}, {"id": "209", "type": "Feature", "properties": {"id": null, "Name": "\u00c1rea 85", "descriptio": "DISCRIMINA\u00c7\u00c3O E CLASSIFICA\u00c7\u00c3O DO PROBLEMA\nSC \u2013 Sem cobertura\n\nLOCALIZA\u00c7\u00c3O\nDist\u00e2ncia do eixo (m) 0\n\nDIMENS\u00d5ES (m)\nComprimento 100\nLargura 40\n\nSOLU\u00c7\u00c3O\nCercamento da \u00e1rea, prote\u00e7\u00e3o vegetal (PVE) com mudas, biomanta e\nleguminosas. Implanta\u00e7\u00e3", "timestamp": null, "begin": null, "end": null, "altitudeMo": null, "tessellate": -1, "extrude": 0, "visibility": -1, "drawOrder": 0, "icon": null}, "geometry": {"type": "Point", "coordinates": [-61.55030354827011, -4.961254050334105, 0.0]}}, {"id": "210", "type": "Feature", "properties": {"id": null, "Name": "\u00c1rea 86", "descriptio": "DISCRIMINA\u00c7\u00c3O E CLASSIFICA\u00c7\u00c3O DO PROBLEMA\nSC \u2013 Sem cobertura\n\nLOCALIZA\u00c7\u00c3O\nDist\u00e2ncia do eixo (m) 0\n\nDIMENS\u00d5ES (m)\nComprimento 90\nLargura 15\n\nSOLU\u00c7\u00c3O\nCercamento da \u00e1rea, prote\u00e7\u00e3o vegetal (PVE) com mudas, biomanta e\nleguminosas. Implanta\u00e7\u00e3o", "timestamp": null, "begin": null, "end": null, "altitudeMo": null, "tessellate": -1, "extrude": 0, "visibility": -1, "drawOrder": 0, "icon": null}, "geometry": {"type": "Point", "coordinates": [-61.55328890895595, -4.9636165450674525, 0.0]}}, {"id": "211", "type": "Feature", "properties": {"id": null, "Name": "\u00c1rea 87", "descriptio": "DISCRIMINA\u00c7\u00c3O E CLASSIFICA\u00c7\u00c3O DO PROBLEMA\nER (33) - Eros\u00e3o (Ravinamento), SC \u2013 Sem cobertura\n\nLOCALIZA\u00c7\u00c3O\nDist\u00e2ncia do eixo (m) 74,0\n\nDIMENS\u00d5ES (m)\nComprimento 304,0\nLargura 154,2\nAltura 4,0\n\nSOLU\u00c7\u00c3O\nDescompacta\u00e7\u00e3o, aduba\u00e7\u00e3o e corre\u00e7\u00e3o", "timestamp": null, "begin": null, "end": null, "altitudeMo": null, "tessellate": -1, "extrude": 0, "visibility": -1, "drawOrder": 0, "icon": null}, "geometry": {"type": "Point", "coordinates": [-61.56568020787523, -4.972846244958191, 0.0]}}, {"id": "212", "type": "Feature", "properties": {"id": null, "Name": "\u00c1rea 88", "descriptio": "DISCRIMINA\u00c7\u00c3O E CLASSIFICA\u00c7\u00c3O DO PROBLEMA\nER (33) - Eros\u00e3o (Ravinamento), SC \u2013 Sem cobertura\n\nLOCALIZA\u00c7\u00c3O\nDist\u00e2ncia do eixo (m) 5,8\n\nDIMENS\u00d5ES (m)\nComprimento 69,60\nLargura 45,77\nAltura 3,5\n\nSOLU\u00c7\u00c3O\nDescompacta\u00e7\u00e3o, aduba\u00e7\u00e3o e corre\u00e7\u00e3o", "timestamp": null, "begin": null, "end": null, "altitudeMo": null, "tessellate": -1, "extrude": 0, "visibility": -1, "drawOrder": 0, "icon": null}, "geometry": {"type": "Point", "coordinates": [-61.586194420935726, -4.992856717163704, 0.0]}}, {"id": "213", "type": "Feature", "properties": {"id": null, "Name": "\u00c1rea 89", "descriptio": "DISCRIMINA\u00c7\u00c3O E CLASSIFICA\u00c7\u00c3O DO PROBLEMA\nER (33) - Eros\u00e3o (Ravinamento), SC \u2013 Sem cobertura\n\nLOCALIZA\u00c7\u00c3O\nDist\u00e2ncia do eixo (m) 3,0\n\nDIMENS\u00d5ES (m)\nComprimento 114,2\nLargura 41,50\nAltura 4,0\n\nSOLU\u00c7\u00c3O\nDescompacta\u00e7\u00e3o, aduba\u00e7\u00e3o e corre\u00e7\u00e3o", "timestamp": null, "begin": null, "end": null, "altitudeMo": null, "tessellate": -1, "extrude": 0, "visibility": -1, "drawOrder": 0, "icon": null}, "geometry": {"type": "Point", "coordinates": [-61.59267335189361, -4.998834803083639, 0.0]}}, {"id": "214", "type": "Feature", "properties": {"id": null, "Name": "\u00c1rea 90", "descriptio": "DISCRIMINA\u00c7\u00c3O E CLASSIFICA\u00c7\u00c3O DO PROBLEMA\nSC \u2013 Sem cobertura\n\nLOCALIZA\u00c7\u00c3O\nDist\u00e2ncia do eixo (m) 0\n\nDIMENS\u00d5ES (m)\nComprimento 45\nLargura 10\n\nSOLU\u00c7\u00c3O\nCercamento da \u00e1rea, prote\u00e7\u00e3o vegetal (PVE) com mudas, biomanta e\nleguminosas. Implanta\u00e7\u00e3o", "timestamp": null, "begin": null, "end": null, "altitudeMo": null, "tessellate": -1, "extrude": 0, "visibility": -1, "drawOrder": 0, "icon": null}, "geometry": {"type": "Point", "coordinates": [-61.58611111133865, -4.9925000001748, 0.0]}}, {"id": "215", "type": "Feature", "properties": {"id": null, "Name": "\u00c1rea 91", "descriptio": "DISCRIMINA\u00c7\u00c3O E CLASSIFICA\u00c7\u00c3O DO PROBLEMA\nER (33) - Eros\u00e3o (Ravinamento), SC \u2013 Sem cobertura\n\nLOCALIZA\u00c7\u00c3O\nDist\u00e2ncia do eixo (m) 0\n\nDIMENS\u00d5ES (m)\nComprimento 60\nLargura 90\n\nSOLU\u00c7\u00c3O\nCercamento da \u00e1rea, prote\u00e7\u00e3o vegetal (PVE) com mudas, biom", "timestamp": null, "begin": null, "end": null, "altitudeMo": null, "tessellate": -1, "extrude": 0, "visibility": -1, "drawOrder": 0, "icon": null}, "geometry": {"type": "Point", "coordinates": [-61.645862455687734, -5.047395367901856, 0.0]}}, {"id": "216", "type": "Feature", "properties": {"id": null, "Name": "\u00c1rea 92", "descriptio": "DISCRIMINA\u00c7\u00c3O E CLASSIFICA\u00c7\u00c3O DO PROBLEMA\nSC \u2013 Sem cobertura\n\nLOCALIZA\u00c7\u00c3O\nDist\u00e2ncia do eixo (m) 0\n\nDIMENS\u00d5ES (m)\nComprimento 40\nLargura 15\n\nSOLU\u00c7\u00c3O\nCercamento da \u00e1rea, prote\u00e7\u00e3o vegetal (PVE) com mudas, biomanta e\nleguminosas. Implanta\u00e7\u00e3o", "timestamp": null, "begin": null, "end": null, "altitudeMo": null, "tessellate": -1, "extrude": 0, "visibility": -1, "drawOrder": 0, "icon": null}, "geometry": {"type": "Point", "coordinates": [-61.68740336047665, -5.0853447761404595, 0.0]}}, {"id": "217", "type": "Feature", "properties": {"id": null, "Name": "\u00c1rea 93", "descriptio": "DISCRIMINA\u00c7\u00c3O E CLASSIFICA\u00c7\u00c3O DO PROBLEMA\nSC \u2013 Sem cobertura\n\nLOCALIZA\u00c7\u00c3O\nDist\u00e2ncia do eixo (m) 0\n\nDIMENS\u00d5ES (m)\nComprimento 120\nLargura 10\n\nSOLU\u00c7\u00c3O\nCercamento da \u00e1rea, prote\u00e7\u00e3o vegetal (PVE) com mudas, biomanta e\nleguminosas. Implanta\u00e7\u00e3", "timestamp": null, "begin": null, "end": null, "altitudeMo": null, "tessellate": -1, "extrude": 0, "visibility": -1, "drawOrder": 0, "icon": null}, "geometry": {"type": "Point", "coordinates": [-61.70342122500949, -5.099774460422964, 0.0]}}, {"id": "218", "type": "Feature", "properties": {"id": null, "Name": "\u00c1rea 94", "descriptio": "DISCRIMINA\u00c7\u00c3O E CLASSIFICA\u00c7\u00c3O DO PROBLEMA\nER (33) - Eros\u00e3o (Ravinamento), SC \u2013 Sem cobertura\n\nLOCALIZA\u00c7\u00c3O\nDist\u00e2ncia do eixo (m) 39,0\n\nDIMENS\u00d5ES (m)\nComprimento 160,46\nLargura 116,0\nAltura 1,0\n\nSOLU\u00c7\u00c3O\nDescompacta\u00e7\u00e3o, aduba\u00e7\u00e3o e corre\u00e7\u00e3", "timestamp": null, "begin": null, "end": null, "altitudeMo": null, "tessellate": -1, "extrude": 0, "visibility": -1, "drawOrder": 0, "icon": null}, "geometry": {"type": "Point", "coordinates": [-61.71946610157926, -5.113259441969603, 0.0]}}, {"id": "219", "type": "Feature", "properties": {"id": null, "Name": "\u00c1rea 95", "descriptio": "DISCRIMINA\u00c7\u00c3O E CLASSIFICA\u00c7\u00c3O DO PROBLEMA\nSC \u2013 Sem cobertura\n\nLOCALIZA\u00c7\u00c3O\nDist\u00e2ncia do eixo (m) 0\n\nDIMENS\u00d5ES (m)\nComprimento 50\nLargura 20\n\nSOLU\u00c7\u00c3O\nCercamento da \u00e1rea, prote\u00e7\u00e3o vegetal (PVE) com mudas, biomanta e\nleguminosas. Implanta\u00e7\u00e3o", "timestamp": null, "begin": null, "end": null, "altitudeMo": null, "tessellate": -1, "extrude": 0, "visibility": -1, "drawOrder": 0, "icon": null}, "geometry": {"type": "Point", "coordinates": [-61.71152414632223, -5.107081782997852, 0.0]}}, {"id": "220", "type": "Feature", "properties": {"id": null, "Name": "\u00c1rea 96", "descriptio": "DISCRIMINA\u00c7\u00c3O E CLASSIFICA\u00c7\u00c3O DO PROBLEMA\nER (33) - Eros\u00e3o (Ravinamento), SC \u2013 Sem cobertura\n\nLOCALIZA\u00c7\u00c3O\nDist\u00e2ncia do eixo (m) 0\n\nDIMENS\u00d5ES (m)\nComprimento 60\nLargura 20\n\nSOLU\u00c7\u00c3O\nCercamento da \u00e1rea, prote\u00e7\u00e3o vegetal (PVE) com mudas, biom", "timestamp": null, "begin": null, "end": null, "altitudeMo": null, "tessellate": -1, "extrude": 0, "visibility": -1, "drawOrder": 0, "icon": null}, "geometry": {"type": "Point", "coordinates": [-61.71922298155533, -5.113579007964802, 0.0]}}, {"id": "221", "type": "Feature", "properties": {"id": null, "Name": "\u00c1rea 97", "descriptio": "DISCRIMINA\u00c7\u00c3O E CLASSIFICA\u00c7\u00c3O DO PROBLEMA\nSC \u2013 Sem cobertura\n\nLOCALIZA\u00c7\u00c3O\nDist\u00e2ncia do eixo (m) 0\n\nDIMENS\u00d5ES (m)\nComprimento 60\nLargura 15\n\nSOLU\u00c7\u00c3O\nCercamento da \u00e1rea, prote\u00e7\u00e3o vegetal (PVE) com mudas, biomanta e leguminosas. Implanta\u00e7\u00e3o", "timestamp": null, "begin": null, "end": null, "altitudeMo": null, "tessellate": -1, "extrude": 0, "visibility": -1, "drawOrder": 0, "icon": null}, "geometry": {"type": "Point", "coordinates": [-61.745784667728174, -5.135792142893024, 0.0]}}, {"id": "222", "type": "Feature", "properties": {"id": null, "Name": "\u00c1rea 98", "descriptio": "DISCRIMINA\u00c7\u00c3O E CLASSIFICA\u00c7\u00c3O DO PROBLEMA\nSC \u2013 Sem cobertura\n\nLOCALIZA\u00c7\u00c3O\nDist\u00e2ncia do eixo (m) 0\n\nDIMENS\u00d5ES (m)\nComprimento 60\nLargura 15\n\nSOLU\u00c7\u00c3O\nCercamento da \u00e1rea, prote\u00e7\u00e3o vegetal (PVE) com mudas, biomanta e\nleguminosas. Implanta\u00e7\u00e3o", "timestamp": null, "begin": null, "end": null, "altitudeMo": null, "tessellate": -1, "extrude": 0, "visibility": -1, "drawOrder": 0, "icon": null}, "geometry": {"type": "Point", "coordinates": [-61.7590366924893, -5.147034152304229, 0.0]}}, {"id": "223", "type": "Feature", "properties": {"id": null, "Name": "\u00c1rea 99", "descriptio": "DISCRIMINA\u00c7\u00c3O E CLASSIFICA\u00c7\u00c3O DO PROBLEMA\nER (33) - Eros\u00e3o (Ravinamento), SC \u2013 Sem cobertura\n\nLOCALIZA\u00c7\u00c3O\nDist\u00e2ncia do eixo (m) 17,50\n\nDIMENS\u00d5ES (m)\nComprimento 30\nLargura 16\nAltura 3,0\n\nSOLU\u00c7\u00c3O\nProte\u00e7\u00e3o vegetal (PVE) com mudas e leguminos", "timestamp": null, "begin": null, "end": null, "altitudeMo": null, "tessellate": -1, "extrude": 0, "visibility": -1, "drawOrder": 0, "icon": null}, "geometry": {"type": "Point", "coordinates": [-61.769084189983346, -5.155501451031114, 0.0]}}, {"id": "224", "type": "Feature", "properties": {"id": null, "Name": "\u00c1rea 100", "descriptio": "DISCRIMINA\u00c7\u00c3O E CLASSIFICA\u00c7\u00c3O DO PROBLEMA\nER (33) - Eros\u00e3o (Ravinamento), SC \u2013 Sem cobertura\n\nLOCALIZA\u00c7\u00c3O\nDist\u00e2ncia do eixo (m) 1,0\n\nDIMENS\u00d5ES (m)\nComprimento 37,90\nLargura 58,10\nAltura 3,0\n\nSOLU\u00c7\u00c3O\nDescompacta\u00e7\u00e3o, aduba\u00e7\u00e3o e corre\u00e7\u00e3o", "timestamp": null, "begin": null, "end": null, "altitudeMo": null, "tessellate": -1, "extrude": 0, "visibility": -1, "drawOrder": 0, "icon": null}, "geometry": {"type": "Point", "coordinates": [-61.77822318515183, -5.163024223289199, 0.0]}}]}