{"type": "FeatureCollection", "features": [{"id": "0", "type": "Feature", "properties": {"Name": "Bueiro 01", "BR_UF": null, "CONTRATO": null, "KM": null, "LONGITUDE": "-61,16611111", "LATITUDE": "-4,54361111", "CONDICAO": null, "TIPO": null, "DIMENSAO": null, "LARGURA": null, "EXTEN_OAC": null, "OBSERVACAO": null}, "geometry": {"type": "Point", "coordinates": [-61.16611111111111, -4.543611111111111, 0.0]}}, {"id": "1", "type": "Feature", "properties": {"Name": "Bueiro 02", "BR_UF": null, "CONTRATO": null, "KM": null, "LONGITUDE": "-61,26777778", "LATITUDE": "-4,65777778", "CONDICAO": null, "TIPO": null, "DIMENSAO": null, "LARGURA": null, "EXTEN_OAC": null, "OBSERVACAO": null}, "geometry": {"type": "Point", "coordinates": [-61.26777777777777, -4.657777777777779, 0.0]}}, {"id": "2", "type": "Feature", "properties": {"Name": "Bueiro 03", "BR_UF": null, "CONTRATO": null, "KM": null, "LONGITUDE": "-61,3425", "LATITUDE": "-4,78472222", "CONDICAO": null, "TIPO": null, "DIMENSAO": null, "LARGURA": null, "EXTEN_OAC": null, "OBSERVACAO": null}, "geometry": {"type": "Point", "coordinates": [-61.3425, -4.784722222222222, 0.0]}}, {"id": "3", "type": "Feature", "properties": {"Name": "Bueiro 04", "BR_UF": null, "CONTRATO": null, "KM": null, "LONGITUDE": "-61,37916667", "LATITUDE": "-4,81777778", "CONDICAO": null, "TIPO": null, "DIMENSAO": null, "LARGURA": null, "EXTEN_OAC": null, "OBSERVACAO": null}, "geometry": {"type": "Point", "coordinates": [-61.37916666666666, -4.817777777777778, 0.0]}}, {"id": "4", "type": "Feature", "properties": {"Name": "Bueiro 05", "BR_UF": null, "CONTRATO": null, "KM": null, "LONGITUDE": "-61,42833333", "LATITUDE": "-4,86722222", "CONDICAO": null, "TIPO": null, "DIMENSAO": null, "LARGURA": null, "EXTEN_OAC": null, "OBSERVACAO": null}, "geometry": {"type": "Point", "coordinates": [-61.42833333333333, -4.867222222222223, 0.0]}}, {"id": "5", "type": "Feature", "properties": {"Name": "Bueiro 06", "BR_UF": null, "CONTRATO": null, "KM": null, "LONGITUDE": "-61,43527778", "LATITUDE": "-4,87861111", "CONDICAO": null, "TIPO": null, "DIMENSAO": null, "LARGURA": null, "EXTEN_OAC": null, "OBSERVACAO": null}, "geometry": {"type": "Point", "coordinates": [-61.43527777777778, -4.878611111111112, 0.0]}}, {"id": "6", "type": "Feature", "properties": {"Name": "Bueiro 07", "BR_UF": null, "CONTRATO": null, "KM": null, "LONGITUDE": "-61,4375", "LATITUDE": "-4,8825", "CONDICAO": null, "TIPO": null, "DIMENSAO": null, "LARGURA": null, "EXTEN_OAC": null, "OBSERVACAO": null}, "geometry": {"type": "Point", "coordinates": [-61.4375, -4.8825, 0.0]}}, {"id": "7", "type": "Feature", "properties": {"Name": "Bueiro 08", "BR_UF": null, "CONTRATO": null, "KM": null, "LONGITUDE": "-61,47111111", "LATITUDE": "-4,90638889", "CONDICAO": null, "TIPO": null, "DIMENSAO": null, "LARGURA": null, "EXTEN_OAC": null, "OBSERVACAO": null}, "geometry": {"type": "Point", "coordinates": [-61.4711111111111, -4.906388888888889, 0.0]}}, {"id": "8", "type": "Feature", "properties": {"Name": "Bueiro 09", "BR_UF": null, "CONTRATO": null, "KM": null, "LONGITUDE": "-61,51916667", "LATITUDE": "-4,9375", "CONDICAO": null, "TIPO": null, "DIMENSAO": null, "LARGURA": null, "EXTEN_OAC": null, "OBSERVACAO": null}, "geometry": {"type": "Point", "coordinates": [-61.51916666666666, -4.9375, 0.0]}}, {"id": "9", "type": "Feature", "properties": {"Name": "Bueiro 10", "BR_UF": null, "CONTRATO": null, "KM": null, "LONGITUDE": "-61,5825", "LATITUDE": "-4,98916667", "CONDICAO": null, "TIPO": null, "DIMENSAO": null, "LARGURA": null, "EXTEN_OAC": null, "OBSERVACAO": null}, "geometry": {"type": "Point", "coordinates": [-61.5825, -4.989166666666667, 0.0]}}, {"id": "10", "type": "Feature", "properties": {"Name": "Bueiro 11", "BR_UF": null, "CONTRATO": null, "KM": null, "LONGITUDE": "-61,58638889", "LATITUDE": "-4,99333333", "CONDICAO": null, "TIPO": null, "DIMENSAO": null, "LARGURA": null, "EXTEN_OAC": null, "OBSERVACAO": null}, "geometry": {"type": "Point", "coordinates": [-61.58638888888888, -4.993333333333333, 0.0]}}, {"id": "11", "type": "Feature", "properties": {"Name": "Bueiro 12", "BR_UF": null, "CONTRATO": null, "KM": null, "LONGITUDE": "-61,63361111", "LATITUDE": "-5,03638889", "CONDICAO": null, "TIPO": null, "DIMENSAO": null, "LARGURA": null, "EXTEN_OAC": null, "OBSERVACAO": null}, "geometry": {"type": "Point", "coordinates": [-61.63361111111111, -5.036388888888888, 0.0]}}, {"id": "12", "type": "Feature", "properties": {"Name": "Bueiro 13", "BR_UF": null, "CONTRATO": null, "KM": null, "LONGITUDE": "-61,64138889", "LATITUDE": "-5,04305556", "CONDICAO": null, "TIPO": null, "DIMENSAO": null, "LARGURA": null, "EXTEN_OAC": null, "OBSERVACAO": null}, "geometry": {"type": "Point", "coordinates": [-61.64138888888889, -5.043055555555555, 0.0]}}, {"id": "13", "type": "Feature", "properties": {"Name": "Bueiro 14", "BR_UF": null, "CONTRATO": null, "KM": null, "LONGITUDE": "-61,64916667", "LATITUDE": "-5,05055556", "CONDICAO": null, "TIPO": null, "DIMENSAO": null, "LARGURA": null, "EXTEN_OAC": null, "OBSERVACAO": null}, "geometry": {"type": "Point", "coordinates": [-61.64916666666667, -5.050555555555556, 0.0]}}, {"id": "14", "type": "Feature", "properties": {"Name": "Bueiro 15", "BR_UF": null, "CONTRATO": null, "KM": null, "LONGITUDE": "-61,72805556", "LATITUDE": "-5,12083333", "CONDICAO": null, "TIPO": null, "DIMENSAO": null, "LARGURA": null, "EXTEN_OAC": null, "OBSERVACAO": null}, "geometry": {"type": "Point", "coordinates": [-61.72805555555555, -5.120833333333333, 0.0]}}, {"id": "15", "type": "Feature", "properties": {"Name": "Bueiro 16", "BR_UF": null, "CONTRATO": null, "KM": null, "LONGITUDE": "-61,77583333", "LATITUDE": "-5,16111111", "CONDICAO": null, "TIPO": null, "DIMENSAO": null, "LARGURA": null, "EXTEN_OAC": null, "OBSERVACAO": null}, "geometry": {"type": "Point", "coordinates": [-61.77583333333333, -5.161111111111111, 0.0]}}, {"id": "16", "type": "Feature", "properties": {"Name": "Bueiro 17", "BR_UF": null, "CONTRATO": null, "KM": null, "LONGITUDE": "-61,82583333", "LATITUDE": "-5,19361111", "CONDICAO": null, "TIPO": null, "DIMENSAO": null, "LARGURA": null, "EXTEN_OAC": null, "OBSERVACAO": null}, "geometry": {"type": "Point", "coordinates": [-61.82583333333333, -5.193611111111111, 0.0]}}, {"id": "17", "type": "Feature", "properties": {"Name": "Bueiro 18", "BR_UF": null, "CONTRATO": null, "KM": null, "LONGITUDE": "-61,91777778", "LATITUDE": "-5,27083333", "CONDICAO": null, "TIPO": null, "DIMENSAO": null, "LARGURA": null, "EXTEN_OAC": null, "OBSERVACAO": null}, "geometry": {"type": "Point", "coordinates": [-61.91777777777776, -5.270833333333333, 0.0]}}, {"id": "18", "type": "Feature", "properties": {"Name": "Bueiro 19", "BR_UF": null, "CONTRATO": null, "KM": null, "LONGITUDE": "-61,93416667", "LATITUDE": "-5,28694444", "CONDICAO": null, "TIPO": null, "DIMENSAO": null, "LARGURA": null, "EXTEN_OAC": null, "OBSERVACAO": null}, "geometry": {"type": "Point", "coordinates": [-61.93416666666666, -5.286944444444444, 0.0]}}, {"id": "19", "type": "Feature", "properties": {"Name": "Bueiro 20", "BR_UF": null, "CONTRATO": null, "KM": null, "LONGITUDE": "-62,02944444", "LATITUDE": "-5,34583333", "CONDICAO": null, "TIPO": null, "DIMENSAO": null, "LARGURA": null, "EXTEN_OAC": null, "OBSERVACAO": null}, "geometry": {"type": "Point", "coordinates": [-62.02944444444444, -5.345833333333333, 0.0]}}, {"id": "20", "type": "Feature", "properties": {"Name": "Bueiro 21", "BR_UF": null, "CONTRATO": null, "KM": null, "LONGITUDE": "-62,16222222", "LATITUDE": "-5,55361111", "CONDICAO": null, "TIPO": null, "DIMENSAO": null, "LARGURA": null, "EXTEN_OAC": null, "OBSERVACAO": null}, "geometry": {"type": "Point", "coordinates": [-62.16222222222221, -5.553611111111111, 0.0]}}, {"id": "21", "type": "Feature", "properties": {"Name": "Bueiro 22", "BR_UF": null, "CONTRATO": null, "KM": null, "LONGITUDE": "-62,18583333", "LATITUDE": "-5,59138889", "CONDICAO": null, "TIPO": null, "DIMENSAO": null, "LARGURA": null, "EXTEN_OAC": null, "OBSERVACAO": null}, "geometry": {"type": "Point", "coordinates": [-62.18583333333334, -5.591388888888889, 0.0]}}, {"id": "22", "type": "Feature", "properties": {"Name": "Bueiro 23", "BR_UF": null, "CONTRATO": null, "KM": null, "LONGITUDE": "-62,23416667", "LATITUDE": "-5,66833333", "CONDICAO": null, "TIPO": null, "DIMENSAO": null, "LARGURA": null, "EXTEN_OAC": null, "OBSERVACAO": null}, "geometry": {"type": "Point", "coordinates": [-62.23416666666667, -5.668333333333334, 0.0]}}, {"id": "23", "type": "Feature", "properties": {"Name": "Bueiro 24", "BR_UF": null, "CONTRATO": null, "KM": null, "LONGITUDE": "-62,29222222", "LATITUDE": "-5,75972222", "CONDICAO": null, "TIPO": null, "DIMENSAO": null, "LARGURA": null, "EXTEN_OAC": null, "OBSERVACAO": null}, "geometry": {"type": "Point", "coordinates": [-62.29222222222221, -5.759722222222222, 0.0]}}, {"id": "24", "type": "Feature", "properties": {"Name": "Bueiro 25", "BR_UF": null, "CONTRATO": null, "KM": null, "LONGITUDE": "-62,30222222", "LATITUDE": "-5,77472222", "CONDICAO": null, "TIPO": null, "DIMENSAO": null, "LARGURA": null, "EXTEN_OAC": null, "OBSERVACAO": null}, "geometry": {"type": "Point", "coordinates": [-62.30222222222223, -5.774722222222223, 0.0]}}, {"id": "25", "type": "Feature", "properties": {"Name": "Bueiro 26", "BR_UF": null, "CONTRATO": null, "KM": null, "LONGITUDE": "-62,3405556", "LATITUDE": "-5,8258333", "CONDICAO": null, "TIPO": null, "DIMENSAO": null, "LARGURA": null, "EXTEN_OAC": null, "OBSERVACAO": null}, "geometry": {"type": "Point", "coordinates": [-62.34055559999999, -5.8258333, 0.0]}}, {"id": "26", "type": "Feature", "properties": {"Name": "Bueiro 27", "BR_UF": null, "CONTRATO": null, "KM": null, "LONGITUDE": "-62,5658333", "LATITUDE": "-6,0922222", "CONDICAO": null, "TIPO": null, "DIMENSAO": null, "LARGURA": null, "EXTEN_OAC": null, "OBSERVACAO": null}, "geometry": {"type": "Point", "coordinates": [-62.56583330000001, -6.0922222, 0.0]}}, {"id": "27", "type": "Feature", "properties": {"Name": "Bueiro 28", "BR_UF": null, "CONTRATO": null, "KM": null, "LONGITUDE": "-62,5838889", "LATITUDE": "-6,1144444", "CONDICAO": null, "TIPO": null, "DIMENSAO": null, "LARGURA": null, "EXTEN_OAC": null, "OBSERVACAO": null}, "geometry": {"type": "Point", "coordinates": [-62.58388890000001, -6.114444399999999, 0.0]}}, {"id": "28", "type": "Feature", "properties": {"Name": "Bueiro 29", "BR_UF": null, "CONTRATO": null, "KM": null, "LONGITUDE": "-62,59", "LATITUDE": "-6,1216667", "CONDICAO": null, "TIPO": null, "DIMENSAO": null, "LARGURA": null, "EXTEN_OAC": null, "OBSERVACAO": null}, "geometry": {"type": "Point", "coordinates": [-62.58999999999995, -6.121666699999999, 0.0]}}, {"id": "29", "type": "Feature", "properties": {"Name": "Bueiro 30", "BR_UF": null, "CONTRATO": null, "KM": null, "LONGITUDE": "-62,59361111", "LATITUDE": "-6,12638889", "CONDICAO": null, "TIPO": null, "DIMENSAO": null, "LARGURA": null, "EXTEN_OAC": null, "OBSERVACAO": null}, "geometry": {"type": "Point", "coordinates": [-62.59361111111112, -6.126388888888889, 0.0]}}, {"id": "30", "type": "Feature", "properties": {"Name": "Bueiro 31", "BR_UF": null, "CONTRATO": null, "KM": null, "LONGITUDE": "-62,61", "LATITUDE": "-6,1455556", "CONDICAO": null, "TIPO": null, "DIMENSAO": null, "LARGURA": null, "EXTEN_OAC": null, "OBSERVACAO": null}, "geometry": {"type": "Point", "coordinates": [-62.61, -6.145555599999999, 0.0]}}, {"id": "31", "type": "Feature", "properties": {"Name": "Bueiro 32", "BR_UF": null, "CONTRATO": null, "KM": null, "LONGITUDE": "-62,6155556", "LATITUDE": "-6,1525", "CONDICAO": null, "TIPO": null, "DIMENSAO": null, "LARGURA": null, "EXTEN_OAC": null, "OBSERVACAO": null}, "geometry": {"type": "Point", "coordinates": [-62.61555559999996, -6.152500000000001, 0.0]}}, {"id": "32", "type": "Feature", "properties": {"Name": "Bueiro 33", "BR_UF": null, "CONTRATO": null, "KM": null, "LONGITUDE": "-62,6241667", "LATITUDE": "-6,1625", "CONDICAO": null, "TIPO": null, "DIMENSAO": null, "LARGURA": null, "EXTEN_OAC": null, "OBSERVACAO": null}, "geometry": {"type": "Point", "coordinates": [-62.6241667, -6.162500000000001, 0.0]}}, {"id": "33", "type": "Feature", "properties": {"Name": "Bueiro 34", "BR_UF": null, "CONTRATO": null, "KM": null, "LONGITUDE": "-62,7163889", "LATITUDE": "-6,2536111", "CONDICAO": null, "TIPO": null, "DIMENSAO": null, "LARGURA": null, "EXTEN_OAC": null, "OBSERVACAO": null}, "geometry": {"type": "Point", "coordinates": [-62.7163889, -6.253611099999998, 0.0]}}, {"id": "34", "type": "Feature", "properties": {"Name": "Bueiro 35", "BR_UF": null, "CONTRATO": null, "KM": null, "LONGITUDE": "-62,7322222", "LATITUDE": "-6,2672222", "CONDICAO": null, "TIPO": null, "DIMENSAO": null, "LARGURA": null, "EXTEN_OAC": null, "OBSERVACAO": null}, "geometry": {"type": "Point", "coordinates": [-62.73222219999998, -6.267222200000003, 0.0]}}, {"id": "35", "type": "Feature", "properties": {"Name": "Bueiro 36", "BR_UF": null, "CONTRATO": null, "KM": null, "LONGITUDE": "-62,7522222", "LATITUDE": "-6,2925", "CONDICAO": null, "TIPO": null, "DIMENSAO": null, "LARGURA": null, "EXTEN_OAC": null, "OBSERVACAO": null}, "geometry": {"type": "Point", "coordinates": [-62.75222219999998, -6.292499999999999, 0.0]}}, {"id": "36", "type": "Feature", "properties": {"Name": "Bueiro 37", "BR_UF": null, "CONTRATO": null, "KM": null, "LONGITUDE": "-62,755", "LATITUDE": "-6,2969444", "CONDICAO": null, "TIPO": null, "DIMENSAO": null, "LARGURA": null, "EXTEN_OAC": null, "OBSERVACAO": null}, "geometry": {"type": "Point", "coordinates": [-62.75499999999997, -6.296944400000001, 0.0]}}, {"id": "37", "type": "Feature", "properties": {"Name": "Bueiro 38", "BR_UF": null, "CONTRATO": null, "KM": null, "LONGITUDE": "-62,84122602", "LATITUDE": "-6,40151822", "CONDICAO": null, "TIPO": null, "DIMENSAO": null, "LARGURA": null, "EXTEN_OAC": null, "OBSERVACAO": null}, "geometry": {"type": "Point", "coordinates": [-62.84122601658752, -6.40151821693923, 0.0]}}, {"id": "38", "type": "Feature", "properties": {"Name": "Bueiro 39", "BR_UF": null, "CONTRATO": null, "KM": null, "LONGITUDE": "-62,8547222", "LATITUDE": "-6,4177778", "CONDICAO": null, "TIPO": null, "DIMENSAO": null, "LARGURA": null, "EXTEN_OAC": null, "OBSERVACAO": null}, "geometry": {"type": "Point", "coordinates": [-62.85472219999998, -6.4177778, 0.0]}}, {"id": "39", "type": "Feature", "properties": {"Name": "Bueiro 40", "BR_UF": null, "CONTRATO": null, "KM": null, "LONGITUDE": "-62,86916667", "LATITUDE": "-6,4375", "CONDICAO": null, "TIPO": null, "DIMENSAO": null, "LARGURA": null, "EXTEN_OAC": null, "OBSERVACAO": null}, "geometry": {"type": "Point", "coordinates": [-62.86916666666667, -6.4375, 0.0]}}, {"id": "40", "type": "Feature", "properties": {"Name": "Bueiro 41", "BR_UF": null, "CONTRATO": null, "KM": null, "LONGITUDE": "-62,8719444", "LATITUDE": "-6,4411111", "CONDICAO": null, "TIPO": null, "DIMENSAO": null, "LARGURA": null, "EXTEN_OAC": null, "OBSERVACAO": null}, "geometry": {"type": "Point", "coordinates": [-62.87194439999999, -6.4411111, 0.0]}}, {"id": "41", "type": "Feature", "properties": {"Name": "Bueiro 42", "BR_UF": null, "CONTRATO": null, "KM": null, "LONGITUDE": "-62,8561111", "LATITUDE": "-6,4197222", "CONDICAO": null, "TIPO": null, "DIMENSAO": null, "LARGURA": null, "EXTEN_OAC": null, "OBSERVACAO": null}, "geometry": {"type": "Point", "coordinates": [-62.8561111, -6.419722200000002, 0.0]}}, {"id": "42", "type": "Feature", "properties": {"Name": "Bueiro 43", "BR_UF": null, "CONTRATO": null, "KM": null, "LONGITUDE": "-62,88", "LATITUDE": "-6,4525", "CONDICAO": null, "TIPO": null, "DIMENSAO": null, "LARGURA": null, "EXTEN_OAC": null, "OBSERVACAO": null}, "geometry": {"type": "Point", "coordinates": [-62.87999999999999, -6.452499999999999, 0.0]}}, {"id": "43", "type": "Feature", "properties": {"Name": "Bueiro 44", "BR_UF": null, "CONTRATO": null, "KM": null, "LONGITUDE": "-62,8866667", "LATITUDE": "-6,4675", "CONDICAO": null, "TIPO": null, "DIMENSAO": null, "LARGURA": null, "EXTEN_OAC": null, "OBSERVACAO": null}, "geometry": {"type": "Point", "coordinates": [-62.88666669999998, -6.467499999999998, 0.0]}}, {"id": "44", "type": "Feature", "properties": {"Name": "Bueiro 45", "BR_UF": null, "CONTRATO": null, "KM": null, "LONGITUDE": "-62,89", "LATITUDE": "-6,4758333", "CONDICAO": null, "TIPO": null, "DIMENSAO": null, "LARGURA": null, "EXTEN_OAC": null, "OBSERVACAO": null}, "geometry": {"type": "Point", "coordinates": [-62.88999999999999, -6.4758333, 0.0]}}, {"id": "45", "type": "Feature", "properties": {"Name": "Bueiro 46", "BR_UF": null, "CONTRATO": null, "KM": null, "LONGITUDE": "-62,8913889", "LATITUDE": "-6,4794444", "CONDICAO": null, "TIPO": null, "DIMENSAO": null, "LARGURA": null, "EXTEN_OAC": null, "OBSERVACAO": null}, "geometry": {"type": "Point", "coordinates": [-62.89138889999997, -6.479444400000001, 0.0]}}, {"id": "46", "type": "Feature", "properties": {"Name": "Bueiro 47", "BR_UF": null, "CONTRATO": null, "KM": null, "LONGITUDE": "-62,8947222", "LATITUDE": "-6,4863889", "CONDICAO": null, "TIPO": null, "DIMENSAO": null, "LARGURA": null, "EXTEN_OAC": null, "OBSERVACAO": null}, "geometry": {"type": "Point", "coordinates": [-62.89472219999998, -6.486388899999999, 0.0]}}, {"id": "47", "type": "Feature", "properties": {"Name": "Bueiro 48", "BR_UF": null, "CONTRATO": null, "KM": null, "LONGITUDE": "-62,9213889", "LATITUDE": "-6,515", "CONDICAO": null, "TIPO": null, "DIMENSAO": null, "LARGURA": null, "EXTEN_OAC": null, "OBSERVACAO": null}, "geometry": {"type": "Point", "coordinates": [-62.92138889999996, -6.515000000000001, 0.0]}}, {"id": "48", "type": "Feature", "properties": {"Name": "Bueiro 49", "BR_UF": null, "CONTRATO": null, "KM": null, "LONGITUDE": "-62,9227778", "LATITUDE": "-6,5166667", "CONDICAO": null, "TIPO": null, "DIMENSAO": null, "LARGURA": null, "EXTEN_OAC": null, "OBSERVACAO": null}, "geometry": {"type": "Point", "coordinates": [-62.92277779999999, -6.5166667, 0.0]}}, {"id": "49", "type": "Feature", "properties": {"Name": "Bueiro 50", "BR_UF": null, "CONTRATO": null, "KM": null, "LONGITUDE": "-62,94", "LATITUDE": "-6,54194444", "CONDICAO": null, "TIPO": null, "DIMENSAO": null, "LARGURA": null, "EXTEN_OAC": null, "OBSERVACAO": null}, "geometry": {"type": "Point", "coordinates": [-62.94000000000001, -6.541944444444444, 0.0]}}, {"id": "50", "type": "Feature", "properties": {"Name": "Bueiro 51", "BR_UF": null, "CONTRATO": null, "KM": null, "LONGITUDE": "-62,96638889", "LATITUDE": "-6,66666667", "CONDICAO": null, "TIPO": null, "DIMENSAO": null, "LARGURA": null, "EXTEN_OAC": null, "OBSERVACAO": null}, "geometry": {"type": "Point", "coordinates": [-62.96638888888889, -6.666666666666668, 0.0]}}, {"id": "51", "type": "Feature", "properties": {"Name": "Bueiro 52", "BR_UF": null, "CONTRATO": null, "KM": null, "LONGITUDE": "-62,87416667", "LATITUDE": "-6,44444444", "CONDICAO": null, "TIPO": null, "DIMENSAO": null, "LARGURA": null, "EXTEN_OAC": null, "OBSERVACAO": null}, "geometry": {"type": "Point", "coordinates": [-62.87416666666667, -6.444444444444445, 0.0]}}, {"id": "52", "type": "Feature", "properties": {"Name": null, "BR_UF": "319/AM", "CONTRATO": "SR-595-2020", "KM": "434,22", "LONGITUDE": "-62,33949805", "LATITUDE": "-5,82457915", "CONDICAO": "Demolir e Recompor", "TIPO": "BSTM", "DIMENSAO": "2", "LARGURA": "9", "EXTEN_OAC": "32", "OBSERVACAO": "SUBSTITUI\u00c7\u00c3O"}, "geometry": {"type": "Point", "coordinates": [-62.33949805375679, -5.824579146371199, 0.0]}}, {"id": "53", "type": "Feature", "properties": {"Name": null, "BR_UF": "319/AM", "CONTRATO": "SR-595-2020", "KM": "433,56", "LONGITUDE": "-62,33530285", "LATITUDE": "-5,8203766", "CONDICAO": "Demolir e Recompor", "TIPO": "BSTM", "DIMENSAO": "1", "LARGURA": "9", "EXTEN_OAC": "20", "OBSERVACAO": "SUBSTITUI\u00c7\u00c3O"}, "geometry": {"type": "Point", "coordinates": [-62.3352775725216, -5.820462275927373, 0.0]}}, {"id": "54", "type": "Feature", "properties": {"Name": null, "BR_UF": "319/AM", "CONTRATO": "SR-595-2020", "KM": "434,40", "LONGITUDE": "-62,3406527012418", "LATITUDE": "-5,82587404543724", "CONDICAO": "Demolir e Recompor", "TIPO": "BSTM", "DIMENSAO": "2", "LARGURA": "9", "EXTEN_OAC": "25", "OBSERVACAO": "EROS\u00c3O / SUBSTITUI\u00c7\u00c3O"}, "geometry": {"type": "Point", "coordinates": [-62.3406527012418, -5.825874045628052, 0.0]}}, {"id": "55", "type": "Feature", "properties": {"Name": null, "BR_UF": "319/AM", "CONTRATO": "SR-595-2020", "KM": "435,18", "LONGITUDE": "-62,3454249287884", "LATITUDE": "-5,83102666535618", "CONDICAO": "Demolir e Recompor", "TIPO": "BSTM", "DIMENSAO": "2", "LARGURA": "9", "EXTEN_OAC": "25", "OBSERVACAO": "SUBSTITUI\u00c7\u00c3O"}, "geometry": {"type": "Point", "coordinates": [-62.345424928788404, -5.831026665547166, 0.0]}}, {"id": "56", "type": "Feature", "properties": {"Name": null, "BR_UF": "319/AM", "CONTRATO": "SR-595-2020", "KM": "435,88", "LONGITUDE": "-62,3498811303799", "LATITUDE": "-5,83615175108027", "CONDICAO": "Satisfat\u00f3ria", "TIPO": "BDTC", "DIMENSAO": "1,5", "LARGURA": "9", "EXTEN_OAC": "23", "OBSERVACAO": null}, "geometry": {"type": "Point", "coordinates": [-62.34988113037989, -5.836151751271427, 0.0]}}, {"id": "57", "type": "Feature", "properties": {"Name": null, "BR_UF": "319/AM", "CONTRATO": "SR-595-2020", "KM": "435,9", "LONGITUDE": "-62,3500616588074", "LATITUDE": "-5,8362605092591", "CONDICAO": "Satisfat\u00f3ria", "TIPO": "BDTC", "DIMENSAO": "1,5", "LARGURA": "9", "EXTEN_OAC": "23", "OBSERVACAO": null}, "geometry": {"type": "Point", "coordinates": [-62.3500616588074, -5.836260509450235, 0.0]}}, {"id": "58", "type": "Feature", "properties": {"Name": null, "BR_UF": "319/AM", "CONTRATO": "SR-595-2020", "KM": "436,42", "LONGITUDE": "-62,353156444335", "LATITUDE": "-5,83924919166997", "CONDICAO": "Demolir e Recompor", "TIPO": "BSTM", "DIMENSAO": "2", "LARGURA": "9", "EXTEN_OAC": "25", "OBSERVACAO": "SUBSTITUI\u00c7\u00c3O"}, "geometry": {"type": "Point", "coordinates": [-62.353156444335, -5.839249191861196, 0.0]}}, {"id": "59", "type": "Feature", "properties": {"Name": null, "BR_UF": "319/AM", "CONTRATO": "SR-595-2020", "KM": "436,84", "LONGITUDE": "-62,3557457578875", "LATITUDE": "-5,84194781527527", "CONDICAO": "Demolir e Recompor", "TIPO": "BSTM", "DIMENSAO": "2", "LARGURA": "9", "EXTEN_OAC": "25", "OBSERVACAO": "SUBSTITUI\u00c7\u00c3O"}, "geometry": {"type": "Point", "coordinates": [-62.3557457578875, -5.841947815466592, 0.0]}}, {"id": "60", "type": "Feature", "properties": {"Name": null, "BR_UF": "319/AM", "CONTRATO": "SR-595-2020", "KM": "437,5", "LONGITUDE": "-62,3597152266831", "LATITUDE": "-5,84631243386728", "CONDICAO": "Demolir e Recompor", "TIPO": "BSTM", "DIMENSAO": "2", "LARGURA": "9", "EXTEN_OAC": "25", "OBSERVACAO": "SUBSTITUI\u00c7\u00c3O"}, "geometry": {"type": "Point", "coordinates": [-62.3597152266831, -5.846312434058747, 0.0]}}, {"id": "61", "type": "Feature", "properties": {"Name": null, "BR_UF": "319/AM", "CONTRATO": "SR-595-2020", "KM": "439", "LONGITUDE": "-62,3681416416015", "LATITUDE": "-5,85547635385905", "CONDICAO": "Demolir e Recompor", "TIPO": "BSTM", "DIMENSAO": "2", "LARGURA": "9", "EXTEN_OAC": "25", "OBSERVACAO": "SUBSTITUI\u00c7\u00c3O"}, "geometry": {"type": "Point", "coordinates": [-62.36814164160149, -5.855476354050835, 0.0]}}, {"id": "62", "type": "Feature", "properties": {"Name": null, "BR_UF": "319/AM", "CONTRATO": "SR-595-2020", "KM": "439,46", "LONGITUDE": "-62,37199442", "LATITUDE": "-5,859352298", "CONDICAO": "Demolir e Recompor", "TIPO": "BSTM", "DIMENSAO": "2", "LARGURA": "9", "EXTEN_OAC": "25", "OBSERVACAO": "SUBSTITUI\u00c7\u00c3O"}, "geometry": {"type": "Point", "coordinates": [-62.3719944157447, -5.859352297824303, 0.0]}}, {"id": "63", "type": "Feature", "properties": {"Name": null, "BR_UF": "319/AM", "CONTRATO": "SR-595-2020", "KM": "440,12", "LONGITUDE": "-62,3759462", "LATITUDE": "-5,86359921", "CONDICAO": "Satisfat\u00f3ria", "TIPO": "BDTC", "DIMENSAO": "1,5", "LARGURA": "9", "EXTEN_OAC": "24", "OBSERVACAO": "Limpeza"}, "geometry": {"type": "Point", "coordinates": [-62.375946195586096, -5.863599209839143, 0.0]}}, {"id": "64", "type": "Feature", "properties": {"Name": null, "BR_UF": "319/AM", "CONTRATO": "SR-595-2020", "KM": "440,86", "LONGITUDE": "-62,38055678", "LATITUDE": "-5,868461946", "CONDICAO": "Demolir e Recompor", "TIPO": "BSTM", "DIMENSAO": "2", "LARGURA": "9", "EXTEN_OAC": "25", "OBSERVACAO": "SUBSTITUI\u00c7\u00c3O"}, "geometry": {"type": "Point", "coordinates": [-62.3805567819063, -5.868461946542109, 0.0]}}, {"id": "65", "type": "Feature", "properties": {"Name": null, "BR_UF": "319/AM", "CONTRATO": "SR-595-2020", "KM": "441,3", "LONGITUDE": "-62,38332663", "LATITUDE": "-5,871522502", "CONDICAO": "Demolir e Recompor", "TIPO": "BSTM", "DIMENSAO": "2", "LARGURA": "9", "EXTEN_OAC": "25", "OBSERVACAO": "SUBSTITUI\u00c7\u00c3O"}, "geometry": {"type": "Point", "coordinates": [-62.383326628012604, -5.871522502163445, 0.0]}}, {"id": "66", "type": "Feature", "properties": {"Name": null, "BR_UF": "319/AM", "CONTRATO": "SR-595-2020", "KM": "441,88", "LONGITUDE": "-62,38682748", "LATITUDE": "-5,875244196", "CONDICAO": "Demolir e Recompor", "TIPO": "BSTM", "DIMENSAO": "2", "LARGURA": "9", "EXTEN_OAC": "26", "OBSERVACAO": "SUBSTITUI\u00c7\u00c3O"}, "geometry": {"type": "Point", "coordinates": [-62.386827483340696, -5.875244196345493, 0.0]}}, {"id": "67", "type": "Feature", "properties": {"Name": null, "BR_UF": "319/AM", "CONTRATO": "SR-595-2020", "KM": "442,5", "LONGITUDE": "-62,39051748", "LATITUDE": "-5,879526922", "CONDICAO": "Demolir e Recompor", "TIPO": "BSTM", "DIMENSAO": "2", "LARGURA": "9", "EXTEN_OAC": "25", "OBSERVACAO": "SUBSTITUI\u00c7\u00c3O"}, "geometry": {"type": "Point", "coordinates": [-62.39051747664569, -5.879526922380978, 0.0]}}, {"id": "68", "type": "Feature", "properties": {"Name": null, "BR_UF": "319/AM", "CONTRATO": "SR-595-2020", "KM": "442,76", "LONGITUDE": "-62,39206947", "LATITUDE": "-5,881147822", "CONDICAO": "Demolir e Recompor", "TIPO": "BSTM", "DIMENSAO": "2", "LARGURA": "9", "EXTEN_OAC": "25", "OBSERVACAO": "SUBSTITUI\u00c7\u00c3O"}, "geometry": {"type": "Point", "coordinates": [-62.392069470861, -5.881147822404117, 0.0]}}, {"id": "69", "type": "Feature", "properties": {"Name": null, "BR_UF": "319/AM", "CONTRATO": "SR-595-2020", "KM": "443,42", "LONGITUDE": "-62,3962472", "LATITUDE": "-5,885575783", "CONDICAO": "Demolir e Recompor", "TIPO": "BSTM", "DIMENSAO": "2", "LARGURA": "9", "EXTEN_OAC": "21", "OBSERVACAO": "SUBSTITUI\u00c7\u00c3O"}, "geometry": {"type": "Point", "coordinates": [-62.39624719733611, -5.885575782754757, 0.0]}}, {"id": "70", "type": "Feature", "properties": {"Name": null, "BR_UF": "319/AM", "CONTRATO": "SR-595-2020", "KM": "445,16", "LONGITUDE": "-62,406985", "LATITUDE": "-5,897021289", "CONDICAO": "Demolir e Recompor", "TIPO": "BSTM", "DIMENSAO": "1", "LARGURA": "9", "EXTEN_OAC": "21", "OBSERVACAO": "SUBSTITUI\u00c7\u00c3O"}, "geometry": {"type": "Point", "coordinates": [-62.4069849993168, -5.897021289390049, 0.0]}}, {"id": "71", "type": "Feature", "properties": {"Name": null, "BR_UF": "319/AM", "CONTRATO": "SR-595-2020", "KM": "446,26", "LONGITUDE": "-62,41405948", "LATITUDE": "-5,904636369", "CONDICAO": "Demolir e Recompor", "TIPO": "BSTM", "DIMENSAO": "2", "LARGURA": "9", "EXTEN_OAC": "25", "OBSERVACAO": "SUBSTITUI\u00c7\u00c3O"}, "geometry": {"type": "Point", "coordinates": [-62.41405947652069, -5.904636368887785, 0.0]}}, {"id": "72", "type": "Feature", "properties": {"Name": null, "BR_UF": "319/AM", "CONTRATO": "SR-595-2020", "KM": "446,82", "LONGITUDE": "-62,41729007", "LATITUDE": "-5,908022926", "CONDICAO": "Satisfat\u00f3ria", "TIPO": "BSTC", "DIMENSAO": "1,2", "LARGURA": "9", "EXTEN_OAC": "21", "OBSERVACAO": "Limpeza"}, "geometry": {"type": "Point", "coordinates": [-62.4172900724384, -5.908022925976374, 0.0]}}, {"id": "73", "type": "Feature", "properties": {"Name": null, "BR_UF": "319/AM", "CONTRATO": "SR-595-2020", "KM": "447,56", "LONGITUDE": "-62,42191934", "LATITUDE": "-5,912984911", "CONDICAO": "Demolir e Recompor", "TIPO": "BSTM", "DIMENSAO": "2", "LARGURA": "9", "EXTEN_OAC": "22", "OBSERVACAO": "SUBSTITUI\u00c7\u00c3O"}, "geometry": {"type": "Point", "coordinates": [-62.421919344826506, -5.912984910737036, 0.0]}}, {"id": "74", "type": "Feature", "properties": {"Name": null, "BR_UF": "319/AM", "CONTRATO": "SR-595-2020", "KM": "448,2", "LONGITUDE": "-62,42588984", "LATITUDE": "-5,917331061", "CONDICAO": "Demolir e Recompor", "TIPO": "BSTM", "DIMENSAO": "1", "LARGURA": "9", "EXTEN_OAC": "19", "OBSERVACAO": "SUBSTITUI\u00c7\u00c3O"}, "geometry": {"type": "Point", "coordinates": [-62.4258898429957, -5.917331061657238, 0.0]}}, {"id": "75", "type": "Feature", "properties": {"Name": null, "BR_UF": "319/AM", "CONTRATO": "SR-595-2020", "KM": "450,7", "LONGITUDE": "-62,44139417", "LATITUDE": "-5,933557174", "CONDICAO": "Satisfat\u00f3ria", "TIPO": "BSTC", "DIMENSAO": "1,5", "LARGURA": "9", "EXTEN_OAC": "22", "OBSERVACAO": "Limpeza"}, "geometry": {"type": "Point", "coordinates": [-62.4413941711724, -5.93355717466253, 0.0]}}, {"id": "76", "type": "Feature", "properties": {"Name": null, "BR_UF": "319/AM", "CONTRATO": "SR-595-2020", "KM": "452,3", "LONGITUDE": "-62,45310324", "LATITUDE": "-5,942243919", "CONDICAO": "Satisfat\u00f3ria", "TIPO": "BSTC", "DIMENSAO": "1,2", "LARGURA": "9", "EXTEN_OAC": "25", "OBSERVACAO": "Limpeza"}, "geometry": {"type": "Point", "coordinates": [-62.4531032422581, -5.942243919395562, 0.0]}}, {"id": "77", "type": "Feature", "properties": {"Name": null, "BR_UF": "319/AM", "CONTRATO": "SR-595-2020", "KM": "453,42", "LONGITUDE": "-62,4611743", "LATITUDE": "-5,948258354", "CONDICAO": "Demolir e Recompor", "TIPO": "BSTM", "DIMENSAO": "2", "LARGURA": "9", "EXTEN_OAC": "22", "OBSERVACAO": "SUBSTITUI\u00c7\u00c3O"}, "geometry": {"type": "Point", "coordinates": [-62.461174298925506, -5.948258353782513, 0.0]}}, {"id": "78", "type": "Feature", "properties": {"Name": null, "BR_UF": "319/AM", "CONTRATO": "SR-595-2020", "KM": "454,44", "LONGITUDE": "-62,46866782", "LATITUDE": "-5,953738417", "CONDICAO": "Satisfat\u00f3ria", "TIPO": "BDTC", "DIMENSAO": "1,5", "LARGURA": "9", "EXTEN_OAC": "22", "OBSERVACAO": null}, "geometry": {"type": "Point", "coordinates": [-62.4686678227309, -5.95373841737786, 0.0]}}, {"id": "79", "type": "Feature", "properties": {"Name": null, "BR_UF": "319/AM", "CONTRATO": "SR-595-2020", "KM": "454,46", "LONGITUDE": "-62,46871294", "LATITUDE": "-5,953801782", "CONDICAO": "Satisfat\u00f3ria", "TIPO": "BSTC", "DIMENSAO": "1,5", "LARGURA": "9", "EXTEN_OAC": "22", "OBSERVACAO": null}, "geometry": {"type": "Point", "coordinates": [-62.4687129357443, -5.953801782497101, 0.0]}}, {"id": "80", "type": "Feature", "properties": {"Name": null, "BR_UF": "319/AM", "CONTRATO": "SR-595-2020", "KM": "455,86", "LONGITUDE": "-62,47899611", "LATITUDE": "-5,961699672", "CONDICAO": "Demolir e Recompor", "TIPO": "BSTM", "DIMENSAO": "2", "LARGURA": "9", "EXTEN_OAC": "26", "OBSERVACAO": "SUBSTITUI\u00c7\u00c3O"}, "geometry": {"type": "Point", "coordinates": [-62.4789961112449, -5.961699672634286, 0.0]}}, {"id": "81", "type": "Feature", "properties": {"Name": null, "BR_UF": "319/AM", "CONTRATO": "SR-595-2020", "KM": "456,32", "LONGITUDE": "-62,48230067", "LATITUDE": "-5,964072831", "CONDICAO": "Satisfat\u00f3ria", "TIPO": "BSTM", "DIMENSAO": "2", "LARGURA": "9", "EXTEN_OAC": "23", "OBSERVACAO": "Limpeza"}, "geometry": {"type": "Point", "coordinates": [-62.4823006686471, -5.964072831655068, 0.0]}}, {"id": "82", "type": "Feature", "properties": {"Name": null, "BR_UF": "319/AM", "CONTRATO": "SR-595-2020", "KM": "457,16", "LONGITUDE": "-62,48236413", "LATITUDE": "-5,963837696", "CONDICAO": "Demolir e Recompor", "TIPO": "BSTM", "DIMENSAO": "2", "LARGURA": "9", "EXTEN_OAC": "25", "OBSERVACAO": "SUBSTITUI\u00c7\u00c3O"}, "geometry": {"type": "Point", "coordinates": [-62.4823641338665, -5.9638376961080155, 0.0]}}, {"id": "83", "type": "Feature", "properties": {"Name": null, "BR_UF": "319/AM", "CONTRATO": "SR-595-2020", "KM": "457,34", "LONGITUDE": "-62,48983917", "LATITUDE": "-5,970240178", "CONDICAO": "Demolir e Recompor", "TIPO": "BSTM", "DIMENSAO": "1", "LARGURA": "9", "EXTEN_OAC": "18", "OBSERVACAO": "SUBSTITUI\u00c7\u00c3O"}, "geometry": {"type": "Point", "coordinates": [-62.4898391672758, -5.970240177777726, 0.0]}}, {"id": "84", "type": "Feature", "properties": {"Name": null, "BR_UF": "319/AM", "CONTRATO": "SR-595-2020", "KM": "458,28", "LONGITUDE": "-62,49434194", "LATITUDE": "-5,976486063", "CONDICAO": "Demolir e Recompor", "TIPO": "BSTM", "DIMENSAO": "2", "LARGURA": "9", "EXTEN_OAC": "22", "OBSERVACAO": "SUBSTITUI\u00c7\u00c3O"}, "geometry": {"type": "Point", "coordinates": [-62.4943419426425, -5.976486062774494, 0.0]}}, {"id": "85", "type": "Feature", "properties": {"Name": null, "BR_UF": "319/AM", "CONTRATO": "SR-595-2020", "KM": "459,46", "LONGITUDE": "-62,49989025", "LATITUDE": "-5,985654725", "CONDICAO": "Demolir e Recompor", "TIPO": "BSTM", "DIMENSAO": "2", "LARGURA": "9", "EXTEN_OAC": "23", "OBSERVACAO": "SUBSTITUI\u00c7\u00c3O"}, "geometry": {"type": "Point", "coordinates": [-62.49989025482239, -5.985654725112187, 0.0]}}, {"id": "86", "type": "Feature", "properties": {"Name": null, "BR_UF": "319/AM", "CONTRATO": "SR-595-2020", "KM": "459,7", "LONGITUDE": "-62,50149666", "LATITUDE": "-5,987736764", "CONDICAO": "Demolir e Recompor", "TIPO": "BSTM", "DIMENSAO": "2", "LARGURA": "9", "EXTEN_OAC": "25", "OBSERVACAO": "SUBSTITUI\u00c7\u00c3O"}, "geometry": {"type": "Point", "coordinates": [-62.501496659032, -5.987736763984077, 0.0]}}, {"id": "87", "type": "Feature", "properties": {"Name": null, "BR_UF": "319/AM", "CONTRATO": "SR-595-2020", "KM": "460", "LONGITUDE": "-62,50292224", "LATITUDE": "-5,989963371", "CONDICAO": "Demolir e Recompor", "TIPO": "BSTM", "DIMENSAO": "2", "LARGURA": "9", "EXTEN_OAC": "25", "OBSERVACAO": "SUBSTITUI\u00c7\u00c3O"}, "geometry": {"type": "Point", "coordinates": [-62.5029222360812, -5.989963370949462, 0.0]}}, {"id": "88", "type": "Feature", "properties": {"Name": null, "BR_UF": "319/AM", "CONTRATO": "SR-595-2020", "KM": "460,5", "LONGITUDE": "-62,50506049", "LATITUDE": "-5,993448011", "CONDICAO": "Demolir e Recompor", "TIPO": "BSTM", "DIMENSAO": "2", "LARGURA": "9", "EXTEN_OAC": "25", "OBSERVACAO": "SUBSTITUI\u00c7\u00c3O"}, "geometry": {"type": "Point", "coordinates": [-62.505060492092, -5.993448011641373, 0.0]}}, {"id": "89", "type": "Feature", "properties": {"Name": null, "BR_UF": "319/AM", "CONTRATO": "SR-595-2020", "KM": "461,3", "LONGITUDE": "-62,50879541", "LATITUDE": "-5,999901166", "CONDICAO": "Demolir e Recompor", "TIPO": "BSTM", "DIMENSAO": "2", "LARGURA": "9", "EXTEN_OAC": "28", "OBSERVACAO": "SUBSTITUI\u00c7\u00c3O"}, "geometry": {"type": "Point", "coordinates": [-62.5087954081881, -5.999901165984316, 0.0]}}, {"id": "90", "type": "Feature", "properties": {"Name": null, "BR_UF": "319/AM", "CONTRATO": "SR-595-2020", "KM": "461,56", "LONGITUDE": "-62,5099773", "LATITUDE": "-6,001883298", "CONDICAO": "Demolir e Recompor", "TIPO": "BSTM", "DIMENSAO": "2", "LARGURA": "9", "EXTEN_OAC": "35", "OBSERVACAO": "SUBSTITUI\u00c7\u00c3O"}, "geometry": {"type": "Point", "coordinates": [-62.5099773003193, -6.001883297976637, 0.0]}}, {"id": "91", "type": "Feature", "properties": {"Name": null, "BR_UF": "319/AM", "CONTRATO": "SR-595-2020", "KM": "461,98", "LONGITUDE": "-62,5119262", "LATITUDE": "-6,005024", "CONDICAO": "Demolir e Recompor", "TIPO": "BSTM", "DIMENSAO": "2", "LARGURA": "9", "EXTEN_OAC": "25", "OBSERVACAO": "SUBSTITUI\u00c7\u00c3O"}, "geometry": {"type": "Point", "coordinates": [-62.511926200394804, -6.005024000241559, 0.0]}}, {"id": "92", "type": "Feature", "properties": {"Name": null, "BR_UF": "319/AM", "CONTRATO": "SR-595-2020", "KM": "463,1", "LONGITUDE": "-62,5174485", "LATITUDE": "-6,013586417", "CONDICAO": "Demolir e Recompor", "TIPO": "BSTM", "DIMENSAO": "2", "LARGURA": "9", "EXTEN_OAC": "28", "OBSERVACAO": "SUBSTITUI\u00c7\u00c3O"}, "geometry": {"type": "Point", "coordinates": [-62.5174484967233, -6.0135864173804725, 0.0]}}, {"id": "93", "type": "Feature", "properties": {"Name": null, "BR_UF": "319/AM", "CONTRATO": "SR-595-2020", "KM": "463,5", "LONGITUDE": "-62,51946956", "LATITUDE": "-6,016962358", "CONDICAO": "Satisfat\u00f3ria", "TIPO": "BSTM", "DIMENSAO": "2", "LARGURA": "9", "EXTEN_OAC": "25", "OBSERVACAO": "Limpeza / DESOBSTRU\u00c7\u00c3O"}, "geometry": {"type": "Point", "coordinates": [-62.51946955846249, -6.016962357983937, 0.0]}}, {"id": "94", "type": "Feature", "properties": {"Name": null, "BR_UF": "319/AM", "CONTRATO": "SR-595-2020", "KM": "464,1", "LONGITUDE": "-62,52205011", "LATITUDE": "-6,021207199", "CONDICAO": "Demolir e Recompor", "TIPO": "BSTM", "DIMENSAO": "2", "LARGURA": "9", "EXTEN_OAC": "25", "OBSERVACAO": "SUBSTITUI\u00c7\u00c3O"}, "geometry": {"type": "Point", "coordinates": [-62.5220501131813, -6.021207199417326, 0.0]}}, {"id": "95", "type": "Feature", "properties": {"Name": null, "BR_UF": "319/AM", "CONTRATO": "SR-595-2020", "KM": "464,6", "LONGITUDE": "-62,52480219", "LATITUDE": "-6,025678331", "CONDICAO": "Demolir e Recompor", "TIPO": "BSTM", "DIMENSAO": "2", "LARGURA": "9", "EXTEN_OAC": "25", "OBSERVACAO": "SUBSTITUI\u00c7\u00c3O"}, "geometry": {"type": "Point", "coordinates": [-62.524802194136704, -6.025678330813486, 0.0]}}, {"id": "96", "type": "Feature", "properties": {"Name": null, "BR_UF": "319/AM", "CONTRATO": "SR-595-2020", "KM": "466,1", "LONGITUDE": "-62,53154277", "LATITUDE": "-6,036566518", "CONDICAO": "Demolir e Recompor", "TIPO": "BSTM", "DIMENSAO": "2", "LARGURA": "9", "EXTEN_OAC": "25", "OBSERVACAO": "SUBSTITUI\u00c7\u00c3O"}, "geometry": {"type": "Point", "coordinates": [-62.5315427730584, -6.036566518083668, 0.0]}}, {"id": "97", "type": "Feature", "properties": {"Name": null, "BR_UF": "319/AM", "CONTRATO": "SR-595-2020", "KM": "466,8", "LONGITUDE": "-62,53484537", "LATITUDE": "-6,042033143", "CONDICAO": "Demolir e Recompor", "TIPO": "BSTM", "DIMENSAO": "2", "LARGURA": "9", "EXTEN_OAC": "25", "OBSERVACAO": "SUBSTITUI\u00c7\u00c3O"}, "geometry": {"type": "Point", "coordinates": [-62.53484536787439, -6.042033143678407, 0.0]}}, {"id": "98", "type": "Feature", "properties": {"Name": null, "BR_UF": "319/AM", "CONTRATO": "SR-595-2020", "KM": "467,3", "LONGITUDE": "-62,53720056", "LATITUDE": "-6,045897802", "CONDICAO": "Satisfat\u00f3ria", "TIPO": "BSTC", "DIMENSAO": "1,2", "LARGURA": "9", "EXTEN_OAC": "22", "OBSERVACAO": "Limpeza"}, "geometry": {"type": "Point", "coordinates": [-62.53720056441739, -6.045897802222048, 0.0]}}, {"id": "99", "type": "Feature", "properties": {"Name": null, "BR_UF": "319/AM", "CONTRATO": "SR-595-2020", "KM": "468,28", "LONGITUDE": "-62,54182993", "LATITUDE": "-6,053382784", "CONDICAO": "Demolir e Recompor", "TIPO": "BSTM", "DIMENSAO": "2", "LARGURA": "9", "EXTEN_OAC": "30", "OBSERVACAO": "SUBSTITUI\u00c7\u00c3O"}, "geometry": {"type": "Point", "coordinates": [-62.54182993100821, -6.0533827837057546, 0.0]}}, {"id": "100", "type": "Feature", "properties": {"Name": null, "BR_UF": "319/AM", "CONTRATO": "SR-595-2020", "KM": "469,52", "LONGITUDE": "-62,54782209", "LATITUDE": "-6,063112285", "CONDICAO": "Demolir e Recompor", "TIPO": "BSTM", "DIMENSAO": "2", "LARGURA": "9", "EXTEN_OAC": "30", "OBSERVACAO": "EROS\u00c3O / SUBSTITUI\u00c7\u00c3O"}, "geometry": {"type": "Point", "coordinates": [-62.5478220853318, -6.063112285431618, 0.0]}}, {"id": "101", "type": "Feature", "properties": {"Name": null, "BR_UF": "319/AM", "CONTRATO": "SR-595-2020", "KM": "471,04", "LONGITUDE": "-62,55478887", "LATITUDE": "-6,074733156", "CONDICAO": "Demolir e Recompor", "TIPO": "BSTM", "DIMENSAO": "1", "LARGURA": "9", "EXTEN_OAC": "22", "OBSERVACAO": "SUBSTITUI\u00c7\u00c3O"}, "geometry": {"type": "Point", "coordinates": [-62.554788873308894, -6.074733155954937, 0.0]}}, {"id": "102", "type": "Feature", "properties": {"Name": null, "BR_UF": "319/AM", "CONTRATO": "SR-595-2020", "KM": "471,3", "LONGITUDE": "-62,55626937", "LATITUDE": "-6,076634038", "CONDICAO": "Demolir e Recompor", "TIPO": "BSTM", "DIMENSAO": "2", "LARGURA": "9", "EXTEN_OAC": "25", "OBSERVACAO": "SUBSTITUI\u00c7\u00c3O"}, "geometry": {"type": "Point", "coordinates": [-62.556269366543994, -6.0766340386894635, 0.0]}}, {"id": "103", "type": "Feature", "properties": {"Name": null, "BR_UF": "319/AM", "CONTRATO": "SR-595-2020", "KM": "471,56", "LONGITUDE": "-62,55737941", "LATITUDE": "-6,078471292", "CONDICAO": "Demolir e Recompor", "TIPO": "BSTM", "DIMENSAO": "1", "LARGURA": "9", "EXTEN_OAC": "25", "OBSERVACAO": "SUBSTITUI\u00c7\u00c3O"}, "geometry": {"type": "Point", "coordinates": [-62.557379406812196, -6.078471292554533, 0.0]}}, {"id": "104", "type": "Feature", "properties": {"Name": null, "BR_UF": "319/AM", "CONTRATO": "SR-595-2020", "KM": "471,8", "LONGITUDE": "-62,55839918", "LATITUDE": "-6,080190872", "CONDICAO": "Demolir e Recompor", "TIPO": "BSTM", "DIMENSAO": "1", "LARGURA": "9", "EXTEN_OAC": "20", "OBSERVACAO": "SUBSTITUI\u00c7\u00c3O"}, "geometry": {"type": "Point", "coordinates": [-62.5583991804372, -6.080190872407006, 0.0]}}, {"id": "105", "type": "Feature", "properties": {"Name": null, "BR_UF": "319/AM", "CONTRATO": "SR-595-2020", "KM": "472,22", "LONGITUDE": "-62,56051123", "LATITUDE": "-6,083394889", "CONDICAO": "Satisfat\u00f3ria", "TIPO": "BSTM", "DIMENSAO": "1,2", "LARGURA": "9", "EXTEN_OAC": "22", "OBSERVACAO": "Limpeza"}, "geometry": {"type": "Point", "coordinates": [-62.5605112336631, -6.083394889592273, 0.0]}}, {"id": "106", "type": "Feature", "properties": {"Name": null, "BR_UF": "319/AM", "CONTRATO": "SR-595-2020", "KM": "472,46", "LONGITUDE": "-62,56163935", "LATITUDE": "-6,085259289", "CONDICAO": "Demolir e Recompor", "TIPO": "BSTM", "DIMENSAO": "2", "LARGURA": "9", "EXTEN_OAC": "22", "OBSERVACAO": "SUBSTITUI\u00c7\u00c3O"}, "geometry": {"type": "Point", "coordinates": [-62.5616393533042, -6.085259289083781, 0.0]}}, {"id": "107", "type": "Feature", "properties": {"Name": null, "BR_UF": "319/AM", "CONTRATO": "SR-595-2020", "KM": "472,7", "LONGITUDE": "-62,56297522", "LATITUDE": "-6,087259545", "CONDICAO": "Demolir e Recompor", "TIPO": "BSTM", "DIMENSAO": "1", "LARGURA": "9", "EXTEN_OAC": "30", "OBSERVACAO": "SUBSTITUI\u00c7\u00c3O"}, "geometry": {"type": "Point", "coordinates": [-62.562975224061105, -6.087259545384606, 0.0]}}, {"id": "108", "type": "Feature", "properties": {"Name": null, "BR_UF": "319/AM", "CONTRATO": "SR-595-2020", "KM": "473,4", "LONGITUDE": "-62,5662336", "LATITUDE": "-6,092273678", "CONDICAO": "Satisfat\u00f3ria", "TIPO": "BSTM", "DIMENSAO": "3", "LARGURA": "9", "EXTEN_OAC": "28", "OBSERVACAO": "Limpeza"}, "geometry": {"type": "Point", "coordinates": [-62.566233597322395, -6.09227367775225, 0.0]}}, {"id": "109", "type": "Feature", "properties": {"Name": null, "BR_UF": "319/AM", "CONTRATO": "SR-595-2020", "KM": "474,1", "LONGITUDE": "-62,56943759", "LATITUDE": "-6,097559131", "CONDICAO": "Demolir e Recompor", "TIPO": "BSTM", "DIMENSAO": "1", "LARGURA": "9", "EXTEN_OAC": "25", "OBSERVACAO": "SUBSTITUI\u00c7\u00c3O"}, "geometry": {"type": "Point", "coordinates": [-62.5694375890759, -6.097559131430203, 0.0]}}, {"id": "110", "type": "Feature", "properties": {"Name": null, "BR_UF": "319/AM", "CONTRATO": "SR-595-2020", "KM": "476,1", "LONGITUDE": "-62,58100382", "LATITUDE": "-6,111128275", "CONDICAO": "Demolir e Recompor", "TIPO": "BSTM", "DIMENSAO": "1", "LARGURA": "9", "EXTEN_OAC": "20", "OBSERVACAO": "SUBSTITUI\u00c7\u00c3O"}, "geometry": {"type": "Point", "coordinates": [-62.581003820543394, -6.111128275416909, 0.0]}}, {"id": "111", "type": "Feature", "properties": {"Name": null, "BR_UF": "319/AM", "CONTRATO": "SR-595-2020", "KM": "476,6", "LONGITUDE": "-62,58393836", "LATITUDE": "-6,114568053", "CONDICAO": "Demolir e Recompor", "TIPO": "BDTC", "DIMENSAO": "1,2", "LARGURA": "9", "EXTEN_OAC": "22", "OBSERVACAO": "SUBSTITUI\u00c7\u00c3O"}, "geometry": {"type": "Point", "coordinates": [-62.58393836022459, -6.114568052729455, 0.0]}}, {"id": "112", "type": "Feature", "properties": {"Name": null, "BR_UF": "319/AM", "CONTRATO": "SR-595-2020", "KM": "477,62", "LONGITUDE": "-62,58989773", "LATITUDE": "-6,12170997", "CONDICAO": "Demolir e Recompor", "TIPO": "BSTC", "DIMENSAO": "1,2", "LARGURA": "9", "EXTEN_OAC": "22", "OBSERVACAO": "SUBSTITUI\u00c7\u00c3O"}, "geometry": {"type": "Point", "coordinates": [-62.58989772790121, -6.121709970002914, 0.0]}}, {"id": "113", "type": "Feature", "properties": {"Name": null, "BR_UF": "319/AM", "CONTRATO": "SR-595-2020", "KM": "478,3", "LONGITUDE": "-62,59402436", "LATITUDE": "-6,126480378", "CONDICAO": "Satisfat\u00f3ria", "TIPO": "BDTC", "DIMENSAO": "1,5", "LARGURA": "9", "EXTEN_OAC": "26", "OBSERVACAO": "Limpeza"}, "geometry": {"type": "Point", "coordinates": [-62.59402436223059, -6.126480378634965, 0.0]}}, {"id": "114", "type": "Feature", "properties": {"Name": null, "BR_UF": "319/AM", "CONTRATO": "SR-595-2020", "KM": "479,1", "LONGITUDE": "-62,59838545", "LATITUDE": "-6,13206508", "CONDICAO": "Demolir e Recompor", "TIPO": "BSTM", "DIMENSAO": "1", "LARGURA": "9", "EXTEN_OAC": "20", "OBSERVACAO": "SUBSTITUI\u00c7\u00c3O"}, "geometry": {"type": "Point", "coordinates": [-62.59838544500229, -6.1320650804700625, 0.0]}}, {"id": "115", "type": "Feature", "properties": {"Name": null, "BR_UF": "319/AM", "CONTRATO": "SR-595-2020", "KM": "479,66", "LONGITUDE": "-62,60189827", "LATITUDE": "-6,136002738", "CONDICAO": "Demolir e Recompor", "TIPO": "BSTM", "DIMENSAO": "1", "LARGURA": "9", "EXTEN_OAC": "22", "OBSERVACAO": "SUBSTITUI\u00c7\u00c3O"}, "geometry": {"type": "Point", "coordinates": [-62.60189826758191, -6.136002738421124, 0.0]}}, {"id": "116", "type": "Feature", "properties": {"Name": null, "BR_UF": "319/AM", "CONTRATO": "SR-595-2020", "KM": "481,1", "LONGITUDE": "-62,61016089", "LATITUDE": "-6,145796662", "CONDICAO": "Satisfat\u00f3ria", "TIPO": "BSTC", "DIMENSAO": "1,2", "LARGURA": "9", "EXTEN_OAC": "26", "OBSERVACAO": "Limpeza"}, "geometry": {"type": "Point", "coordinates": [-62.6101608912491, -6.145796662487826, 0.0]}}, {"id": "117", "type": "Feature", "properties": {"Name": null, "BR_UF": "319/AM", "CONTRATO": "SR-595-2020", "KM": "481,76", "LONGITUDE": "-62,61402582", "LATITUDE": "-6,150512468", "CONDICAO": "Demolir e Recompor", "TIPO": "BSTM", "DIMENSAO": "1", "LARGURA": "9", "EXTEN_OAC": "21", "OBSERVACAO": "SUBSTITUI\u00c7\u00c3O"}, "geometry": {"type": "Point", "coordinates": [-62.61402581796751, -6.15051246867714, 0.0]}}, {"id": "118", "type": "Feature", "properties": {"Name": null, "BR_UF": "319/AM", "CONTRATO": "SR-595-2020", "KM": "482,06", "LONGITUDE": "-62,61575077", "LATITUDE": "-6,152395294", "CONDICAO": "Satisfat\u00f3ria", "TIPO": "BSTC", "DIMENSAO": "1,2", "LARGURA": "9", "EXTEN_OAC": "32", "OBSERVACAO": "Limpeza"}, "geometry": {"type": "Point", "coordinates": [-62.615750767546196, -6.1523952946327185, 0.0]}}, {"id": "119", "type": "Feature", "properties": {"Name": null, "BR_UF": "319/AM", "CONTRATO": "SR-595-2020", "KM": "483,1", "LONGITUDE": "-62,62131327", "LATITUDE": "-6,159545666", "CONDICAO": "Demolir e Recompor", "TIPO": "BSTM", "DIMENSAO": "1", "LARGURA": "9", "EXTEN_OAC": "27", "OBSERVACAO": "SUBSTITUI\u00c7\u00c3O"}, "geometry": {"type": "Point", "coordinates": [-62.6213132742001, -6.159545666211, 0.0]}}, {"id": "120", "type": "Feature", "properties": {"Name": null, "BR_UF": "319/AM", "CONTRATO": "SR-595-2020", "KM": "483,5", "LONGITUDE": "-62,62416739", "LATITUDE": "-6,16241529", "CONDICAO": "Satisfat\u00f3ria", "TIPO": "BSTC", "DIMENSAO": "1,2", "LARGURA": "9", "EXTEN_OAC": "25", "OBSERVACAO": "Limpeza / DESOBSTRU\u00c7\u00c3O"}, "geometry": {"type": "Point", "coordinates": [-62.62416738649261, -6.162415290419682, 0.0]}}, {"id": "121", "type": "Feature", "properties": {"Name": null, "BR_UF": "319/AM", "CONTRATO": "SR-595-2020", "KM": "483,52", "LONGITUDE": "-62,62407675", "LATITUDE": "-6,162777069", "CONDICAO": "Satisfat\u00f3ria", "TIPO": "BSTC", "DIMENSAO": "1,5", "LARGURA": "9", "EXTEN_OAC": "25", "OBSERVACAO": "Limpeza / DESOBSTRU\u00c7\u00c3O"}, "geometry": {"type": "Point", "coordinates": [-62.6240767475052, -6.16277706954431, 0.0]}}, {"id": "122", "type": "Feature", "properties": {"Name": null, "BR_UF": "319/AM", "CONTRATO": "SR-595-2020", "KM": "484", "LONGITUDE": "-62,62713859", "LATITUDE": "-6,165918208", "CONDICAO": "Satisfat\u00f3ria", "TIPO": "BSTC", "DIMENSAO": "1,5", "LARGURA": "9", "EXTEN_OAC": "25", "OBSERVACAO": "Limpeza"}, "geometry": {"type": "Point", "coordinates": [-62.6271385875342, -6.165918208220796, 0.0]}}, {"id": "123", "type": "Feature", "properties": {"Name": null, "BR_UF": "319/AM", "CONTRATO": "SR-595-2020", "KM": "484,4", "LONGITUDE": "-62,6292969", "LATITUDE": "-6,168642583", "CONDICAO": "Satisfat\u00f3ria", "TIPO": "BSTC", "DIMENSAO": "1,2", "LARGURA": "9", "EXTEN_OAC": "20", "OBSERVACAO": "Limpeza / DESOBSTRU\u00c7\u00c3O"}, "geometry": {"type": "Point", "coordinates": [-62.6292968973861, -6.168642583507019, 0.0]}}, {"id": "124", "type": "Feature", "properties": {"Name": null, "BR_UF": "319/AM", "CONTRATO": "SR-595-2020", "KM": "486,5", "LONGITUDE": "-62,64377403", "LATITUDE": "-6,186102367", "CONDICAO": "Demolir e Recompor", "TIPO": "BSTM", "DIMENSAO": "1", "LARGURA": "9", "EXTEN_OAC": "20", "OBSERVACAO": "SUBSTITUI\u00c7\u00c3O"}, "geometry": {"type": "Point", "coordinates": [-62.6437740316752, -6.186102367577695, 0.0]}}, {"id": "125", "type": "Feature", "properties": {"Name": null, "BR_UF": "319/AM", "CONTRATO": "SR-595-2020", "KM": "487,1", "LONGITUDE": "-62,64504745", "LATITUDE": "-6,187695331", "CONDICAO": "Satisfat\u00f3ria", "TIPO": "BSTC", "DIMENSAO": "1,2", "LARGURA": "9", "EXTEN_OAC": "22", "OBSERVACAO": "Limpeza"}, "geometry": {"type": "Point", "coordinates": [-62.6450474482394, -6.1876953313474985, 0.0]}}, {"id": "126", "type": "Feature", "properties": {"Name": null, "BR_UF": "319/AM", "CONTRATO": "SR-595-2020", "KM": "487,58", "LONGITUDE": "-62,64787461", "LATITUDE": "-6,190736699", "CONDICAO": "Demolir e Recompor", "TIPO": "BSTM", "DIMENSAO": "1", "LARGURA": "9", "EXTEN_OAC": "20", "OBSERVACAO": "SUBSTITUI\u00c7\u00c3O"}, "geometry": {"type": "Point", "coordinates": [-62.6478746069642, -6.190736699320178, 0.0]}}, {"id": "127", "type": "Feature", "properties": {"Name": null, "BR_UF": "319/AM", "CONTRATO": "SR-595-2020", "KM": "487,96", "LONGITUDE": "-62,64999711", "LATITUDE": "-6,19324387", "CONDICAO": "Demolir e Recompor", "TIPO": "BSTC", "DIMENSAO": "1,2", "LARGURA": "9", "EXTEN_OAC": "22", "OBSERVACAO": "Limpeza / DESOBSTRU\u00c7\u00c3O"}, "geometry": {"type": "Point", "coordinates": [-62.649997107968694, -6.193243870049981, 0.0]}}, {"id": "128", "type": "Feature", "properties": {"Name": null, "BR_UF": "319/AM", "CONTRATO": "SR-595-2020", "KM": "488,58", "LONGITUDE": "-62,6539356", "LATITUDE": "-6,197091043", "CONDICAO": "Satisfat\u00f3ria", "TIPO": "BSTC", "DIMENSAO": "1,5", "LARGURA": "9", "EXTEN_OAC": "25", "OBSERVACAO": "Limpeza"}, "geometry": {"type": "Point", "coordinates": [-62.6539356013898, -6.197091042772249, 0.0]}}, {"id": "129", "type": "Feature", "properties": {"Name": null, "BR_UF": "319/AM", "CONTRATO": "SR-595-2020", "KM": "489,8", "LONGITUDE": "-62,6626261", "LATITUDE": "-6,205084348", "CONDICAO": "Satisfat\u00f3ria", "TIPO": "BSTC", "DIMENSAO": "1,2", "LARGURA": "9", "EXTEN_OAC": "25", "OBSERVACAO": "Limpeza"}, "geometry": {"type": "Point", "coordinates": [-62.6626260970067, -6.205084348171799, 0.0]}}, {"id": "130", "type": "Feature", "properties": {"Name": null, "BR_UF": "319/AM", "CONTRATO": "SR-595-2020", "KM": "490,72", "LONGITUDE": "-62,66822693", "LATITUDE": "-6,210642193", "CONDICAO": "Demolir e Recompor", "TIPO": "BSTM", "DIMENSAO": "1", "LARGURA": "9", "EXTEN_OAC": "21", "OBSERVACAO": "SUBSTITUI\u00c7\u00c3O"}, "geometry": {"type": "Point", "coordinates": [-62.66822692520519, -6.210642192767363, 0.0]}}, {"id": "131", "type": "Feature", "properties": {"Name": null, "BR_UF": "319/AM", "CONTRATO": "SR-595-2020", "KM": "490,72", "LONGITUDE": "-62,66822693", "LATITUDE": "-6,210642193", "CONDICAO": "Demolir e Recompor", "TIPO": "BSTM", "DIMENSAO": "1", "LARGURA": "9", "EXTEN_OAC": "21", "OBSERVACAO": "SUBSTITUI\u00c7\u00c3O"}, "geometry": {"type": "Point", "coordinates": [-62.66822692520519, -6.210642192767363, 0.0]}}, {"id": "132", "type": "Feature", "properties": {"Name": null, "BR_UF": "319/AM", "CONTRATO": "SR-595-2020", "KM": "491,1", "LONGITUDE": "-62,67078385", "LATITUDE": "-6,212570609", "CONDICAO": "Satisfat\u00f3ria", "TIPO": "BSTC", "DIMENSAO": "1,2", "LARGURA": "9", "EXTEN_OAC": "25", "OBSERVACAO": "Limpeza"}, "geometry": {"type": "Point", "coordinates": [-62.6707838494077, -6.21257060958189, 0.0]}}, {"id": "133", "type": "Feature", "properties": {"Name": null, "BR_UF": "319/AM", "CONTRATO": "SR-595-2020", "KM": "491,7", "LONGITUDE": "-62,67519248", "LATITUDE": "-6,216752635", "CONDICAO": "Satisfat\u00f3ria", "TIPO": "BSTC", "DIMENSAO": "1,2", "LARGURA": "9", "EXTEN_OAC": "25", "OBSERVACAO": "Limpeza / DESOBSTRU\u00c7\u00c3O"}, "geometry": {"type": "Point", "coordinates": [-62.675192481387604, -6.216752635660421, 0.0]}}, {"id": "134", "type": "Feature", "properties": {"Name": null, "BR_UF": "319/AM", "CONTRATO": "SR-595-2020", "KM": "492,28", "LONGITUDE": "-62,67872495", "LATITUDE": "-6,21994807", "CONDICAO": "Satisfat\u00f3ria", "TIPO": "BSTC", "DIMENSAO": "1,2", "LARGURA": "9", "EXTEN_OAC": "26", "OBSERVACAO": "Limpeza"}, "geometry": {"type": "Point", "coordinates": [-62.678724952097504, -6.219948070165932, 0.0]}}, {"id": "135", "type": "Feature", "properties": {"Name": null, "BR_UF": "319/AM", "CONTRATO": "SR-595-2020", "KM": "493,1", "LONGITUDE": "-62,68403696", "LATITUDE": "-6,225306571", "CONDICAO": "Satisfat\u00f3ria", "TIPO": "BSTC", "DIMENSAO": "1,2", "LARGURA": "9", "EXTEN_OAC": "28", "OBSERVACAO": "Limpeza / DESOBSTRU\u00c7\u00c3O"}, "geometry": {"type": "Point", "coordinates": [-62.68403696006211, -6.225306570840323, 0.0]}}, {"id": "136", "type": "Feature", "properties": {"Name": null, "BR_UF": "319/AM", "CONTRATO": "SR-595-2020", "KM": "493,5", "LONGITUDE": "-62,68690101", "LATITUDE": "-6,227823096", "CONDICAO": "Demolir e Recompor", "TIPO": "BSTM", "DIMENSAO": "1", "LARGURA": "9", "EXTEN_OAC": "30", "OBSERVACAO": "SUBSTITUI\u00c7\u00c3O"}, "geometry": {"type": "Point", "coordinates": [-62.6869010118727, -6.227823096213633, 0.0]}}, {"id": "137", "type": "Feature", "properties": {"Name": null, "BR_UF": "319/AM", "CONTRATO": "SR-595-2020", "KM": "494,1", "LONGITUDE": "-62,69094874", "LATITUDE": "-6,231272051", "CONDICAO": "Satisfat\u00f3ria", "TIPO": "BDTC", "DIMENSAO": "1,2", "LARGURA": "9", "EXTEN_OAC": "25", "OBSERVACAO": "Limpeza"}, "geometry": {"type": "Point", "coordinates": [-62.6909487405439, -6.2312720516529865, 0.0]}}, {"id": "138", "type": "Feature", "properties": {"Name": null, "BR_UF": "319/AM", "CONTRATO": "SR-595-2020", "KM": "494,9", "LONGITUDE": "-62,69645079", "LATITUDE": "-6,236693871", "CONDICAO": "Demolir e Recompor", "TIPO": "BSTM", "DIMENSAO": "1", "LARGURA": "9", "EXTEN_OAC": "27", "OBSERVACAO": "SUBSTITUI\u00c7\u00c3O"}, "geometry": {"type": "Point", "coordinates": [-62.696450785339906, -6.236693871055557, 0.0]}}, {"id": "139", "type": "Feature", "properties": {"Name": null, "BR_UF": "319/AM", "CONTRATO": "SR-595-2020", "KM": "495,58", "LONGITUDE": "-62,70085111", "LATITUDE": "-6,240296743", "CONDICAO": "Satisfat\u00f3ria", "TIPO": "BSTC", "DIMENSAO": "1,5", "LARGURA": "9", "EXTEN_OAC": "25", "OBSERVACAO": "Limpeza / DESOBSTRU\u00c7\u00c3O"}, "geometry": {"type": "Point", "coordinates": [-62.700851111273, -6.240296742727212, 0.0]}}, {"id": "140", "type": "Feature", "properties": {"Name": null, "BR_UF": "319/AM", "CONTRATO": "SR-595-2020", "KM": "496", "LONGITUDE": "-62,70404968", "LATITUDE": "-6,243030478", "CONDICAO": "Satisfat\u00f3ria", "TIPO": "BSTC", "DIMENSAO": "1,5", "LARGURA": "9", "EXTEN_OAC": "25", "OBSERVACAO": "Limpeza / DESOBSTRU\u00c7\u00c3O"}, "geometry": {"type": "Point", "coordinates": [-62.7040496791185, -6.243030478181973, 0.0]}}, {"id": "141", "type": "Feature", "properties": {"Name": null, "BR_UF": "319/AM", "CONTRATO": "SR-595-2020", "KM": "496,46", "LONGITUDE": "-62,70676036", "LATITUDE": "-6,245338756", "CONDICAO": "Satisfat\u00f3ria", "TIPO": "BSTC", "DIMENSAO": "1,5", "LARGURA": "9", "EXTEN_OAC": "22", "OBSERVACAO": "Limpeza"}, "geometry": {"type": "Point", "coordinates": [-62.7067603606869, -6.2453387561161495, 0.0]}}, {"id": "142", "type": "Feature", "properties": {"Name": null, "BR_UF": "319/AM", "CONTRATO": "SR-595-2020", "KM": "497,88", "LONGITUDE": "-62,71645557", "LATITUDE": "-6,253946936", "CONDICAO": "Satisfat\u00f3ria", "TIPO": "BSTC", "DIMENSAO": "1,2", "LARGURA": "9", "EXTEN_OAC": "25", "OBSERVACAO": "Limpeza / DESOBSTRU\u00c7\u00c3O"}, "geometry": {"type": "Point", "coordinates": [-62.7164555711423, -6.25394693647092, 0.0]}}, {"id": "143", "type": "Feature", "properties": {"Name": null, "BR_UF": "319/AM", "CONTRATO": "SR-595-2020", "KM": "498,42", "LONGITUDE": "-62,72035927", "LATITUDE": "-6,256988527", "CONDICAO": "Satisfat\u00f3ria", "TIPO": "BSTC", "DIMENSAO": "1,2", "LARGURA": "9", "EXTEN_OAC": "25", "OBSERVACAO": "Limpeza / DESOBSTRU\u00c7\u00c3O"}, "geometry": {"type": "Point", "coordinates": [-62.720359270498605, -6.256988527285414, 0.0]}}, {"id": "144", "type": "Feature", "properties": {"Name": null, "BR_UF": "319/AM", "CONTRATO": "SR-595-2020", "KM": "499,48", "LONGITUDE": "-62,72762431", "LATITUDE": "-6,26322513", "CONDICAO": "Satisfat\u00f3ria", "TIPO": "BSTC", "DIMENSAO": "1,2", "LARGURA": "9", "EXTEN_OAC": "24", "OBSERVACAO": "Limpeza / DESOBSTRU\u00c7\u00c3O"}, "geometry": {"type": "Point", "coordinates": [-62.7276243118078, -6.263225129825578, 0.0]}}, {"id": "145", "type": "Feature", "properties": {"Name": null, "BR_UF": "319/AM", "CONTRATO": "SR-595-2020", "KM": "500,26", "LONGITUDE": "-62,73214234", "LATITUDE": "-6,2673344", "CONDICAO": "Demolir e Recompor", "TIPO": "BSTC", "DIMENSAO": "1,2", "LARGURA": "9", "EXTEN_OAC": "22", "OBSERVACAO": "Limpeza / DESOBSTRU\u00c7\u00c3O"}, "geometry": {"type": "Point", "coordinates": [-62.73214234212729, -6.267334400193572, 0.0]}}, {"id": "146", "type": "Feature", "properties": {"Name": null, "BR_UF": "319/AM", "CONTRATO": "SR-595-2020", "KM": "501,46", "LONGITUDE": "-62,74123312", "LATITUDE": "-6,275028182", "CONDICAO": "Satisfat\u00f3ria", "TIPO": "BSTM", "DIMENSAO": "1,5", "LARGURA": "9", "EXTEN_OAC": "21", "OBSERVACAO": "Limpeza / DESOBSTRU\u00c7\u00c3O"}, "geometry": {"type": "Point", "coordinates": [-62.741233117452595, -6.2750281821547, 0.0]}}, {"id": "147", "type": "Feature", "properties": {"Name": null, "BR_UF": "319/AM", "CONTRATO": "SR-595-2020", "KM": "503,76", "LONGITUDE": "-62,75246213", "LATITUDE": "-6,292565032", "CONDICAO": "Satisfat\u00f3ria", "TIPO": "BSTC", "DIMENSAO": "1,2", "LARGURA": "9", "EXTEN_OAC": "24", "OBSERVACAO": "Limpeza / DESOBSTRU\u00c7\u00c3O"}, "geometry": {"type": "Point", "coordinates": [-62.7524621293512, -6.292565032359902, 0.0]}}, {"id": "148", "type": "Feature", "properties": {"Name": null, "BR_UF": "319/AM", "CONTRATO": "SR-595-2020", "KM": "504,34", "LONGITUDE": "-62,75522656", "LATITUDE": "-6,296944667", "CONDICAO": "Satisfat\u00f3ria", "TIPO": "BDTC", "DIMENSAO": "1,5", "LARGURA": "9", "EXTEN_OAC": "22", "OBSERVACAO": null}, "geometry": {"type": "Point", "coordinates": [-62.75522655584, -6.296944666858039, 0.0]}}, {"id": "149", "type": "Feature", "properties": {"Name": null, "BR_UF": "319/AM", "CONTRATO": "SR-595-2020", "KM": "504,36", "LONGITUDE": "-62,75502758", "LATITUDE": "-6,29711645", "CONDICAO": "Satisfat\u00f3ria", "TIPO": "BSTC", "DIMENSAO": "1,5", "LARGURA": "9", "EXTEN_OAC": "22", "OBSERVACAO": null}, "geometry": {"type": "Point", "coordinates": [-62.75502757662241, -6.297116450180484, 0.0]}}, {"id": "150", "type": "Feature", "properties": {"Name": null, "BR_UF": "319/AM", "CONTRATO": "SR-595-2020", "KM": "504,8", "LONGITUDE": "-62,75722284", "LATITUDE": "-6,300690701", "CONDICAO": "Demolir e Recompor", "TIPO": "BSTM", "DIMENSAO": "1", "LARGURA": "9", "EXTEN_OAC": "25", "OBSERVACAO": "SUBSTITUI\u00c7\u00c3O"}, "geometry": {"type": "Point", "coordinates": [-62.75722284343131, -6.300690700206132, 0.0]}}, {"id": "151", "type": "Feature", "properties": {"Name": null, "BR_UF": "319/AM", "CONTRATO": "SR-595-2020", "KM": "505,36", "LONGITUDE": "-62,75970722", "LATITUDE": "-6,304762614", "CONDICAO": "Satisfat\u00f3ria", "TIPO": "BSTM", "DIMENSAO": "3", "LARGURA": "9", "EXTEN_OAC": "30", "OBSERVACAO": "Limpeza"}, "geometry": {"type": "Point", "coordinates": [-62.759707221983696, -6.304762614449491, 0.0]}}, {"id": "152", "type": "Feature", "properties": {"Name": null, "BR_UF": "319/AM", "CONTRATO": "SR-595-2020", "KM": "505,86", "LONGITUDE": "-62,76213751", "LATITUDE": "-6,308572154", "CONDICAO": "Demolir e Recompor", "TIPO": "BSTM", "DIMENSAO": "1", "LARGURA": "9", "EXTEN_OAC": "25", "OBSERVACAO": "SUBSTITUI\u00c7\u00c3O"}, "geometry": {"type": "Point", "coordinates": [-62.76213751179309, -6.308572154026741, 0.0]}}, {"id": "153", "type": "Feature", "properties": {"Name": null, "BR_UF": "319/AM", "CONTRATO": "SR-595-2020", "KM": "506,1", "LONGITUDE": "-62,76350191", "LATITUDE": "-6,310345818", "CONDICAO": "Demolir e Recompor", "TIPO": "BSTM", "DIMENSAO": "1", "LARGURA": "9", "EXTEN_OAC": "20", "OBSERVACAO": "SUBSTITUI\u00c7\u00c3O"}, "geometry": {"type": "Point", "coordinates": [-62.76350190720489, -6.3103458185905295, 0.0]}}, {"id": "154", "type": "Feature", "properties": {"Name": null, "BR_UF": "319/AM", "CONTRATO": "SR-595-2020", "KM": "508,76", "LONGITUDE": "-62,77616853", "LATITUDE": "-6,331248009", "CONDICAO": "Satisfat\u00f3ria", "TIPO": "BSTC", "DIMENSAO": "1,2", "LARGURA": "9", "EXTEN_OAC": "24", "OBSERVACAO": "Limpeza / DESOBSTRU\u00c7\u00c3O"}, "geometry": {"type": "Point", "coordinates": [-62.77616853281161, -6.3312480088754866, 0.0]}}, {"id": "155", "type": "Feature", "properties": {"Name": null, "BR_UF": "319/AM", "CONTRATO": "SR-595-2020", "KM": "509,64", "LONGITUDE": "-62,7804153", "LATITUDE": "-6,337672583", "CONDICAO": "Demolir e Recompor", "TIPO": "BSTM", "DIMENSAO": "1", "LARGURA": "9", "EXTEN_OAC": "28", "OBSERVACAO": "SUBSTITUI\u00c7\u00c3O"}, "geometry": {"type": "Point", "coordinates": [-62.7804153037397, -6.337672583202784, 0.0]}}, {"id": "156", "type": "Feature", "properties": {"Name": null, "BR_UF": "319/AM", "CONTRATO": "SR-595-2020", "KM": "510,72", "LONGITUDE": "-62,7855565", "LATITUDE": "-6,346042416", "CONDICAO": "Satisfat\u00f3ria", "TIPO": "BSTC", "DIMENSAO": "1,2", "LARGURA": "9", "EXTEN_OAC": "25", "OBSERVACAO": "Limpeza / DESOBSTRU\u00c7\u00c3O"}, "geometry": {"type": "Point", "coordinates": [-62.7855565010333, -6.346042416131686, 0.0]}}, {"id": "157", "type": "Feature", "properties": {"Name": null, "BR_UF": "319/AM", "CONTRATO": "SR-595-2020", "KM": "513,2", "LONGITUDE": "-62,80035996", "LATITUDE": "-6,363905425", "CONDICAO": "Satisfat\u00f3ria", "TIPO": "BSTC", "DIMENSAO": "1,2", "LARGURA": "9", "EXTEN_OAC": "26", "OBSERVACAO": "Limpeza / DESOBSTRU\u00c7\u00c3O"}, "geometry": {"type": "Point", "coordinates": [-62.8003599621467, -6.363905425439076, 0.0]}}, {"id": "158", "type": "Feature", "properties": {"Name": null, "BR_UF": "319/AM", "CONTRATO": "SR-226-2019", "KM": "591,04", "LONGITUDE": "-63,10011562", "LATITUDE": "-6,994843417", "CONDICAO": "Satisfat\u00f3ria", "TIPO": "BSTM", "DIMENSAO": "3", "LARGURA": "8", "EXTEN_OAC": "21", "OBSERVACAO": "SEG. NP / Limpeza"}, "geometry": {"type": "Point", "coordinates": [-63.1001156207483, -6.994843417234964, 0.0]}}, {"id": "159", "type": "Feature", "properties": {"Name": null, "BR_UF": "319/AM", "CONTRATO": "SR-226-2019", "KM": "592,22", "LONGITUDE": "-63,10134927", "LATITUDE": "-7,005743523", "CONDICAO": "Satisfat\u00f3ria", "TIPO": "BSTM", "DIMENSAO": "3", "LARGURA": "8", "EXTEN_OAC": "21", "OBSERVACAO": "SEG. NP / Limpeza / DESOBSTRU\u00c7\u00c3O"}, "geometry": {"type": "Point", "coordinates": [-63.1013492721824, -7.005743523668784, 0.0]}}, {"id": "160", "type": "Feature", "properties": {"Name": null, "BR_UF": "319/AM", "CONTRATO": "SR-226-2019", "KM": "593,58", "LONGITUDE": "-63,10269195", "LATITUDE": "-7,018072856", "CONDICAO": "Satisfat\u00f3ria", "TIPO": "BSTM", "DIMENSAO": "2", "LARGURA": "8", "EXTEN_OAC": "21", "OBSERVACAO": "SEG. NP / Limpeza / DESOBSTRU\u00c7\u00c3O"}, "geometry": {"type": "Point", "coordinates": [-63.1026919468733, -7.018072856261864, 0.0]}}, {"id": "161", "type": "Feature", "properties": {"Name": null, "BR_UF": "319/AM", "CONTRATO": "SR-226-2019", "KM": "594,6", "LONGITUDE": "-63,10357224", "LATITUDE": "-7,027308569", "CONDICAO": "Satisfat\u00f3ria", "TIPO": "BSTC", "DIMENSAO": "1,2", "LARGURA": "8", "EXTEN_OAC": "20", "OBSERVACAO": "SEG. NP / Limpeza / DESOBSTRU\u00c7\u00c3O"}, "geometry": {"type": "Point", "coordinates": [-63.1035722396318, -7.027308568874826, 0.0]}}, {"id": "162", "type": "Feature", "properties": {"Name": null, "BR_UF": "319/AM", "CONTRATO": "SR-226-2019", "KM": "595,9", "LONGITUDE": "-63,10493305", "LATITUDE": "-7,039185581", "CONDICAO": "Satisfat\u00f3ria", "TIPO": "BSTC", "DIMENSAO": "1,2", "LARGURA": "8", "EXTEN_OAC": "21", "OBSERVACAO": "SEG. NP / Limpeza / DESOBSTRU\u00c7\u00c3O"}, "geometry": {"type": "Point", "coordinates": [-63.1049330503755, -7.0391855812799164, 0.0]}}, {"id": "163", "type": "Feature", "properties": {"Name": null, "BR_UF": "319/AM", "CONTRATO": "SR-226-2019", "KM": "598,18", "LONGITUDE": "-63,10723765", "LATITUDE": "-7,059836917", "CONDICAO": "Satisfat\u00f3ria", "TIPO": "BSTC", "DIMENSAO": "1,2", "LARGURA": "8", "EXTEN_OAC": "21", "OBSERVACAO": "SEG. NP / Limpeza / DESOBSTRU\u00c7\u00c3O"}, "geometry": {"type": "Point", "coordinates": [-63.1072376488087, -7.059836916808461, 0.0]}}, {"id": "164", "type": "Feature", "properties": {"Name": null, "BR_UF": "319/AM", "CONTRATO": "SR-226-2019", "KM": "600,3", "LONGITUDE": "-63,10966893", "LATITUDE": "-7,079176532", "CONDICAO": "Satisfat\u00f3ria", "TIPO": "BDTC", "DIMENSAO": "1,2", "LARGURA": "8", "EXTEN_OAC": "21", "OBSERVACAO": "SEG. NP / Limpeza / DESOBSTRU\u00c7\u00c3O"}, "geometry": {"type": "Point", "coordinates": [-63.109668930167594, -7.079176531818435, 0.0]}}, {"id": "165", "type": "Feature", "properties": {"Name": null, "BR_UF": "319/AM", "CONTRATO": "SR-226-2019", "KM": "603,26", "LONGITUDE": "-63,11307239", "LATITUDE": "-7,110818312", "CONDICAO": "Satisfat\u00f3ria", "TIPO": "BSTM", "DIMENSAO": "1,5", "LARGURA": "8", "EXTEN_OAC": "20", "OBSERVACAO": "SEG. NP / Limpeza / DESOBSTRU\u00c7\u00c3O"}, "geometry": {"type": "Point", "coordinates": [-63.1130723902235, -7.110818312449674, 0.0]}}, {"id": "166", "type": "Feature", "properties": {"Name": null, "BR_UF": "319/AM", "CONTRATO": "SR-226-2019", "KM": "606,2", "LONGITUDE": "-63,11590398", "LATITUDE": "-7,135295815", "CONDICAO": "Satisfat\u00f3ria", "TIPO": "BSTM", "DIMENSAO": "1,5", "LARGURA": "8", "EXTEN_OAC": "19", "OBSERVACAO": "SEG. NP / Limpeza"}, "geometry": {"type": "Point", "coordinates": [-63.115903984671, -7.135295814846438, 0.0]}}, {"id": "167", "type": "Feature", "properties": {"Name": null, "BR_UF": "319/AM", "CONTRATO": "SR-226-2019", "KM": "607,44", "LONGITUDE": "-63,11731047", "LATITUDE": "-7,146069116", "CONDICAO": "Satisfat\u00f3ria", "TIPO": "BDTC", "DIMENSAO": "1,2", "LARGURA": "8", "EXTEN_OAC": "21", "OBSERVACAO": "SEG. NP / Limpeza / DESOBSTRU\u00c7\u00c3O"}, "geometry": {"type": "Point", "coordinates": [-63.1173104720305, -7.146069116400743, 0.0]}}, {"id": "168", "type": "Feature", "properties": {"Name": null, "BR_UF": "319/AM", "CONTRATO": "SR-226-2019", "KM": "609,6", "LONGITUDE": "-63,12094727", "LATITUDE": "-7,165435415", "CONDICAO": "Demolir e Recompor", "TIPO": "BSTC", "DIMENSAO": "1,2", "LARGURA": "8", "EXTEN_OAC": "19", "OBSERVACAO": "SEG. NP / Limpeza / DESOBSTRU\u00c7\u00c3O"}, "geometry": {"type": "Point", "coordinates": [-63.1209472721869, -7.1654354152897355, 0.0]}}, {"id": "169", "type": "Feature", "properties": {"Name": null, "BR_UF": "319/AM", "CONTRATO": "SR-226-2019", "KM": "618,8", "LONGITUDE": "-63,15009111", "LATITUDE": "-7,243329727", "CONDICAO": "Satisfat\u00f3ria", "TIPO": "BSTC", "DIMENSAO": "1,2", "LARGURA": "8", "EXTEN_OAC": "21", "OBSERVACAO": "SEG. NP / Limpeza"}, "geometry": {"type": "Point", "coordinates": [-63.15009111257659, -7.243329727622833, 0.0]}}, {"id": "170", "type": "Feature", "properties": {"Name": null, "BR_UF": "319/AM", "CONTRATO": "SR-226-2019", "KM": "620", "LONGITUDE": "-63,15407137", "LATITUDE": "-7,253830612", "CONDICAO": "Demolir e Recompor", "TIPO": "BSTC", "DIMENSAO": "1", "LARGURA": "8", "EXTEN_OAC": "19", "OBSERVACAO": "SEG. NP / Limpeza / DESOBSTRU\u00c7\u00c3O"}, "geometry": {"type": "Point", "coordinates": [-63.15407137459051, -7.253830612490239, 0.0]}}, {"id": "171", "type": "Feature", "properties": {"Name": null, "BR_UF": "319/AM", "CONTRATO": "SR-226-2019", "KM": "620,1", "LONGITUDE": "-63,1546063", "LATITUDE": "-7,25517826", "CONDICAO": "Satisfat\u00f3ria", "TIPO": "BSTC", "DIMENSAO": "1", "LARGURA": "8", "EXTEN_OAC": "21", "OBSERVACAO": "SEG. NP / Limpeza / DESOBSTRU\u00c7\u00c3O"}, "geometry": {"type": "Point", "coordinates": [-63.1546062999741, -7.2551782599204335, 0.0]}}, {"id": "172", "type": "Feature", "properties": {"Name": null, "BR_UF": "319/AM", "CONTRATO": "SR-226-2019", "KM": "621,36", "LONGITUDE": "-63,15845083", "LATITUDE": "-7,265507272", "CONDICAO": "Satisfat\u00f3ria", "TIPO": "BSTC", "DIMENSAO": "1", "LARGURA": "8", "EXTEN_OAC": "21", "OBSERVACAO": "SEG. NP / Limpeza / DESOBSTRU\u00c7\u00c3O"}, "geometry": {"type": "Point", "coordinates": [-63.158450830924, -7.2655072721539025, 0.0]}}, {"id": "173", "type": "Feature", "properties": {"Name": null, "BR_UF": "319/AM", "CONTRATO": "SR-226-2019", "KM": "622,24", "LONGITUDE": "-63,16123457", "LATITUDE": "-7,272887684", "CONDICAO": "Satisfat\u00f3ria", "TIPO": "BSTC", "DIMENSAO": "1", "LARGURA": "8", "EXTEN_OAC": "22", "OBSERVACAO": "SEG. NP / Limpeza / DESOBSTRU\u00c7\u00c3O"}, "geometry": {"type": "Point", "coordinates": [-63.1612345661664, -7.2728876840723835, 0.0]}}, {"id": "174", "type": "Feature", "properties": {"Name": null, "BR_UF": "319/AM", "CONTRATO": "SR-226-2019", "KM": "622,9", "LONGITUDE": "-63,16362823", "LATITUDE": "-7,278567601", "CONDICAO": "Satisfat\u00f3ria", "TIPO": "BSTC", "DIMENSAO": "1", "LARGURA": "8", "EXTEN_OAC": "16", "OBSERVACAO": "SEG. NP / Limpeza"}, "geometry": {"type": "Point", "coordinates": [-63.1636282300487, -7.278567601646891, 0.0]}}, {"id": "175", "type": "Feature", "properties": {"Name": null, "BR_UF": "319/AM", "CONTRATO": "SR-226-2019", "KM": "623,24", "LONGITUDE": "-63,16495221", "LATITUDE": "-7,282221632", "CONDICAO": "Satisfat\u00f3ria", "TIPO": "BSTC", "DIMENSAO": "1", "LARGURA": "8", "EXTEN_OAC": "15", "OBSERVACAO": "SEG. NP / Limpeza / DESOBSTRU\u00c7\u00c3O"}, "geometry": {"type": "Point", "coordinates": [-63.1649522125637, -7.2822216319453865, 0.0]}}, {"id": "176", "type": "Feature", "properties": {"Name": null, "BR_UF": "319/AM", "CONTRATO": "SR-226-2019", "KM": "625,5", "LONGITUDE": "-63,17273309", "LATITUDE": "-7,303087413", "CONDICAO": "Satisfat\u00f3ria", "TIPO": "BSTC", "DIMENSAO": "1", "LARGURA": "8", "EXTEN_OAC": "15", "OBSERVACAO": "SEG. NP / Limpeza"}, "geometry": {"type": "Point", "coordinates": [-63.17273308904381, -7.30308741309091, 0.0]}}, {"id": "177", "type": "Feature", "properties": {"Name": null, "BR_UF": "319/AM", "CONTRATO": "SR-226-2019", "KM": "630,58", "LONGITUDE": "-63,1887413", "LATITUDE": "-7,345451481", "CONDICAO": "Satisfat\u00f3ria", "TIPO": "BSTC", "DIMENSAO": "1", "LARGURA": "8", "EXTEN_OAC": "17", "OBSERVACAO": "SEG. NP / Limpeza / DESOBSTRU\u00c7\u00c3O"}, "geometry": {"type": "Point", "coordinates": [-63.1887413026106, -7.345451481431621, 0.0]}}, {"id": "178", "type": "Feature", "properties": {"Name": null, "BR_UF": "319/AM", "CONTRATO": "SR-226-2019", "KM": "634,6", "LONGITUDE": "-63,2009877", "LATITUDE": "-7,377974746", "CONDICAO": "Satisfat\u00f3ria", "TIPO": "BSTM", "DIMENSAO": "2", "LARGURA": "7", "EXTEN_OAC": "16", "OBSERVACAO": "SEG. PAV / Limpeza"}, "geometry": {"type": "Point", "coordinates": [-63.20098770404191, -7.377974746695818, 0.0]}}, {"id": "179", "type": "Feature", "properties": {"Name": null, "BR_UF": "319/AM", "CONTRATO": "SR-226-2019", "KM": "635,2", "LONGITUDE": "-63,20299262", "LATITUDE": "-7,383220381", "CONDICAO": "Satisfat\u00f3ria", "TIPO": "BSTM", "DIMENSAO": "2", "LARGURA": "7", "EXTEN_OAC": "20", "OBSERVACAO": "SEG. PAV / Limpeza"}, "geometry": {"type": "Point", "coordinates": [-63.20299262482601, -7.3832203809746595, 0.0]}}, {"id": "180", "type": "Feature", "properties": {"Name": null, "BR_UF": "319/AM", "CONTRATO": "SR-226-2019", "KM": "635,5", "LONGITUDE": "-63,20392712", "LATITUDE": "-7,385797996", "CONDICAO": "Satisfat\u00f3ria", "TIPO": "BDTC", "DIMENSAO": "1,2", "LARGURA": "7", "EXTEN_OAC": "19", "OBSERVACAO": "SEG. PAV / Limpeza / DESOBSTRU\u00c7\u00c3O"}, "geometry": {"type": "Point", "coordinates": [-63.20392712243049, -7.385797996068843, 0.0]}}, {"id": "181", "type": "Feature", "properties": {"Name": null, "BR_UF": "319/AM", "CONTRATO": "SR-226-2019", "KM": "635,7", "LONGITUDE": "-63,20486151", "LATITUDE": "-7,388122327", "CONDICAO": "Satisfat\u00f3ria", "TIPO": "BDTC", "DIMENSAO": "1,2", "LARGURA": "7", "EXTEN_OAC": "25", "OBSERVACAO": "SEG. PAV / Limpeza / DESOBSTRU\u00c7\u00c3O"}, "geometry": {"type": "Point", "coordinates": [-63.204861514562495, -7.388122327522775, 0.0]}}, {"id": "182", "type": "Feature", "properties": {"Name": null, "BR_UF": "319/AM", "CONTRATO": "SR-226-2019", "KM": "636,9", "LONGITUDE": "-63,20831845", "LATITUDE": "-7,397799681", "CONDICAO": "Satisfat\u00f3ria", "TIPO": "BSTC", "DIMENSAO": "1", "LARGURA": "7", "EXTEN_OAC": "24", "OBSERVACAO": "SEG. PAV / Limpeza / DESOBSTRU\u00c7\u00c3O"}, "geometry": {"type": "Point", "coordinates": [-63.2083184518833, -7.397799681412947, 0.0]}}, {"id": "183", "type": "Feature", "properties": {"Name": null, "BR_UF": "319/AM", "CONTRATO": "SR-226-2019", "KM": "639", "LONGITUDE": "-63,2151599", "LATITUDE": "-7,416331156", "CONDICAO": "Satisfat\u00f3ria", "TIPO": "BDTC", "DIMENSAO": "1", "LARGURA": "7", "EXTEN_OAC": "16", "OBSERVACAO": "SEG. PAV / Limpeza / DESOBSTRU\u00c7\u00c3O"}, "geometry": {"type": "Point", "coordinates": [-63.21515989834529, -7.41633115661162, 0.0]}}, {"id": "184", "type": "Feature", "properties": {"Name": null, "BR_UF": "319/AM", "CONTRATO": "SR-226-2019", "KM": "639,3", "LONGITUDE": "-63,21647536", "LATITUDE": "-7,419342748", "CONDICAO": "Satisfat\u00f3ria", "TIPO": "BDTC", "DIMENSAO": "1", "LARGURA": "7", "EXTEN_OAC": "24", "OBSERVACAO": "SEG. PAV / Limpeza / DESOBSTRU\u00c7\u00c3O"}, "geometry": {"type": "Point", "coordinates": [-63.216475359012506, -7.419342748475935, 0.0]}}, {"id": "185", "type": "Feature", "properties": {"Name": null, "BR_UF": "319/AM", "CONTRATO": "SR-226-2019", "KM": "641,1", "LONGITUDE": "-63,22181134", "LATITUDE": "-7,434292709", "CONDICAO": "Satisfat\u00f3ria", "TIPO": "BDTC", "DIMENSAO": "1", "LARGURA": "7", "EXTEN_OAC": "18", "OBSERVACAO": "SEG. PAV / Limpeza / DESOBSTRU\u00c7\u00c3O"}, "geometry": {"type": "Point", "coordinates": [-63.22181134072719, -7.434292709256278, 0.0]}}, {"id": "186", "type": "Feature", "properties": {"Name": null, "BR_UF": "319/AM", "CONTRATO": "SR-226-2019", "KM": "642,1", "LONGITUDE": "-63,22507832", "LATITUDE": "-7,443192055", "CONDICAO": "Satisfat\u00f3ria", "TIPO": "BDTC", "DIMENSAO": "1", "LARGURA": "7", "EXTEN_OAC": "18", "OBSERVACAO": "SEG. PAV / Limpeza / DESOBSTRU\u00c7\u00c3O"}, "geometry": {"type": "Point", "coordinates": [-63.22507832353791, -7.443192055251378, 0.0]}}, {"id": "187", "type": "Feature", "properties": {"Name": null, "BR_UF": "319/AM", "CONTRATO": "SR-226-2019", "KM": "642,16", "LONGITUDE": "-63,22516904", "LATITUDE": "-7,443372923", "CONDICAO": "Demolir e Recompor", "TIPO": "BSTM", "DIMENSAO": "1", "LARGURA": "7", "EXTEN_OAC": "14", "OBSERVACAO": "SEG. PAV / EROS\u00c3O"}, "geometry": {"type": "Point", "coordinates": [-63.225169041171306, -7.44337292358524, 0.0]}}, {"id": "188", "type": "Feature", "properties": {"Name": null, "BR_UF": "319/AM", "CONTRATO": "SR-226-2019", "KM": "644,8", "LONGITUDE": "-63,23405373", "LATITUDE": "-7,466841939", "CONDICAO": "Satisfat\u00f3ria", "TIPO": "BSTM", "DIMENSAO": "2", "LARGURA": "7", "EXTEN_OAC": "18", "OBSERVACAO": "SEG. PAV / Limpeza"}, "geometry": {"type": "Point", "coordinates": [-63.2340537293451, -7.4668419393329515, 0.0]}}, {"id": "189", "type": "Feature", "properties": {"Name": null, "BR_UF": "319/AM", "CONTRATO": "SR-226-2019", "KM": "648,5", "LONGITUDE": "-63,24608024", "LATITUDE": "-7,498983792", "CONDICAO": "Satisfat\u00f3ria", "TIPO": "BDTC", "DIMENSAO": "1", "LARGURA": "7", "EXTEN_OAC": "16", "OBSERVACAO": "SEG. PAV / Limpeza"}, "geometry": {"type": "Point", "coordinates": [-63.2460802366773, -7.498983792063884, 0.0]}}, {"id": "190", "type": "Feature", "properties": {"Name": null, "BR_UF": "319/AM", "CONTRATO": "SR-226-2019", "KM": "649,3", "LONGITUDE": "-63,24858568", "LATITUDE": "-7,505802827", "CONDICAO": "Satisfat\u00f3ria", "TIPO": "BDTC", "DIMENSAO": "1", "LARGURA": "7", "EXTEN_OAC": "18", "OBSERVACAO": "SEG. PAV / Limpeza / DESOBSTRU\u00c7\u00c3O"}, "geometry": {"type": "Point", "coordinates": [-63.2485856812305, -7.505802827699418, 0.0]}}, {"id": "191", "type": "Feature", "properties": {"Name": null, "BR_UF": "319/AM", "CONTRATO": "SR-226-2019", "KM": "650,1", "LONGITUDE": "-63,25098239", "LATITUDE": "-7,51253145", "CONDICAO": "Satisfat\u00f3ria", "TIPO": "BDTC", "DIMENSAO": "1", "LARGURA": "7", "EXTEN_OAC": "19", "OBSERVACAO": "SEG. PAV / Limpeza / DESOBSTRU\u00c7\u00c3O"}, "geometry": {"type": "Point", "coordinates": [-63.25098238755171, -7.512531449830021, 0.0]}}, {"id": "192", "type": "Feature", "properties": {"Name": null, "BR_UF": "319/AM", "CONTRATO": "SR-667-2019", "KM": "520,02", "LONGITUDE": "-62,84928211", "LATITUDE": "-6,409885545", "CONDICAO": "Demolir e Recompor", "TIPO": "BSTM", "DIMENSAO": "2", "LARGURA": "9", "EXTEN_OAC": "28", "OBSERVACAO": "SUBSTITUI\u00c7\u00c3O"}, "geometry": {"type": "Point", "coordinates": [-62.84928211008571, -6.409885545189079, 0.0]}}, {"id": "193", "type": "Feature", "properties": {"Name": null, "BR_UF": "319/AM", "CONTRATO": "SR-667-2019", "KM": "520,7", "LONGITUDE": "-62,85286165", "LATITUDE": "-6,414889106", "CONDICAO": "Demolir e Recompor", "TIPO": "BSTM", "DIMENSAO": "2", "LARGURA": "9", "EXTEN_OAC": "28", "OBSERVACAO": "SUBSTITUI\u00c7\u00c3O"}, "geometry": {"type": "Point", "coordinates": [-62.8528616531576, -6.414889105941156, 0.0]}}, {"id": "194", "type": "Feature", "properties": {"Name": null, "BR_UF": "319/AM", "CONTRATO": "SR-667-2019", "KM": "521,1", "LONGITUDE": "-62,85482309", "LATITUDE": "-6,418001541", "CONDICAO": "Satisfat\u00f3ria", "TIPO": "BSTC", "DIMENSAO": "1,2", "LARGURA": "9", "EXTEN_OAC": "28", "OBSERVACAO": "Satisfat\u00f3ria"}, "geometry": {"type": "Point", "coordinates": [-62.8548230949023, -6.418001540973157, 0.0]}}, {"id": "195", "type": "Feature", "properties": {"Name": null, "BR_UF": "319/AM", "CONTRATO": "SR-667-2019", "KM": "521,34", "LONGITUDE": "-62,85620616", "LATITUDE": "-6,419829253", "CONDICAO": "Satisfat\u00f3ria", "TIPO": "BSTC", "DIMENSAO": "1,2", "LARGURA": "9", "EXTEN_OAC": "26", "OBSERVACAO": "Satisfat\u00f3ria"}, "geometry": {"type": "Point", "coordinates": [-62.8562061639619, -6.419829253328252, 0.0]}}, {"id": "196", "type": "Feature", "properties": {"Name": null, "BR_UF": "319/AM", "CONTRATO": "SR-667-2019", "KM": "521,98", "LONGITUDE": "-62,85985824", "LATITUDE": "-6,424633771", "CONDICAO": "Satisfat\u00f3ria", "TIPO": "BSTC", "DIMENSAO": "1,2", "LARGURA": "9", "EXTEN_OAC": "22", "OBSERVACAO": "Satisfat\u00f3ria"}, "geometry": {"type": "Point", "coordinates": [-62.85985824247339, -6.424633771405673, 0.0]}}, {"id": "197", "type": "Feature", "properties": {"Name": null, "BR_UF": "319/AM", "CONTRATO": "SR-667-2019", "KM": "523,62", "LONGITUDE": "-62,86724384", "LATITUDE": "-6,434839798", "CONDICAO": "Demolir e Recompor", "TIPO": "BSTM", "DIMENSAO": "1", "LARGURA": "9", "EXTEN_OAC": "20", "OBSERVACAO": "SUBSTITUI\u00c7\u00c3O"}, "geometry": {"type": "Point", "coordinates": [-62.8672438386502, -6.434839798031135, 0.0]}}, {"id": "198", "type": "Feature", "properties": {"Name": null, "BR_UF": "319/AM", "CONTRATO": "SR-667-2019", "KM": "524", "LONGITUDE": "-62,86928696", "LATITUDE": "-6,437454662", "CONDICAO": "Satisfat\u00f3ria", "TIPO": "BSTC", "DIMENSAO": "1,2", "LARGURA": "9", "EXTEN_OAC": "24", "OBSERVACAO": "Satisfat\u00f3ria"}, "geometry": {"type": "Point", "coordinates": [-62.86928696041009, -6.437454661742166, 0.0]}}, {"id": "199", "type": "Feature", "properties": {"Name": null, "BR_UF": "319/AM", "CONTRATO": "SR-667-2019", "KM": "524,46", "LONGITUDE": "-62,87178199", "LATITUDE": "-6,441218492", "CONDICAO": "Satisfat\u00f3ria", "TIPO": "BDTC", "DIMENSAO": "1,2", "LARGURA": "9", "EXTEN_OAC": "24", "OBSERVACAO": "Obstru\u00eddo"}, "geometry": {"type": "Point", "coordinates": [-62.871781985302, -6.441218491935142, 0.0]}}, {"id": "200", "type": "Feature", "properties": {"Name": null, "BR_UF": "319/AM", "CONTRATO": "SR-667-2019", "KM": "525,8", "LONGITUDE": "-62,87882451", "LATITUDE": "-6,450953868", "CONDICAO": "Satisfat\u00f3ria", "TIPO": "BSTC", "DIMENSAO": "1,2", "LARGURA": "9", "EXTEN_OAC": "26", "OBSERVACAO": "Satisfat\u00f3ria"}, "geometry": {"type": "Point", "coordinates": [-62.87882451032609, -6.450953868006068, 0.0]}}, {"id": "201", "type": "Feature", "properties": {"Name": null, "BR_UF": "319/AM", "CONTRATO": "SR-667-2019", "KM": "526", "LONGITUDE": "-62,87992746", "LATITUDE": "-6,452546251", "CONDICAO": "Demolir e Recompor", "TIPO": "BSTC", "DIMENSAO": "1,2", "LARGURA": "9", "EXTEN_OAC": "26", "OBSERVACAO": "Satisfat\u00f3ria"}, "geometry": {"type": "Point", "coordinates": [-62.87992745573119, -6.452546250861751, 0.0]}}, {"id": "202", "type": "Feature", "properties": {"Name": null, "BR_UF": "319/AM", "CONTRATO": "SR-667-2019", "KM": "526,2", "LONGITUDE": "-62,88127458", "LATITUDE": "-6,45415678", "CONDICAO": "Demolir e Recompor", "TIPO": "BSTM", "DIMENSAO": "1", "LARGURA": "9", "EXTEN_OAC": "25", "OBSERVACAO": "SUBSTITUI\u00c7\u00c3O"}, "geometry": {"type": "Point", "coordinates": [-62.88127458272889, -6.45415678060147, 0.0]}}, {"id": "203", "type": "Feature", "properties": {"Name": null, "BR_UF": "319/AM", "CONTRATO": "SR-667-2019", "KM": "526,9", "LONGITUDE": "-62,88376924", "LATITUDE": "-6,460290643", "CONDICAO": "Satisfat\u00f3ria", "TIPO": "BSTM", "DIMENSAO": "1,5", "LARGURA": "9", "EXTEN_OAC": "26", "OBSERVACAO": "SUBSTITUI\u00c7\u00c3O"}, "geometry": {"type": "Point", "coordinates": [-62.883769235724095, -6.460290643008294, 0.0]}}, {"id": "204", "type": "Feature", "properties": {"Name": null, "BR_UF": "319/AM", "CONTRATO": "SR-667-2019", "KM": "527,8", "LONGITUDE": "-62,88671591", "LATITUDE": "-6,467482992", "CONDICAO": "Satisfat\u00f3ria", "TIPO": "BSTC", "DIMENSAO": "1,2", "LARGURA": "9", "EXTEN_OAC": "28", "OBSERVACAO": "Satisfat\u00f3ria"}, "geometry": {"type": "Point", "coordinates": [-62.8867159063245, -6.467482992494105, 0.0]}}, {"id": "205", "type": "Feature", "properties": {"Name": null, "BR_UF": "319/AM", "CONTRATO": "SR-667-2019", "KM": "528,3", "LONGITUDE": "-62,88844234", "LATITUDE": "-6,471843615", "CONDICAO": "Satisfat\u00f3ria", "TIPO": "BSTC", "DIMENSAO": "1,2", "LARGURA": "9", "EXTEN_OAC": "25", "OBSERVACAO": "Satisfat\u00f3ria"}, "geometry": {"type": "Point", "coordinates": [-62.8884423357184, -6.471843615298163, 0.0]}}, {"id": "206", "type": "Feature", "properties": {"Name": null, "BR_UF": "319/AM", "CONTRATO": "SR-667-2019", "KM": "528,76", "LONGITUDE": "-62,8899518", "LATITUDE": "-6,475896616", "CONDICAO": "Satisfat\u00f3ria", "TIPO": "BSTC", "DIMENSAO": "1,2", "LARGURA": "9", "EXTEN_OAC": "27", "OBSERVACAO": "Satisfat\u00f3ria"}, "geometry": {"type": "Point", "coordinates": [-62.88995180335121, -6.475896616210553, 0.0]}}, {"id": "207", "type": "Feature", "properties": {"Name": null, "BR_UF": "319/AM", "CONTRATO": "SR-667-2019", "KM": "530,1", "LONGITUDE": "-62,89483343", "LATITUDE": "-6,48635499", "CONDICAO": "Satisfat\u00f3ria", "TIPO": "BSTC", "DIMENSAO": "1,2", "LARGURA": "9", "EXTEN_OAC": "24", "OBSERVACAO": "Satisfat\u00f3ria"}, "geometry": {"type": "Point", "coordinates": [-62.894833427243206, -6.486354989786776, 0.0]}}, {"id": "208", "type": "Feature", "properties": {"Name": null, "BR_UF": "319/AM", "CONTRATO": "SR-667-2019", "KM": "530,56", "LONGITUDE": "-62,89787154", "LATITUDE": "-6,490109758", "CONDICAO": "Demolir e Recompor", "TIPO": "BSTM", "DIMENSAO": "1", "LARGURA": "9", "EXTEN_OAC": "20", "OBSERVACAO": "SUBSTITUI\u00c7\u00c3O"}, "geometry": {"type": "Point", "coordinates": [-62.89787153689209, -6.490109758700333, 0.0]}}, {"id": "209", "type": "Feature", "properties": {"Name": null, "BR_UF": "319/AM", "CONTRATO": "SR-667-2019", "KM": "531,62", "LONGITUDE": "-62,90472575", "LATITUDE": "-6,497420374", "CONDICAO": "Demolir e Recompor", "TIPO": "BSTM", "DIMENSAO": "1", "LARGURA": "9", "EXTEN_OAC": "18", "OBSERVACAO": "SUBSTITUI\u00c7\u00c3O"}, "geometry": {"type": "Point", "coordinates": [-62.9047257505837, -6.497420374265317, 0.0]}}, {"id": "210", "type": "Feature", "properties": {"Name": null, "BR_UF": "319/AM", "CONTRATO": "SR-667-2019", "KM": "532", "LONGITUDE": "-62,90625395", "LATITUDE": "-6,499103241", "CONDICAO": "Demolir e Recompor", "TIPO": "BSTM", "DIMENSAO": "1", "LARGURA": "9", "EXTEN_OAC": "18", "OBSERVACAO": "SUBSTITUI\u00c7\u00c3O"}, "geometry": {"type": "Point", "coordinates": [-62.9062539499348, -6.499103241278594, 0.0]}}, {"id": "211", "type": "Feature", "properties": {"Name": null, "BR_UF": "319/AM", "CONTRATO": "SR-667-2019", "KM": "532,96", "LONGITUDE": "-62,91300892", "LATITUDE": "-6,506395635", "CONDICAO": "Demolir e Recompor", "TIPO": "BSTM", "DIMENSAO": "1", "LARGURA": "9", "EXTEN_OAC": "20", "OBSERVACAO": "SUBSTITUI\u00c7\u00c3O"}, "geometry": {"type": "Point", "coordinates": [-62.9130089186029, -6.506395634873665, 0.0]}}, {"id": "212", "type": "Feature", "properties": {"Name": null, "BR_UF": "319/AM", "CONTRATO": "SR-667-2019", "KM": "533,8", "LONGITUDE": "-62,91853427", "LATITUDE": "-6,512014206", "CONDICAO": "Demolir e Recompor", "TIPO": "BSTM", "DIMENSAO": "1", "LARGURA": "9", "EXTEN_OAC": "20", "OBSERVACAO": "SUBSTITUI\u00c7\u00c3O"}, "geometry": {"type": "Point", "coordinates": [-62.91853426748669, -6.512014206660617, 0.0]}}, {"id": "213", "type": "Feature", "properties": {"Name": null, "BR_UF": "319/AM", "CONTRATO": "SR-667-2019", "KM": "534", "LONGITUDE": "-62,91975506", "LATITUDE": "-6,513525107", "CONDICAO": "Demolir e Recompor", "TIPO": "BSTM", "DIMENSAO": "1", "LARGURA": "9", "EXTEN_OAC": "20", "OBSERVACAO": "SUBSTITUI\u00c7\u00c3O"}, "geometry": {"type": "Point", "coordinates": [-62.919755063013305, -6.513525106824809, 0.0]}}, {"id": "214", "type": "Feature", "properties": {"Name": null, "BR_UF": "319/AM", "CONTRATO": "SR-667-2019", "KM": "534,26", "LONGITUDE": "-62,9213467", "LATITUDE": "-6,515017969", "CONDICAO": "Demolir e Recompor", "TIPO": "BSTC", "DIMENSAO": "1,2", "LARGURA": "9", "EXTEN_OAC": "24", "OBSERVACAO": "SUBSTITUI\u00c7\u00c3O"}, "geometry": {"type": "Point", "coordinates": [-62.921346703872906, -6.515017969671994, 0.0]}}, {"id": "215", "type": "Feature", "properties": {"Name": null, "BR_UF": "319/AM", "CONTRATO": "SR-667-2019", "KM": "534,46", "LONGITUDE": "-62,92275747", "LATITUDE": "-6,516456523", "CONDICAO": "Satisfat\u00f3ria", "TIPO": "BSTM", "DIMENSAO": "3", "LARGURA": "9", "EXTEN_OAC": "22", "OBSERVACAO": "Satisfat\u00f3ria"}, "geometry": {"type": "Point", "coordinates": [-62.9227574666815, -6.516456523066053, 0.0]}}, {"id": "216", "type": "Feature", "properties": {"Name": null, "BR_UF": "319/AM", "CONTRATO": "SR-667-2019", "KM": "535,9", "LONGITUDE": "-62,93024513", "LATITUDE": "-6,526724977", "CONDICAO": "Demolir e Recompor", "TIPO": "BSTM", "DIMENSAO": "1", "LARGURA": "9", "EXTEN_OAC": "20", "OBSERVACAO": "SUBSTITUI\u00c7\u00c3O"}, "geometry": {"type": "Point", "coordinates": [-62.9302451319053, -6.526724976756808, 0.0]}}, {"id": "217", "type": "Feature", "properties": {"Name": null, "BR_UF": "319/AM", "CONTRATO": "SR-667-2019", "KM": "536,56", "LONGITUDE": "-62,93345542", "LATITUDE": "-6,531845522", "CONDICAO": "Demolir e Recompor", "TIPO": "BSTM", "DIMENSAO": "1", "LARGURA": "9", "EXTEN_OAC": "18", "OBSERVACAO": "SUBSTITUI\u00c7\u00c3O"}, "geometry": {"type": "Point", "coordinates": [-62.9334554213759, -6.531845522141841, 0.0]}}, {"id": "218", "type": "Feature", "properties": {"Name": null, "BR_UF": "319/AM", "CONTRATO": "SR-667-2019", "KM": "537,46", "LONGITUDE": "-62,9381399", "LATITUDE": "-6,538920194", "CONDICAO": "Satisfat\u00f3ria", "TIPO": "BSTC", "DIMENSAO": "1,2", "LARGURA": "9", "EXTEN_OAC": "24", "OBSERVACAO": "Satisfat\u00f3ria"}, "geometry": {"type": "Point", "coordinates": [-62.93813989642689, -6.538920194295452, 0.0]}}, {"id": "219", "type": "Feature", "properties": {"Name": null, "BR_UF": "319/AM", "CONTRATO": "SR-667-2019", "KM": "537,9", "LONGITUDE": "-62,94008424", "LATITUDE": "-6,542077529", "CONDICAO": "Satisfat\u00f3ria", "TIPO": "BSTC", "DIMENSAO": "1,2", "LARGURA": "9", "EXTEN_OAC": "22", "OBSERVACAO": "Satisfat\u00f3ria"}, "geometry": {"type": "Point", "coordinates": [-62.94008423707181, -6.5420775290424995, 0.0]}}, {"id": "220", "type": "Feature", "properties": {"Name": null, "BR_UF": "319/AM", "CONTRATO": "SR-667-2019", "KM": "538,9", "LONGITUDE": "-62,94358384", "LATITUDE": "-6,550165173", "CONDICAO": "Satisfat\u00f3ria", "TIPO": "BSTC", "DIMENSAO": "1,2", "LARGURA": "9", "EXTEN_OAC": "24", "OBSERVACAO": "Satisfat\u00f3ria"}, "geometry": {"type": "Point", "coordinates": [-62.9435838414787, -6.550165172900392, 0.0]}}, {"id": "221", "type": "Feature", "properties": {"Name": null, "BR_UF": "319/AM", "CONTRATO": "SR-667-2019", "KM": "540,18", "LONGITUDE": "-62,94543698", "LATITUDE": "-6,560894082", "CONDICAO": "Satisfat\u00f3ria", "TIPO": "BSTM", "DIMENSAO": "1", "LARGURA": "9", "EXTEN_OAC": "20", "OBSERVACAO": "SUBSTITUI\u00c7\u00c3O"}, "geometry": {"type": "Point", "coordinates": [-62.94543698151481, -6.5608940825843325, 0.0]}}, {"id": "222", "type": "Feature", "properties": {"Name": null, "BR_UF": "319/AM", "CONTRATO": "SR-667-2019", "KM": "540,54", "LONGITUDE": "-62,94628691", "LATITUDE": "-6,564196009", "CONDICAO": "Satisfat\u00f3ria", "TIPO": "BSTC", "DIMENSAO": "1,2", "LARGURA": "9", "EXTEN_OAC": "22", "OBSERVACAO": "Satisfat\u00f3ria"}, "geometry": {"type": "Point", "coordinates": [-62.946286913282, -6.564196009310915, 0.0]}}, {"id": "223", "type": "Feature", "properties": {"Name": null, "BR_UF": "319/AM", "CONTRATO": "SR-667-2019", "KM": "541", "LONGITUDE": "-62,94705536", "LATITUDE": "-6,568321122", "CONDICAO": "Satisfat\u00f3ria", "TIPO": "BSTM", "DIMENSAO": "3", "LARGURA": "9", "EXTEN_OAC": "22", "OBSERVACAO": "Satisfat\u00f3ria"}, "geometry": {"type": "Point", "coordinates": [-62.9470553576894, -6.568321122689798, 0.0]}}, {"id": "224", "type": "Feature", "properties": {"Name": null, "BR_UF": "319/AM", "CONTRATO": "SR-667-2019", "KM": "543,36", "LONGITUDE": "-62,95194664", "LATITUDE": "-6,593858805", "CONDICAO": "Satisfat\u00f3ria", "TIPO": "BSTM", "DIMENSAO": "3", "LARGURA": "9", "EXTEN_OAC": "25", "OBSERVACAO": "Satisfat\u00f3ria"}, "geometry": {"type": "Point", "coordinates": [-62.951946640399, -6.593858804899576, 0.0]}}, {"id": "225", "type": "Feature", "properties": {"Name": null, "BR_UF": "319/AM", "CONTRATO": "SR-667-2019", "KM": "543,56", "LONGITUDE": "-62,95218166", "LATITUDE": "-6,595794695", "CONDICAO": "Demolir e Recompor", "TIPO": "BSTM", "DIMENSAO": "1", "LARGURA": "9", "EXTEN_OAC": "15", "OBSERVACAO": "SUBSTITUI\u00c7\u00c3O"}, "geometry": {"type": "Point", "coordinates": [-62.95218165571979, -6.595794695518209, 0.0]}}, {"id": "226", "type": "Feature", "properties": {"Name": null, "BR_UF": "319/AM", "CONTRATO": "SR-667-2019", "KM": "543,9", "LONGITUDE": "-62,95281461", "LATITUDE": "-6,598798065", "CONDICAO": "Demolir e Recompor", "TIPO": "BSTM", "DIMENSAO": "1", "LARGURA": "9", "EXTEN_OAC": "15", "OBSERVACAO": "SUBSTITUI\u00c7\u00c3O"}, "geometry": {"type": "Point", "coordinates": [-62.952814607141704, -6.598798064820087, 0.0]}}, {"id": "227", "type": "Feature", "properties": {"Name": null, "BR_UF": "319/AM", "CONTRATO": "SR-667-2019", "KM": "544,74", "LONGITUDE": "-62,95410753", "LATITUDE": "-6,606333595", "CONDICAO": "Satisfat\u00f3ria", "TIPO": "BSTC", "DIMENSAO": "1,2", "LARGURA": "9", "EXTEN_OAC": "22", "OBSERVACAO": "Satisfat\u00f3ria"}, "geometry": {"type": "Point", "coordinates": [-62.9541075307919, -6.606333594949107, 0.0]}}, {"id": "228", "type": "Feature", "properties": {"Name": null, "BR_UF": "319/AM", "CONTRATO": "SR-667-2019", "KM": "546", "LONGITUDE": "-62,95644956", "LATITUDE": "-6,617650484", "CONDICAO": "Satisfat\u00f3ria", "TIPO": "BSTC", "DIMENSAO": "1,2", "LARGURA": "9", "EXTEN_OAC": "24", "OBSERVACAO": "Satisfat\u00f3ria"}, "geometry": {"type": "Point", "coordinates": [-62.9564495616185, -6.617650484668472, 0.0]}}, {"id": "229", "type": "Feature", "properties": {"Name": null, "BR_UF": "319/AM", "CONTRATO": "SR-667-2019", "KM": "546,4", "LONGITUDE": "-62,95720008", "LATITUDE": "-6,621676066", "CONDICAO": "Demolir e Recompor", "TIPO": "BSTM", "DIMENSAO": "1", "LARGURA": "9", "EXTEN_OAC": "22", "OBSERVACAO": "SUBSTITUI\u00c7\u00c3O"}, "geometry": {"type": "Point", "coordinates": [-62.9572000844344, -6.621676066099528, 0.0]}}, {"id": "230", "type": "Feature", "properties": {"Name": null, "BR_UF": "319/AM", "CONTRATO": "SR-667-2019", "KM": "546,64", "LONGITUDE": "-62,95765224", "LATITUDE": "-6,623801939", "CONDICAO": "Demolir e Recompor", "TIPO": "BSTM", "DIMENSAO": "2", "LARGURA": "9", "EXTEN_OAC": "26", "OBSERVACAO": "SUBSTITUI\u00c7\u00c3O"}, "geometry": {"type": "Point", "coordinates": [-62.9576522378931, -6.623801939017482, 0.0]}}, {"id": "231", "type": "Feature", "properties": {"Name": null, "BR_UF": "319/AM", "CONTRATO": "SR-667-2019", "KM": "546,66", "LONGITUDE": "-62,95765223", "LATITUDE": "-6,623847169", "CONDICAO": "Satisfat\u00f3ria", "TIPO": "BSTM", "DIMENSAO": "2", "LARGURA": "9", "EXTEN_OAC": "26", "OBSERVACAO": "Satisfat\u00f3ria"}, "geometry": {"type": "Point", "coordinates": [-62.9576522340366, -6.623847169529622, 0.0]}}, {"id": "232", "type": "Feature", "properties": {"Name": null, "BR_UF": "319/AM", "CONTRATO": "SR-667-2019", "KM": "547,32", "LONGITUDE": "-62,95846598", "LATITUDE": "-6,629320129", "CONDICAO": "Demolir e Recompor", "TIPO": "BSTM", "DIMENSAO": "1", "LARGURA": "9", "EXTEN_OAC": "24", "OBSERVACAO": "SUBSTITUI\u00c7\u00c3O"}, "geometry": {"type": "Point", "coordinates": [-62.9584659821748, -6.6293201296923305, 0.0]}}, {"id": "233", "type": "Feature", "properties": {"Name": null, "BR_UF": "319/AM", "CONTRATO": "SR-667-2019", "KM": "547,76", "LONGITUDE": "-62,95949699", "LATITUDE": "-6,633336683", "CONDICAO": "Demolir e Recompor", "TIPO": "BSTM", "DIMENSAO": "1", "LARGURA": "9", "EXTEN_OAC": "24", "OBSERVACAO": "SUBSTITUI\u00c7\u00c3O"}, "geometry": {"type": "Point", "coordinates": [-62.959496993238, -6.633336683283651, 0.0]}}, {"id": "234", "type": "Feature", "properties": {"Name": null, "BR_UF": "319/AM", "CONTRATO": "SR-667-2019", "KM": "547,96", "LONGITUDE": "-62,95972303", "LATITUDE": "-6,635001184", "CONDICAO": "Satisfat\u00f3ria", "TIPO": "BSTC", "DIMENSAO": "1", "LARGURA": "9", "EXTEN_OAC": "24", "OBSERVACAO": "Satisfat\u00f3ria"}, "geometry": {"type": "Point", "coordinates": [-62.9597230307078, -6.635001183897432, 0.0]}}, {"id": "235", "type": "Feature", "properties": {"Name": null, "BR_UF": "319/AM", "CONTRATO": "SR-667-2019", "KM": "549,1", "LONGITUDE": "-62,96164019", "LATITUDE": "-6,64525961", "CONDICAO": "Demolir e Recompor", "TIPO": "BSTM", "DIMENSAO": "3", "LARGURA": "9", "EXTEN_OAC": "18", "OBSERVACAO": "SUBSTITUI\u00c7\u00c3O"}, "geometry": {"type": "Point", "coordinates": [-62.9616401870902, -6.645259609887374, 0.0]}}, {"id": "236", "type": "Feature", "properties": {"Name": null, "BR_UF": "319/AM", "CONTRATO": "SR-667-2019", "KM": "550,58", "LONGITUDE": "-62,96424479", "LATITUDE": "-6,658702299", "CONDICAO": "Demolir e Recompor", "TIPO": "BSTM", "DIMENSAO": "1", "LARGURA": "9", "EXTEN_OAC": "24", "OBSERVACAO": "SUBSTITUI\u00c7\u00c3O"}, "geometry": {"type": "Point", "coordinates": [-62.964244787082094, -6.658702298911034, 0.0]}}, {"id": "237", "type": "Feature", "properties": {"Name": null, "BR_UF": "319/AM", "CONTRATO": "SR-667-2019", "KM": "551,5", "LONGITUDE": "-62,96582751", "LATITUDE": "-6,666843891", "CONDICAO": "Satisfat\u00f3ria", "TIPO": "BSTC", "DIMENSAO": "1,2", "LARGURA": "9", "EXTEN_OAC": "22", "OBSERVACAO": "Satisfat\u00f3ria"}, "geometry": {"type": "Point", "coordinates": [-62.965827513460304, -6.666843891118199, 0.0]}}, {"id": "238", "type": "Feature", "properties": {"Name": null, "BR_UF": "319/AM", "CONTRATO": "SR-667-2019", "KM": "551,62", "LONGITUDE": "-62,96609885", "LATITUDE": "-6,66809227", "CONDICAO": "Satisfat\u00f3ria", "TIPO": "BSTC", "DIMENSAO": "1,2", "LARGURA": "9", "EXTEN_OAC": "20", "OBSERVACAO": "Satisfat\u00f3ria"}, "geometry": {"type": "Point", "coordinates": [-62.96609885328111, -6.66809226989735, 0.0]}}, {"id": "239", "type": "Feature", "properties": {"Name": null, "BR_UF": "319/AM", "CONTRATO": "SR-667-2019", "KM": "553,06", "LONGITUDE": "-62,9685861", "LATITUDE": "-6,681028336", "CONDICAO": "Demolir e Recompor", "TIPO": "BSTM", "DIMENSAO": "1", "LARGURA": "9", "EXTEN_OAC": "16", "OBSERVACAO": "SUBSTITUI\u00c7\u00c3O"}, "geometry": {"type": "Point", "coordinates": [-62.9685861030833, -6.681028336149476, 0.0]}}, {"id": "240", "type": "Feature", "properties": {"Name": null, "BR_UF": "319/AM", "CONTRATO": "SR-667-2019", "KM": "556,78", "LONGITUDE": "-62,98075412", "LATITUDE": "-6,712970662", "CONDICAO": "Demolir e Recompor", "TIPO": "BSTM", "DIMENSAO": "1", "LARGURA": "9", "EXTEN_OAC": "16", "OBSERVACAO": "SUBSTITUI\u00c7\u00c3O"}, "geometry": {"type": "Point", "coordinates": [-62.9807541169331, -6.712970662161494, 0.0]}}, {"id": "241", "type": "Feature", "properties": {"Name": null, "BR_UF": "319/AM", "CONTRATO": "SR-667-2019", "KM": "558,04", "LONGITUDE": "-62,9851332", "LATITUDE": "-6,723672315", "CONDICAO": "Satisfat\u00f3ria", "TIPO": "BSTC", "DIMENSAO": "1,2", "LARGURA": "9", "EXTEN_OAC": "21", "OBSERVACAO": "Satisfat\u00f3ria"}, "geometry": {"type": "Point", "coordinates": [-62.98513320298369, -6.723672315365255, 0.0]}}, {"id": "242", "type": "Feature", "properties": {"Name": null, "BR_UF": "319/AM", "CONTRATO": "SR-667-2019", "KM": "558,6", "LONGITUDE": "-62,98643611", "LATITUDE": "-6,72669374", "CONDICAO": "Satisfat\u00f3ria", "TIPO": "BSTC", "DIMENSAO": "1,2", "LARGURA": "9", "EXTEN_OAC": "21", "OBSERVACAO": "Satisfat\u00f3ria"}, "geometry": {"type": "Point", "coordinates": [-62.98643611294539, -6.726693739767333, 0.0]}}, {"id": "243", "type": "Feature", "properties": {"Name": null, "BR_UF": "319/AM", "CONTRATO": "SR-667-2019", "KM": "560,9", "LONGITUDE": "-62,9950321", "LATITUDE": "-6,747119914", "CONDICAO": "Satisfat\u00f3ria", "TIPO": "BSTC", "DIMENSAO": "1,2", "LARGURA": "9", "EXTEN_OAC": "18", "OBSERVACAO": "Satisfat\u00f3ria"}, "geometry": {"type": "Point", "coordinates": [-62.995032097677694, -6.747119913816795, 0.0]}}, {"id": "244", "type": "Feature", "properties": {"Name": null, "BR_UF": "319/AM", "CONTRATO": "SR-667-2019", "KM": "560,92", "LONGITUDE": "-62,99463394", "LATITUDE": "-6,747563166", "CONDICAO": "Satisfat\u00f3ria", "TIPO": "BSTC", "DIMENSAO": "1,2", "LARGURA": "9", "EXTEN_OAC": "20", "OBSERVACAO": "Satisfat\u00f3ria"}, "geometry": {"type": "Point", "coordinates": [-62.994633936693795, -6.747563166519239, 0.0]}}, {"id": "245", "type": "Feature", "properties": {"Name": null, "BR_UF": "319/AM", "CONTRATO": "SR-667-2019", "KM": "561,54", "LONGITUDE": "-62,99770152", "LATITUDE": "-6,753560727", "CONDICAO": "Satisfat\u00f3ria", "TIPO": "BSTC", "DIMENSAO": "1,2", "LARGURA": "9", "EXTEN_OAC": "20", "OBSERVACAO": "Satisfat\u00f3ria"}, "geometry": {"type": "Point", "coordinates": [-62.997701523005304, -6.753560727353999, 0.0]}}, {"id": "246", "type": "Feature", "properties": {"Name": null, "BR_UF": "319/AM", "CONTRATO": "SR-667-2019", "KM": "562,14", "LONGITUDE": "-62,99974662", "LATITUDE": "-6,758599386", "CONDICAO": "Satisfat\u00f3ria", "TIPO": "BSTC", "DIMENSAO": "1,2", "LARGURA": "9", "EXTEN_OAC": "20", "OBSERVACAO": "Satisfat\u00f3ria"}, "geometry": {"type": "Point", "coordinates": [-62.9997466219609, -6.758599386115971, 0.0]}}, {"id": "247", "type": "Feature", "properties": {"Name": null, "BR_UF": "319/AM", "CONTRATO": "SR-667-2019", "KM": "564,86", "LONGITUDE": "-63,00895008", "LATITUDE": "-6,780734991", "CONDICAO": "Demolir e Recompor", "TIPO": "BSTM", "DIMENSAO": "1", "LARGURA": "9", "EXTEN_OAC": "16", "OBSERVACAO": "SUBSTITUI\u00c7\u00c3O"}, "geometry": {"type": "Point", "coordinates": [-63.00895008201041, -6.780734991328254, 0.0]}}, {"id": "248", "type": "Feature", "properties": {"Name": null, "BR_UF": "319/AM", "CONTRATO": "SR-667-2019", "KM": "565,52", "LONGITUDE": "-63,01180085", "LATITUDE": "-6,78613542", "CONDICAO": "Satisfat\u00f3ria", "TIPO": "BSTC", "DIMENSAO": "1,2", "LARGURA": "9", "EXTEN_OAC": "25", "OBSERVACAO": "Satisfat\u00f3ria"}, "geometry": {"type": "Point", "coordinates": [-63.0118008462022, -6.786135419889994, 0.0]}}, {"id": "249", "type": "Feature", "properties": {"Name": null, "BR_UF": "319/AM", "CONTRATO": "SR-667-2019", "KM": "565,56", "LONGITUDE": "-63,0119366", "LATITUDE": "-6,786397752", "CONDICAO": "Satisfat\u00f3ria", "TIPO": "BSTC", "DIMENSAO": "1,5", "LARGURA": "9", "EXTEN_OAC": "25", "OBSERVACAO": "Satisfat\u00f3ria"}, "geometry": {"type": "Point", "coordinates": [-63.0119365985912, -6.78639775187314, 0.0]}}, {"id": "250", "type": "Feature", "properties": {"Name": null, "BR_UF": "319/AM", "CONTRATO": "SR-667-2019", "KM": "566,28", "LONGITUDE": "-63,01590962", "LATITUDE": "-6,792277566", "CONDICAO": "Satisfat\u00f3ria", "TIPO": "BSTC", "DIMENSAO": "1,2", "LARGURA": "9", "EXTEN_OAC": "21", "OBSERVACAO": "Satisfat\u00f3ria"}, "geometry": {"type": "Point", "coordinates": [-63.01590962463791, -6.7922775662351835, 0.0]}}, {"id": "251", "type": "Feature", "properties": {"Name": null, "BR_UF": "319/AM", "CONTRATO": "SR-667-2019", "KM": "573,58", "LONGITUDE": "-63,05224173", "LATITUDE": "-6,848025687", "CONDICAO": "Satisfat\u00f3ria", "TIPO": "BSTM", "DIMENSAO": "3", "LARGURA": "9", "EXTEN_OAC": "28", "OBSERVACAO": "Satisfat\u00f3ria"}, "geometry": {"type": "Point", "coordinates": [-63.05224172832529, -6.848025687579153, 0.0]}}, {"id": "252", "type": "Feature", "properties": {"Name": null, "BR_UF": "319/AM", "CONTRATO": "SR-667-2019", "KM": "574,4", "LONGITUDE": "-63,05623393", "LATITUDE": "-6,854547415", "CONDICAO": "Satisfat\u00f3ria", "TIPO": "BSTC", "DIMENSAO": "1,2", "LARGURA": "9", "EXTEN_OAC": "22", "OBSERVACAO": "Satisfat\u00f3ria"}, "geometry": {"type": "Point", "coordinates": [-63.05623393292499, -6.854547415188705, 0.0]}}, {"id": "253", "type": "Feature", "properties": {"Name": null, "BR_UF": "319/AM", "CONTRATO": "SR-667-2019", "KM": "576,44", "LONGITUDE": "-63,0624995", "LATITUDE": "-6,871969258", "CONDICAO": "Satisfat\u00f3ria", "TIPO": "BSTC", "DIMENSAO": "1,2", "LARGURA": "9", "EXTEN_OAC": "24", "OBSERVACAO": "Satisfat\u00f3ria"}, "geometry": {"type": "Point", "coordinates": [-63.0624995026581, -6.871969258192473, 0.0]}}, {"id": "254", "type": "Feature", "properties": {"Name": null, "BR_UF": "319/AM", "CONTRATO": "SR-667-2019", "KM": "576,96", "LONGITUDE": "-63,06385778", "LATITUDE": "-6,87629307", "CONDICAO": "Satisfat\u00f3ria", "TIPO": "BSTC", "DIMENSAO": "1,2", "LARGURA": "9", "EXTEN_OAC": "24", "OBSERVACAO": "Satisfat\u00f3ria"}, "geometry": {"type": "Point", "coordinates": [-63.0638577802341, -6.876293070334996, 0.0]}}, {"id": "255", "type": "Feature", "properties": {"Name": null, "BR_UF": "319/AM", "CONTRATO": "SR-667-2019", "KM": "577,64", "LONGITUDE": "-63,06387589", "LATITUDE": "-6,876329252", "CONDICAO": "Demolir e Recompor", "TIPO": "BSTC", "DIMENSAO": "1,2", "LARGURA": "9", "EXTEN_OAC": "24", "OBSERVACAO": "SUBSTITUI\u00c7\u00c3O"}, "geometry": {"type": "Point", "coordinates": [-63.0638758879025, -6.876329251943689, 0.0]}}, {"id": "256", "type": "Feature", "properties": {"Name": null, "BR_UF": "319/AM", "CONTRATO": "SR-667-2019", "KM": "581,6", "LONGITUDE": "-63,07658142", "LATITUDE": "-6,916147863", "CONDICAO": "Satisfat\u00f3ria", "TIPO": "BSTC", "DIMENSAO": "1,2", "LARGURA": "9", "EXTEN_OAC": "20", "OBSERVACAO": "Satisfat\u00f3ria"}, "geometry": {"type": "Point", "coordinates": [-63.076581420977895, -6.916147863035795, 0.0]}}, {"id": "257", "type": "Feature", "properties": {"Name": null, "BR_UF": "319/AM", "CONTRATO": "SR-667-2019", "KM": "581,62", "LONGITUDE": "-63,07649092", "LATITUDE": "-6,916274521", "CONDICAO": "Satisfat\u00f3ria", "TIPO": "BSTC", "DIMENSAO": "1,2", "LARGURA": "9", "EXTEN_OAC": "20", "OBSERVACAO": "Satisfat\u00f3ria"}, "geometry": {"type": "Point", "coordinates": [-63.076490919631794, -6.916274521422229, 0.0]}}, {"id": "258", "type": "Feature", "properties": {"Name": null, "BR_UF": "319/AM", "CONTRATO": "SR-667-2019", "KM": "582,1", "LONGITUDE": "-63,07755064", "LATITUDE": "-6,920064619", "CONDICAO": "Satisfat\u00f3ria", "TIPO": "BSTC", "DIMENSAO": "1,2", "LARGURA": "9", "EXTEN_OAC": "24", "OBSERVACAO": "Satisfat\u00f3ria"}, "geometry": {"type": "Point", "coordinates": [-63.07755064237891, -6.920064618773104, 0.0]}}, {"id": "259", "type": "Feature", "properties": {"Name": null, "BR_UF": "319/AM", "CONTRATO": "SR-667-2019", "KM": "584,74", "LONGITUDE": "-63,08510435", "LATITUDE": "-6,943130579", "CONDICAO": "Satisfat\u00f3ria", "TIPO": "BSTC", "DIMENSAO": "1,2", "LARGURA": "9", "EXTEN_OAC": "22", "OBSERVACAO": "Satisfat\u00f3ria"}, "geometry": {"type": "Point", "coordinates": [-63.0851043529492, -6.943130578826736, 0.0]}}, {"id": "260", "type": "Feature", "properties": {"Name": null, "BR_UF": "319/AM", "CONTRATO": "SR-667-2019", "KM": "585,8", "LONGITUDE": "-63,08791239", "LATITUDE": "-6,952320776", "CONDICAO": "Satisfat\u00f3ria", "TIPO": "BSTC", "DIMENSAO": "1,2", "LARGURA": "9", "EXTEN_OAC": "24", "OBSERVACAO": "Satisfat\u00f3ria"}, "geometry": {"type": "Point", "coordinates": [-63.08791239218719, -6.952320776269314, 0.0]}}, {"id": "261", "type": "Feature", "properties": {"Name": null, "BR_UF": "319/AM", "CONTRATO": "SR-667-2019", "KM": "586,34", "LONGITUDE": "-63,08947946", "LATITUDE": "-6,957178169", "CONDICAO": "Satisfat\u00f3ria", "TIPO": "BSTM", "DIMENSAO": "2", "LARGURA": "9", "EXTEN_OAC": "26", "OBSERVACAO": "Satisfat\u00f3ria"}, "geometry": {"type": "Point", "coordinates": [-63.08947945619369, -6.957178169255181, 0.0]}}, {"id": "262", "type": "Feature", "properties": {"Name": null, "BR_UF": "319/AM", "CONTRATO": "SR-667-2019", "KM": "587,6", "LONGITUDE": "-63,09245968", "LATITUDE": "-6,966404483", "CONDICAO": "Satisfat\u00f3ria", "TIPO": "BSTM", "DIMENSAO": "2", "LARGURA": "9", "EXTEN_OAC": "26", "OBSERVACAO": "Satisfat\u00f3ria"}, "geometry": {"type": "Point", "coordinates": [-63.092459683554196, -6.966404483432699, 0.0]}}]}