{"type": "FeatureCollection", "features": [{"id": "0", "type": "Feature", "properties": {"id_trecho_": 155286, "vl_br": "319", "sg_uf": "AM", "nm_tipo_tr": "Eixo Principal", "sg_tipo_tr": "B", "vl_codigo": "319BAM0155", "ds_local_i": "ENTR AM-366", "ds_local_f": "IGARAP\u00c9 PIQUI\u00c1", "vl_km_inic": 468.9, "vl_km_fina": 513.1, "vl_extensa": 44.2, "ds_sup_fed": "IMP", "ds_coinc": null, "ds_tipo_ad": null, "est_coinc": null, "sup_est_co": null, "ds_jurisdi": "FEDERAL-N_PAV", "ds_superfi": "N_PAV", "ds_legenda": "Implantada", "sg_legenda": "IMP", "leg_multim": "Implantada", "versao_snv": "201612A", "id_versao": 33, "marcador": "TRECHO DO MEIO"}, "geometry": {"type": "LineString", "coordinates": [[-62.54299279999998, -6.055590499999937], [-62.543032049999965, -6.0556545899999605], [-62.54311183999994, -6.05577956999997], [-62.543189799999936, -6.055904889999965], [-62.54326527999996, -6.056029009999975], [-62.54334087999996, -6.056151789999944], [-62.54341469999997, -6.056273499999975], [-62.54348788999994, -6.0563925099999665], [-62.54356408999996, -6.056504999999959], [-62.54363989999996, -6.056604859999936], [-62.543704359999936, -6.056698939999933], [-62.54375686999998, -6.05679127999997], [-62.543811189999985, -6.05688841999995], [-62.543875609999986, -6.057000079999966], [-62.543943799999965, -6.057115779999947], [-62.54401452999997, -6.057230609999976], [-62.54408528999994, -6.057344139999941], [-62.544153069999936, -6.057453309999971], [-62.54422274999996, -6.057559829999946], [-62.54428749999994, -6.0576593699999535], [-62.544345129999954, -6.057750239999962], [-62.544395839999936, -6.057834559999947], [-62.54444300999995, -6.05791813999997], [-62.54449416999995, -6.058004839999967], [-62.54455303999998, -6.058103249999931], [-62.54461337999999, -6.058200429999943], [-62.54467740999996, -6.058301799999981], [-62.544743299999936, -6.058409689999962], [-62.544813089999934, -6.058523329999957], [-62.54488576999995, -6.05864011999995], [-62.544959619999986, -6.058758349999948], [-62.54503581999995, -6.05887998999998], [-62.54511333999994, -6.059002669999927], [-62.54519118999997, -6.059126269999979], [-62.54526870999996, -6.059249849999958], [-62.54534713999993, -6.059375379999949], [-62.54542540999995, -6.059500439999965], [-62.54550367999997, -6.059625789999927], [-62.545581099999936, -6.059750719999954], [-62.54565872999996, -6.059877019999931], [-62.54573584999997, -6.06000322999995], [-62.545812489999946, -6.0601295099999675], [-62.54588984999998, -6.060255919999975], [-62.545966979999946, -6.060382689999926], [-62.54604485999994, -6.060508479999953], [-62.546123189999946, -6.060634109999967], [-62.54619969999993, -6.0607597199999645], [-62.54627526999997, -6.060883539999963], [-62.54635300999996, -6.061003759999949], [-62.54643245999995, -6.061119319999932], [-62.54650936999997, -6.061231769999949], [-62.54658003999998, -6.0613396399999715], [-62.54664459999998, -6.061450569999977], [-62.54671019999995, -6.061565689999952], [-62.546780369999965, -6.061684499999956], [-62.54685344999996, -6.061804479999978], [-62.546928599999944, -6.06192668999995], [-62.547006059999944, -6.062050279999937], [-62.54708396999996, -6.062173909999956], [-62.547162759999935, -6.062298049999981], [-62.547241559999975, -6.062421669999935], [-62.54732008999997, -6.06254464999995], [-62.547397769999975, -6.062668439999925], [-62.547474299999976, -6.062789459999976], [-62.54755013999994, -6.062905859999944], [-62.54762293999994, -6.063018479999926], [-62.547684009999955, -6.063133129999926], [-62.547745179999936, -6.063245939999945], [-62.547812799999974, -6.063357779999933], [-62.547882339999944, -6.06346259999998], [-62.54795558999996, -6.0635639699999615], [-62.54802162999994, -6.063670049999928], [-62.548084589999974, -6.063779689999933], [-62.54815180999998, -6.063893619999931], [-62.54822088999998, -6.064008429999944], [-62.54829054999993, -6.064123929999937], [-62.54836132999998, -6.064239389999955], [-62.548432479999974, -6.064354299999934], [-62.54850492999998, -6.064470269999958], [-62.548577499999965, -6.064588059999949], [-62.548649189999935, -6.0647054699999785], [-62.548721849999936, -6.064822489999926], [-62.548796169999946, -6.064939439999932], [-62.54886892999997, -6.065055229999928], [-62.548942669999974, -6.065172609999934], [-62.54901776999998, -6.065289749999977], [-62.54909030999994, -6.065407919999927], [-62.54916300999997, -6.065525559999969], [-62.54922979999998, -6.065638159999935], [-62.549297699999954, -6.065742669999963], [-62.549361499999975, -6.065843559999962], [-62.54942110999997, -6.065937149999968], [-62.549474259999954, -6.066023129999962], [-62.549523729999976, -6.066101769999932], [-62.549574149999955, -6.0661797699999624], [-62.54963215999999, -6.066269969999951], [-62.549701959999936, -6.066379379999944], [-62.549773819999984, -6.06649251999994], [-62.549847339999985, -6.066606449999938], [-62.549922219999985, -6.066720759999953], [-62.54999548999996, -6.06683481999994], [-62.550063759999944, -6.0669485599999575], [-62.55012974999994, -6.067061439999975], [-62.550197899999944, -6.06717378999997], [-62.55026783999995, -6.067288659999974], [-62.55034131999997, -6.0674042299999655], [-62.55041613999998, -6.0675203399999305], [-62.550491259999944, -6.067638139999929], [-62.55056603999998, -6.067754389999948], [-62.550640259999966, -6.06787173999993], [-62.550714279999966, -6.067990079999959], [-62.55078728999996, -6.068109019999952], [-62.550859539999976, -6.0682290999999395], [-62.550932959999955, -6.068348409999942], [-62.55100765999998, -6.068465309999965], [-62.55108229999996, -6.068580769999926], [-62.55115449999994, -6.068696239999952], [-62.551227359999984, -6.0688123199999495], [-62.551297129999966, -6.0689288399999555], [-62.55136980999998, -6.0690462499999285], [-62.55143885999996, -6.06916549999994], [-62.55151239999998, -6.069284209999978], [-62.551587429999984, -6.069402449999927], [-62.551662359999966, -6.069522229999961], [-62.551738409999984, -6.069642289999933], [-62.55181380999994, -6.069761549999953], [-62.55189061999994, -6.069880829999931], [-62.55196629999995, -6.069999719999942], [-62.55204102999994, -6.070118579999928], [-62.55211572999997, -6.070237559999953], [-62.552189659999954, -6.070357619999925], [-62.552263849999974, -6.070478269999967], [-62.55233791999996, -6.070599529999981], [-62.55241268999998, -6.07072224999996], [-62.552487619999965, -6.070846629999949], [-62.55256523999998, -6.070969419999926], [-62.552639399999975, -6.071092519999979], [-62.55271376999997, -6.071213579999949], [-62.55278966999998, -6.0713356599999315], [-62.55286860999996, -6.071454969999934], [-62.55294644999998, -6.071574799999951], [-62.55301939999998, -6.071689729999946], [-62.55308304999994, -6.071796599999971], [-62.55313952999995, -6.071894789999931], [-62.55319915999996, -6.072001109999974], [-62.55326569999994, -6.072117119999973], [-62.553340279999986, -6.072238469999945], [-62.553415539999946, -6.0723617699999295], [-62.553491829999984, -6.072483529999943], [-62.55356146999998, -6.072599999999966], [-62.553626479999934, -6.072708489999968], [-62.553690949999975, -6.072813089999954], [-62.55375840999994, -6.072918219999963], [-62.55382959999997, -6.073027079999974], [-62.55390298999998, -6.073139539999943], [-62.55397856999997, -6.073255209999957], [-62.55405519999994, -6.073371399999928], [-62.554132109999955, -6.073487539999974], [-62.55420686999997, -6.073605279999981], [-62.554282229999956, -6.073723129999962], [-62.55435240999998, -6.073839819999932], [-62.55442868999995, -6.073951809999926], [-62.554495229999986, -6.074058199999968], [-62.55455390999998, -6.074157129999946], [-62.554607009999984, -6.074249169999973], [-62.55466284999994, -6.07433881999998], [-62.55472361999995, -6.074430959999972], [-62.55478823999994, -6.074531639999975], [-62.55485471999998, -6.074635959999966], [-62.554925529999934, -6.074739999999963], [-62.55499512999995, -6.074847829999953], [-62.555067589999965, -6.074956019999945], [-62.55512153999996, -6.075069929999927], [-62.55519190999996, -6.075175669999965], [-62.55526011999996, -6.075282189999939], [-62.555328489999965, -6.075390279999965], [-62.55539743999998, -6.075501029999941], [-62.555464659999984, -6.075615249999942], [-62.55553340999995, -6.075730819999933], [-62.555603179999935, -6.075847969999927], [-62.555673129999946, -6.075963779999938], [-62.55574114999996, -6.076074059999939], [-62.555802709999966, -6.0761757599999555], [-62.555859329999976, -6.076268709999965], [-62.555914059999964, -6.076357739999935], [-62.55595963999997, -6.076433419999944], [-62.55599936999994, -6.076493829999947], [-62.55603047999995, -6.076543539999932], [-62.55605837999997, -6.076589619999936], [-62.556077469999934, -6.076623429999927], [-62.55610262999994, -6.076664329999971], [-62.55612400999996, -6.076701809999975], [-62.55615157999995, -6.076745929999959], [-62.556181579999986, -6.076793219999956], [-62.55620933999995, -6.076835389999928], [-62.55623972999996, -6.076881149999963], [-62.55628713999994, -6.076952619999929], [-62.55634888999998, -6.077047679999964], [-62.556416499999955, -6.07715498999994], [-62.55648649999995, -6.077266839999936], [-62.556557269999985, -6.077380149999954], [-62.55662861999997, -6.077494349999938], [-62.556700819999946, -6.077609309999957], [-62.556773419999956, -6.077724469999964], [-62.55684489999999, -6.077839169999947], [-62.55691680999996, -6.077954739999939], [-62.556988659999945, -6.078070299999979], [-62.55706068999996, -6.078186399999936], [-62.557132739999986, -6.07830139999993], [-62.55720494999997, -6.0784170799999515], [-62.55727750999995, -6.078533329999971], [-62.55735115999994, -6.078650069999981], [-62.55742325999995, -6.078766599999938], [-62.55749418999994, -6.078886029999978], [-62.557566589999965, -6.079006589999949], [-62.55763112999995, -6.079125569999974], [-62.55770640999998, -6.079243819999931], [-62.55778277999997, -6.079363329999978], [-62.55785774999998, -6.079484369999932], [-62.55793296999997, -6.079606789999957], [-62.55800762999996, -6.079728589999945], [-62.558084709999946, -6.079846589999931], [-62.55815981999996, -6.07996387999998], [-62.558234969999944, -6.080080129999942], [-62.558299929999976, -6.080193289999954], [-62.55836974999994, -6.080301679999934], [-62.55844214999996, -6.080414419999954], [-62.55851461999998, -6.080531809999968], [-62.55858727999998, -6.080649619999974], [-62.55865850999999, -6.080764129999977], [-62.55872823999994, -6.080877589999943], [-62.558793169999944, -6.080994149999981], [-62.558855609999966, -6.081108129999961], [-62.55892436999994, -6.081214459999956], [-62.558997029999944, -6.0813159799999426], [-62.55906873999999, -6.081414549999977], [-62.559138529999984, -6.081514079999977], [-62.55920784999995, -6.081621509999934], [-62.55927606999995, -6.0817367799999715], [-62.55935046999997, -6.08185143999998], [-62.55942939999994, -6.081960489999972], [-62.55949672999998, -6.0820702399999504], [-62.55956709999998, -6.08218439999996], [-62.559637349999946, -6.082298929999979], [-62.559703239999976, -6.082413709999969], [-62.55976856999996, -6.082525699999962], [-62.55983324999994, -6.082636449999939], [-62.55989791999997, -6.082746569999927], [-62.55996727999997, -6.0828542399999606], [-62.56004055999995, -6.082962939999959], [-62.56010706999996, -6.083060689999968], [-62.56016445999995, -6.083150029999956], [-62.56021524999994, -6.083231029999979], [-62.56026289999994, -6.083307009999942], [-62.560301719999984, -6.0833717199999455], [-62.56033347999994, -6.083421829999963], [-62.56035810999998, -6.0834606499999495], [-62.560379109999985, -6.083493879999935], [-62.560404269999935, -6.08353459999995], [-62.56043998999996, -6.083590869999966], [-62.56048554999995, -6.0836647599999765], [-62.56054155999993, -6.083757489999925], [-62.560607449999964, -6.083870349999927], [-62.560676049999984, -6.083986659999937], [-62.56074599999994, -6.084099799999933], [-62.56081684999998, -6.084212659999935], [-62.560889919999966, -6.084329929999967], [-62.56096587999997, -6.084449099999972], [-62.56104105999998, -6.084564559999933], [-62.56111482999995, -6.084679579999943], [-62.56118673999998, -6.084794599999952], [-62.56125778999996, -6.084907979999969], [-62.561329409999985, -6.08502029999994], [-62.561402389999955, -6.085133599999949], [-62.561471979999965, -6.085245769999972], [-62.561536339999975, -6.085349939999958], [-62.561599359999946, -6.0854563499999585], [-62.56165626999996, -6.085564399999953], [-62.56172226999996, -6.085672889999955], [-62.56179489999994, -6.085781409999981], [-62.56186250999997, -6.085885949999977], [-62.56192453999995, -6.0859870799999385], [-62.56198877999998, -6.08608610999994], [-62.562054159999946, -6.0861874099999795], [-62.56212225999997, -6.086292949999972], [-62.56219104999997, -6.086402509999971], [-62.56226012999997, -6.086515259999942], [-62.56233050999998, -6.086630119999938], [-62.56240054999995, -6.086743339999941], [-62.562469679999936, -6.086850659999925], [-62.56253781999993, -6.086950089999959], [-62.56259990999996, -6.0870416499999465], [-62.562652009999965, -6.087127719999955], [-62.56270261999998, -6.087214539999934], [-62.56276361999994, -6.087316609999959], [-62.56283029999997, -6.087427839999975], [-62.56289461999995, -6.087535599999967], [-62.56295314999994, -6.0876336799999535], [-62.563010169999984, -6.087724459999947], [-62.56306891999998, -6.087811219999935], [-62.56312461999994, -6.0878938499999435], [-62.56317604999998, -6.087978629999952], [-62.56323150999998, -6.088063969999951], [-62.56328185999996, -6.0881432199999495], [-62.56332738999998, -6.088221289999979], [-62.563376079999955, -6.088302889999966], [-62.563427719999936, -6.088384529999928], [-62.56347625999996, -6.088469869999926], [-62.56353346999998, -6.088556969999956], [-62.563592039999946, -6.088644809999948], [-62.563651429999936, -6.088728839999931], [-62.56371131999998, -6.088813289999962], [-62.56376488999996, -6.088905329999932], [-62.56382170999996, -6.089004639999928], [-62.56388438999994, -6.089114629999926], [-62.563952779999966, -6.089227859999937], [-62.56402339999994, -6.089339209999935], [-62.564087789999974, -6.089444359999959], [-62.56415026999997, -6.08954800999993], [-62.56420940999993, -6.0896505799999545], [-62.564271889999986, -6.0897452499999645], [-62.56433486999998, -6.089832569999942], [-62.56439966999994, -6.089924559999929], [-62.56446095999996, -6.0900263899999345], [-62.56452503999998, -6.090133459999947], [-62.564586119999944, -6.090241779999928], [-62.564642799999945, -6.090345369999966], [-62.56469999999996, -6.0904425699999365], [-62.56476122999999, -6.090533959999959], [-62.56482394999995, -6.090617519999967], [-62.56488249999995, -6.090700739999932], [-62.56493766999995, -6.090792269999952], [-62.56498774999994, -6.090889059999938], [-62.565039679999984, -6.090978959999973], [-62.56508949999994, -6.0910612999999785], [-62.565138229999945, -6.091135179999981], [-62.565185809999946, -6.091202439999961], [-62.56523808999998, -6.091274769999927], [-62.565302379999935, -6.091367989999981], [-62.565362369999946, -6.091465969999945], [-62.56542154999994, -6.09156164999996], [-62.56548458999998, -6.091662959999951], [-62.56554862999997, -6.0917676899999265], [-62.56561105999998, -6.091873129999954], [-62.565675419999934, -6.091971849999936], [-62.565732269999955, -6.092056809999974], [-62.56577887999998, -6.092127879999964], [-62.565816079999934, -6.092185649999976], [-62.56584972999997, -6.092239239999969], [-62.565875749999975, -6.092283029999976], [-62.56589036999998, -6.092307969999979], [-62.56589369999995, -6.09231264999994], [-62.565900829999975, -6.092325989999949], [-62.56591677999995, -6.09235173999997], [-62.56593998999995, -6.09239021999997], [-62.56597003999997, -6.092438669999979], [-62.566005459999985, -6.092497279999975], [-62.56603745999996, -6.0925508299999365], [-62.56606907999998, -6.092601609999974], [-62.56610790999997, -6.092661999999962], [-62.56616137999998, -6.092746589999933], [-62.56622846999994, -6.092851889999963], [-62.56630143999996, -6.092966369999942], [-62.56637297999998, -6.09308214999993], [-62.56644487999995, -6.093199949999928], [-62.56651666999994, -6.093317279999951], [-62.56658990999995, -6.093434029999969], [-62.56666367999998, -6.093550419999929], [-62.56673691999998, -6.093667059999973], [-62.56681316999993, -6.09378479999998], [-62.566886239999974, -6.093903029999979], [-62.566960379999955, -6.0940211099999715], [-62.56703601999993, -6.094138559999976], [-62.56711125999993, -6.094255829999952], [-62.56718522999995, -6.094373229999974], [-62.567258279999976, -6.094491169999969], [-62.56733190999995, -6.094609499999933], [-62.56740580999997, -6.09472822999993], [-62.56748031999996, -6.094847899999934], [-62.56755605999996, -6.094965249999973], [-62.567636919999984, -6.09508091999993], [-62.56772228999995, -6.095193839999979], [-62.56780557999997, -6.09530290999993], [-62.567879249999976, -6.095404989999963], [-62.56794278999996, -6.095499999999959], [-62.56800173999994, -6.095588219999968], [-62.568059569999946, -6.095676319999939], [-62.56811670999997, -6.09576194999994], [-62.56816915999997, -6.095839159999969], [-62.56822185999994, -6.0959107099999414], [-62.56828525999998, -6.095989569999972], [-62.568359219999934, -6.0960805799999775], [-62.56843640999995, -6.096176379999974], [-62.56851647999997, -6.096275589999948], [-62.56859377999996, -6.096378049999942], [-62.568667569999945, -6.096477199999981], [-62.56874162999998, -6.096571339999969], [-62.56881561999995, -6.096660509999936], [-62.56888662999995, -6.096741479999935], [-62.56895241999996, -6.09681336999995], [-62.569010419999984, -6.096885529999952], [-62.56906363999997, -6.096960779999961], [-62.569130849999965, -6.097046839999962], [-62.56921220999993, -6.09714460999993], [-62.56929888999997, -6.097248279999974], [-62.56938605999994, -6.097354799999948], [-62.569475559999944, -6.097461789999954], [-62.56956834999994, -6.097569049999947], [-62.56966103999997, -6.097677199999964], [-62.56975149999994, -6.097785489999978], [-62.569840889999966, -6.097893749999969], [-62.56992938999997, -6.098002729999962], [-62.57002014999995, -6.098111479999943], [-62.57011141999993, -6.0982186399999705], [-62.57019645999998, -6.0983192799999415], [-62.570273199999974, -6.098411539999972], [-62.570340819999956, -6.098496249999926], [-62.57040159999997, -6.098574029999952], [-62.570465859999956, -6.098655859999951], [-62.570543519999944, -6.098752979999972], [-62.57062555999994, -6.098853259999942], [-62.57070621999998, -6.098949369999957], [-62.57079311999996, -6.099046679999958], [-62.570883669999944, -6.099144549999949], [-62.570968139999934, -6.099234659999979], [-62.57104304999996, -6.099318339999968], [-62.57110660999996, -6.099398599999972], [-62.57116192999996, -6.099478769999962], [-62.57123361999999, -6.099571379999929], [-62.571310969999956, -6.099662449999926], [-62.571382349999965, -6.099748129999966], [-62.57145246999994, -6.099837219999927], [-62.57152516999997, -6.099922599999957], [-62.57160627999997, -6.100011909999978], [-62.57169314999999, -6.10011056999997], [-62.571781889999954, -6.100212459999966], [-62.571869849999985, -6.100316429999964], [-62.57195625999998, -6.100425589999929], [-62.57204733999998, -6.100537299999928], [-62.57214011999997, -6.1006488699999295], [-62.572233369999935, -6.100759299999936], [-62.572326919999966, -6.1008706399999255], [-62.572420259999944, -6.100981629999978], [-62.57251381999998, -6.101094509999939], [-62.57260527999995, -6.101207859999931], [-62.57270128999994, -6.101322459999949], [-62.572795059999976, -6.101436169999943], [-62.572884649999935, -6.101543859999936], [-62.572969919999935, -6.101641459999939], [-62.573043559999974, -6.1017318699999805], [-62.57310855999998, -6.101814859999934], [-62.573173089999955, -6.101887399999953], [-62.57323798999994, -6.101948689999972], [-62.57329346999995, -6.102004389999934], [-62.57333855999997, -6.102065249999953], [-62.57340088999996, -6.1021429899999475], [-62.57348594999996, -6.102242699999977], [-62.57357269999994, -6.102347649999956], [-62.57366068999994, -6.102442149999945], [-62.57372534999996, -6.102531279999937], [-62.573793929999965, -6.1026134699999375], [-62.573872439999946, -6.102704879999976], [-62.57394849999997, -6.1028001499999505], [-62.57401938999993, -6.102887319999979], [-62.57408942999996, -6.10297517999993], [-62.57417290999996, -6.103072949999955], [-62.57425152999997, -6.103175609999937], [-62.57433692999996, -6.10327824999996], [-62.57442625999994, -6.103380479999942], [-62.57451628999996, -6.103484349999974], [-62.574606019999976, -6.103589849999935], [-62.574693959999934, -6.103695649999963], [-62.57478226999996, -6.103801199999964], [-62.57487116999994, -6.10390579999995], [-62.57495980999994, -6.10400975999994], [-62.57504894999994, -6.10411277999998], [-62.57513759999995, -6.104215029999978], [-62.57522226999998, -6.104320829999949], [-62.57530545999998, -6.104430589999936], [-62.575388989999965, -6.1045385499999725], [-62.57547918999995, -6.1046449299999495], [-62.57557153999994, -6.104749449999929], [-62.575666309999974, -6.104853829999968], [-62.57575635999996, -6.104961039999978], [-62.57584639999993, -6.1050683699999695], [-62.57593717999998, -6.105175829999951], [-62.57601968999995, -6.105285829999957], [-62.576099359999944, -6.105396419999977], [-62.57618785999995, -6.105504569999937], [-62.57628553999996, -6.105609609999931], [-62.57638358999998, -6.10571903999994], [-62.57646818999996, -6.10583263999996], [-62.576558569999975, -6.105940549999957], [-62.576645079999935, -6.106040289999953], [-62.576725419999946, -6.106130719999953], [-62.57680032999997, -6.106212409999955], [-62.57686679999995, -6.106287019999968], [-62.576925639999956, -6.106355839999935], [-62.576983749999954, -6.106422309999971], [-62.57704329999996, -6.1064912399999685], [-62.57709578999999, -6.10656242999994], [-62.577153599999974, -6.106642989999955], [-62.57722925999997, -6.1067379699999265], [-62.57731007999996, -6.106837009999936], [-62.57739135999998, -6.106928799999935], [-62.57746787999997, -6.107011099999966], [-62.57753537999997, -6.107090269999958], [-62.577591859999984, -6.107169939999949], [-62.57765082999998, -6.107253189999938], [-62.57772868999996, -6.10734341999995], [-62.57781229999995, -6.107442169999956], [-62.57789496999993, -6.107545329999937], [-62.57798504999994, -6.107651789999977], [-62.57807448999995, -6.10775861999997], [-62.578161439999974, -6.10786319999994], [-62.57824591999997, -6.107961329999966], [-62.578325759999984, -6.108050179999964], [-62.57839882999997, -6.108131919999948], [-62.57846392999994, -6.108208979999972], [-62.578521199999955, -6.108280799999932], [-62.57857477999994, -6.108346089999941], [-62.57862359999996, -6.1084064199999375], [-62.57866893999994, -6.108463729999926], [-62.57872785999996, -6.108534099999929], [-62.57880116999996, -6.108623099999932], [-62.578879419999964, -6.108714759999941], [-62.57895433999994, -6.108800029999941], [-62.57902212999994, -6.108875909999938], [-62.57908109999994, -6.108945389999974], [-62.57913117999993, -6.109009219999962], [-62.57917618999994, -6.109071249999943], [-62.57923655999997, -6.109146199999941], [-62.57931746999998, -6.109241329999975], [-62.57940768999998, -6.109346849999952], [-62.57949772999996, -6.109455519999926], [-62.57958642999995, -6.109564429999978], [-62.57967415999997, -6.1096728199999575], [-62.579763079999964, -6.109780339999929], [-62.57985243999997, -6.109887819999926], [-62.579941659999974, -6.1099956499999735], [-62.58003038999993, -6.110102799999936], [-62.58011964999997, -6.110209149999946], [-62.58020978999997, -6.110317039999927], [-62.58029904999995, -6.110425929999963], [-62.580386809999936, -6.110533729999929], [-62.58047653999995, -6.110641689999966], [-62.58056898999996, -6.110749279999936], [-62.580659769999954, -6.110854759999938], [-62.580744289999984, -6.11095531999996], [-62.58082589999998, -6.111051169999939], [-62.58090899999996, -6.111151449999966], [-62.58099556999997, -6.111253699999963], [-62.58108328999998, -6.1113565099999505], [-62.581172599999945, -6.111462309999979], [-62.58126361999996, -6.111570309999934], [-62.58135514999998, -6.111679009999932], [-62.58144748999996, -6.111788679999961], [-62.581539429999964, -6.111898479999979], [-62.58163216999998, -6.1120098899999675], [-62.58172508999996, -6.112120929999946], [-62.581816049999986, -6.112228989999949], [-62.58190579999996, -6.1123347099999705], [-62.58199555999994, -6.112440019999951], [-62.58208608999996, -6.112546749999979], [-62.58217701999996, -6.1126538199999345], [-62.582265889999974, -6.112761279999972], [-62.58235535999995, -6.11286819999998], [-62.582444779999946, -6.112975269999936], [-62.582534589999966, -6.113082629999951], [-62.58262541999994, -6.113190199999963], [-62.58271554999993, -6.113298609999958], [-62.58280621999995, -6.11340765999995], [-62.58289782999998, -6.113516239999967], [-62.582985819999976, -6.113625019999972], [-62.58307788999997, -6.113733559999957], [-62.583169089999956, -6.1138429899999664], [-62.58325768999998, -6.113947459999963], [-62.583340919999955, -6.114043459999948], [-62.583416489999934, -6.114132979999965], [-62.58348625999997, -6.11421772999995], [-62.58354873999997, -6.114294069999971], [-62.58360066999995, -6.1143569299999285], [-62.583643569999936, -6.114407149999977], [-62.583680399999935, -6.114449399999955], [-62.58370500999996, -6.114477889999932], [-62.58373002999997, -6.1145080799999505], [-62.58375232999998, -6.114534419999927], [-62.58377796999997, -6.114564739999935], [-62.58380857999998, -6.114600439999947], [-62.58384358999996, -6.114640469999927], [-62.583874579999986, -6.114678369999979], [-62.583900239999934, -6.11470922999996], [-62.58392232999995, -6.114735989999929], [-62.583941279999976, -6.1147585599999275], [-62.58396745999994, -6.114788669999939], [-62.58401054999996, -6.114838589999977], [-62.58406949999994, -6.114909169999976], [-62.584141639999984, -6.11499809999998], [-62.58422131999998, -6.115096969999968], [-62.58430550999998, -6.115198279999959], [-62.58439204999996, -6.115302809999946], [-62.58448206999998, -6.115409389999968], [-62.58457546999995, -6.11551677999995], [-62.58467108999997, -6.1156251099999395], [-62.58476651999996, -6.115734119999956], [-62.58485400999996, -6.115840049999974], [-62.58493499999997, -6.115941169999928], [-62.585015279999936, -6.116039529999966], [-62.58509786999997, -6.116138059999969], [-62.58518118999996, -6.116238109999927], [-62.58526841999998, -6.116341519999935], [-62.585357649999935, -6.116446509999946], [-62.585445909999976, -6.116552079999963], [-62.585534989999985, -6.116657749999945], [-62.58562357999995, -6.116763969999965], [-62.58571317999997, -6.116870799999958], [-62.585800619999986, -6.116978179999933], [-62.58588948999994, -6.117085569999972], [-62.585979589999965, -6.1171931299999756], [-62.58607017999998, -6.117300109999974], [-62.58616102999997, -6.117407039999932], [-62.586251999999945, -6.11751481999994], [-62.586342429999945, -6.11762269999997], [-62.58643133999993, -6.117731399999968], [-62.586520409999935, -6.1178405899999575], [-62.58660910999998, -6.117947939999965], [-62.586699119999935, -6.1180559699999435], [-62.586787139999956, -6.118161179999959], [-62.586871859999974, -6.118264339999939], [-62.586955269999976, -6.118363219999935], [-62.58704106999994, -6.118461589999981], [-62.58712749999995, -6.118562069999939], [-62.58721515999997, -6.118664169999931], [-62.58730377999996, -6.118768449999948], [-62.58739400999997, -6.118874539999979], [-62.58748602999998, -6.1189825499999415], [-62.587579269999935, -6.1190919899999585], [-62.58767207999995, -6.1192023299999505], [-62.58776507999994, -6.119313449999936], [-62.58785852999995, -6.119424269999968], [-62.58795276999996, -6.119535329999962], [-62.58804698999995, -6.119646359999933], [-62.588142619999985, -6.119758219999937], [-62.58823672999995, -6.119869269999981], [-62.58832927999998, -6.119979529999966], [-62.58842016999995, -6.120089519999965], [-62.58850959999995, -6.120198509999966], [-62.58859972999994, -6.120305859999974], [-62.588687549999975, -6.1204089399999475], [-62.588768089999974, -6.12050389999996], [-62.58884092999995, -6.120591269999977], [-62.58890828999995, -6.120670729999972], [-62.58897239999993, -6.120741579999958], [-62.589030509999986, -6.1208063499999525], [-62.58908182999994, -6.120869789999972], [-62.58913335999995, -6.120935939999981], [-62.589190859999974, -6.121006449999925], [-62.589255169999944, -6.121083689999978], [-62.58932779999998, -6.121168209999951], [-62.58940513999994, -6.121258779999948], [-62.589481829999954, -6.121350889999974], [-62.58955021999998, -6.1214326199999505], [-62.58960814999995, -6.121501759999944], [-62.58965619999998, -6.121558559999926], [-62.589698589999955, -6.121607209999979], [-62.58973279999998, -6.121646089999956], [-62.58975953999993, -6.121675349999975], [-62.589760609999985, -6.121676549999961], [-62.589773469999955, -6.121691899999973], [-62.58979793999998, -6.121721119999961], [-62.589828119999936, -6.12175654999993], [-62.589861119999966, -6.121795499999962], [-62.58989398999995, -6.121834849999971], [-62.58992766999995, -6.121874239999954], [-62.58996062999995, -6.121912219999956], [-62.58999252999996, -6.1219498799999315], [-62.59003557999995, -6.122000859999957], [-62.59010110999998, -6.1220789199999786], [-62.590180679999946, -6.122174609999945], [-62.59026464999994, -6.122277719999943], [-62.590352129999985, -6.12238334999995], [-62.590442139999936, -6.122489839999957], [-62.59053355999998, -6.122597069999927], [-62.59062516999995, -6.122705459999963], [-62.59071772999994, -6.122814289999951], [-62.590810799999986, -6.122923699999944], [-62.59090495999993, -6.123033349999957], [-62.591000099999974, -6.1231441099999415], [-62.591095189999976, -6.123255649999976], [-62.591188829999965, -6.123368869999979], [-62.591282519999936, -6.123481469999945], [-62.59137615999998, -6.123595929999965], [-62.591467749999936, -6.123710839999944], [-62.591556939999975, -6.1238232999999695], [-62.59164595999994, -6.12393273999993], [-62.591737069999965, -6.12404308999993], [-62.59183194999997, -6.124153989999968], [-62.591921569999954, -6.124258539999971], [-62.59200692999997, -6.1243527099999255], [-62.592082439999956, -6.124445229999935], [-62.59216729999997, -6.124547369999959], [-62.59225534999996, -6.124658289999957], [-62.59234694999998, -6.1247662499999365], [-62.59244107999996, -6.1248728199999505], [-62.59253062999994, -6.124977469999976], [-62.59261542999997, -6.125075839999965], [-62.592689149999956, -6.125169009999979], [-62.59276124999997, -6.12525224999996], [-62.59282416999997, -6.1253324699999325], [-62.59288515999998, -6.125412439999934], [-62.59295137999999, -6.125485159999926], [-62.59302949999994, -6.125575339999955], [-62.59311810999998, -6.125678319999963], [-62.59319332999996, -6.125767519999954], [-62.59379628999994, -6.126461929999948], [-62.593813239999974, -6.126480269999945], [-62.593830939999975, -6.126501539999936], [-62.593853739999986, -6.126529159999961], [-62.59387880999998, -6.126558639999928], [-62.59390341999995, -6.126587809999933], [-62.59392698999994, -6.126615999999956], [-62.59394924999998, -6.126643969999975], [-62.593961959999945, -6.126663729999962], [-62.59397433999993, -6.126683499999956], [-62.59399645999997, -6.1267149499999505], [-62.594035229999974, -6.12676614999998], [-62.59409404999997, -6.12684231999998], [-62.59417609999997, -6.126945509999928], [-62.59426589999998, -6.127053499999931], [-62.594359199999985, -6.127160319999973], [-62.59444997999998, -6.127271439999959], [-62.594534419999945, -6.127381949999972], [-62.594621389999986, -6.127487799999926], [-62.594706979999955, -6.127593169999955], [-62.594796309999936, -6.12769574999993], [-62.59488659999994, -6.127796819999958], [-62.59497004999997, -6.1278928799999335], [-62.59504383999996, -6.12798915999997], [-62.59512079999996, -6.128080299999965], [-62.59520422999998, -6.128175169999963], [-62.59528104999998, -6.128268069999933], [-62.59535473999995, -6.12835352999997], [-62.59542638999994, -6.128438399999936], [-62.59550208999997, -6.12853180999997], [-62.59558402999994, -6.128633779999973], [-62.595661879999966, -6.128729599999929], [-62.595735529999956, -6.128817509999976], [-62.595809379999935, -6.128898309999954], [-62.595874279999975, -6.128978149999966], [-62.595931889999974, -6.129050779999943], [-62.59599629999997, -6.129105789999926], [-62.596052749999956, -6.129172789999927], [-62.59611296999998, -6.129244399999948], [-62.596179279999944, -6.12931642999996], [-62.59625318999997, -6.129401379999933], [-62.596330809999984, -6.1294871799999555], [-62.59640336999996, -6.129570469999976], [-62.59647234999994, -6.129650079999976], [-62.59653960999998, -6.129730499999937], [-62.59660408999997, -6.129809069999965], [-62.59667029999997, -6.129883709999945], [-62.59674119999994, -6.129971229999967], [-62.596816159999946, -6.130069109999965], [-62.596894659999975, -6.130171759999939], [-62.596976939999934, -6.1302760799999305], [-62.59706371999994, -6.130384079999942], [-62.59715159999996, -6.130491779999943], [-62.597236599999974, -6.130595629999959], [-62.597316939999985, -6.130690279999953], [-62.597389849999956, -6.130777269999953], [-62.59745708999998, -6.130860309999946], [-62.59751434999998, -6.130935889999932], [-62.59756117999996, -6.130997589999936], [-62.597602939999945, -6.131045569999969], [-62.59764969999998, -6.131092629999955], [-62.59770908999997, -6.131156659999931], [-62.59778856999998, -6.131250789999967], [-62.597878639999976, -6.131359459999942], [-62.59796726999997, -6.131466269999976], [-62.59805082999998, -6.131566429999964], [-62.59812833999996, -6.13165768999994], [-62.59820082999994, -6.13173833999997], [-62.59826730999998, -6.131810799999926], [-62.59832905999997, -6.13188109999993], [-62.59839170999999, -6.131958789999942], [-62.59846583999996, -6.132055499999979], [-62.59855018999997, -6.132164259999968], [-62.598637709999934, -6.132272949999958], [-62.598723519999965, -6.132375209999964], [-62.59880962999995, -6.1324756799999705], [-62.598893189999956, -6.132571469999959], [-62.59897431999997, -6.132658659999947], [-62.59904803999996, -6.132740329999933], [-62.59910603999998, -6.132822879999935], [-62.599168979999945, -6.132908899999961], [-62.59924474999997, -6.132997719999935], [-62.59931689999996, -6.133084029999964], [-62.59938353999996, -6.133163989999957], [-62.599445549999984, -6.133237539999925], [-62.59949463999993, -6.133298249999939], [-62.59953195999998, -6.133348689999934], [-62.59956301999995, -6.133393589999969], [-62.59958414999994, -6.133418859999949], [-62.599597879999976, -6.13343274999994], [-62.59960768999997, -6.133444279999935], [-62.599626959999966, -6.1334669099999815], [-62.59967500999994, -6.133521529999939], [-62.599747839999964, -6.133597409999936], [-62.59983312999998, -6.13368915999996], [-62.59991824999997, -6.133791169999938], [-62.60000495999998, -6.133896309999955], [-62.60009134999996, -6.134001269999942], [-62.60017733999996, -6.134104229999934], [-62.60026326999997, -6.134205899999927], [-62.60034342999995, -6.134300009999947], [-62.60041768999997, -6.13438567999998], [-62.60048135999995, -6.134465839999962], [-62.60054906999994, -6.134542419999946], [-62.60063087999998, -6.134634289999951], [-62.60071234999998, -6.134729629999981], [-62.60078706999997, -6.1348165199999585], [-62.60085368999995, -6.134895109999945], [-62.60091474999996, -6.134969509999962], [-62.600978949999956, -6.1350448999999685], [-62.601052849999974, -6.135141719999979], [-62.60112277999997, -6.135234289999971], [-62.60119050999998, -6.135314439999945], [-62.60125677999997, -6.135386639999979], [-62.60133207999996, -6.135470679999969], [-62.60140237999997, -6.135554999999954], [-62.60146925999999, -6.1356369599999425], [-62.601544719999936, -6.135729279999964], [-62.60161604999996, -6.135821499999963], [-62.601689789999966, -6.13591600999996], [-62.60177465999993, -6.136020049999956], [-62.60186373999994, -6.136128539999959], [-62.60195590999996, -6.136242409999966], [-62.60204806999997, -6.136352769999974], [-62.60214087999998, -6.136453229999972], [-62.60223688999997, -6.136555029999954], [-62.60232707999995, -6.136657359999958], [-62.60240835999997, -6.136752399999978], [-62.60248188999998, -6.136839119999934], [-62.60254348999996, -6.136922919999961], [-62.60260711999996, -6.137005059999979], [-62.60267602999994, -6.137091089999956], [-62.602746879999984, -6.137173079999968], [-62.602814819999935, -6.137251779999929], [-62.60287555999997, -6.137325449999935], [-62.60292763999996, -6.13738565999995], [-62.60297504999994, -6.137434569999925], [-62.60301440999996, -6.137478549999969], [-62.60305280999995, -6.13752003999997], [-62.60308786999997, -6.1375653699999475], [-62.60312652999994, -6.137617149999926], [-62.603191669999944, -6.137704419999977], [-62.60327793999994, -6.1378054499999735], [-62.60336844999995, -6.13791139999995], [-62.60346450999998, -6.138021139999978], [-62.60356217999998, -6.13813136999994], [-62.60365442999995, -6.13824311999997], [-62.603740749999986, -6.13835813999998], [-62.603829659999974, -6.138469609999959], [-62.603914879999934, -6.138572969999927], [-62.60399206999995, -6.138667719999944], [-62.604064679999965, -6.138750989999949], [-62.60413231999996, -6.138826399999971], [-62.60420726999996, -6.138903909999954], [-62.60428925999997, -6.138995709999961], [-62.60436293999999, -6.13909622999995], [-62.60444727999999, -6.139200389999928], [-62.60453519999999, -6.139300429999935], [-62.604616369999974, -6.139396829999953], [-62.60469427999993, -6.139493219999963], [-62.60477894999997, -6.139597149999929], [-62.60486788999998, -6.13970508999995], [-62.60495665999997, -6.139813989999936], [-62.605046639999955, -6.139921499999957], [-62.605139289999954, -6.140025439999931], [-62.60523219999993, -6.140127599999971], [-62.60532416999996, -6.140232039999944], [-62.60540482999994, -6.1403353999999695], [-62.60549006999997, -6.140435279999963], [-62.60557045999997, -6.140529679999929], [-62.60564975999995, -6.140625469999975], [-62.60573892999997, -6.140724099999943], [-62.60582589999996, -6.1408257199999525], [-62.60591515999994, -6.140929039999946], [-62.60600365999994, -6.141031439999949], [-62.60608800999995, -6.141130149999981], [-62.60616398999997, -6.141223279999963], [-62.60622904999997, -6.1413096399999745], [-62.606285739999976, -6.141388929999948], [-62.60633845999996, -6.141460059999929], [-62.60639864999996, -6.141529419999927], [-62.606471849999934, -6.141613739999968], [-62.60655684999995, -6.141715309999938], [-62.60664404999994, -6.141813229999968], [-62.60671967999997, -6.141906849999941], [-62.60678911999997, -6.141991879999978], [-62.60686064999999, -6.142073039999957], [-62.60694162999994, -6.142166399999951], [-62.60702884999995, -6.142271209999933], [-62.60711930999997, -6.142380949999961], [-62.60720633999995, -6.142487099999926], [-62.60728668999997, -6.142584859999943], [-62.60735990999996, -6.142674099999965], [-62.60743007999997, -6.14275688999993], [-62.60750698999993, -6.142846319999933], [-62.60759213999995, -6.142948009999941], [-62.607680509999966, -6.1430529199999455], [-62.60777054999994, -6.143159809999929], [-62.60786418999999, -6.143267349999974], [-62.60795307999996, -6.143366669999978], [-62.608036019999986, -6.143457559999945], [-62.60811277999994, -6.143538729999932], [-62.608179279999945, -6.143614619999937], [-62.60823326999997, -6.143696919999968], [-62.60830445999994, -6.143792179999934], [-62.608390079999936, -6.143893759999969], [-62.60847591999993, -6.143995349999955], [-62.608558769999945, -6.144086089999973], [-62.608635009999944, -6.144168049999962], [-62.608702739999956, -6.144242709999958], [-62.608761339999944, -6.1443138299999305], [-62.608816539999964, -6.144391569999925], [-62.60888558999994, -6.144482439999933], [-62.60895648999997, -6.144576079999979], [-62.60902164999993, -6.144662439999934], [-62.60908698999998, -6.144739719999961], [-62.60914497999994, -6.144811329999925], [-62.609196759999975, -6.144867269999963], [-62.60924748999997, -6.144912559999966], [-62.60930921999994, -6.144979479999961], [-62.60936603999994, -6.145053239999925], [-62.609420489999934, -6.145120579999968], [-62.609486369999956, -6.1451938399999335], [-62.60955735999994, -6.145271479999963], [-62.609624639999936, -6.145350959999973], [-62.609690659999956, -6.145430639999972], [-62.609757059999936, -6.145510369999954], [-62.60982151999997, -6.145588869999926], [-62.60987845999995, -6.145659829999943], [-62.60993030999998, -6.145720229999938], [-62.609972709999965, -6.145769759999951], [-62.610008489999984, -6.145813569999973], [-62.610030879999954, -6.145841179999934], [-62.61004080999999, -6.145853379999949], [-62.610056449999945, -6.145871959999965], [-62.610076979999974, -6.145895199999927], [-62.61009782999997, -6.145919019999951], [-62.610125239999945, -6.145950659999926], [-62.61015831999998, -6.145989749999956], [-62.61018311999999, -6.146019549999949], [-62.61020058999998, -6.146040949999929], [-62.61023482999997, -6.146085359999972], [-62.61028398999997, -6.146149449999939], [-62.61032904999996, -6.146203899999932], [-62.610380249999935, -6.146258719999935], [-62.610439859999985, -6.146319759999926], [-62.61050395999996, -6.146384219999959], [-62.61056881999997, -6.146455549999928], [-62.610628919999954, -6.146528969999963], [-62.61069188999994, -6.1466036499999746], [-62.610744669999974, -6.146677049999937], [-62.61079830999995, -6.146754889999954], [-62.61085521999996, -6.14683746999998], [-62.61093129999995, -6.146931549999977], [-62.61101729999996, -6.147032019999926], [-62.611088749999965, -6.147126589999971], [-62.61115990999997, -6.147211879999929], [-62.61122607999994, -6.147289359999945], [-62.611283929999956, -6.147363059999975], [-62.611342509999986, -6.147429339999974], [-62.61141320999997, -6.147501109999951], [-62.61148850999996, -6.1475924799999575], [-62.61157063999997, -6.1476840499999525], [-62.61164130999998, -6.1477705799999285], [-62.61171368999999, -6.147848929999952], [-62.611773159999984, -6.1479102599999464], [-62.61183407999994, -6.147970379999947], [-62.611879219999935, -6.148012759999972], [-62.61191773999997, -6.148059469999964], [-62.61195362999996, -6.148111599999936], [-62.61200736999996, -6.148187769999936], [-62.61207600999995, -6.148274529999981], [-62.61215026999997, -6.148361439999974], [-62.612222739999936, -6.148442809999949], [-62.61229009999994, -6.148515499999974], [-62.61235243999994, -6.148581099999944], [-62.61240558999998, -6.148643969999966], [-62.612449269999956, -6.148714379999944], [-62.612518319999936, -6.148801839999976], [-62.612600509999936, -6.148900089999927], [-62.61269017999996, -6.149006269999973], [-62.61278261999996, -6.149114879999956], [-62.61287550999998, -6.149223469999981], [-62.61296693999998, -6.1493330999999785], [-62.613058819999935, -6.149442669999928], [-62.61315036999997, -6.149548959999947], [-62.613237169999934, -6.14964748999995], [-62.61331813999993, -6.149737769999945], [-62.61339180999994, -6.149820939999927], [-62.613461229999984, -6.149894769999946], [-62.61352155999998, -6.149968219999948], [-62.61359190999997, -6.150055489999943], [-62.613663229999986, -6.150153079999939], [-62.61373858999997, -6.15025860999998], [-62.61382272999998, -6.150365349999959], [-62.61390732999996, -6.150470139999925], [-62.613986129999944, -6.150575219999951], [-62.61408118999998, -6.150679289999971], [-62.61417248999999, -6.150784189999968], [-62.61426082999998, -6.15088800999996], [-62.61435112999993, -6.150993029999938], [-62.61444069999993, -6.15109930999995], [-62.61453106999994, -6.151206839999929], [-62.61462276999998, -6.151316729999962], [-62.614704339999946, -6.151423139999963], [-62.614798349999944, -6.151537339999948], [-62.61489402999996, -6.151651749999928], [-62.61498581999996, -6.1517606699999305], [-62.61507009999997, -6.1518617399999584], [-62.615150239999934, -6.151952469999969], [-62.61521984999996, -6.152033739999979], [-62.615283889999944, -6.152112529999954], [-62.61533936999996, -6.1521834599999465], [-62.615385679999974, -6.152238999999952], [-62.61542543999997, -6.152284189999932], [-62.615454599999964, -6.152319729999931], [-62.61547045999998, -6.152339819999952], [-62.61548761999995, -6.152360579999936], [-62.615507899999955, -6.152385299999935], [-62.61553079999999, -6.1524122899999725], [-62.61555118999996, -6.152435409999953], [-62.61558013999996, -6.152468969999973], [-62.61562553999994, -6.152520899999956], [-62.61568742999998, -6.152594989999955], [-62.61576563999995, -6.152687199999946], [-62.615846019999935, -6.152784119999978], [-62.615920149999965, -6.152872319999972], [-62.615988019999975, -6.152950339999961], [-62.61604864999998, -6.153019969999946], [-62.61611000999994, -6.153077979999978], [-62.616160409999964, -6.153134379999926], [-62.616209829999946, -6.153203109999936], [-62.616271189999964, -6.153282799999943], [-62.61634776999995, -6.153372809999951], [-62.61643867999999, -6.153476369999964], [-62.616533869999955, -6.1535809499999345], [-62.61662856999993, -6.15368763999993], [-62.61672053999996, -6.1537941199999295], [-62.61680501999996, -6.15390076999995], [-62.616887159999976, -6.154010839999955], [-62.61697361999995, -6.15411727999998], [-62.61706265999999, -6.15421927999995], [-62.617146539999965, -6.1543201799999565], [-62.61723476999998, -6.154422549999936], [-62.61732314999995, -6.154526109999949], [-62.61741028999995, -6.154631139999935], [-62.617498359999956, -6.1547368199999255], [-62.61758972999996, -6.154843769999957], [-62.61768102999997, -6.154950539999959], [-62.61777244999996, -6.1550576599999545], [-62.617864219999944, -6.155165709999949], [-62.61795536999995, -6.155274019999979], [-62.618047709999985, -6.1553811599999335], [-62.61813532999997, -6.155492469999956], [-62.61822849999999, -6.155606109999951], [-62.618325089999985, -6.155720299999928], [-62.61841702999993, -6.155834549999952], [-62.61850708999998, -6.155948939999973], [-62.618599539999934, -6.156057019999935], [-62.618688979999945, -6.156165009999938], [-62.61877432999995, -6.156266599999981], [-62.61885571999994, -6.1563587099999495], [-62.618927129999975, -6.156441959999938], [-62.61899439999996, -6.156512349999957], [-62.61905343999996, -6.156575739999937], [-62.61910395999996, -6.156638229999942], [-62.61915706999997, -6.156711919999964], [-62.61923311999993, -6.156802419999963], [-62.61932908999995, -6.156910559999972], [-62.619427909999956, -6.157020839999973], [-62.619517679999944, -6.157123499999955], [-62.619603369999936, -6.15721697999993], [-62.619676449999986, -6.157313009999939], [-62.61974915999997, -6.157407709999973], [-62.61982872999994, -6.157510039999977], [-62.61991722999994, -6.157615609999937], [-62.620004919999985, -6.157721419999973], [-62.62009273999996, -6.157828809999955], [-62.620188989999974, -6.157940769999925], [-62.62028036999993, -6.158057439999936], [-62.62036859999995, -6.158168879999948], [-62.620450509999955, -6.158270369999968], [-62.620531669999934, -6.158359799999971], [-62.620614099999955, -6.158455849999939], [-62.62069734999994, -6.158550489999925], [-62.62078503999999, -6.158650909999949], [-62.620864679999954, -6.158746829999927], [-62.620941769999945, -6.158835579999959], [-62.621020069999986, -6.158920009999974], [-62.62109518999995, -6.15901262999995], [-62.62116712999995, -6.159102539999935], [-62.62123281999993, -6.159184289999928], [-62.621294509999984, -6.159257589999925], [-62.621359789999985, -6.159335819999967], [-62.62144139999998, -6.159436629999959], [-62.62153097999993, -6.159547679999946], [-62.62161722999997, -6.159653969999965], [-62.621699529999944, -6.159749679999948], [-62.62178512999998, -6.159837459999949], [-62.62187682999996, -6.159925819999955], [-62.62195958999996, -6.160014849999925], [-62.62202666999997, -6.160102059999929], [-62.62208566999993, -6.160181469999941], [-62.622144409999976, -6.160248969999941], [-62.62220200999997, -6.160314589999928], [-62.62227051999997, -6.160403789999975], [-62.622353429999976, -6.160508709999931], [-62.62244182999996, -6.160618339999928], [-62.62253334999997, -6.160731189999979], [-62.62261966999995, -6.16084036999996], [-62.62270196999998, -6.160943799999927], [-62.622780999999975, -6.161035229999925], [-62.622861419999936, -6.161117139999931], [-62.62317133999994, -6.161485509999977], [-62.62324370999994, -6.161555969999938], [-62.62332293999998, -6.161642499999971], [-62.62339751999997, -6.161734889999934], [-62.62347404999997, -6.161828969999931], [-62.62355637999997, -6.161925149999945], [-62.62363458999994, -6.162019829999963], [-62.62370505999996, -6.162106969999968], [-62.62377238999994, -6.162187949999975], [-62.623835929999984, -6.162264449999952], [-62.623889849999955, -6.162329389999968], [-62.62393461999994, -6.162380369999937], [-62.623972239999944, -6.162420089999955], [-62.62400458999997, -6.1624528799999325], [-62.624031549999984, -6.162482759999932], [-62.62404871999996, -6.162502719999964], [-62.62405732999997, -6.162511999999936], [-62.62405993999994, -6.162515239999948], [-62.62407039999994, -6.162527969999928], [-62.62409289999994, -6.162554239999963], [-62.624121479999985, -6.162586829999952], [-62.62415377999997, -6.1626229799999805], [-62.62418945999997, -6.1626635899999656], [-62.62422098999997, -6.162703009999973], [-62.62425024999993, -6.16274218999996], [-62.624290299999984, -6.162793159999978], [-62.62434460999998, -6.16286268999994], [-62.62441071999996, -6.162944939999932], [-62.62448270999994, -6.163032839999971], [-62.62455844999994, -6.163124659999937], [-62.62463896999998, -6.163220309999929], [-62.62472365999997, -6.163319679999972], [-62.624812489999954, -6.163423639999962], [-62.624903839999945, -6.163531069999976], [-62.62499752999997, -6.16364023999995], [-62.62509163999994, -6.163748959999964], [-62.625186259999964, -6.163856919999944], [-62.62528094999993, -6.163964979999946], [-62.62537867999998, -6.164076589999979], [-62.625467319999984, -6.164187519999928], [-62.62554119999999, -6.164293509999936], [-62.625615369999935, -6.164393179999934], [-62.62569630999997, -6.164488929999948], [-62.62578442999995, -6.1645895999999425], [-62.625874479999936, -6.164694789999942], [-62.625959749999936, -6.164801669999974], [-62.62604602999994, -6.164909629999954], [-62.626141709999956, -6.165015049999965], [-62.626228949999984, -6.1651214099999265], [-62.626321219999966, -6.165226609999934], [-62.62641106999996, -6.165333009999927], [-62.62650222999997, -6.165439219999939], [-62.626592709999954, -6.165545419999944], [-62.626683499999956, -6.165651509999975], [-62.626774109999985, -6.165757959999951], [-62.62686391999995, -6.1658652499999675], [-62.62695398999995, -6.165973449999967], [-62.62704304999994, -6.166081959999929], [-62.62713290999994, -6.166190139999969], [-62.62722286999997, -6.166297869999937], [-62.627313399999935, -6.166404789999945], [-62.627404129999945, -6.166510999999957], [-62.62749465999997, -6.166616499999975], [-62.62758530999997, -6.166722689999972], [-62.62767008999998, -6.166820359999974], [-62.62775025999997, -6.16690959999994], [-62.627822349999974, -6.1669913299999735], [-62.627896789999966, -6.167074649999961], [-62.62797647999997, -6.167163649999964], [-62.628062399999976, -6.167254509999964], [-62.62814485999996, -6.16734632999993], [-62.628221709999934, -6.167437439999958], [-62.62829674999995, -6.167527909999933], [-62.628369119999945, -6.167615969999929], [-62.62844160999998, -6.1677078499999425], [-62.62851920999998, -6.167796389999978], [-62.62858711999996, -6.167879199999959], [-62.628649199999984, -6.16795247999994], [-62.628706309999984, -6.168019869999966], [-62.62876623999995, -6.168094369999949], [-62.628833939999936, -6.168172709999965], [-62.62889967999996, -6.168251389999966], [-62.62895932999999, -6.16832506999998], [-62.62901296999996, -6.168393659999936], [-62.629060669999944, -6.168456719999938], [-62.62910554999996, -6.168520659999956], [-62.629144709999935, -6.168578559999958], [-62.62918069999995, -6.16862808999997], [-62.62921125999998, -6.168671699999948], [-62.62923141999994, -6.168698339999935], [-62.62925336999996, -6.168720939999957], [-62.629271879999976, -6.16874200999996], [-62.62929264999997, -6.168766239999968], [-62.62931383999995, -6.168791399999975], [-62.62933707999997, -6.16882290999996], [-62.629364479999936, -6.168855629999939], [-62.62938344999998, -6.168877159999965], [-62.629412109999976, -6.16891247999996], [-62.629457669999965, -6.168972599999961], [-62.62951958999997, -6.169051759999945], [-62.62959098999994, -6.169118289999972], [-62.62966377999999, -6.169176989999926], [-62.62973260999996, -6.169246529999953], [-62.62979408999996, -6.169330979999927], [-62.629859479999936, -6.169420469999977], [-62.62993249999994, -6.169511399999976], [-62.630007139999975, -6.169600809999963], [-62.63008222999997, -6.16968782999993], [-62.630152099999975, -6.169775799999968], [-62.630225389999964, -6.169860939999978], [-62.63029693999994, -6.169950999999969], [-62.63037131999994, -6.170045879999975], [-62.63045139999997, -6.1701422399999615], [-62.63053290999994, -6.170240379999939], [-62.63061438999995, -6.170338999999956], [-62.63069618999998, -6.170437359999937], [-62.630778849999956, -6.170535429999973], [-62.63085752999996, -6.170628779999959], [-62.63093600999997, -6.1707225899999685], [-62.631014679999964, -6.170817509999949], [-62.63109419999995, -6.170914659999937], [-62.631172909999975, -6.17101058999998], [-62.63124567999995, -6.171099639999966], [-62.63131409999994, -6.171178529999963], [-62.63138497999995, -6.171247049999977], [-62.63144934999997, -6.171308489999944], [-62.63150122999997, -6.171372539999936], [-62.63155326999998, -6.171435439999925], [-62.63160793999998, -6.171503819999941], [-62.631671179999955, -6.171586919999925], [-62.63173865999994, -6.17167029999996], [-62.63180403999996, -6.171752029999936], [-62.63188299999996, -6.17184328999997], [-62.63196048999998, -6.171939459999976], [-62.632031719999986, -6.172027739999976], [-62.63209832999996, -6.17211046999995], [-62.63216440999997, -6.17218545999998], [-62.632223119999935, -6.172258309999961], [-62.63227426999998, -6.172328369999946], [-62.63232274999996, -6.172394459999964], [-62.63237650999997, -6.172461179999971], [-62.632436809999945, -6.172529739999959], [-62.63250210999996, -6.172598969999967], [-62.63256278999995, -6.172669149999933], [-62.632622639999965, -6.172742459999938], [-62.632698379999965, -6.172817219999956], [-62.63277286999994, -6.172885559999941], [-62.63283499999994, -6.1729548599999475], [-62.63289543999997, -6.173029399999962], [-62.63294795999997, -6.173103549999951], [-62.63299836999994, -6.173168449999935], [-62.633046079999986, -6.173233219999929], [-62.633098039999936, -6.173295449999955], [-62.633159009999986, -6.173364699999979], [-62.63323588999998, -6.173451009999951], [-62.63331832999995, -6.17353774999998], [-62.63339469999994, -6.17361700999993], [-62.63345949999996, -6.173691829999939], [-62.63351622999994, -6.173760579999964], [-62.63356485999998, -6.173826619999943], [-62.633615599999985, -6.173892409999951], [-62.63368022999998, -6.173969959999965], [-62.633755519999966, -6.174045569999976], [-62.63382342999995, -6.174126219999948], [-62.63388917999998, -6.17420586999998], [-62.633953349999956, -6.174286309999957], [-62.634011649999934, -6.174367189999941], [-62.63407318999998, -6.1744456799999625], [-62.63414108999996, -6.174524309999981], [-62.634213759999966, -6.17460774999995], [-62.63428737999993, -6.174692299999947], [-62.634359709999956, -6.174773269999946], [-62.63442527999996, -6.17485062999998], [-62.63448153999997, -6.174926219999975], [-62.634527969999965, -6.17499504999995], [-62.63457165999995, -6.175051679999967], [-62.634613409999986, -6.17510128999993], [-62.63465119999995, -6.175142439999945], [-62.63468777999998, -6.175179159999971], [-62.63473041999998, -6.175224729999968], [-62.63478375999995, -6.175290009999969], [-62.63485528999996, -6.175378179999939], [-62.634933699999976, -6.175473839999938], [-62.63500844999999, -6.175559309999926], [-62.63507655999996, -6.175636509999947], [-62.63514121999998, -6.175711149999927], [-62.635206109999956, -6.175786289999962], [-62.635266899999976, -6.17586018999998], [-62.63532281999994, -6.1759307899999385], [-62.63537896999998, -6.1759980799999425], [-62.63542927999998, -6.17605975999993], [-62.63547577999998, -6.1761125999999535], [-62.63552417999995, -6.1761728499999435], [-62.63558847999997, -6.176252729999931], [-62.635668229999965, -6.176353549999931], [-62.63575375999994, -6.176461829999937], [-62.635840789999975, -6.176570039999945], [-62.635929199999964, -6.176675509999939], [-62.636018899999954, -6.176780109999925], [-62.63610827999997, -6.1768851799999425], [-62.63619761999996, -6.176990709999927], [-62.636286989999974, -6.17709635999995], [-62.63637752999995, -6.177201909999951], [-62.63646739999996, -6.177307149999933], [-62.63655726999997, -6.177413589999958], [-62.63664774999995, -6.177520189999939], [-62.63673805999997, -6.177628079999977], [-62.636829399999954, -6.177737709999974], [-62.63692444999998, -6.177849869999932], [-62.63701579999997, -6.177959849999979], [-62.637103079999974, -6.178063239999972], [-62.637184169999955, -6.178157359999943], [-62.63725568999996, -6.178238819999933], [-62.637314559999936, -6.178308729999969], [-62.63735776999994, -6.178369759999953], [-62.63739696999994, -6.178423859999953], [-62.637443219999966, -6.178479399999958], [-62.63749981999996, -6.178543479999973], [-62.63756612999998, -6.178623629999947], [-62.63764564999997, -6.17871882999998], [-62.63772987999994, -6.178817779999974], [-62.63781537999995, -6.178919049999934], [-62.63790425999997, -6.179023079999979], [-62.63799432999997, -6.17912967999996], [-62.63808450999994, -6.179239129999928], [-62.63817506999993, -6.179349459999969], [-62.638267429999985, -6.179458699999941], [-62.63835808999994, -6.179564759999948], [-62.638447129999975, -6.179668689999971], [-62.63853494999995, -6.179771329999937], [-62.638620909999986, -6.179872849999981], [-62.63870800999996, -6.179974899999934], [-62.63879601999997, -6.1800782099999765], [-62.638884229999974, -6.180182269999932], [-62.63897408999998, -6.180286949999925], [-62.63905769999997, -6.180392849999976], [-62.63914605999997, -6.180495699999938], [-62.639233099999956, -6.1805994199999645], [-62.639318859999946, -6.1807024699999715], [-62.63940601999997, -6.1808042099999625], [-62.63949170999996, -6.180905369999948], [-62.63957677999997, -6.181007189999946], [-62.63966414999999, -6.1811091699999565], [-62.63975119999998, -6.181212129999949], [-62.63983536999996, -6.181316079999931], [-62.63992271999996, -6.181419759999926], [-62.64001165999997, -6.181524859999968], [-62.64009398999997, -6.181623189999925], [-62.64017203999998, -6.181710959999975], [-62.64024649999993, -6.18178968999996], [-62.64032425999994, -6.1818808399999625], [-62.64040042999994, -6.181974949999926], [-62.64047064999994, -6.182065579999971], [-62.64054857999997, -6.1821562299999755], [-62.640635059999966, -6.182253509999953], [-62.640725859999975, -6.182355389999941], [-62.64081470999997, -6.182458149999945], [-62.64090078999993, -6.182563429999959], [-62.640985339999986, -6.182670439999981], [-62.641067619999944, -6.182772599999964], [-62.64115131999995, -6.182865169999957], [-62.641234589999954, -6.182955599999957], [-62.641310629999964, -6.18303882999993], [-62.64137804999996, -6.183118389999947], [-62.641447169999935, -6.183197739999969], [-62.64151529999998, -6.183282059999954], [-62.641578219999985, -6.18336544999994], [-62.64164791999997, -6.1834502299999485], [-62.64172363999995, -6.183539589999953], [-62.641803539999955, -6.183635289999927], [-62.64188765999995, -6.183734849999951], [-62.64197371999995, -6.183836249999956], [-62.64206059999998, -6.183938639999951], [-62.64214799999996, -6.184042139999974], [-62.64223659999993, -6.18414654999998], [-62.642325669999934, -6.184252189999938], [-62.64241518999995, -6.184358749999944], [-62.64250539999995, -6.184465879999948], [-62.64259720999996, -6.184573889999967], [-62.64268969999995, -6.184682789999954], [-62.642782129999944, -6.184791839999946], [-62.642874259999985, -6.184901429999968], [-62.64296676999999, -6.185011319999944], [-62.643057399999975, -6.18512039999996], [-62.64314724999997, -6.185225789999947], [-62.64323564999995, -6.185324539999954], [-62.64331828999997, -6.18541364999993], [-62.64339550999995, -6.185493039999926], [-62.64346040999993, -6.185568989999979], [-62.64351282999996, -6.185645239999928], [-62.643568749999986, -6.185721969999975], [-62.64364316999996, -6.185805649999963], [-62.64371898999997, -6.18589019999996], [-62.64379138999993, -6.185979359999976], [-62.64386620999994, -6.186071179999942], [-62.643944259999955, -6.18615602999995], [-62.64402107999996, -6.186239989999933], [-62.64409458999995, -6.186332629999981], [-62.64417268999995, -6.186436159999971], [-62.64425961999996, -6.186545419999959], [-62.644348279999974, -6.186651499999925], [-62.644430229999955, -6.186749619999944], [-62.64450297999997, -6.186839319999933], [-62.64457166999995, -6.186925029999941], [-62.644635679999965, -6.187001299999963], [-62.64469359999998, -6.187069919999942], [-62.64475080999995, -6.187138999999945], [-62.64480741999995, -6.187207249999972], [-62.644862359999934, -6.187271929999952], [-62.64491498999996, -6.187332029999936], [-62.64496176999995, -6.187386549999928], [-62.64500057999999, -6.187433669999962], [-62.64503389999999, -6.187476059999938], [-62.64505197999995, -6.187498759999926], [-62.64506067999997, -6.187509529999943], [-62.645072769999956, -6.187523589999955], [-62.645097749999934, -6.187554339999963], [-62.64513556999998, -6.187599459999944], [-62.64517747999997, -6.187649009999973], [-62.64521209999998, -6.187688299999934], [-62.64524757999993, -6.187725679999971], [-62.64529430999994, -6.187772619999976], [-62.645354199999986, -6.187826869999981], [-62.645427009999935, -6.187899419999951], [-62.645508449999966, -6.18799458999996], [-62.64559244999998, -6.188097089999928], [-62.64567714999998, -6.188202669999953], [-62.64576387999995, -6.188310939999951], [-62.64585404999997, -6.188420189999931], [-62.645944259999965, -6.188529349999953], [-62.64603503999996, -6.188638019999928], [-62.646128319999946, -6.188745239999946], [-62.64621906999997, -6.188847149999958], [-62.64629831999997, -6.188944439999943], [-62.646367699999985, -6.189037879999944], [-62.646443329999954, -6.189126549999969], [-62.646516349999956, -6.18921617999996], [-62.646588029999975, -6.189306699999975], [-62.64665682999998, -6.189386519999971], [-62.646718749999934, -6.189460709999935], [-62.64677420999993, -6.189530139999931], [-62.646819249999965, -6.189585099999931], [-62.64685543999997, -6.189636009999958], [-62.64688782999997, -6.189687729999946], [-62.64692649999995, -6.189729549999981], [-62.64697681999996, -6.1897738899999695], [-62.647049179999954, -6.189836519999972], [-62.64711013999994, -6.189910449999957], [-62.64716172999994, -6.189993489999949], [-62.64722545999996, -6.1900777599999515], [-62.64729337999995, -6.19016143999994], [-62.647364969999956, -6.190244649999954], [-62.647437529999934, -6.19031855999998], [-62.64750542999997, -6.190385849999927], [-62.64756719999997, -6.190449159999957], [-62.64762254999994, -6.190522029999954], [-62.647692749999976, -6.190618659999927], [-62.64776931999995, -6.190724219999936], [-62.64784227999996, -6.190819719999979], [-62.64791269999995, -6.1909036899999705], [-62.647978309999985, -6.190981439999973], [-62.64804981999998, -6.191057899999976], [-62.64812714999994, -6.191137479999952], [-62.648209219999956, -6.191226969999946], [-62.648283309999954, -6.191310519999945], [-62.64834425999999, -6.191391479999936], [-62.64839902999995, -6.191465539999967], [-62.648456469999985, -6.191524589999972], [-62.648505769999986, -6.191583549999962], [-62.64855523999995, -6.191647769999975], [-62.64861933999998, -6.191724809999926], [-62.64870050999997, -6.191818159999968], [-62.64878951999998, -6.191919729999938], [-62.64887166999995, -6.192018659999974], [-62.64895005999995, -6.192114119999928], [-62.64903128999998, -6.192213009999932], [-62.64911571999994, -6.192313299999967], [-62.649200149999956, -6.192411199999981], [-62.649279519999936, -6.192502419999926], [-62.64935367999993, -6.192584179999926], [-62.64942345999998, -6.192655549999927], [-62.64948408999999, -6.192722839999931], [-62.64953773999997, -6.192789609999977], [-62.649591989999976, -6.192845409999961], [-62.64962742999995, -6.1928963099999805], [-62.64966599999997, -6.192956529999947], [-62.64972729999994, -6.19302579999993], [-62.64978622999996, -6.193088409999973], [-62.649845039999946, -6.1931381799999485], [-62.64988792999998, -6.19318506999997], [-62.649926809999954, -6.193239749999975], [-62.64997669999997, -6.193299149999973], [-62.65002836999997, -6.193362999999977], [-62.65008385999994, -6.193430719999981], [-62.650140749999935, -6.193500539999945], [-62.65019196999998, -6.19356455999997], [-62.65024043999995, -6.193620419999945], [-62.65029013999998, -6.1936690999999655], [-62.65033205999998, -6.193718869999941], [-62.65038801999998, -6.193777309999973], [-62.65045728999996, -6.193852969999966], [-62.65052730999997, -6.193933289999961], [-62.65060030999996, -6.194021379999981], [-62.65068164999997, -6.194118429999946], [-62.650764729999935, -6.194212839999977], [-62.65084952999996, -6.194303619999971], [-62.65093287999997, -6.194389959999967], [-62.65101122999994, -6.194464529999948], [-62.651088329999936, -6.194534189999956], [-62.65115843999996, -6.194599749999952], [-62.65121966999993, -6.194665469999961], [-62.651279769999974, -6.194730869999944], [-62.65135743999997, -6.194806679999942], [-62.65145068999993, -6.194889739999951], [-62.651539759999935, -6.194969989999947], [-62.65162337999993, -6.195040179999978], [-62.65169815999997, -6.1951041099999316], [-62.65175864999998, -6.195167719999972], [-62.65181363999994, -6.1952254699999685], [-62.65186580999995, -6.1952786699999365], [-62.651920459999985, -6.195335199999931], [-62.65197803999996, -6.195394319999934], [-62.65202616999994, -6.195452449999948], [-62.65207282999995, -6.195503189999954], [-62.65212415999997, -6.195542349999926], [-62.65217956999999, -6.195579159999966], [-62.65224434999993, -6.19563514999993], [-62.65231210999997, -6.19569531999997], [-62.65237842999994, -6.195759649999957], [-62.65245147999997, -6.195831999999939], [-62.65252779999997, -6.195894869999961], [-62.65259847999994, -6.195960499999956], [-62.65266743999996, -6.196027839999942], [-62.65273500999996, -6.1960924799999475], [-62.65280236999996, -6.196151229999941], [-62.65286361999995, -6.1962116099999776], [-62.65291598999994, -6.196267489999968], [-62.65296454999998, -6.19631794999998], [-62.65300949999994, -6.196364219999964], [-62.65305657999994, -6.196407699999952], [-62.65312024999997, -6.196462439999948], [-62.65319202999996, -6.196518219999973], [-62.65325649999994, -6.196571369999958], [-62.65332153999998, -6.196628749999945], [-62.653397009999935, -6.196697829999948], [-62.653481589999956, -6.196770449999974], [-62.653566739999974, -6.196847609999963], [-62.653654779999954, -6.196928549999939], [-62.65374160999994, -6.197006559999977], [-62.65382155999998, -6.197078009999927], [-62.65389374999995, -6.1971428699999365], [-62.65396152999995, -6.197210229999939], [-62.654033169999934, -6.1972785799999315], [-62.654102869999974, -6.197346979999963], [-62.65417765999996, -6.1974204399999735], [-62.65424957999994, -6.19749343999996], [-62.65432260999995, -6.197560719999956], [-62.65439661999994, -6.197617679999951], [-62.65446442999996, -6.197675459999971], [-62.65452393999993, -6.197732229999929], [-62.65458076999994, -6.197779779999962], [-62.654630759999975, -6.19782607999997], [-62.65467651999995, -6.197875199999942], [-62.65472612999997, -6.197929509999938], [-62.654789939999944, -6.197993849999932], [-62.654865359999974, -6.198055419999946], [-62.65494642999994, -6.1981153299999505], [-62.65502640999995, -6.198183569999969], [-62.655095639999956, -6.198252809999929], [-62.655162099999984, -6.198316879999936], [-62.655225849999965, -6.198378539999965], [-62.65528409999996, -6.198442849999935], [-62.655345989999944, -6.198511049999979], [-62.65541695999997, -6.198582789999932], [-62.65549338999995, -6.198661999999956], [-62.655575099999965, -6.198747159999925], [-62.65566547999998, -6.198824859999945], [-62.65575800999994, -6.1988956099999655], [-62.65584826999998, -6.198964369999942], [-62.65594060999996, -6.19903802999994], [-62.656037019999985, -6.199122029999955], [-62.65613327999995, -6.199216669999942], [-62.65623206999999, -6.199313579999966], [-62.65633163999996, -6.199404609999931], [-62.65642941999994, -6.199487509999926], [-62.65651829999996, -6.1995651099999805], [-62.65660058999998, -6.199640899999963], [-62.656681799999944, -6.1997211399999514], [-62.65675915999998, -6.1997961499999406], [-62.65682913999996, -6.199869499999977], [-62.656901449999964, -6.199943799999971], [-62.65697548999998, -6.200012959999981], [-62.65705929999996, -6.200082209999948], [-62.65714847999993, -6.200168459999929], [-62.657239309999966, -6.2002555799999755], [-62.65732572999997, -6.2003365499999745], [-62.65740607999999, -6.20041243999998], [-62.65748488999998, -6.200486539999929], [-62.65757053999994, -6.200564229999941], [-62.65766052999999, -6.200644359999956], [-62.65774683999996, -6.200723209999978], [-62.657830589999946, -6.200788819999957], [-62.65790489999995, -6.200851199999931], [-62.657971879999934, -6.200916579999955], [-62.658047849999946, -6.200999549999949], [-62.658135209999955, -6.201086949999933], [-62.658223419999956, -6.201169289999939], [-62.65830557999993, -6.20124863999996], [-62.65838132999994, -6.201320669999973], [-62.65845783999998, -6.201381779999963], [-62.65853526999996, -6.201438619999976], [-62.65860868999994, -6.201496999999961], [-62.65868511999997, -6.201572669999962], [-62.658778189999964, -6.2016563999999335], [-62.65886574999996, -6.2017351599999415], [-62.65894128999997, -6.201814099999979], [-62.65902524999996, -6.2018905199999494], [-62.65910524999998, -6.20196975999994], [-62.65917935999994, -6.202047469999968], [-62.65925824999994, -6.202124999999967], [-62.659345179999946, -6.20220508999995], [-62.65942884999998, -6.202277479999964], [-62.65949879999994, -6.202355109999928], [-62.659567179999954, -6.20243370999998], [-62.65964642999995, -6.20249986999994], [-62.65972967999994, -6.202566709999928], [-62.65981537999994, -6.202640969999948], [-62.659901909999974, -6.202722889999961], [-62.65998958999995, -6.202808729999958], [-62.660086399999955, -6.202899019999961], [-62.660181199999954, -6.2029830199999765], [-62.66026806999997, -6.203061309999953], [-62.66035063999993, -6.203138259999946], [-62.66043006999996, -6.20321322999996], [-62.66051231999995, -6.2032861999999795], [-62.66059273999997, -6.203353179999965], [-62.660668499999986, -6.203414979999934], [-62.660746149999966, -6.203479999999956], [-62.660818089999964, -6.203539809999938], [-62.66088324999998, -6.203596339999933], [-62.66094277999997, -6.2036564999999655], [-62.66100138999997, -6.203723759999946], [-62.66106268999994, -6.203787739999939], [-62.66113009999998, -6.203844749999973], [-62.66119570999996, -6.203897379999944], [-62.66126587999997, -6.203958459999967], [-62.66133612999994, -6.204021529999977], [-62.66139756999996, -6.204081439999925], [-62.661459079999986, -6.204143349999981], [-62.66151789999998, -6.204205789999946], [-62.66158679999995, -6.204275129999928], [-62.66166314999998, -6.204343699999981], [-62.66173229999998, -6.2044063499999424], [-62.66178751999996, -6.204465189999951], [-62.66185151999997, -6.204524989999925], [-62.66192542999994, -6.20458629999996], [-62.66199018999998, -6.204637849999926], [-62.662042619999966, -6.204681249999965], [-62.66208592999993, -6.204716019999978], [-62.662120269999946, -6.20474674999997], [-62.66214347999994, -6.204771079999944], [-62.66261523999998, -6.205211389999931], [-62.66267488999995, -6.205272069999978], [-62.66273356999994, -6.205334199999925], [-62.662798049999935, -6.205393629999946], [-62.662862969999935, -6.20545857999997], [-62.66292016999995, -6.205518429999927], [-62.66297735999996, -6.205569989999958], [-62.66304147999995, -6.205619429999956], [-62.66311831999997, -6.2056799999999726], [-62.66318353999998, -6.2057455599999685], [-62.663242769999954, -6.20580812999998], [-62.663298829999974, -6.205868089999967], [-62.66335719999995, -6.205915189999928], [-62.663408699999934, -6.205962179999972], [-62.66346110999996, -6.206017719999977], [-62.66352486999995, -6.2060842799999705], [-62.663595389999955, -6.206152379999935], [-62.66366717999995, -6.206210419999934], [-62.66373973999998, -6.206267819999937], [-62.66381551999996, -6.206327719999933], [-62.66388542999994, -6.206389519999959], [-62.66394858999996, -6.2064501499999665], [-62.664009749999934, -6.206508499999927], [-62.66406821999993, -6.20656398999995], [-62.66413110999997, -6.206617319999964], [-62.66418996999994, -6.206665819999955], [-62.66424317999997, -6.206715909999957], [-62.66429421999999, -6.206764649999968], [-62.664352219999955, -6.206817379999961], [-62.66440646999996, -6.206864959999962], [-62.66445411999996, -6.206911169999955], [-62.664506899999935, -6.206962089999934], [-62.66456475999996, -6.20702018999998], [-62.664617489999955, -6.207074159999934], [-62.664661009999975, -6.207113319999962], [-62.66469582999997, -6.207141419999971], [-62.66472569999996, -6.207165619999955], [-62.66475421999996, -6.2071960099999615], [-62.664790609999955, -6.207237689999943], [-62.66484109999993, -6.20729203999997], [-62.66489679999995, -6.207348629999956], [-62.66495662999995, -6.207404579999945], [-62.66502056999997, -6.2074636599999735], [-62.665085129999966, -6.207515269999931], [-62.665145619999976, -6.207567469999958], [-62.66520631999998, -6.2076258599999505], [-62.66527494999997, -6.207683379999935], [-62.66534150999996, -6.207741269999929], [-62.66540356999997, -6.2077995399999395], [-62.66545850999995, -6.207858069999929], [-62.665515099999936, -6.207914229999972], [-62.66558970999995, -6.207984099999976], [-62.665683229999956, -6.2080689699999425], [-62.66578377999997, -6.208162049999942], [-62.66588839999997, -6.2082587299999545], [-62.665996449999966, -6.208358159999932], [-62.666099059999965, -6.208447559999968], [-62.666193249999935, -6.2085314899999275], [-62.66628082999995, -6.208613859999957], [-62.666365489999976, -6.208699509999974], [-62.666452009999944, -6.208780969999964], [-62.66653630999997, -6.208855379999932], [-62.66661218999997, -6.208928989999947], [-62.66668023999995, -6.209000259999925], [-62.666745799999944, -6.209066759999928], [-62.66680312999995, -6.209124239999937], [-62.66685204999993, -6.209170829999948], [-62.666896529999974, -6.209209699999974], [-62.66694173999997, -6.209248699999932], [-62.666985129999944, -6.209286189999943], [-62.66703148999994, -6.209324459999948], [-62.66708281999996, -6.209365189999971], [-62.66715064999994, -6.209420249999937], [-62.66722397999996, -6.209489669999925], [-62.66729200999998, -6.209557329999939], [-62.66735117999997, -6.20962217999994], [-62.66741387999997, -6.209693029999926], [-62.66748297999993, -6.209761589999971], [-62.66755510999997, -6.209828909999942], [-62.66762245999996, -6.209894629999951], [-62.66770141999996, -6.209958799999981], [-62.66778881999994, -6.210027779999962], [-62.667870999999934, -6.210095949999925], [-62.667951339999945, -6.210173309999959], [-62.668034869999985, -6.210249469999951], [-62.66811445999997, -6.2103201999999555], [-62.668187209999985, -6.210387409999953], [-62.66825838999995, -6.2104532999999265], [-62.668340539999974, -6.210529139999949], [-62.668428769999935, -6.2106139199999575], [-62.668514709999954, -6.210696609999957], [-62.668606229999966, -6.210776469999928], [-62.66869391999995, -6.210853959999952], [-62.668771979999974, -6.210924739999939], [-62.668841189999966, -6.210989189999964], [-62.66890607999994, -6.211044139999956], [-62.66896105999996, -6.211102609999955], [-62.66901756999994, -6.211156569999957], [-62.66907427999996, -6.211200079999969], [-62.66912560999998, -6.211248649999959], [-62.66919525999998, -6.211315579999962], [-62.66926975999996, -6.21137693999998], [-62.66933650999994, -6.211435809999955], [-62.66940071999994, -6.211500619999981], [-62.66947567999995, -6.211579319999942], [-62.669555679999974, -6.211658209999939], [-62.66963962999995, -6.211736009999981], [-62.66972501999999, -6.211803389999943], [-62.66980457999995, -6.211873109999942], [-62.66989013999995, -6.211954439999943], [-62.66997993999996, -6.212041789999944], [-62.67007186999996, -6.212121439999976], [-62.67016496999997, -6.212206729999934], [-62.67025905999998, -6.21229969999996], [-62.67034781999996, -6.212386569999978], [-62.670431279999946, -6.212462379999977], [-62.670504609999966, -6.2125328399999376], [-62.670572909999976, -6.212597069999958], [-62.67064560999995, -6.212664669999981], [-62.67072768999998, -6.212730739999927], [-62.67080192999998, -6.21279844999998], [-62.67087036999993, -6.212861959999941], [-62.67094333999995, -6.212925389999953], [-62.671019559999934, -6.212991769999974], [-62.67109027999999, -6.213057989999925], [-62.67115825999997, -6.213124409999978], [-62.671224869999946, -6.213191609999967], [-62.67129109999996, -6.213255409999931], [-62.67136217999996, -6.213325789999942], [-62.67143409999994, -6.213394929999936], [-62.671498379999946, -6.213458909999929], [-62.67155796999998, -6.213517649999972], [-62.671618009999975, -6.2135756999999785], [-62.67168074999995, -6.213630469999941], [-62.671753499999966, -6.213694249999946], [-62.67182978999995, -6.213763989999961], [-62.67190508999994, -6.2138329999999655], [-62.671982609999986, -6.213903779999953], [-62.67206318999996, -6.21397965999995], [-62.67214728999994, -6.214057519999926], [-62.67223520999994, -6.214138999999932], [-62.67232274999998, -6.214223729999958], [-62.67241128999996, -6.2143034799999555], [-62.67249469999996, -6.214372639999965], [-62.67257062999994, -6.2144376399999715], [-62.672637159999965, -6.214497109999968], [-62.67269442999998, -6.214557309999975], [-62.67275314999995, -6.21461955999996], [-62.67282002999997, -6.214683399999956], [-62.672891539999966, -6.2147469899999805], [-62.67295852999996, -6.214806679999981], [-62.67301323999993, -6.214855999999941], [-62.67306284999995, -6.214903359999937], [-62.67311011999993, -6.214951329999963], [-62.673154979999936, -6.214995819999956], [-62.673201079999956, -6.215037949999953], [-62.673263919999954, -6.215096489999951], [-62.673334729999965, -6.215163869999969], [-62.67341405999997, -6.215235949999965], [-62.67349279999996, -6.215297489999955], [-62.67356401999996, -6.215363199999956], [-62.67362783999994, -6.215431799999976], [-62.67369113999996, -6.215498719999971], [-62.67375572999998, -6.215561369999932], [-62.67382471999997, -6.215629769999964], [-62.67389233999995, -6.215698349999968], [-62.673956869999984, -6.215758929999936], [-62.674016869999946, -6.215815439999972], [-62.67407658999997, -6.215869529999964], [-62.67415106999994, -6.215938009999945], [-62.674239539999974, -6.216021499999954], [-62.67433465999994, -6.216103589999932], [-62.674426359999984, -6.216183489999935], [-62.67451613999998, -6.216264739999929], [-62.67460173999996, -6.216344899999967], [-62.67468200999997, -6.216420719999974], [-62.674759209999934, -6.2164940299999785], [-62.67484207999996, -6.216568769999981], [-62.67493042999996, -6.216647439999974], [-62.67501906999996, -6.216722769999933], [-62.675101619999964, -6.216802019999932], [-62.67518818999997, -6.216882249999969], [-62.675272389999975, -6.216962989999956], [-62.67535633999995, -6.217041599999959], [-62.67543951999994, -6.217118429999971], [-62.67552757999994, -6.217196609999974], [-62.67561641999998, -6.217276519999928], [-62.67569963999995, -6.217353069999945], [-62.67578228999997, -6.217432449999933], [-62.67587335999997, -6.217520049999962], [-62.675966519999974, -6.217605239999955], [-62.676051969999946, -6.217683569999963], [-62.676129499999945, -6.217755549999936], [-62.67620274999996, -6.217818419999958], [-62.676267879999955, -6.217876029999957], [-62.676327399999934, -6.217932049999945], [-62.67639548999995, -6.217988069999933], [-62.67646592999995, -6.218048139999951], [-62.676523429999975, -6.218110549999949], [-62.676581459999966, -6.218170689999965], [-62.67666036999998, -6.218245979999949], [-62.676757459999976, -6.218338169999981], [-62.67685366999996, -6.218427169999927], [-62.67694240999998, -6.218507769999974], [-62.67702522999997, -6.218584499999963], [-62.67711330999998, -6.21866456999993], [-62.677210199999934, -6.218755929999929], [-62.67730923999994, -6.2188445899999465], [-62.67740065999993, -6.218926169999975], [-62.677494269999954, -6.219008229999929], [-62.67758285999997, -6.219088749999969], [-62.67766369999998, -6.219166049999956], [-62.67774338999993, -6.219239949999974], [-62.67781778999995, -6.219305129999952], [-62.67788373999997, -6.2193659999999795], [-62.67794378999997, -6.219432629999972], [-62.678013359999966, -6.219496909999975], [-62.67808278999996, -6.219563249999965], [-62.67814976999995, -6.219624729999964], [-62.67820773999995, -6.219678829999964], [-62.67825536999999, -6.2197237299999415], [-62.67830049999998, -6.2197645299999635], [-62.67834590999996, -6.219805819999976], [-62.67838759999995, -6.219843869999977], [-62.678419229999975, -6.21987398999994], [-62.67843807999998, -6.219892339999944], [-62.67844678999995, -6.219901409999977], [-62.67845744999994, -6.219911589999981], [-62.67847383999998, -6.219926559999976], [-62.67849030999997, -6.219941439999957], [-62.67851055999995, -6.219960039999933], [-62.678535789999955, -6.219982869999967], [-62.67856337999996, -6.220008389999975], [-62.67858855999998, -6.220032149999952], [-62.67861203999996, -6.220054179999977], [-62.67863575999996, -6.2200765799999544], [-62.678658559999974, -6.220097919999944], [-62.678687339999954, -6.2201284299999315], [-62.67871888999997, -6.220160589999978], [-62.67875387999999, -6.220189699999935], [-62.678790369999945, -6.220224099999939], [-62.67883637999995, -6.220267159999935], [-62.67889847999999, -6.220318739999925], [-62.678973019999944, -6.2203852799999595], [-62.67905551999996, -6.220459669999968], [-62.67914055999995, -6.220534809999947], [-62.67922667999994, -6.220614229999967], [-62.679315619999954, -6.220696719999978], [-62.67940737999999, -6.220781879999947], [-62.67949995999999, -6.220870359999935], [-62.67959137999998, -6.2209570299999655], [-62.679677639999966, -6.221043859999952], [-62.679759279999985, -6.221125659999927], [-62.67983766999998, -6.221197609999933], [-62.679914259999975, -6.221258889999945], [-62.679984279999985, -6.221314369999959], [-62.680054789999986, -6.221369479999964], [-62.68013503999998, -6.221439379999936], [-62.680230999999935, -6.221526099999949], [-62.68032918999995, -6.22161602999995], [-62.68042542999996, -6.221698729999957], [-62.68051056999997, -6.221776609999949], [-62.68058599999995, -6.221856629999934], [-62.680671029999985, -6.221931119999965], [-62.68074907999994, -6.2220069799999465], [-62.680824609999945, -6.222084929999937], [-62.68090601999995, -6.222162559999958], [-62.68098273999993, -6.222236729999963], [-62.68105432999994, -6.2223002199999655], [-62.68111823999993, -6.222359549999965], [-62.68117352999997, -6.222421969999971], [-62.68123321999997, -6.222482229999969], [-62.68130970999994, -6.222551499999952], [-62.68139045999993, -6.222623489999933], [-62.68147006999993, -6.222700459999942], [-62.68155164999996, -6.2227742499999295], [-62.681635649999976, -6.222836739999934], [-62.681712569999945, -6.222891659999959], [-62.68178008999996, -6.222948439999925], [-62.68184716999997, -6.22301822999998], [-62.68192172999994, -6.223104099999944], [-62.68200055999995, -6.223190749999958], [-62.682092799999964, -6.223273239999969], [-62.68218955999998, -6.223358879999978], [-62.68228713999997, -6.22343989999996], [-62.68237732999995, -6.223517879999974], [-62.68245637999996, -6.223604309999928], [-62.68253746999994, -6.2236829099999795], [-62.68261808999995, -6.2237526699999535], [-62.68270070999995, -6.223823589999938], [-62.68278627999996, -6.2238978599999655], [-62.68286329999995, -6.223968989999946], [-62.68293604999997, -6.2240368699999635], [-62.68300759999994, -6.224114499999928], [-62.683083659999966, -6.224195049999935], [-62.68317234999995, -6.224279699999954], [-62.683271339999976, -6.2243672399999355], [-62.68337644999997, -6.224455619999958], [-62.68347931999995, -6.2245437499999525], [-62.683580839999934, -6.224631909999971], [-62.68368061999996, -6.224720499999933], [-62.68377925999994, -6.224813379999944], [-62.68387265999996, -6.22490887999993], [-62.683971189999966, -6.2249950199999375], [-62.68407117999993, -6.225081179999961], [-62.68417088999996, -6.225171179999961], [-62.684272129999954, -6.225260989999981], [-62.68437217999997, -6.225351159999946], [-62.684471489999964, -6.225442709999925], [-62.68457160999998, -6.225536599999941], [-62.684672509999984, -6.225629659999981], [-62.68477679999995, -6.225723409999944], [-62.68487847999995, -6.225816389999977], [-62.68497381999998, -6.225910559999932], [-62.685072229999946, -6.226006409999968], [-62.68517248999996, -6.226101269999958], [-62.68527246999997, -6.22619519999995], [-62.68536713999998, -6.226279009999928], [-62.68545167999997, -6.226357739999969], [-62.685531529999935, -6.226436999999976], [-62.685622749999936, -6.226522759999966], [-62.68571476999995, -6.226608239999962], [-62.68580258999998, -6.22668828999997], [-62.685882109999966, -6.226763019999964], [-62.685954349999975, -6.226830829999926], [-62.68601947999997, -6.226891529999932], [-62.68607709999998, -6.226947099999961], [-62.686127779999936, -6.226998219999928], [-62.686175419999984, -6.227044209999974], [-62.68622422999994, -6.227084699999978], [-62.686278139999956, -6.227129839999975], [-62.68634119999996, -6.227183559999958], [-62.68640082999997, -6.2272378799999615], [-62.68646181999998, -6.227293939999981], [-62.68653009999997, -6.2273555099999385], [-62.68659354999994, -6.227413099999978], [-62.68665999999996, -6.227467029999957], [-62.68674064999993, -6.22752842999995], [-62.68681779999997, -6.2275973599999475], [-62.686890389999974, -6.22767005999998], [-62.68696362999998, -6.227746899999943], [-62.68704269999995, -6.227822059999937], [-62.68713085999997, -6.227902219999976], [-62.687229839999986, -6.227987969999958], [-62.68732242999994, -6.2280735599999275], [-62.68740534999995, -6.228156419999948], [-62.68749070999996, -6.228235619999964], [-62.687583029999985, -6.2283149699999285], [-62.68767694999997, -6.2283932799999775], [-62.68777269999998, -6.228475509999953], [-62.687866429999985, -6.228564429999949], [-62.68795752999995, -6.2286510199999725], [-62.688044729999945, -6.228734349999968], [-62.68812135999997, -6.228817829999969], [-62.688188399999945, -6.228899599999977], [-62.68825392999997, -6.22897968999996], [-62.68832665999997, -6.2290522099999635], [-62.68840031999997, -6.229114349999975], [-62.68847030999996, -6.229167279999956], [-62.688541219999934, -6.2292163999999275], [-62.68861433999996, -6.22927156999998], [-62.68869227999994, -6.229342589999931], [-62.688772649999976, -6.229420799999957], [-62.68885164999995, -6.22949454999997], [-62.688923289999934, -6.229563299999938], [-62.68899056999999, -6.229627169999958], [-62.689056929999936, -6.2296897199999535], [-62.68912389999997, -6.229752879999978], [-62.68918610999998, -6.2298099999999295], [-62.68924262999997, -6.229862529999934], [-62.689307929999984, -6.229920429999936], [-62.68937700999999, -6.229980729999966], [-62.68944714999998, -6.230035759999964], [-62.68952620999994, -6.230093199999942], [-62.68959690999998, -6.2301674499999535], [-62.68966739999996, -6.230241689999957], [-62.68975154999998, -6.230324219999943], [-62.68983381999993, -6.230407759999935], [-62.689910029999965, -6.230482349999932], [-62.68998044999995, -6.230547809999962], [-62.690048639999986, -6.230609129999948], [-62.69011803999996, -6.230672009999978], [-62.690179229999956, -6.230732079999939], [-62.69023649999997, -6.230791929999953], [-62.69030404999995, -6.230857859999958], [-62.69037494999998, -6.230922079999971], [-62.69043809999994, -6.230981579999934], [-62.69049470999994, -6.231038339999941], [-62.69055130999993, -6.231091669999955], [-62.69061106999993, -6.23114161999996], [-62.69067555999993, -6.2311780999999655], [-62.690732899999944, -6.231208169999945], [-62.69077645999994, -6.231241239999974], [-62.69080906999994, -6.231280149999975], [-62.69083512999998, -6.231321869999931], [-62.69086183999997, -6.231362849999925], [-62.690898009999955, -6.231414309999934], [-62.69094452999997, -6.231460169999934], [-62.69100063999997, -6.2315093099999785], [-62.69105903999997, -6.23156290999998], [-62.691118159999974, -6.231621789999963], [-62.691175949999945, -6.2316794599999525], [-62.69124496999996, -6.2317476399999805], [-62.691326809999964, -6.231814489999977], [-62.691408259999946, -6.231876979999981], [-62.69148581999997, -6.231935399999941], [-62.69156099999998, -6.231997539999952], [-62.691630559999965, -6.2320596699999555], [-62.69169447999997, -6.232122919999938], [-62.691762359999984, -6.232182019999925], [-62.69183046999996, -6.232241089999945], [-62.691888389999974, -6.232292549999954], [-62.691938669999956, -6.232339599999932], [-62.69198792999998, -6.232394059999933], [-62.692041029999984, -6.232447989999969], [-62.69209637999995, -6.232498559999954], [-62.69214052999996, -6.232538259999956], [-62.69217499999996, -6.232571529999973], [-62.692208379999954, -6.2326016499999355], [-62.692256569999984, -6.2326375899999675], [-62.692300999999986, -6.2326801999999475], [-62.69234166999996, -6.232720029999939], [-62.69238362999994, -6.232761649999929], [-62.69243316999996, -6.2328059699999585], [-62.692479789999936, -6.232847139999933], [-62.69252054999998, -6.232880349999959], [-62.69256336999996, -6.232919729999935], [-62.692620879999936, -6.232979839999928], [-62.69269399999996, -6.233042659999967], [-62.692762269999946, -6.233101629999965], [-62.69283569999993, -6.2331607999999505], [-62.69290768999997, -6.233224229999962], [-62.69297160999997, -6.233290839999938], [-62.69302523999994, -6.233346669999946], [-62.69307360999994, -6.233393229999933], [-62.693124369999964, -6.233438709999973], [-62.69317934999998, -6.23349141999995], [-62.69324652999995, -6.233543849999933], [-62.69330130999998, -6.233591609999962], [-62.69334436999998, -6.233642679999946], [-62.69338936999998, -6.233699499999943], [-62.69343835999996, -6.233747619999974], [-62.693485359999954, -6.233786099999975], [-62.693528269999945, -6.23382031999995], [-62.693560429999934, -6.233846739999933], [-62.69358891999997, -6.233871219999969], [-62.69362159999997, -6.233899539999925], [-62.69367226999998, -6.233941749999929], [-62.69373581999997, -6.233996719999936], [-62.69379163999997, -6.23405422999997], [-62.69383938999994, -6.234109549999971], [-62.69388449999997, -6.234153559999925], [-62.69392501999994, -6.234191709999948], [-62.69397146999995, -6.234232619999943], [-62.69403143999995, -6.234283939999955], [-62.694106139999974, -6.234350769999935], [-62.69418042999996, -6.23441725999993], [-62.694246299999975, -6.234478659999979], [-62.69430227999999, -6.234541349999972], [-62.69436521999995, -6.234603779999929], [-62.694441849999976, -6.2346739299999285], [-62.69451957999996, -6.2347462799999676], [-62.694595869999944, -6.234814029999939], [-62.694666179999956, -6.234875319999958], [-62.694731339999976, -6.234929109999939], [-62.69479129999996, -6.23497808999997], [-62.69484236999995, -6.235034779999978], [-62.69490282999993, -6.235091249999925], [-62.694976709999935, -6.235156679999932], [-62.695061289999956, -6.235234379999952], [-62.69515456999994, -6.235322049999979], [-62.69524844999995, -6.235409229999959], [-62.69533733999998, -6.23549098999996], [-62.695419639999955, -6.235569859999941], [-62.695499799999936, -6.235652949999974], [-62.69558970999998, -6.235734989999969], [-62.69568222999993, -6.235815009999953], [-62.69577442999997, -6.235889259999965], [-62.695858699999974, -6.235960929999976], [-62.69592935999998, -6.236037309999972], [-62.69599152999996, -6.236118909999959], [-62.69605964999994, -6.236193779999951], [-62.69613314999998, -6.236264299999959], [-62.69620869999994, -6.236328639999954], [-62.69629112999996, -6.236391689999948], [-62.69637728999999, -6.236447519999956], [-62.69645908999996, -6.236503119999952], [-62.696528409999985, -6.236560919999931], [-62.696588159999976, -6.236618489999955], [-62.69664413999993, -6.236674359999938], [-62.69669733999996, -6.2367254699999535], [-62.69673848999997, -6.236772659999929], [-62.69677202999998, -6.236812119999968], [-62.69681174999994, -6.236854269999981], [-62.69686277999995, -6.2369037899999284], [-62.69691500999994, -6.23694734999998], [-62.696970369999974, -6.2369849599999725], [-62.69702536999995, -6.237020939999979], [-62.69707379999994, -6.237061149999931], [-62.69713550999995, -6.237109069999974], [-62.697212889999946, -6.237177409999958], [-62.69729453999997, -6.23724988999993], [-62.69737150999998, -6.2373234899999375], [-62.697442009999975, -6.2373949599999605], [-62.697512039999935, -6.237461219999943], [-62.69758098999995, -6.237526639999942], [-62.69764306999997, -6.237580099999946], [-62.69769451999997, -6.237621339999976], [-62.69773384999996, -6.237653399999942], [-62.69776188999998, -6.237683309999966], [-62.69778613999995, -6.237713919999976], [-62.697812289999945, -6.237746079999965], [-62.69784974999993, -6.237778549999973], [-62.69788957999998, -6.2378117899999665], [-62.697924359999945, -6.237846769999976], [-62.69794276999994, -6.237881069999958], [-62.69795418999996, -6.237906289999955], [-62.697965189999934, -6.237928039999929], [-62.69797916999994, -6.237948279999955], [-62.69799546999997, -6.237966209999968], [-62.69800875999994, -6.237980569999934], [-62.69803442999995, -6.238005619999967], [-62.69808484999999, -6.2380514599999515], [-62.698154459999955, -6.238108349999948], [-62.69822762999996, -6.238158849999934], [-62.698301699999945, -6.238206169999955], [-62.69836647999995, -6.238251109999965], [-62.698422179999966, -6.238295909999977], [-62.69847460999995, -6.238334649999956], [-62.69852996999998, -6.238378729999965], [-62.69860571999993, -6.238441549999948], [-62.69869214999994, -6.238518079999949], [-62.69878288999996, -6.238600799999972], [-62.69887209999996, -6.238684379999938], [-62.69895823999997, -6.238762939999958], [-62.69903892999997, -6.238833249999971], [-62.69911332999993, -6.238898459999973], [-62.69918468999998, -6.238960009999971], [-62.69925207999995, -6.239020259999961], [-62.69931337999998, -6.2390717999999765], [-62.69937084999998, -6.239118059999953], [-62.69942865999997, -6.239163129999952], [-62.699490809999986, -6.239208389999931], [-62.699543149999954, -6.239246869999931], [-62.69959469999998, -6.2392790399999285], [-62.699651899999935, -6.239317209999967], [-62.69970305999993, -6.239358139999979], [-62.69974481999998, -6.239397169999961], [-62.699788499999954, -6.239440269999932], [-62.69984199999993, -6.239493899999957], [-62.69989707999997, -6.2395444799999495], [-62.699949269999934, -6.239589189999947], [-62.69999700999995, -6.239631029999941], [-62.70004648999998, -6.239674699999966], [-62.70010000999997, -6.239720889999944], [-62.70015446999997, -6.239768419999962], [-62.700206279999975, -6.2398178999999345], [-62.70025593999998, -6.239864189999935], [-62.70030400999997, -6.239907799999969], [-62.70035135999996, -6.239949709999962], [-62.70039534999995, -6.2399871299999745], [-62.70043468999995, -6.240019539999935], [-62.70046763999994, -6.240047899999979], [-62.700498109999955, -6.240075259999969], [-62.70052618999995, -6.240101089999939], [-62.700552699999946, -6.240125749999947], [-62.70057848999994, -6.240148579999925], [-62.700602979999985, -6.240170839999962], [-62.70062816999996, -6.240191899999957], [-62.70065219999998, -6.240213939999933], [-62.70067254999998, -6.240234629999975], [-62.700689229999966, -6.240250449999962], [-62.70076698999998, -6.240313639999954], [-62.70100166999998, -6.24049980999996], [-62.701177679999944, -6.240648059999955], [-62.701322639999944, -6.240761819999932], [-62.701495189999946, -6.2408962899999665], [-62.70167465999998, -6.241058319999979], [-62.70178580999993, -6.24115532999997], [-62.701876019999986, -6.241239449999966], [-62.701928909999936, -6.24128160999993], [-62.70201701999997, -6.241365929999972], [-62.702106319999984, -6.2414521699999455], [-62.702190659999985, -6.241530209999951], [-62.70227192999994, -6.241605099999958], [-62.702342219999935, -6.241674689999968], [-62.702409889999956, -6.241729129999953], [-62.702461039999946, -6.24178145999997], [-62.702501549999965, -6.241825179999978], [-62.70254208999995, -6.241864329999942], [-62.70258087999997, -6.241896709999935], [-62.70262001999998, -6.241924209999979], [-62.70266116999994, -6.241951429999972], [-62.70269158999997, -6.241969349999977], [-62.70271184999996, -6.241979959999981], [-62.702738789999955, -6.241994419999969], [-62.702780519999976, -6.242021239999929], [-62.70283662999998, -6.242071229999965], [-62.70290812999997, -6.242131419999964], [-62.70297120999999, -6.242196809999939], [-62.70302645999993, -6.242258259999971], [-62.70308292999994, -6.242307909999965], [-62.70313480999994, -6.242352129999972], [-62.703185359999964, -6.242392719999941], [-62.703234479999935, -6.2424279399999705], [-62.703279899999984, -6.242459029999964], [-62.703321949999975, -6.242494759999943], [-62.703356189999965, -6.242533779999974], [-62.70338641999996, -6.242570029999968], [-62.70341900999995, -6.242601069999978], [-62.703454799999975, -6.242629349999959], [-62.70349889999994, -6.242653589999975], [-62.70355404999998, -6.242674219999969], [-62.703603019999946, -6.242708899999968], [-62.70364521999994, -6.24275530999995], [-62.70370945999997, -6.242815029999974], [-62.70378015999995, -6.242880369999966], [-62.70385362999997, -6.242947239999978], [-62.70394057999994, -6.243023499999936], [-62.70403309999995, -6.243104209999956], [-62.70413051999998, -6.243189179999945], [-62.70422910999997, -6.243277729999932], [-62.70433259999999, -6.243365419999975], [-62.70443752999995, -6.243455949999941], [-62.70454180999997, -6.2435491699999375], [-62.70464672999998, -6.243639519999931], [-62.70474787999996, -6.243730829999947], [-62.70484658999993, -6.243818459999943], [-62.70494666999997, -6.243895649999956], [-62.705046289999984, -6.243979259999946], [-62.70515128999995, -6.244067099999938], [-62.70525540999995, -6.244158759999948], [-62.705353069999944, -6.244244759999958], [-62.70545241999997, -6.244326089999959], [-62.70555575999998, -6.244412159999968], [-62.70565640999996, -6.244499209999958], [-62.70575336999997, -6.244585649999976], [-62.70585388999996, -6.244666209999934], [-62.705950679999944, -6.244749439999964], [-62.70604664999996, -6.2448307799999725], [-62.70614733999997, -6.2449148699999455], [-62.70625094999997, -6.245004489999928], [-62.70635633999996, -6.24508579999997], [-62.70646389999996, -6.245169779999969], [-62.706564869999966, -6.245260599999938], [-62.70666223999996, -6.245351579999976], [-62.706764789999966, -6.2454457799999545], [-62.70687123999994, -6.245542719999946], [-62.706980759999965, -6.245637639999927], [-62.70709021999994, -6.245726919999981], [-62.707199979999984, -6.245816409999975], [-62.707307759999935, -6.2459078799999475], [-62.70741191999997, -6.2459974599999555], [-62.70751642999994, -6.246088189999966], [-62.707622679999986, -6.2461748799999555], [-62.70772765999993, -6.24626582999997], [-62.707831039999974, -6.246357839999973], [-62.70792919999997, -6.246452589999933], [-62.708033969999974, -6.246538899999962], [-62.70813735999997, -6.246618929999954], [-62.70824174999996, -6.246692479999979], [-62.70833921999997, -6.24676771999998], [-62.708426559999964, -6.246851109999966], [-62.70851632999995, -6.246934179999926], [-62.70860665999999, -6.247012389999952], [-62.708705589999965, -6.24708789999994], [-62.708798609999974, -6.2471718399999645], [-62.70887825999995, -6.247264619999953], [-62.70895214999996, -6.247350539999957], [-62.709029889999954, -6.247429899999929], [-62.70912206999998, -6.2475081599999385], [-62.70921991999995, -6.247589709999943], [-62.70931963999993, -6.24767012999996], [-62.70941535999998, -6.247744509999961], [-62.709506799999986, -6.2478076099999384], [-62.709590849999984, -6.247863849999931], [-62.70965944999995, -6.247926359999951], [-62.70971984999994, -6.247999529999959], [-62.70979478999993, -6.248080149999964], [-62.709896209999954, -6.2481635399999504], [-62.71000417999994, -6.248248989999979], [-62.710114439999984, -6.248339319999957], [-62.710222499999986, -6.248432869999931], [-62.71033242999994, -6.248529479999945], [-62.710442969999974, -6.248624319999976], [-62.71055390999999, -6.248709499999961], [-62.710663109999984, -6.248795039999948], [-62.71076506999998, -6.248886139999968], [-62.71086382999994, -6.248977319999938], [-62.710966059999976, -6.249065779999967], [-62.71106237999999, -6.249146099999962], [-62.711144289999936, -6.2492255899999805], [-62.71122805999994, -6.249301489999937], [-62.71132382999997, -6.2493840199999795], [-62.71142261999995, -6.249469259999955], [-62.71152304999998, -6.249555639999926], [-62.71162067999995, -6.249642739999956], [-62.71171915999997, -6.249729719999948], [-62.711818419999986, -6.249816359999954], [-62.711917539999945, -6.2499026199999435], [-62.71201721999995, -6.249988469999948], [-62.71211913999997, -6.250075919999972], [-62.71221836999996, -6.250162709999927], [-62.712316019999946, -6.250245439999958], [-62.71241442999997, -6.250327289999973], [-62.712510419999944, -6.250410189999968], [-62.71260169999994, -6.250490099999979], [-62.712690649999956, -6.250560329999928], [-62.71278091999994, -6.250633599999958], [-62.712875089999955, -6.250710659999925], [-62.712970869999936, -6.250789709999935], [-62.713067269999954, -6.250871099999927], [-62.71316146999993, -6.250952869999935], [-62.71325019999995, -6.251032369999962], [-62.71333029999994, -6.251110899999958], [-62.71342084999998, -6.251185599999928], [-62.713517809999985, -6.25126537999995], [-62.713611199999946, -6.251347919999944], [-62.71369845999993, -6.251431099999934], [-62.71378826999995, -6.251513199999977], [-62.71388098999995, -6.251591459999929], [-62.71397055999995, -6.251670609999962], [-62.71405938999993, -6.2517469599999345], [-62.71414066999995, -6.251820169999974], [-62.71422308999996, -6.251891179999973], [-62.714306309999984, -6.25196109999996], [-62.714379959999974, -6.252030579999939], [-62.71445423999995, -6.252096039999969], [-62.71453331999999, -6.252166009999939], [-62.714615339999966, -6.252230589999954], [-62.71469241999995, -6.252293449999968], [-62.714767139999935, -6.252358489999949], [-62.71483699999993, -6.252420079999979], [-62.71489982999998, -6.25247466999997], [-62.71496162999995, -6.252521759999979], [-62.715023119999955, -6.252566959999967], [-62.71508570999998, -6.252605809999977], [-62.71514684999994, -6.25264814999997], [-62.71520387999993, -6.252699589999963], [-62.715257849999944, -6.252750809999952], [-62.71531836999998, -6.2528006499999265], [-62.715383129999964, -6.252853499999958], [-62.715449139999976, -6.252908439999942], [-62.715512719999936, -6.252964559999953], [-62.715572649999956, -6.253016849999938], [-62.71562887999994, -6.253065489999926], [-62.71568480999997, -6.253112119999969], [-62.71574088999995, -6.253158729999939], [-62.71579687999997, -6.253206099999943], [-62.71584997999997, -6.253252849999967], [-62.71589547999997, -6.25329800999998], [-62.71593932999997, -6.253339679999954], [-62.71598215999995, -6.253379489999929], [-62.71602213999995, -6.253415209999957], [-62.71605642999998, -6.25344642999994], [-62.71610341999997, -6.253490339999928], [-62.71612044999995, -6.253504619999944], [-62.71613837999996, -6.2535195499999645], [-62.716158349999944, -6.25353599999994], [-62.71618228999995, -6.253556189999927], [-62.716208939999945, -6.253580739999961], [-62.71623181999996, -6.253601489999937], [-62.716250909999985, -6.253619049999941], [-62.716274419999934, -6.253641429999959], [-62.71631438999998, -6.253677469999957], [-62.71637107999999, -6.2537247799999705], [-62.716442979999954, -6.2537823799999614], [-62.71652237999996, -6.253846969999927], [-62.71660061999995, -6.253913609999927], [-62.71667669999994, -6.253978579999966], [-62.71675172999994, -6.2540409899999645], [-62.716828489999955, -6.254103649999934], [-62.716908709999984, -6.254170199999976], [-62.71699178999995, -6.254239619999964], [-62.71707249999997, -6.254310399999952], [-62.717153329999974, -6.254379679999943], [-62.717231829999946, -6.254451059999951], [-62.71731238999996, -6.254519929999958], [-62.717393579999964, -6.254588009999964], [-62.717473679999955, -6.254656499999953], [-62.71755453999998, -6.254722479999941], [-62.71763260999995, -6.254787299999975], [-62.71770904999994, -6.254851869999925], [-62.71778477999999, -6.254914269999972], [-62.717854659999944, -6.254977839999981], [-62.71792153999996, -6.255038129999946], [-62.717987849999986, -6.255092579999939], [-62.71805322999995, -6.255145349999964], [-62.71811748999994, -6.25519479999997], [-62.71817891999996, -6.2552449799999295], [-62.71824025999996, -6.255297089999942], [-62.71830099999994, -6.255350539999938], [-62.718357089999984, -6.2554035999999655], [-62.71840752999998, -6.2554556799999546], [-62.718457109999974, -6.255502369999931], [-62.71850876999997, -6.255547179999951], [-62.71855885999997, -6.255591429999981], [-62.71860382999995, -6.255630789999941], [-62.718641839999975, -6.255663529999936], [-62.71867320999996, -6.255691039999931], [-62.71870391999994, -6.2557171999999355], [-62.71873593999999, -6.255745259999969], [-62.71876935999995, -6.255774579999979], [-62.71880375999996, -6.255804139999952], [-62.718836729999964, -6.255832449999957], [-62.71886594999995, -6.255859169999951], [-62.71888673999996, -6.25587754999998], [-62.71893356999993, -6.255923719999942], [-62.719051639999975, -6.256027779999954], [-62.71921232999995, -6.256162339999946], [-62.71936826999996, -6.256287449999945], [-62.71946908999996, -6.256368879999968], [-62.71955436999997, -6.2564427299999466], [-62.71958467999997, -6.256468499999926], [-62.71968049999998, -6.25655476999998], [-62.719774049999955, -6.256636999999955], [-62.719866379999985, -6.256712749999963], [-62.719954739999935, -6.256784099999948], [-62.72003695999996, -6.256856719999973], [-62.720113399999946, -6.2569262199999685], [-62.72018613999995, -6.256992279999963], [-62.72026188999996, -6.2570500199999515], [-62.72033998999996, -6.25711253999998], [-62.72042603999995, -6.257180619999929], [-62.72052185999996, -6.257259749999946], [-62.72062390999997, -6.257346389999952], [-62.720726809999974, -6.2574372799999765], [-62.72082980999994, -6.257527219999929], [-62.72093369999993, -6.257617419999974], [-62.72103690999995, -6.257704849999925], [-62.72113442999995, -6.257789029999969], [-62.72122697999998, -6.257869919999962], [-62.721313039999984, -6.257946169999968], [-62.72138533999998, -6.258020699999975], [-62.72145610999996, -6.25808971999993], [-62.72153524999999, -6.258163789999969], [-62.72160775999998, -6.258233799999971], [-62.72167357999996, -6.258300929999962], [-62.72174998999998, -6.258363039999949], [-62.72183787999995, -6.258433019999927], [-62.721934189999956, -6.258513639999933], [-62.72203253999999, -6.258599109999977], [-62.722131209999986, -6.258682239999928], [-62.72223412999995, -6.258768789999976], [-62.722339819999945, -6.258855719999929], [-62.72244440999998, -6.258940209999935], [-62.72254726999995, -6.259018119999951], [-62.722639999999956, -6.259098439999946], [-62.722730869999964, -6.259177069999964], [-62.72281517999994, -6.259248059999948], [-62.722889159999966, -6.25931345999993], [-62.72295614999996, -6.259370879999949], [-62.723015059999966, -6.259423599999934], [-62.72307178999995, -6.259469469999942], [-62.72313440999994, -6.2595205899999655], [-62.72321840999996, -6.259591979999925], [-62.723315379999974, -6.259674989999951], [-62.72341628999993, -6.259758759999954], [-62.723518249999984, -6.259843779999926], [-62.72362006999998, -6.259929429999943], [-62.723718909999945, -6.26001660999998], [-62.723818379999955, -6.260102759999938], [-62.723918639999965, -6.260185139999976], [-62.724016319999976, -6.260268069999938], [-62.724113329999966, -6.260351509999964], [-62.72420908999999, -6.260429289999934], [-62.72429998999996, -6.260501409999961], [-62.72437512999994, -6.260578339999938], [-62.72444666999996, -6.260652529999959], [-62.72452502999994, -6.260717889999967], [-62.72460479999995, -6.260788229999946], [-62.72468156999997, -6.26085736999994], [-62.72475702999998, -6.260923219999938], [-62.72483227999999, -6.260983439999961], [-62.72490160999996, -6.261041389999946], [-62.724972079999986, -6.26110129999995], [-62.725048379999976, -6.261165859999949], [-62.72513025999996, -6.261234219999949], [-62.72521599999993, -6.261307939999938], [-62.725313109999945, -6.26139035999995], [-62.725410969999984, -6.261474229999976], [-62.72550977999998, -6.26155738999995], [-62.725611199999946, -6.261641709999935], [-62.72571235999993, -6.261722439999971], [-62.725807919999966, -6.26180310999996], [-62.72589849999997, -6.26188553999998], [-62.72598243999994, -6.261963599999945], [-62.72606625999998, -6.262035069999968], [-62.726146609999944, -6.262108169999976], [-62.72622914999994, -6.2621716999999535], [-62.72631665999995, -6.262242839999942], [-62.72639818999994, -6.262326899999948], [-62.72648085999998, -6.262412389999952], [-62.726572379999936, -6.262494229999959], [-62.726669759999936, -6.262577369999974], [-62.72676775999997, -6.262660769999968], [-62.72686442999998, -6.262745319999965], [-62.72696094999998, -6.26283017999998], [-62.727057559999935, -6.262913739999931], [-62.72715027999993, -6.262991819999968], [-62.72723768999998, -6.263062519999949], [-62.727324059999944, -6.2631260799999495], [-62.72740806999997, -6.263182929999971], [-62.727485059999935, -6.263239639999938], [-62.727556679999964, -6.263299119999942], [-62.727618879999966, -6.263359929999979], [-62.72769116999996, -6.263428159999933], [-62.72777813999994, -6.263502679999931], [-62.72787046999997, -6.26357631999997], [-62.72796687999994, -6.263651989999971], [-62.728055179999956, -6.2637317999999595], [-62.72814299999993, -6.26381417999994], [-62.728224489999945, -6.263900759999956], [-62.728305509999984, -6.263982659999954], [-62.72839486999993, -6.2640555299999505], [-62.72849299999996, -6.26412500999993], [-62.72859013999994, -6.264203909999935], [-62.728684629999975, -6.2642859099999555], [-62.72878117999994, -6.264368539999964], [-62.72887793999996, -6.264450779999947], [-62.728974189999974, -6.264533549999953], [-62.729071329999954, -6.26461790999997], [-62.729172249999976, -6.264702429999943], [-62.72927551999999, -6.264784109999937], [-62.72937559999997, -6.264863329999969], [-62.72947031999996, -6.264942289999965], [-62.72955847999998, -6.265017329999978], [-62.729640769999946, -6.265087169999958], [-62.729717059999984, -6.265154049999978], [-62.729785479999975, -6.265225979999968], [-62.729862269999956, -6.265291899999966], [-62.72994774999995, -6.265355309999961], [-62.73003364999994, -6.265425739999955], [-62.73011885999995, -6.265499609999949], [-62.73020170999996, -6.2655757099999505], [-62.73029072999998, -6.265653259999965], [-62.73038423999998, -6.265734159999965], [-62.73048137999996, -6.265817389999938], [-62.73078590999995, -6.266076469999973], [-62.73106167999998, -6.2663129699999445], [-62.73114616999999, -6.2663815699999645], [-62.73122379999995, -6.266441339999972], [-62.73129247999998, -6.266493859999969], [-62.73135137999998, -6.266546629999937], [-62.73140812999998, -6.26660322999993], [-62.73146386999997, -6.266658159999963], [-62.73152748999996, -6.266711069999928], [-62.73159224999995, -6.26676096999995], [-62.73165197999998, -6.266807809999932], [-62.731707839999956, -6.2668540399999415], [-62.731759229999966, -6.266897419999964], [-62.73180314999996, -6.26693604999997], [-62.73185928999993, -6.2669828999999595], [-62.73186217999995, -6.266984929999978], [-62.73371112999996, -6.268572209999945], [-62.73379277999999, -6.268641719999948], [-62.73388264999994, -6.268720709999968], [-62.733980489999965, -6.2688053899999545], [-62.73433845999995, -6.26909913999998], [-62.734419969999976, -6.2691776499999605], [-62.73450993999995, -6.2692529199999285], [-62.734598999999946, -6.269331629999954], [-62.73469026999999, -6.269406519999961], [-62.734778209999945, -6.2694786599999475], [-62.73485635999998, -6.269546409999975], [-62.734928529999934, -6.269612779999932], [-62.734994969999946, -6.269675799999959], [-62.73505652999995, -6.269728979999968], [-62.73511646999998, -6.269778939999981], [-62.73517351999993, -6.26983354999993], [-62.73523679999994, -6.269892769999956], [-62.73530280999995, -6.269954009999935], [-62.73537569999996, -6.270026879999932], [-62.73544541999996, -6.270103689999928], [-62.735517339999944, -6.270169989999943], [-62.73560232999995, -6.270234939999966], [-62.73569335999997, -6.270312059999981], [-62.735787389999984, -6.270397169999967], [-62.73588730999995, -6.270484109999927], [-62.73599114999996, -6.270571029999928], [-62.736097969999946, -6.270652559999974], [-62.73620658999994, -6.270724519999931], [-62.73631351999995, -6.2708002299999634], [-62.73641718999994, -6.270885589999978], [-62.736522709999974, -6.270971819999943], [-62.736624689999985, -6.2710590799999295], [-62.73672256999998, -6.271142539999971], [-62.736813679999955, -6.271223809999981], [-62.73689740999998, -6.271297779999941], [-62.736979359999964, -6.271370999999931], [-62.73705984999998, -6.271447279999961], [-62.73714013999995, -6.271514129999957], [-62.73721802999995, -6.271566609999979], [-62.73728576999997, -6.271617869999943], [-62.73734442999995, -6.271667979999961], [-62.73739943999993, -6.271718509999971], [-62.73745010999994, -6.27177211999998], [-62.73749981999998, -6.271824219999928], [-62.73755042999994, -6.271874489999959], [-62.73760667999994, -6.271929419999935], [-62.73767435999997, -6.271996029999968], [-62.737751499999945, -6.272058179999931], [-62.737828149999984, -6.272113929999932], [-62.73790236999997, -6.2721661399999675], [-62.737978849999934, -6.2722242099999335], [-62.738064719999954, -6.272299389999944], [-62.738160849999986, -6.2723852699999725], [-62.738262489999954, -6.272470029999965], [-62.73836321999994, -6.27255630999997], [-62.738460799999984, -6.272641329999942], [-62.73855328999997, -6.272726869999929], [-62.738644059999956, -6.272808549999979], [-62.73873573999998, -6.272890529999927], [-62.73883085999995, -6.27297219999997], [-62.738927769999975, -6.273054219999949], [-62.73902746999994, -6.273136959999931], [-62.73912840999998, -6.2732202699999675], [-62.73922989999994, -6.273302549999926], [-62.739328359999945, -6.273385929999961], [-62.73942675999996, -6.273471169999937], [-62.73952262999995, -6.273560219999979], [-62.73961399999996, -6.273651159999929], [-62.739706299999966, -6.273738889999947], [-62.73980163999994, -6.273825519999946], [-62.73990163999997, -6.273914659999946], [-62.74000548999999, -6.274006939999936], [-62.74010659999993, -6.274100159999932], [-62.74020729999995, -6.274193039999943], [-62.74031113999996, -6.274286149999966], [-62.74041160999997, -6.274380639999947], [-62.74051118999995, -6.274477899999965], [-62.740609839999934, -6.274574599999937], [-62.74070948999997, -6.274671199999943], [-62.740808579999964, -6.2747682599999735], [-62.740909209999984, -6.274865279999972], [-62.741006469999945, -6.274960989999954], [-62.74110147999994, -6.275053449999973], [-62.74119079999997, -6.275145529999975], [-62.741276539999944, -6.275237219999951], [-62.74135561999998, -6.275332539999965], [-62.741436799999974, -6.275428179999949], [-62.74151816999995, -6.275519899999949], [-62.74159892999995, -6.275607149999928], [-62.74167322999995, -6.275700799999981], [-62.74175230999998, -6.27578608999994], [-62.74183089999997, -6.275864359999957], [-62.741900139999984, -6.275938279999934], [-62.74195672999997, -6.276008269999977], [-62.74200509999997, -6.2760752899999375], [-62.742052559999934, -6.276145479999968], [-62.742110209999964, -6.276222789999963], [-62.74217609999994, -6.276303619999965], [-62.74224794999998, -6.276386649999949], [-62.74232353999997, -6.276473329999931], [-62.742401359999974, -6.276565629999936], [-62.74248036999995, -6.276664419999975], [-62.74256154999995, -6.276766789999954], [-62.74264348999998, -6.276872629999957], [-62.74271343999993, -6.276976139999931], [-62.742779739999946, -6.277070539999954], [-62.74284616999995, -6.277158849999978], [-62.74291667999995, -6.277249439999935], [-62.74299308999997, -6.277347119999945], [-62.74306482999998, -6.27745047999997], [-62.74312207999998, -6.277549419999957], [-62.743168039999944, -6.277644259999931], [-62.74322201999996, -6.277731929999959], [-62.74328179999998, -6.277822049999941], [-62.74334056999999, -6.277912279999953], [-62.743399419999946, -6.2779946599999334], [-62.74345650999999, -6.278068449999978], [-62.74351178999996, -6.278134459999933], [-62.74355981999997, -6.278193619999968], [-62.74359885999996, -6.278252539999926], [-62.74363135999994, -6.278315419999956], [-62.743680179999956, -6.278399729999933], [-62.74373942999995, -6.278491549999956], [-62.74379810999994, -6.278584389999935], [-62.743852939999954, -6.278672269999959], [-62.743903209999985, -6.278754339999978], [-62.74394939999996, -6.278831429999968], [-62.74399509999995, -6.278906809999967], [-62.74404307999998, -6.278980279999928], [-62.744091769999955, -6.279055059999962], [-62.744140339999944, -6.27912723999998], [-62.744184589999975, -6.27919731999998], [-62.744223369999986, -6.279268239999965], [-62.74426189999997, -6.279338529999961], [-62.74430303999998, -6.2794099999999275], [-62.74435237999995, -6.279491789999952], [-62.744402469999955, -6.279578639999954], [-62.744456069999956, -6.27966994999997], [-62.74451478999998, -6.27976579999995], [-62.744576939999945, -6.279863759999955], [-62.74463930999997, -6.279960979999942], [-62.74470341999995, -6.280060349999928], [-62.74477048999995, -6.280165329999932], [-62.74483688999999, -6.280270959999939], [-62.74490247999995, -6.280371899999977], [-62.744959679999965, -6.280470489999971], [-62.74501307999998, -6.280567879999978], [-62.74506967999997, -6.280661399999929], [-62.74512598999996, -6.280755709999937], [-62.74517689999993, -6.280844989999935], [-62.74522471999995, -6.28093341999994], [-62.74526501999998, -6.281018659999972], [-62.745309959999986, -6.281103339999959], [-62.745366959999956, -6.281184679999967], [-62.74542170999996, -6.281267239999977], [-62.74547875999997, -6.281345839999972], [-62.74553630999998, -6.281422769999949], [-62.74558893999995, -6.2815001599999505], [-62.74564075999996, -6.281575799999928], [-62.745684289999986, -6.281653229999961], [-62.74572824999996, -6.281731509999929], [-62.74578365999997, -6.281809479999936], [-62.74584310999995, -6.2818902999999295], [-62.74589076999996, -6.281972859999939], [-62.74592955999998, -6.282054179999932], [-62.74597124999997, -6.282138369999927], [-62.746025309999936, -6.282227889999945], [-62.746091399999955, -6.282325919999948], [-62.74616114999998, -6.282423039999969], [-62.746225469999956, -6.2825139199999285], [-62.74628217999998, -6.282596539999929], [-62.746332449999954, -6.282672159999947], [-62.74637917999996, -6.282752519999974], [-62.74643020999997, -6.282839089999925], [-62.746485779999944, -6.282926689999954], [-62.74653489999997, -6.283008609999968], [-62.74657419999994, -6.283086569999966], [-62.74661330999999, -6.283160619999933], [-62.746659129999955, -6.283233689999975], [-62.746704559999955, -6.28330485999993], [-62.74674830999999, -6.283375239999941], [-62.74678937999994, -6.283449019999978], [-62.746836359999975, -6.283522319999975], [-62.746885979999945, -6.283598989999973], [-62.746937309999964, -6.283680419999939], [-62.746987779999984, -6.283768499999951], [-62.74704114999997, -6.283856159999971], [-62.74709514999995, -6.283947589999968], [-62.74715201999999, -6.284035999999958], [-62.74720377999995, -6.284122379999928], [-62.74725539999997, -6.284208259999957], [-62.747305359999984, -6.284288839999931], [-62.74735782999994, -6.284368619999952], [-62.74740975999998, -6.284454349999976], [-62.74746182999996, -6.284541089999948], [-62.747516049999945, -6.284625439999957], [-62.74757325999997, -6.284708729999977], [-62.747624309999935, -6.284792309999943], [-62.747674889999985, -6.2848768099999575], [-62.74772723999996, -6.284961679999981], [-62.74777480999995, -6.285041759999956], [-62.747822129999975, -6.28512171999995], [-62.74787150999998, -6.285202629999958], [-62.74791947999995, -6.285286749999955], [-62.747971769999936, -6.285371679999969], [-62.74802691999997, -6.285458969999979], [-62.74808165999997, -6.28554921999995], [-62.748136329999966, -6.285635099999979], [-62.748188279999965, -6.285718039999949], [-62.74824049999995, -6.28580213999993], [-62.748292609999964, -6.2858859199999415], [-62.74834372999999, -6.285971529999927], [-62.74839395999999, -6.286057349999965], [-62.74844617999997, -6.286141059999977], [-62.74849789999996, -6.286226079999949], [-62.74854839999995, -6.28630899999996], [-62.74860027999995, -6.286392669999941], [-62.74865170999993, -6.286478469999963], [-62.748699209999984, -6.286557219999963], [-62.74873426999994, -6.286636629999975], [-62.74878067999998, -6.2867198399999324], [-62.748834159999944, -6.286806849999948], [-62.74888721999997, -6.286897309999972], [-62.74894249999994, -6.28698774999998], [-62.74899604999996, -6.287077999999951], [-62.74905173999997, -6.287158919999968], [-62.749100949999956, -6.287236649999954], [-62.74915242999998, -6.287321299999974], [-62.74920444999998, -6.287407389999942], [-62.74925385999995, -6.287485319999973], [-62.749302899999975, -6.28755308999996], [-62.749353689999964, -6.28761899999995], [-62.749408949999975, -6.287695429999928], [-62.74946103999997, -6.287773379999976], [-62.749512179999954, -6.287857249999945], [-62.74956536999997, -6.287946749999946], [-62.749626389999946, -6.2880398399999535], [-62.74968948999998, -6.288137179999978], [-62.74974738999998, -6.2882298199999695], [-62.74979889999997, -6.288321279999934], [-62.74984998999997, -6.288418629999967], [-62.74990888999997, -6.288514629999952], [-62.74996980999998, -6.288613449999957], [-62.75003258999993, -6.28871283999996], [-62.75009264999994, -6.288811899999928], [-62.750151829999936, -6.288909009999941], [-62.75020508999995, -6.289007289999972], [-62.75025986999998, -6.289111549999973], [-62.750316099999964, -6.2892177699999365], [-62.750368339999966, -6.289318069999979], [-62.750421639999956, -6.289410219999979], [-62.75047400999995, -6.289494869999942], [-62.75052759999994, -6.289574289999962], [-62.75058306999995, -6.289646179999977], [-62.750633479999976, -6.289712239999972], [-62.75068440999996, -6.289781669999968], [-62.75073942999995, -6.289860019999935], [-62.75079337999995, -6.289941819999967], [-62.750841729999934, -6.290018889999942], [-62.75088484999998, -6.290089479999949], [-62.75092299999994, -6.290157179999937], [-62.75096426999994, -6.290223599999933], [-62.75100598999995, -6.290285079999933], [-62.75103911999997, -6.290350439999941], [-62.75107568999994, -6.290421789999925], [-62.751120749999984, -6.290498769999942], [-62.75116554999994, -6.290575909999973], [-62.75120954999994, -6.290651169999933], [-62.75125343999997, -6.290725499999951], [-62.751298349999956, -6.290799429999936], [-62.75134479999997, -6.2908712299999365], [-62.75139116999998, -6.290945769999951], [-62.75143536999997, -6.291019379999966], [-62.75147659999993, -6.291093119999971], [-62.75152204999995, -6.291170589999979], [-62.75156538999994, -6.291245579999952], [-62.751609359999975, -6.291318019999949], [-62.75166073999998, -6.29138906999998], [-62.75170780999997, -6.291458899999952], [-62.751754999999946, -6.2915202199999385], [-62.751797419999946, -6.291580599999975], [-62.751841069999955, -6.29164690999994], [-62.75188825999999, -6.291728909999961], [-62.751938879999955, -6.291820369999925], [-62.75199295999994, -6.2919145499999445], [-62.75204512999994, -6.2920032499999365], [-62.75209614999994, -6.292088609999951], [-62.752143359999934, -6.2921685499999285], [-62.75218507999995, -6.292239689999974], [-62.752224729999966, -6.292304029999968], [-62.75226431999994, -6.292367799999965], [-62.75230270999998, -6.292431419999957], [-62.752339449999965, -6.292492479999964], [-62.75237354999996, -6.2925456399999575], [-62.752403879999974, -6.292592419999949], [-62.75243035999995, -6.29263519999995], [-62.752452269999935, -6.292671619999965], [-62.752510779999966, -6.292753639999944], [-62.75260233999995, -6.292888009999956], [-62.75268827999997, -6.293022379999968], [-62.75276858999996, -6.2931511499999715], [-62.75285078999997, -6.29328363999997], [-62.752916779999964, -6.293384329999981], [-62.752945549999936, -6.293430589999957], [-62.75299585999994, -6.293522849999931], [-62.75304253999997, -6.293616179999958], [-62.753098819999934, -6.293703669999957], [-62.753158879999944, -6.293806809999978], [-62.75322526999997, -6.293908089999945], [-62.75328615999996, -6.294009499999959], [-62.753342729999986, -6.294107069999939], [-62.753402919999985, -6.294196429999943], [-62.75346177999995, -6.294291409999971], [-62.75351952999995, -6.294392559999949], [-62.753578119999986, -6.294494869999937], [-62.75363629999998, -6.2945909999999685], [-62.753690809999966, -6.294675149999932], [-62.75384885999995, -6.2949398799999585], [-62.75390681999994, -6.295027179999977], [-62.75396663999999, -6.29511612999994], [-62.75402058999998, -6.29521828999998], [-62.754082049999965, -6.295328369999936], [-62.75415425999995, -6.295441039999957], [-62.75422582999994, -6.2955568899999435], [-62.75428991999996, -6.295666359999927], [-62.754349409999975, -6.295767259999934], [-62.754409229999965, -6.29586618999997], [-62.754475929999955, -6.295971819999977], [-62.75454394999997, -6.2960752399999365], [-62.75461143999996, -6.296171099999981], [-62.75467381999994, -6.296261729999969], [-62.754724169999974, -6.296357459999967], [-62.754772069999945, -6.296446149999952], [-62.75481948999993, -6.296527739999931], [-62.75486751999995, -6.2966070299999615], [-62.75491095999996, -6.296677679999959], [-62.754945549999945, -6.296734509999965], [-62.754974269999934, -6.296780909999939], [-62.75500058999995, -6.296821379999926], [-62.75501781999998, -6.296847469999932], [-62.75504847999997, -6.296891709999954], [-62.75507566999994, -6.29693532999994], [-62.75510670999995, -6.296983789999956], [-62.755139819999954, -6.297035469999969], [-62.755175529999974, -6.297088849999966], [-62.75523070999998, -6.297167029999969], [-62.75529654999997, -6.297260829999971], [-62.755359349999935, -6.297355839999966], [-62.75541671999997, -6.297455659999969], [-62.75548324999994, -6.297556669999949], [-62.75555253999994, -6.29765193999998], [-62.75560889999997, -6.2977509799999325], [-62.75565600999994, -6.297863869999958], [-62.75571827999994, -6.297984749999955], [-62.75578798999999, -6.298099269999966], [-62.755856319999964, -6.298210069999925], [-62.75592427999999, -6.298321699999974], [-62.75598495999998, -6.298425139999949], [-62.756042589999936, -6.298517939999954], [-62.75611091999997, -6.298607079999954], [-62.75618079999998, -6.2987143799999785], [-62.75625487999997, -6.2988368699999455], [-62.75632458999996, -6.298960619999946], [-62.756396679999966, -6.299084599999958], [-62.75647216999994, -6.2992047399999365], [-62.75654387999998, -6.299326409999935], [-62.756617819999974, -6.299449989999971], [-62.75669536999993, -6.299569629999951], [-62.75677700999995, -6.299681199999952], [-62.75685724999994, -6.299793179999938], [-62.75692835999996, -6.29990867999993], [-62.75700292999994, -6.300027539999974], [-62.757078949999936, -6.300146059999975], [-62.75715226999995, -6.30026085999998], [-62.757214999999974, -6.300370999999927], [-62.75727681999996, -6.300483269999972], [-62.75733441999995, -6.300601059999963], [-62.757395059999965, -6.300710959999947], [-62.757462879999935, -6.300815249999971], [-62.75753396999994, -6.300917919999961], [-62.75759409999995, -6.3010170399999765], [-62.75765058999997, -6.3011128199999575], [-62.75771124999994, -6.301213139999959], [-62.75777862999996, -6.301313509999943], [-62.757849359999966, -6.30141483999995], [-62.75792124999998, -6.3015223899999455], [-62.75799330999996, -6.301633089999939], [-62.75805793999996, -6.301747599999942], [-62.758123179999984, -6.30186539999994], [-62.75819365999996, -6.301981639999951], [-62.75826717999996, -6.302097269999933], [-62.758341299999984, -6.302212879999956], [-62.75841375999994, -6.302328649999936], [-62.75848466999997, -6.302444789999981], [-62.75855601999996, -6.302559729999928], [-62.75862989999996, -6.302670449999937], [-62.75870487999998, -6.302781359999926], [-62.758776299999965, -6.30289578999998], [-62.75884283999994, -6.303013079999971], [-62.75891576999999, -6.3031290599999465], [-62.75899096999996, -6.303246269999931], [-62.759064069999965, -6.3033627499999625], [-62.75913048999996, -6.303479539999955], [-62.75919989999994, -6.303594549999957], [-62.75927234999995, -6.303708959999938], [-62.75934276999993, -6.303827099999978], [-62.75941157999995, -6.303940309999973], [-62.759476579999955, -6.304053559999943], [-62.75954617999997, -6.304158129999962], [-62.75960730999998, -6.304256499999951], [-62.75965775999998, -6.304354889999956], [-62.759713069999975, -6.3044546199999445], [-62.75977796999996, -6.304557129999978], [-62.75984135999994, -6.304661719999956], [-62.75990287999997, -6.3047666299999605], [-62.75996741999995, -6.304865079999956], [-62.760036739999975, -6.304955019999966], [-62.760098579999976, -6.305047839999929], [-62.76014835999996, -6.3051461799999515], [-62.760188779999964, -6.3052421799999365], [-62.76023841999995, -6.30532981999994], [-62.760299809999935, -6.305402209999954], [-62.76035641999994, -6.305480459999956], [-62.76041851999997, -6.3055837699999415], [-62.760481409999954, -6.305685019999942], [-62.76054091999998, -6.305780909999953], [-62.76060025999993, -6.30588124999997], [-62.76065705999997, -6.305989039999929], [-62.760718149999946, -6.30609845999993], [-62.76078646999997, -6.306207049999955], [-62.76086029999993, -6.306306829999926], [-62.760935339999946, -6.306401179999966], [-62.76099998999996, -6.3064940199999455], [-62.76106540999996, -6.306590049999954], [-62.76112085999995, -6.306695589999947], [-62.76117244999995, -6.306801519999965], [-62.761238709999986, -6.306910529999925], [-62.76131407999998, -6.3070247499999255], [-62.76138274999994, -6.307136939999964], [-62.761442139999986, -6.307243799999981], [-62.76150489999998, -6.3073460099999465], [-62.761575909999976, -6.307454869999958], [-62.76164666999995, -6.307567559999939], [-62.76171229999994, -6.307675059999951], [-62.76177818999997, -6.30777022999996], [-62.761843719999945, -6.307852619999949], [-62.76189991999996, -6.307929589999958], [-62.76195131999998, -6.308014189999938], [-62.762010859999975, -6.308112269999981], [-62.762059679999936, -6.308206799999937], [-62.762097179999955, -6.30829542999993], [-62.762134909999986, -6.308374939999965], [-62.762182749999965, -6.308445429999949], [-62.76225126999998, -6.308530509999969], [-62.76232798999996, -6.308640969999942], [-62.762396999999964, -6.308758199999943], [-62.762466279999956, -6.308873889999973], [-62.76253194999998, -6.308983889999979], [-62.76259341999997, -6.309088689999953], [-62.762660309999944, -6.309203259999947], [-62.76273046999995, -6.309315989999959], [-62.762796899999955, -6.309416889999966], [-62.762860639999985, -6.309507099999962], [-62.76291377999996, -6.309598019999953], [-62.762962449999975, -6.309697509999978], [-62.763019749999955, -6.30980164999994], [-62.76309183999996, -6.309911149999948], [-62.76316327999996, -6.310019759999932], [-62.76323316999998, -6.310130799999968], [-62.76330391999994, -6.310241529999928], [-62.76337063999995, -6.310345129999973], [-62.76342635999998, -6.310441819999937], [-62.76347412999996, -6.310533919999955], [-62.76353518999997, -6.310617299999933], [-62.76360312999998, -6.310706859999925], [-62.76366909999996, -6.3108100599999375], [-62.76373856999999, -6.310919509999962], [-62.763808609999955, -6.311037489999933], [-62.76388000999998, -6.311158239999941], [-62.76395312999995, -6.311271069999975], [-62.76402583999999, -6.311370539999928], [-62.76408035999998, -6.311468589999947], [-62.76413255999995, -6.3115636199999585], [-62.764185709999936, -6.311663459999977], [-62.76425326999998, -6.311773379999977], [-62.764328329999955, -6.311877599999946], [-62.76439293999994, -6.311982849999936], [-62.76444965999997, -6.312092799999959], [-62.76451782999993, -6.312209209999935], [-62.764595629999974, -6.31232542999993], [-62.764662219999934, -6.312443249999944], [-62.76473293999999, -6.312557819999938], [-62.76480792999996, -6.312672199999952], [-62.76488453999997, -6.3127858799999785], [-62.764953469999966, -6.312902899999926], [-62.76502383999997, -6.31302071999994], [-62.765103489999944, -6.313140569999973], [-62.76517953999996, -6.313264099999969], [-62.765261599999974, -6.313384939999935], [-62.76533886999994, -6.313501879999933], [-62.765408529999945, -6.313616469999943], [-62.76547767999995, -6.313726689999953], [-62.765546649999976, -6.313834069999928], [-62.76561042999998, -6.313943619999975], [-62.765675999999985, -6.314057279999929], [-62.76574311999997, -6.31416792999994], [-62.76581078999993, -6.314280779999933], [-62.765880609999954, -6.314396119999969], [-62.76595105999996, -6.314515569999969], [-62.76602081999994, -6.314636269999937], [-62.766096749999974, -6.314754759999971], [-62.76617589999995, -6.314870479999968], [-62.76625562999993, -6.314982769999972], [-62.76633620999996, -6.315098349999971], [-62.76640795999998, -6.31521915999997], [-62.76647019999996, -6.315343839999969], [-62.76654160999993, -6.315466489999949], [-62.76661441999994, -6.31558900999994], [-62.76668737999995, -6.315709229999925], [-62.76675728999999, -6.315828969999927], [-62.76683000999998, -6.315951189999964], [-62.766905289999954, -6.316074699999945], [-62.766985259999956, -6.316195209999933], [-62.76706372999996, -6.316316899999947], [-62.767141839999965, -6.316438139999946], [-62.76721530999998, -6.316560249999952], [-62.767288779999944, -6.3166826599999695], [-62.76736262999998, -6.316805469999963], [-62.76743959999993, -6.316926999999964], [-62.76751614999995, -6.317047789999947], [-62.76759076999997, -6.317165629999977], [-62.767665189999946, -6.317285109999943], [-62.76774111999998, -6.317409729999952], [-62.767816839999966, -6.317534839999951], [-62.76789063999996, -6.317656949999957], [-62.767968819999965, -6.317774609999958], [-62.76804320999997, -6.317894139999964], [-62.76811682999994, -6.3180148399999325], [-62.76819102999997, -6.318136509999931], [-62.76826751999994, -6.318259479999938], [-62.76834262999995, -6.318385169999942], [-62.76841724999997, -6.318512329999976], [-62.76849126999997, -6.318636389999938], [-62.76856724999993, -6.318757169999969], [-62.76864808999994, -6.318879979999963], [-62.768724529999986, -6.319005889999971], [-62.76879951999996, -6.319129689999954], [-62.768873439999936, -6.319252629999937], [-62.76894925999994, -6.319375789999981], [-62.76902618999998, -6.319500999999946], [-62.76910508999998, -6.31962668999995], [-62.76917986999996, -6.319753869999943], [-62.76925706999998, -6.31988038999998], [-62.769335859999956, -6.320007309999937], [-62.76941114999994, -6.320132869999952], [-62.769486789999974, -6.320257149999975], [-62.76956218999999, -6.320376519999968], [-62.76963963999998, -6.320489109999926], [-62.769713009999975, -6.320592169999941], [-62.76977976999996, -6.320693049999932], [-62.76984471999998, -6.3208005199999775], [-62.76991386999998, -6.320917649999956], [-62.76998587999998, -6.321038059999978], [-62.77006180999996, -6.321157579999976], [-62.77013632999996, -6.32128199999994], [-62.770205749999946, -6.321408779999956], [-62.77027093999993, -6.321532179999963], [-62.77034566999998, -6.321646319999957], [-62.770425329999966, -6.321761599999945], [-62.77049606999998, -6.3218811299999516], [-62.77056180999995, -6.322001379999961], [-62.77063515999998, -6.322115839999981], [-62.770714029999965, -6.322230139999931], [-62.77078709999995, -6.322352979999948], [-62.77086036999998, -6.322475969999971], [-62.770941569999934, -6.322596189999956], [-62.77102173999998, -6.322714249999933], [-62.77109968999997, -6.322821909999959], [-62.77116585999994, -6.3229288699999415], [-62.771226329999934, -6.3230396499999415], [-62.77128598999997, -6.32315645999995], [-62.77134173999997, -6.323274569999967], [-62.77140502999998, -6.323387159999925], [-62.77147070999996, -6.323495059999971], [-62.77154072999997, -6.323595539999928], [-62.77161425999998, -6.323692439999945], [-62.771689169999945, -6.3237907799999675], [-62.77175288999996, -6.323894379999956], [-62.77181194999997, -6.32400003999993], [-62.77187895999998, -6.324111609999932], [-62.77194936999996, -6.324225329999933], [-62.772019839999984, -6.324338429999955], [-62.772082499999954, -6.324447199999952], [-62.772140469999954, -6.324550719999934], [-62.77219231999999, -6.3246507199999655], [-62.77224156999995, -6.324741189999941], [-62.77228920999994, -6.324822509999933], [-62.77233122999996, -6.324899779999953], [-62.77237802999997, -6.32497989999996], [-62.77243612999996, -6.32505625999994], [-62.772494009999946, -6.325119679999943], [-62.77253889999997, -6.325171119999936], [-62.772565429999986, -6.325215709999952], [-62.772583279999935, -6.325258819999931], [-62.77260462999993, -6.32531113999994], [-62.772646099999974, -6.325381499999935], [-62.77270684999996, -6.325484589999974], [-62.77277497999995, -6.3256040099999495], [-62.772836439999935, -6.325715829999979], [-62.772908289999975, -6.325822229999972], [-62.772987419999936, -6.325926659999936], [-62.77305934999998, -6.326030199999934], [-62.77312833999997, -6.32613817999993], [-62.77319636999994, -6.3262516799999275], [-62.77326412999997, -6.32636746999998], [-62.77333319999997, -6.326486649999936], [-62.773400239999944, -6.326604049999958], [-62.77346669999997, -6.326724619999936], [-62.77353790999996, -6.326841559999934], [-62.77361529999996, -6.32695777999993], [-62.773689639999986, -6.327071989999979], [-62.77376089999996, -6.327184719999934], [-62.77383140999996, -6.327292669999963], [-62.773904389999984, -6.327399119999939], [-62.77397494999997, -6.327512199999944], [-62.77403470999997, -6.3276277699999355], [-62.774097179999956, -6.327741489999937], [-62.77416849999997, -6.327851039999928], [-62.77424344999997, -6.327953729999933], [-62.77431224999998, -6.328057009999952], [-62.77437894999997, -6.32816631999998], [-62.774445319999984, -6.328281629999935], [-62.77452083999998, -6.328394279999941], [-62.77459051999995, -6.328500679999934], [-62.77466098999997, -6.328608439999925], [-62.77472717999996, -6.3287163099999475], [-62.774798019999935, -6.328823429999943], [-62.774860339999975, -6.328928949999977], [-62.774918309999975, -6.329028279999932], [-62.774976899999956, -6.329129959999932], [-62.77503650999995, -6.329228629999932], [-62.775096419999954, -6.329325819999951], [-62.77515411999997, -6.329419629999961], [-62.775207259999945, -6.329505969999957], [-62.775255449999975, -6.329585799999961], [-62.77530165999997, -6.329660369999942], [-62.77534134999996, -6.329731419999973], [-62.775376419999986, -6.329802679999943], [-62.77542458999994, -6.329889979999962], [-62.77548320999995, -6.329977759999963], [-62.77554709999998, -6.330067909999968], [-62.775620629999935, -6.33017252999997], [-62.77569314999994, -6.330279649999966], [-62.77576106999999, -6.330394189999936], [-62.77583484999997, -6.330511559999934], [-62.775909239999976, -6.330631159999939], [-62.77598604999997, -6.330754239999976], [-62.77606436999997, -6.330883079999978], [-62.776141259999974, -6.33101156999993], [-62.77622028999997, -6.331133879999925], [-62.776290449999976, -6.331255909999925], [-62.776358579999965, -6.331371569999931], [-62.776420419999965, -6.331481759999974], [-62.77648419999997, -6.331580749999944], [-62.77654307999995, -6.331676239999979], [-62.77660688999998, -6.331779439999934], [-62.77667918999998, -6.3318888299999685], [-62.77674625999998, -6.332003309999948], [-62.77681316999997, -6.332120359999976], [-62.77687769999994, -6.332239139999956], [-62.77693750999998, -6.332355389999975], [-62.77700058999994, -6.33246762999994], [-62.777070599999945, -6.3325788599999555], [-62.77714162999996, -6.332689349999953], [-62.77721423999998, -6.332800259999942], [-62.777285769999935, -6.332909649999976], [-62.77735465999996, -6.3330206399999724], [-62.77742482999997, -6.3331342699999595], [-62.77749725999996, -6.333251799999971], [-62.77757111999995, -6.333373589999951], [-62.77764440999994, -6.333493889999943], [-62.77771857999994, -6.333605579999926], [-62.777789189999964, -6.333709389999967], [-62.77786142999997, -6.33379900999995], [-62.777918789999944, -6.333883189999938], [-62.77797297999996, -6.333967659999928], [-62.77803536999994, -6.334069949999957], [-62.778101419999985, -6.334178379999969], [-62.77816871999994, -6.3342861699999276], [-62.77823299999994, -6.334388649999937], [-62.77829226999995, -6.3344911799999295], [-62.77834921999994, -6.334599819999937], [-62.77841115999996, -6.334704139999928], [-62.778468259999954, -6.334804599999927], [-62.77852048999995, -6.334908219999932], [-62.778576519999945, -6.3350123799999665], [-62.77863770999994, -6.335119799999973], [-62.77870630999996, -6.335224709999977], [-62.778778759999966, -6.335331829999973], [-62.77884764999993, -6.335443429999941], [-62.778915619999964, -6.335554689999981], [-62.778992089999974, -6.335660849999954], [-62.77906303999998, -6.335773309999979], [-62.77913835999993, -6.335889239999972], [-62.779218259999936, -6.336005909999926], [-62.779289269999936, -6.336127069999975], [-62.779363589999946, -6.3362474699999325], [-62.779439029999935, -6.336370019999947], [-62.77951099999996, -6.3364925899999776], [-62.77957916999998, -6.336612889999969], [-62.779637079999986, -6.336733459999948], [-62.77969459999997, -6.3368527499999345], [-62.77976113999995, -6.336970909999934], [-62.77983531999996, -6.337093159999938], [-62.77991641999995, -6.337212989999955], [-62.77999946999995, -6.337328569999954], [-62.78008374999996, -6.337436349999962], [-62.78017046999997, -6.337538169999959], [-62.78024661999996, -6.337653559999978], [-62.78032024999993, -6.33777465999998], [-62.78038978999996, -6.337896269999931], [-62.78045450999997, -6.338017239999942], [-62.78052397999994, -6.338140369999962], [-62.78059811999998, -6.338265659999934], [-62.78067598999996, -6.338392069999941], [-62.780748089999975, -6.338517259999946], [-62.780811609999944, -6.338635849999946], [-62.78088309999998, -6.338744659999975], [-62.78103698999996, -6.338947529999928], [-62.78110637999998, -6.339041659999964], [-62.78116522999994, -6.339143019999938], [-62.78123160999996, -6.339253849999977], [-62.78130338999995, -6.339373489999957], [-62.781373309999935, -6.339495949999957], [-62.78143570999998, -6.339618949999931], [-62.78149628999995, -6.33974287999996], [-62.78156281999998, -6.33985660999997], [-62.781633269999986, -6.339965789999951], [-62.781700419999936, -6.340076219999958], [-62.78176365999997, -6.34018285999997], [-62.78182542999997, -6.3402805899999635], [-62.781891059999964, -6.340367459999925], [-62.78195460999996, -6.34045969999994], [-62.782015599999966, -6.340563139999972], [-62.782083959999966, -6.340669569999932], [-62.782146799999964, -6.340771939999968], [-62.782210059999954, -6.34087121999994], [-62.78226629999995, -6.340979619999928], [-62.78232031999994, -6.341093119999925], [-62.78238365999994, -6.341206109999973], [-62.78245743999997, -6.341319529999964], [-62.782541659999936, -6.3414291599999615], [-62.78262422999995, -6.341540019999968], [-62.78270732999994, -6.341657439999949], [-62.78279116999994, -6.3417780299999436], [-62.78287119999999, -6.34190185999995], [-62.78294440999997, -6.342028239999934], [-62.783020429999965, -6.342154169999958], [-62.78309697999998, -6.34227943999997], [-62.78317317999995, -6.3424029699999664], [-62.78324908999997, -6.342525879999926], [-62.78332268999998, -6.342646269999932], [-62.78339330999995, -6.342764969999962], [-62.783450149999965, -6.342882709999969], [-62.783506099999954, -6.342993139999976], [-62.78356656999995, -6.3430989499999555], [-62.78363140999994, -6.3432033299999375], [-62.78369854999994, -6.34331020999997], [-62.78376737999997, -6.343419759999961], [-62.78384017999997, -6.343534219999981], [-62.78391185999993, -6.343647339999961], [-62.783974539999974, -6.343761189999952], [-62.78403775999993, -6.343867349999925], [-62.784107319999976, -6.343973269999935], [-62.78418384999998, -6.344079029999932], [-62.784259359999965, -6.344194449999975], [-62.78433616999996, -6.344314539999971], [-62.78441216999994, -6.344436119999955], [-62.78448912999994, -6.344557169999973], [-62.78455954999998, -6.344677899999965], [-62.784631229999945, -6.344800579999969], [-62.784706089999986, -6.344920959999968], [-62.784772059999966, -6.34503744999995], [-62.78483883999996, -6.34514360999998], [-62.78490345999995, -6.345238639999934], [-62.78495230999994, -6.345332689999964], [-62.784998379999934, -6.345424869999931], [-62.78504171999998, -6.345505049999929], [-62.785081969999965, -6.345568709999952], [-62.78512078999995, -6.345619479999925], [-62.78515029999994, -6.345667989999981], [-62.78517066999996, -6.345710629999928], [-62.785185189999936, -6.345737809999946], [-62.78520019999996, -6.3457626199999595], [-62.78521719999998, -6.345787169999937], [-62.785228219999965, -6.345808429999977], [-62.78524027999998, -6.345824869999944], [-62.78525874999997, -6.345848049999972], [-62.78527613999995, -6.345871579999937], [-62.785286929999984, -6.34588580999997], [-62.78530185999995, -6.345910749999973], [-62.78533159999995, -6.345960299999945], [-62.78537933999996, -6.346034789999976], [-62.78544094999995, -6.346133159999965], [-62.78551130999995, -6.346242279999956], [-62.78558020999998, -6.346362719999945], [-62.785651609999945, -6.346484269999962], [-62.785728259999985, -6.346600729999977], [-62.78580402999995, -6.346715489999951], [-62.78587610999995, -6.34683076999994], [-62.78593828999993, -6.3469434199999455], [-62.78600093999995, -6.34705189999994], [-62.786076159999936, -6.34716568999994], [-62.78614978999997, -6.347278439999968], [-62.786215099999936, -6.347387939999976], [-62.78627633999997, -6.3474924199999805], [-62.78632920999996, -6.347592869999971], [-62.78638935999999, -6.34768779999996], [-62.78645693999994, -6.347786679999956], [-62.78651793999995, -6.347894309999958], [-62.786586529999965, -6.347995909999952], [-62.78664519999995, -6.348091259999933], [-62.786698969999975, -6.348178989999951], [-62.78676423999997, -6.348265569999967], [-62.78683246999998, -6.348367459999963], [-62.78690512999998, -6.348479759999975], [-62.78697834999997, -6.348597229999939], [-62.78705256999996, -6.348717689999944], [-62.78712637999996, -6.348839029999965], [-62.78719892999999, -6.348960699999964], [-62.78727227999997, -6.349082089999968], [-62.78734578999996, -6.349203539999962], [-62.787420279999935, -6.349324859999967], [-62.78749351999994, -6.349447639999937], [-62.787568799999974, -6.3495691199999555], [-62.78764549999994, -6.349690409999937], [-62.787720229999934, -6.349812819999954], [-62.78779609999998, -6.349934429999962], [-62.787872309999955, -6.350055769999926], [-62.787947979999956, -6.350177349999967], [-62.78802410999998, -6.350298529999975], [-62.78810112999997, -6.350419159999944], [-62.78817533999995, -6.350541269999951], [-62.78825163999994, -6.350663039999972], [-62.78832741999997, -6.350785559999963], [-62.78840272999997, -6.3509083699999564], [-62.788478399999974, -6.351031339999963], [-62.78855491999997, -6.3511541699999725], [-62.78863315999996, -6.351277119999963], [-62.78871235999998, -6.351400189999936], [-62.78879092999995, -6.351520979999975], [-62.788859059999936, -6.351636739999947], [-62.78892457999996, -6.351749339999969], [-62.78899400999995, -6.351866169999937], [-62.789066359999936, -6.351980499999968], [-62.78913828999998, -6.352080789999945], [-62.78920094999995, -6.352175479999971], [-62.78926001999997, -6.352280089999965], [-62.78932942999995, -6.352395459999968], [-62.789404529999956, -6.352513139999928], [-62.78948073999999, -6.352633629999957], [-62.78954969999995, -6.352747929999964], [-62.78961128999998, -6.352853049999965], [-62.78967018999998, -6.352947049999955], [-62.78972530999994, -6.35303652999994], [-62.78978983999997, -6.35313868999998], [-62.78986126999996, -6.353249499999947], [-62.78993829999996, -6.353365049999979], [-62.79001821999998, -6.353485109999951], [-62.79009107999997, -6.353602449999926], [-62.79015720999996, -6.353715339999951], [-62.790229599999975, -6.353827259999946], [-62.79030827999998, -6.353939079999975], [-62.79038955999994, -6.354052629999956], [-62.79047370999996, -6.354165999999964], [-62.790558629999964, -6.35427956999996], [-62.79064437999995, -6.354392939999968], [-62.79073140999998, -6.3545058799999765], [-62.79081849999994, -6.354618759999937], [-62.79090751999996, -6.354730849999953], [-62.79099692999995, -6.354842479999945], [-62.791088239999965, -6.354952989999958], [-62.79118194999995, -6.355062399999952], [-62.79127667999995, -6.355171469999959], [-62.79137418999994, -6.355278619999979], [-62.79147223999996, -6.355385289999958], [-62.79157214999998, -6.355491349999966], [-62.79167352999997, -6.355596089999949], [-62.791775349999966, -6.355700439999964], [-62.79187830999996, -6.35580312999997], [-62.79198201999998, -6.355905319999977], [-62.79208466999995, -6.356006569999977], [-62.792187859999956, -6.356107769999937], [-62.79229458999998, -6.356209609999951], [-62.79240255999997, -6.3563116299999365], [-62.79250994999995, -6.35640978999993], [-62.792610999999965, -6.356501469999955], [-62.79270287999998, -6.356587779999927], [-62.792784979999965, -6.356668139999954], [-62.79286062999995, -6.356744309999954], [-62.792948869999975, -6.356826969999929], [-62.793048219999946, -6.356922269999927], [-62.793152659999976, -6.357022209999968], [-62.79325911999996, -6.357123089999959], [-62.79336612999998, -6.35722407999998], [-62.793472479999934, -6.357324689999928], [-62.793578869999976, -6.357422689999964], [-62.79367781999997, -6.357518519999928], [-62.79377059999996, -6.35760597999996], [-62.79385875999998, -6.357683359999953], [-62.793942079999965, -6.357763099999943], [-62.794023849999974, -6.357843619999926], [-62.794107199999985, -6.357918169999948], [-62.794192599999974, -6.35799185999997], [-62.79428739999997, -6.358083639999961], [-62.794385389999945, -6.358176569999955], [-62.79449329999994, -6.3582620799999745], [-62.79459801999997, -6.358356499999957], [-62.79470391999996, -6.358453969999971], [-62.794809579999935, -6.358553589999929], [-62.79491482999998, -6.358655619999979], [-62.79502107999997, -6.358753849999971], [-62.79512522999994, -6.358846969999945], [-62.79522580999998, -6.358936109999945], [-62.79531689999993, -6.3590169799999785], [-62.79540068999995, -6.359094699999957], [-62.79548680999994, -6.3591769799999724], [-62.79558647999994, -6.3592723099999375], [-62.795687649999934, -6.359373399999981], [-62.79579068999993, -6.359468409999977], [-62.795898189999946, -6.3595640299999445], [-62.796006069999976, -6.359667229999957], [-62.796111749999966, -6.359773019999977], [-62.79621887999997, -6.359868379999966], [-62.79632173999994, -6.359958239999969], [-62.79641419999996, -6.360044329999937], [-62.79649810999996, -6.360123249999958], [-62.796580269999936, -6.360205269999938], [-62.79667012999994, -6.360289869999974], [-62.796763529999964, -6.360378689999948], [-62.796863719999976, -6.360469139999964], [-62.79696463999994, -6.360568149999949], [-62.797070549999944, -6.360667639999974], [-62.79717920999997, -6.360765529999981], [-62.797288599999945, -6.360862829999974], [-62.797398129999976, -6.3609606199999575], [-62.79750686999995, -6.361058319999927], [-62.79761487999997, -6.361156319999964], [-62.79772256999996, -6.361253489999967], [-62.79782757999993, -6.361350849999951], [-62.79792945999998, -6.361446709999939], [-62.79802825999997, -6.3615389999999366], [-62.79812178999998, -6.361624529999972], [-62.79820509999996, -6.361706499999968], [-62.79828790999994, -6.361784429999943], [-62.79837203999995, -6.361862869999925], [-62.79846055999997, -6.361942749999969], [-62.79855495999993, -6.362027009999963], [-62.79865418999998, -6.362117779999949], [-62.798756949999984, -6.3622137999999495], [-62.79885885999994, -6.362312329999952], [-62.798961489999954, -6.3624099799999385], [-62.79906546999996, -6.362506589999953], [-62.79916930999997, -6.36260244999994], [-62.79927289999995, -6.362699219999968], [-62.79937593999995, -6.362796179999975], [-62.79947981999999, -6.362892519999946], [-62.79958445999995, -6.362990889999935], [-62.799689049999984, -6.3630893999999785], [-62.79979423999998, -6.363186669999948], [-62.79989949999998, -6.363282829999946], [-62.800003009999955, -6.363377759999935], [-62.80010453999995, -6.363470259999929], [-62.800205769999934, -6.363557349999951], [-62.800296669999966, -6.3636421899999505], [-62.80038770999994, -6.363722739999957], [-62.800473919999945, -6.363800939999976], [-62.800552169999946, -6.3638758599999505], [-62.80062308999999, -6.363941889999978], [-62.80068646999996, -6.36400298999996], [-62.80074893999995, -6.364067339999963], [-62.800814299999956, -6.36413430999994], [-62.80088613999993, -6.364193109999974], [-62.80095325999997, -6.364247859999978], [-62.80102070999993, -6.364307489999931], [-62.80110786999995, -6.364388549999944], [-62.80121064999997, -6.364483079999957], [-62.80131585999993, -6.364579739999954], [-62.801420779999944, -6.364676859999975], [-62.80152357999998, -6.364774929999953], [-62.80159547899996, -6.364842873999976]]}}, {"id": "1", "type": "Feature", "properties": {"id_trecho_": 155287, "vl_br": "319", "sg_uf": "AM", "nm_tipo_tr": "Eixo Principal", "sg_tipo_tr": "B", "vl_codigo": "319BAM0160", "ds_local_i": "IGARAP\u00c9 PIQUI\u00c1", "ds_local_f": "IGARAP\u00c9 PURUZINHO", "vl_km_inic": 513.1, "vl_km_fina": 522.0, "vl_extensa": 8.9, "ds_sup_fed": "IMP", "ds_coinc": null, "ds_tipo_ad": null, "est_coinc": null, "sup_est_co": null, "ds_jurisdi": "FEDERAL-N_PAV", "ds_superfi": "N_PAV", "ds_legenda": "Implantada", "sg_legenda": "IMP", "leg_multim": "Implantada", "versao_snv": "201612A", "id_versao": 33, "marcador": "TRECHO DO MEIO"}, "geometry": {"type": "LineString", "coordinates": [[-62.80159547899996, -6.364842873999976], [-62.80162809999996, -6.3648736999999755], [-62.80173560999998, -6.364973589999977], [-62.801842429999965, -6.3650734299999385], [-62.80194874999995, -6.365172039999948], [-62.802055079999946, -6.365268969999931], [-62.80216083999994, -6.36536547999998], [-62.80226583999996, -6.36546218999996], [-62.802369459999966, -6.365561179999929], [-62.80247443999997, -6.3656597399999555], [-62.802580139999975, -6.365758399999947], [-62.80268984999998, -6.3658556799999815], [-62.80279783999998, -6.365952609999965], [-62.80290163999996, -6.366051139999968], [-62.80300311999997, -6.366149269999937], [-62.803102009999975, -6.366245929999934], [-62.803204369999946, -6.366343899999947], [-62.80330381999994, -6.366433229999927], [-62.80340297999999, -6.36652289999995], [-62.80349740999998, -6.366611269999964], [-62.803584469999976, -6.366691309999965], [-62.80366109999994, -6.36676953999995], [-62.80373611999994, -6.36684103999994], [-62.80380764999995, -6.36690557999998], [-62.803887429999975, -6.366973189999953], [-62.80398101999998, -6.367056319999961], [-62.80408633999997, -6.367151779999972], [-62.80419261999998, -6.367251539999927], [-62.80429693999997, -6.36734998999998], [-62.804397439999946, -6.367444519999935], [-62.80449694999999, -6.367536249999944], [-62.804596309999965, -6.36762650999998], [-62.80469726999996, -6.367718819999936], [-62.80479965999996, -6.36781265999997], [-62.80490139999995, -6.367907589999959], [-62.80500246999998, -6.368002169999954], [-62.805102759999954, -6.368094269999972], [-62.80519861999994, -6.368182579999939], [-62.805286989999956, -6.3682653699999605], [-62.80536729999994, -6.36834314999993], [-62.80544745999998, -6.36841413999997], [-62.80553066999994, -6.3684882299999686], [-62.80561247999998, -6.368565369999942], [-62.80568673999994, -6.368639649999977], [-62.80575669999996, -6.368707549999954], [-62.805826199999956, -6.368773229999931], [-62.80591013999998, -6.368846149999968], [-62.80600075999996, -6.368925979999972], [-62.80609506999997, -6.36900903999998], [-62.806192109999984, -6.369094599999926], [-62.80628391999994, -6.369180029999939], [-62.80636651999998, -6.3692685299999425], [-62.80645334999997, -6.369349479999926], [-62.80653773999995, -6.369422079999936], [-62.80661194999993, -6.3694953899999405], [-62.80668459999998, -6.369559559999971], [-62.806749009999976, -6.369621489999929], [-62.80680959999995, -6.369678259999944], [-62.80687341999999, -6.369724769999948], [-62.806930739999984, -6.369773109999926], [-62.80698652999996, -6.369830979999961], [-62.80705670999998, -6.369905449999976], [-62.80713620999995, -6.369975159999967], [-62.807213039999965, -6.370040229999972], [-62.80728457999999, -6.370106829999941], [-62.80735506999997, -6.37017469999995], [-62.80742465999998, -6.370237059999965], [-62.80748466999995, -6.370297619999974], [-62.80754062999995, -6.370353249999937], [-62.80759532999997, -6.370396439999979], [-62.80765150999997, -6.370436199999972], [-62.80771594999999, -6.37048085999993], [-62.80779198999994, -6.370528669999942], [-62.807875699999954, -6.370578059999957], [-62.80794619999995, -6.370623759999944], [-62.80800358999994, -6.370665619999954], [-62.80805498999996, -6.370710979999956], [-62.80809197999997, -6.37075294999994], [-62.808129779999945, -6.370791349999934], [-62.80815248999994, -6.370813589999955], [-62.80817627999994, -6.370835449999959], [-62.80820767999995, -6.370858599999963], [-62.808247549999976, -6.370896459999926], [-62.808273619999966, -6.370919009999966], [-62.80830410999994, -6.370945579999955], [-62.80835645999997, -6.370993449999958], [-62.808416319999935, -6.37104506999998], [-62.80844935999994, -6.371073939999974], [-62.808469669999965, -6.3710916799999495], [-62.80850804999994, -6.371133569999927], [-62.80855153999994, -6.371175269999981], [-62.808606269999984, -6.3712280499999565], [-62.80866844999997, -6.371289229999945], [-62.80872162999998, -6.371350719999953], [-62.80876757999994, -6.371401359999936], [-62.80880417999998, -6.371443389999968], [-62.80883589999996, -6.371484339999938], [-62.80886564999997, -6.3715257499999325], [-62.80889745999997, -6.371570919999954], [-62.80894393999995, -6.371626569999933], [-62.809002489999955, -6.37168510999993], [-62.80906902999993, -6.371745269999963], [-62.80913806999996, -6.371810559999972], [-62.80920249999997, -6.3718695299999695], [-62.80925799999994, -6.37192626999996], [-62.80931263999997, -6.371981719999951], [-62.80938557999997, -6.372048179999979], [-62.80947218999995, -6.372121569999933], [-62.809563809999986, -6.372200679999935], [-62.80965324999994, -6.372287659999927], [-62.80974704999994, -6.372374319999949], [-62.80984175999998, -6.372465299999931], [-62.80993824999996, -6.372558039999944], [-62.81003856999996, -6.372650029999932], [-62.81013877999993, -6.372744139999952], [-62.81023893999998, -6.3728391499999475], [-62.81034013999994, -6.372935219999931], [-62.81043998999996, -6.373027319999949], [-62.81053398999995, -6.373114189999967], [-62.81061866999994, -6.373192149999966], [-62.81069409999998, -6.373263999999949], [-62.81076840999998, -6.373335849999933], [-62.810859139999934, -6.373420189999933], [-62.81094946999997, -6.373507219999965], [-62.81103793999995, -6.373588699999971], [-62.81112768999998, -6.3736708299999805], [-62.81121620999994, -6.373751909999953], [-62.81130895999996, -6.373837769999966], [-62.811406989999966, -6.373928769999964], [-62.811507259999985, -6.37402265999998], [-62.811601819999964, -6.374109269999963], [-62.811688379999964, -6.374189229999956], [-62.81177657999996, -6.374267449999934], [-62.81186481999998, -6.374352669999951], [-62.811957889999974, -6.3744338899999775], [-62.81205348999998, -6.374516489999962], [-62.81214370999999, -6.37459948999998], [-62.812232079999944, -6.374683699999935], [-62.81232653999996, -6.374775319999969], [-62.81242359999993, -6.37486789999997], [-62.812524209999935, -6.374957729999949], [-62.812632349999944, -6.3750453799999605], [-62.81273943999997, -6.375143929999979], [-62.81284585999998, -6.375245369999959], [-62.81294798999994, -6.375340909999977], [-62.81305088999994, -6.3754377099999715], [-62.81315450999995, -6.375534689999938], [-62.813258779999956, -6.375632529999962], [-62.81336281999995, -6.375729039999953], [-62.813466139999946, -6.375823319999938], [-62.813567819999946, -6.375915959999929], [-62.813661309999986, -6.376001259999953], [-62.81374625999996, -6.376081269999929], [-62.81382836999995, -6.376160299999981], [-62.81391495999998, -6.376243539999962], [-62.81400814999995, -6.37633083999998], [-62.81410426999997, -6.376418399999977], [-62.81419316999995, -6.376499139999964], [-62.81427213999996, -6.376574429999948], [-62.81434654999998, -6.376638919999948], [-62.81441961999997, -6.376702709999961], [-62.814492679999944, -6.376771069999961], [-62.81456831999998, -6.376845369999955], [-62.81465062999996, -6.376919249999958], [-62.81473642999998, -6.376994619999948], [-62.81482528999999, -6.377076239999951], [-62.814914889999955, -6.3771609199999375], [-62.81500428999993, -6.377249709999944], [-62.81510068999995, -6.377338589999965], [-62.815199459999974, -6.3774298899999735], [-62.81530217999995, -6.37752409999996], [-62.81541023999995, -6.377620729999933], [-62.81552044999995, -6.377719739999975], [-62.81562668999999, -6.37781562999993], [-62.81572417999996, -6.37790855999998], [-62.81581928999998, -6.378001299999937], [-62.81591734999995, -6.3780978799999275], [-62.816019349999976, -6.3781956099999775], [-62.81612125999993, -6.378291259999969], [-62.81622311999996, -6.378382619999968], [-62.81632216999998, -6.3784738899999525], [-62.816416939999954, -6.378564099999949], [-62.81650921999994, -6.378652009999939], [-62.816600079999944, -6.378742479999971], [-62.81669812999996, -6.378832769999974], [-62.81679746999998, -6.378924979999965], [-62.81690110999995, -6.379015799999934], [-62.81700490999998, -6.379106909999962], [-62.81710839999994, -6.379199359999973], [-62.81721059999995, -6.379292289999967], [-62.81731185999996, -6.37938891999994], [-62.81741217999996, -6.379487909999966], [-62.81751773999997, -6.3795878299999345], [-62.81762869999994, -6.379687339999975], [-62.81773784999996, -6.379785629999958], [-62.817841459999954, -6.379883119999931], [-62.81794216999998, -6.3799766399999385], [-62.81803865999996, -6.380066129999932], [-62.81813430999995, -6.3801524899999436], [-62.81823400999997, -6.3802445099999545], [-62.818336399999964, -6.380341119999969], [-62.81843999999995, -6.380438399999946], [-62.81854152999995, -6.380533989999947], [-62.818643329999986, -6.380624679999926], [-62.81874332999996, -6.380710939999972], [-62.81884069999995, -6.380792389999954], [-62.81893051999998, -6.380879109999967], [-62.819021099999986, -6.380972619999966], [-62.819122069999935, -6.381065759999956], [-62.81922886999996, -6.381159439999976], [-62.81933653999994, -6.381255669999973], [-62.81944348999997, -6.38135307999994], [-62.819547529999966, -6.381451479999953], [-62.81965115999998, -6.381549159999963], [-62.819754569999986, -6.3816453099999535], [-62.81985701999997, -6.381740539999953], [-62.81995840999997, -6.3818370699999605], [-62.82005874999999, -6.381935649999946], [-62.82015937999995, -6.382032049999964], [-62.82026261999994, -6.382122519999939], [-62.82036469999997, -6.382215099999939], [-62.82046683999994, -6.38230791999996], [-62.82056997999996, -6.382399539999938], [-62.82067568999997, -6.382492069999955], [-62.82077611999995, -6.382582139999954], [-62.820870739999975, -6.38266385999998], [-62.820957299999975, -6.3827475599999275], [-62.821043809999935, -6.382839159999946], [-62.821135519999984, -6.3829359799999565], [-62.821246429999974, -6.383023969999954], [-62.82135587999994, -6.383119059999956], [-62.821463139999935, -6.383215079999957], [-62.82156723999998, -6.383311669999955], [-62.821668219999935, -6.383407879999936], [-62.82176414999998, -6.38349962999996], [-62.82186195999998, -6.3835922599999435], [-62.821965399999954, -6.383690239999964], [-62.82207097999998, -6.383790019999935], [-62.82217443999997, -6.383881319999944], [-62.822275839999975, -6.383962639999936], [-62.82236471999994, -6.384047409999937], [-62.82245838999995, -6.384133399999939], [-62.822553109999944, -6.384221279999963], [-62.82264240999996, -6.384303109999962], [-62.82272254999998, -6.384380109999938], [-62.82279750999999, -6.384449589999974], [-62.82287298999995, -6.384515029999932], [-62.82294442999995, -6.3845808499999634], [-62.82300987999997, -6.384646219999979], [-62.82307770999995, -6.384714519999932], [-62.823156739999945, -6.384787949999975], [-62.823237209999945, -6.3848608699999545], [-62.823318109999946, -6.384931429999938], [-62.82339668999998, -6.385012379999978], [-62.823481449999974, -6.385090659999946], [-62.82356930999998, -6.385171259999936], [-62.823668719999944, -6.385260029999927], [-62.82376365999994, -6.3853489799999466], [-62.82385450999993, -6.3854284099999745], [-62.823940569999934, -6.38550086999993], [-62.824017209999965, -6.385576969999931], [-62.824089869999966, -6.385648949999961], [-62.82416471999994, -6.385720909999975], [-62.824249909999935, -6.385801479999941], [-62.82434209999997, -6.385889099999929], [-62.82444019999997, -6.385978719999969], [-62.824535339999954, -6.38606593999998], [-62.82462479999998, -6.386146169999961], [-62.82470614999994, -6.386219189999963], [-62.824781059999964, -6.386285679999958], [-62.82485950999995, -6.386348139999939], [-62.824940469999945, -6.386419349999926], [-62.82502438999995, -6.386498699999947], [-62.82511089999997, -6.38658012999997], [-62.82519365999997, -6.386657449999973], [-62.82527266999995, -6.386735829999964], [-62.82535206999995, -6.386810539999942], [-62.82542922999994, -6.386883559999944], [-62.825503339999955, -6.386951359999955], [-62.825570599999935, -6.387009759999955], [-62.82563210999996, -6.387061309999979], [-62.825678719999985, -6.387110029999974], [-62.825715979999984, -6.387151649999964], [-62.825747769999964, -6.387190719999978], [-62.825772589999985, -6.387214749999941], [-62.825811149999936, -6.387248839999927], [-62.82586388999994, -6.387296839999976], [-62.825930279999966, -6.387355379999974], [-62.82600030999998, -6.387416449999932], [-62.826067929999965, -6.387473969999974], [-62.82613541999996, -6.387532189999945], [-62.82621316999996, -6.387599079999973], [-62.82629903999998, -6.387680189999969], [-62.82638383999995, -6.3877675099999465], [-62.826466799999935, -6.38785181999998], [-62.82655345999996, -6.387925649999943], [-62.826636349999944, -6.388001419999966], [-62.826712999999984, -6.388084879999951], [-62.826798579999945, -6.388169049999931], [-62.82689185999993, -6.388252209999962], [-62.82698956999997, -6.38833926999996], [-62.82709096999997, -6.388425739999946], [-62.82719010999995, -6.388509279999937], [-62.82727969999996, -6.388592019999976], [-62.82736571999993, -6.3886737699999685], [-62.82745192999994, -6.388759759999971], [-62.82753938999997, -6.388848739999958], [-62.82763169999998, -6.388931549999938], [-62.82772030999996, -6.389013989999967], [-62.82780986999995, -6.389095979999979], [-62.827899739999964, -6.389172069999972], [-62.827984009999966, -6.389253419999932], [-62.82806466999995, -6.3893388599999525], [-62.82815444999994, -6.389418949999936], [-62.82825154999995, -6.389497499999948], [-62.828351699999985, -6.389579749999939], [-62.828448969999954, -6.389672329999939], [-62.828542969999944, -6.389770759999976], [-62.82863813999995, -6.3898702199999775], [-62.82873842999999, -6.389966399999935], [-62.82884091999995, -6.390064299999949], [-62.828942189999964, -6.3901553299999705], [-62.82903914999997, -6.3902442599999745], [-62.82913554999993, -6.390328539999928], [-62.82923486999994, -6.390415809999979], [-62.82933792999995, -6.390506629999948], [-62.82944472999998, -6.390599179999981], [-62.82955167999995, -6.390691119999929], [-62.829648529999986, -6.390786189999972], [-62.82973636999998, -6.390878789999931], [-62.829822939999985, -6.390968629999975], [-62.82991703999994, -6.39105109999997], [-62.83002112999998, -6.39113636999997], [-62.830124799999965, -6.391226999999958], [-62.830221939999944, -6.391324009999948], [-62.83031823999994, -6.3914204299999255], [-62.830416499999956, -6.391513199999963], [-62.830516719999935, -6.39160727999996], [-62.830619129999945, -6.391703459999974], [-62.83072360999995, -6.391797799999949], [-62.830830429999935, -6.391888379999955], [-62.83094022999995, -6.391976989999932], [-62.831042699999955, -6.392071699999974], [-62.83114527999999, -6.392160019999949], [-62.83124032999996, -6.3922452899999485], [-62.83132330999996, -6.392329249999932], [-62.831406569999956, -6.392413079999926], [-62.83148620999998, -6.392495899999972], [-62.83156500999996, -6.392569189999961], [-62.831645339999966, -6.392646529999979], [-62.83172252999998, -6.392719399999976], [-62.83180291999997, -6.3927911899999685], [-62.83188912999998, -6.392861099999948], [-62.83196805999995, -6.392924199999925], [-62.83203046999995, -6.392990279999935], [-62.832084099999975, -6.393065069999977], [-62.83215905999998, -6.393135639999969], [-62.83225743999998, -6.393214399999977], [-62.83235535999995, -6.393305939999948], [-62.83245722999993, -6.393400869999937], [-62.83256154999998, -6.39349421999998], [-62.83266711999994, -6.3935873699999775], [-62.832770359999984, -6.393684879999967], [-62.83286451999999, -6.393784609999955], [-62.832960609999986, -6.393870999999933], [-62.83305046999993, -6.393948009999974], [-62.83314044999997, -6.394025699999929], [-62.83322500999998, -6.3941063899999335], [-62.83330991999998, -6.3941849499999535], [-62.83339857999994, -6.394265999999959], [-62.83347802999998, -6.394348799999932], [-62.83355904999996, -6.394429909999928], [-62.83364590999997, -6.394511959999932], [-62.833744009999975, -6.3945986999999604], [-62.833853949999934, -6.3946964399999615], [-62.83396246999996, -6.394791519999956], [-62.834067019999964, -6.394877869999959], [-62.83416071999994, -6.394960969999943], [-62.83424970999994, -6.3950490899999295], [-62.834349549999956, -6.395144419999951], [-62.834456639999985, -6.395240069999943], [-62.834557459999985, -6.395327059999943], [-62.83464539999994, -6.395409549999954], [-62.83473120999997, -6.395491679999964], [-62.83481014999995, -6.395571109999935], [-62.834892999999965, -6.395645009999953], [-62.83497924999995, -6.395722969999952], [-62.835072149999974, -6.395803239999964], [-62.83516195999994, -6.395885799999974], [-62.83524313999993, -6.395962589999954], [-62.83531512999997, -6.396033849999981], [-62.83538459999994, -6.3961038499999745], [-62.835466989999986, -6.396183399999927], [-62.83556689999995, -6.3962770899999555], [-62.83567009999996, -6.3963733099999445], [-62.83577521999996, -6.396470199999953], [-62.83588028999998, -6.396568449999961], [-62.835983889999966, -6.39666681999995], [-62.83608928999996, -6.396763109999938], [-62.836195809999936, -6.396858389999977], [-62.83630175999997, -6.3969551799999635], [-62.83641018999998, -6.39705164999998], [-62.83651886999996, -6.397150519999968], [-62.83662609999993, -6.397254539999949], [-62.83673244999994, -6.397352639999951], [-62.836834109999984, -6.397440729999971], [-62.83692768999998, -6.397521839999968], [-62.83701490999994, -6.397595339999953], [-62.83709258999994, -6.397663359999967], [-62.83716051999994, -6.3977321799999345], [-62.83723611999994, -6.39780731999997], [-62.83732310999994, -6.397885729999928], [-62.837413209999966, -6.3979647399999635], [-62.83750355999996, -6.3980477099999575], [-62.83759625999994, -6.398134709999965], [-62.837692699999934, -6.398225489999959], [-62.837791179999954, -6.3983204699999305], [-62.83789298999994, -6.398415539999974], [-62.83799554999996, -6.39851294999994], [-62.838098739999964, -6.398610499999961], [-62.83820094999999, -6.398704309999971], [-62.83830287999996, -6.398798589999956], [-62.83840594999998, -6.398894609999957], [-62.838510439999936, -6.398994129999949], [-62.83861883999998, -6.399088999999947], [-62.838719579999974, -6.399183319999963], [-62.838813039999934, -6.39926971999995], [-62.838899709999964, -6.399347339999963], [-62.838979689999974, -6.399417249999942], [-62.839050329999964, -6.399488969999936], [-62.83912329999998, -6.399564269999928], [-62.83920492999994, -6.39962952999997], [-62.83928807999996, -6.399706849999973], [-62.83938212999993, -6.399796529999946], [-62.83948299999997, -6.399890979999952], [-62.839591309999946, -6.399986689999935], [-62.83970197999997, -6.400081179999972], [-62.83980429999997, -6.400173919999929], [-62.83989679999996, -6.400271069999974], [-62.83999851999994, -6.400366899999938], [-62.840098669999975, -6.40045989999993], [-62.84018740999994, -6.400549919999946], [-62.84026518999997, -6.400635909999949], [-62.84034099999997, -6.4007118399999285], [-62.840414059999944, -6.4007782499999735], [-62.840486219999946, -6.4008338799999365], [-62.840551269999935, -6.40089310999997], [-62.84063533999995, -6.400966019999942], [-62.84073239999998, -6.401049999999941], [-62.84082620999993, -6.40114049999994], [-62.84091573999996, -6.401226099999974], [-62.84099808999997, -6.401304709999977], [-62.84107706999998, -6.401375259999952], [-62.841157659999965, -6.401435689999971], [-62.84123662999997, -6.401504339999974], [-62.84131655999994, -6.401570309999954], [-62.84139731999994, -6.40164735999997], [-62.841487979999954, -6.401727519999952], [-62.841580679999936, -6.401823639999975], [-62.841673379999975, -6.401926709999941], [-62.84177461999997, -6.402016809999964], [-62.84186695999995, -6.402100459999929], [-62.841957269999966, -6.4021779399999446], [-62.842035549999935, -6.402252019999935], [-62.842105309999965, -6.402314129999979], [-62.842160079999985, -6.4023679499999275], [-62.842211849999956, -6.402414379999925], [-62.84225997999994, -6.402457709999965], [-62.84230035999997, -6.40249412999998], [-62.84233299999994, -6.402523809999934], [-62.842346249999935, -6.402534159999959], [-62.84234997999994, -6.402536589999954], [-62.84236191999997, -6.402543659999935], [-62.84238028999994, -6.402560939999944], [-62.84239931999997, -6.402581029999965], [-62.84240662999997, -6.402587389999951], [-62.84241671999996, -6.40259580999998], [-62.842438759999936, -6.402615929999968], [-62.84247394999994, -6.402648119999981], [-62.842504659999975, -6.402676869999937], [-62.84254502999994, -6.402712809999969], [-62.842600069999946, -6.402763499999935], [-62.84266140999995, -6.402816429999973], [-62.84272650999998, -6.40288234999997], [-62.84281970999996, -6.402964329999975], [-62.84291061999994, -6.403067699999951], [-62.84301458999994, -6.403162699999939], [-62.84312061999998, -6.403257709999934], [-62.843225289999964, -6.403352059999975], [-62.84332614999994, -6.403445419999969], [-62.84342640999995, -6.403537379999932], [-62.84352150999996, -6.403619169999956], [-62.84360965999997, -6.403693109999949], [-62.843683959999964, -6.403765829999941], [-62.843746729999964, -6.403836099999978], [-62.84381457999996, -6.403899559999957], [-62.84388574999997, -6.403966609999941], [-62.84395519999998, -6.404034459999934], [-62.844025459999955, -6.404098069999975], [-62.844097879999936, -6.404159829999969], [-62.84416874999994, -6.404221419999942], [-62.84423430999993, -6.404281879999928], [-62.84430822999997, -6.404346929999974], [-62.84437538999998, -6.404413039999952], [-62.84444130999998, -6.40447641999998], [-62.844506329999945, -6.404537009999956], [-62.84457305999996, -6.4046010899999715], [-62.844649699999934, -6.404672479999931], [-62.84474256999994, -6.404757849999953], [-62.84484469999995, -6.404850069999952], [-62.84494979999994, -6.4049473199999625], [-62.84505876999998, -6.40504808999998], [-62.845158829999946, -6.40514498999994], [-62.84525268999994, -6.405236909999928], [-62.84535445999995, -6.405328589999954], [-62.845447229999934, -6.405414929999949], [-62.845532419999984, -6.405493879999938], [-62.84561650999996, -6.405575179999971], [-62.84570409999998, -6.405663499999946], [-62.845784469999955, -6.40574517999994], [-62.84592959999998, -6.405900289999977], [-62.84601037999994, -6.405981179999969], [-62.84609014999995, -6.406068119999929], [-62.84616994999993, -6.406151419999958], [-62.84623795999994, -6.406231889999958], [-62.84630318999996, -6.406305819999943], [-62.84638024999998, -6.406384469999978], [-62.84647420999994, -6.406480039999963], [-62.84657114999993, -6.40658155999995], [-62.846657619999974, -6.406682889999956], [-62.84673946999993, -6.406780599999934], [-62.846821929999976, -6.406871509999974], [-62.84689407999997, -6.406955699999969], [-62.846961749999934, -6.4070379299999445], [-62.84703622999996, -6.407138499999974], [-62.84712179999997, -6.407241609999971], [-62.847206109999945, -6.407347999999956], [-62.84728893999994, -6.407458589999976], [-62.84737083999994, -6.407563009999933], [-62.84745352999994, -6.407664589999968], [-62.84753399999994, -6.407769799999926], [-62.84761237999999, -6.407875469999965], [-62.84768180999998, -6.407974359999969], [-62.84774659999994, -6.408064799999977], [-62.847813379999934, -6.408156609999935], [-62.84788242999997, -6.408253609999974], [-62.84794248999998, -6.408347669999955], [-62.84800592999994, -6.408438829999966], [-62.848069789999954, -6.408525549999979], [-62.84813286999997, -6.408609669999976], [-62.84818960999996, -6.408686389999957], [-62.84825122999996, -6.408757799999933], [-62.84830505999997, -6.4088257599999565], [-62.848352939999984, -6.4088886299999785], [-62.84840240999995, -6.408952279999937], [-62.84844818999994, -6.409010519999981], [-62.84848899999997, -6.409074229999931], [-62.84853321999998, -6.4091492699999435], [-62.848583959999985, -6.409226639999929], [-62.848645819999945, -6.409313079999947], [-62.84870910999996, -6.409397489999947], [-62.84876553999999, -6.409474359999933], [-62.848816699999986, -6.409545279999975], [-62.848873809999986, -6.4096124199999736], [-62.848933029999955, -6.409683229999928], [-62.84898826999995, -6.409760269999936], [-62.84903949999995, -6.409832619999975], [-62.84908693999995, -6.409899549999977], [-62.84912813999995, -6.409966119999979], [-62.849175299999956, -6.410038809999946], [-62.849229219999984, -6.410115599999926], [-62.84928695999997, -6.410189659999958], [-62.84934028999999, -6.410258309999961], [-62.849398779999945, -6.410326339999926], [-62.84945755999996, -6.410408249999932], [-62.84951117999998, -6.410483789999944], [-62.84956082999997, -6.410554969999964], [-62.849619519999976, -6.4106330099999695], [-62.849671669999964, -6.410705069999949], [-62.84971834999993, -6.41078712999996], [-62.84977403999994, -6.410875119999957], [-62.84983725999996, -6.410961689999965], [-62.84990607999998, -6.411042619999932], [-62.849980949999974, -6.411132919999943], [-62.85005270999994, -6.411234329999957], [-62.85012250999995, -6.4113413799999535], [-62.85020117999994, -6.411453379999955], [-62.85028388999996, -6.411563329999979], [-62.85036755999994, -6.411675149999951], [-62.850461569999936, -6.411784429999955], [-62.85055102999996, -6.411898379999968], [-62.85063152999999, -6.412010359999954], [-62.85070293999996, -6.412118189999944], [-62.850773119999985, -6.412219749999963], [-62.85084803999996, -6.412330299999951], [-62.85092533999995, -6.412445999999932], [-62.85100799999998, -6.412563189999958], [-62.851091579999945, -6.412677699999961], [-62.85117657999996, -6.412781119999977], [-62.85125450999993, -6.412880879999932], [-62.85133400999996, -6.412985379999952], [-62.85140119999994, -6.413095959999964], [-62.85146587999998, -6.413203309999972], [-62.851544169999954, -6.413299199999926], [-62.851626109999984, -6.413398369999925], [-62.85169965999995, -6.413511029999938], [-62.85177865999998, -6.4136281499999654], [-62.85186421999998, -6.413743269999941], [-62.851949349999984, -6.413858219999952], [-62.85203261999993, -6.41397096999998], [-62.85211259999994, -6.414080129999945], [-62.85219024999998, -6.414187059999961], [-62.85227009999994, -6.41429710999995], [-62.85235282999997, -6.414408699999967], [-62.852435679999985, -6.414521949999937], [-62.852518689999954, -6.414636529999939], [-62.85260075999997, -6.414753059999953], [-62.852681839999946, -6.41486840999994], [-62.85276236999994, -6.414979919999951], [-62.85284195999998, -6.415089749999936], [-62.85292185999998, -6.415200099999936], [-62.85300413999994, -6.415311359999976], [-62.85308977999995, -6.4154230799999254], [-62.85317506999996, -6.415532839999969], [-62.853255599999954, -6.415638059999935], [-62.85332940999996, -6.4157452499999295], [-62.85341076999998, -6.415852729999926], [-62.85348756999997, -6.415963809999937], [-62.853567629999986, -6.416074359999925], [-62.853646169999934, -6.416192199999955], [-62.85373108999994, -6.416304759999946], [-62.85381400999995, -6.416417709999962], [-62.853895429999966, -6.4165314399999716], [-62.85397883999997, -6.41663159999996], [-62.854048569999975, -6.416728489999969], [-62.85411555999997, -6.416816129999972], [-62.854176379999956, -6.416916139999955], [-62.854248489999975, -6.417019219999929], [-62.854322309999986, -6.417120459999978], [-62.85439067999994, -6.41721261999993], [-62.85445297999996, -6.41729646999994], [-62.854508959999976, -6.417371869999954], [-62.85455904999998, -6.41744282999997], [-62.85461148999997, -6.417519119999952], [-62.85468337999998, -6.417612119999944], [-62.854753079999966, -6.417714659999945], [-62.854815549999955, -6.417809679999948], [-62.85487743999994, -6.417892729999949], [-62.85493924999997, -6.417963239999949], [-62.85499740999995, -6.418029159999946], [-62.855053219999945, -6.418104059999962], [-62.85512080999996, -6.41820053999993], [-62.855199159999984, -6.418310099999928], [-62.85528296999996, -6.418421169999931], [-62.855361769999945, -6.418529709999973], [-62.85543256999995, -6.418630089999965], [-62.85549716999998, -6.4187204599999745], [-62.85555076999998, -6.4188043299999435], [-62.85559650999994, -6.418882799999949], [-62.85565017999994, -6.4189585999999395], [-62.85571995999999, -6.419051589999981], [-62.855798609999965, -6.419155279999927], [-62.85587720999996, -6.419265779999932], [-62.85595933999997, -6.419377969999971], [-62.856040759999985, -6.419492139999932], [-62.85611695999995, -6.419606329999965], [-62.85619437999998, -6.419717409999976], [-62.85627503999996, -6.419821689999935], [-62.85635635999995, -6.41992683999996], [-62.856435999999974, -6.420028079999952], [-62.856515499999944, -6.420129309999936], [-62.856591959999946, -6.420229549999931], [-62.856663879999985, -6.4203395399999295], [-62.85674067999997, -6.420447439999975], [-62.85681669999997, -6.420555729999933], [-62.856894229999966, -6.420664899999963], [-62.85697460999995, -6.420774089999952], [-62.857055559999935, -6.420884519999959], [-62.857138059999954, -6.4209946699999705], [-62.85721980999995, -6.421105609999927], [-62.857301749999976, -6.421216419999951], [-62.85738507999997, -6.421327419999955], [-62.85747031999995, -6.421439179999936], [-62.85755272999995, -6.421554549999939], [-62.85763081999994, -6.4216734499999575], [-62.857711249999966, -6.421790599999952], [-62.857792709999956, -6.421907139999973], [-62.85787443999993, -6.422020819999943], [-62.857955249999975, -6.422129899999959], [-62.858039529999985, -6.422237769999981], [-62.85811857999994, -6.422343699999942], [-62.85818772999994, -6.422446729999933], [-62.858252739999955, -6.422542059999955], [-62.85831659999997, -6.422628479999958], [-62.858381479999935, -6.422704059999944], [-62.858434399999965, -6.422780459999956], [-62.85848759999993, -6.4228590899999745], [-62.85854152999997, -6.422931189999929], [-62.85859720999997, -6.423008429999925], [-62.85860700499995, -6.423021722999977]]}}, {"id": "2", "type": "Feature", "properties": {"id_trecho_": 155288, "vl_br": "319", "sg_uf": "AM", "nm_tipo_tr": "Eixo Principal", "sg_tipo_tr": "B", "vl_codigo": "319BAM0165", "ds_local_i": "IGARAP\u00c9 PURUZINHO", "ds_local_f": "IGARAP\u00c9 ACAR\u00c1", "vl_km_inic": 522.0, "vl_km_fina": 553.5, "vl_extensa": 31.5, "ds_sup_fed": "IMP", "ds_coinc": null, "ds_tipo_ad": null, "est_coinc": null, "sup_est_co": null, "ds_jurisdi": "FEDERAL-N_PAV", "ds_superfi": "N_PAV", "ds_legenda": "Implantada", "sg_legenda": "IMP", "leg_multim": "Implantada", "versao_snv": "201612A", "id_versao": 33, "marcador": "TRECHO DO MEIO"}, "geometry": {"type": "LineString", "coordinates": [[-62.85860700499995, -6.423021722999977], [-62.85866903999994, -6.423105909999947], [-62.85873972999997, -6.423201429999949], [-62.85880271999997, -6.423292039999978], [-62.858866269999965, -6.423374729999978], [-62.858930949999944, -6.42345985999998], [-62.858999119999964, -6.423546739999949], [-62.85906432999997, -6.42363518999997], [-62.859133559999975, -6.423722559999931], [-62.85919647999998, -6.4238044299999615], [-62.85925275999995, -6.423888099999942], [-62.85930960999997, -6.423973209999929], [-62.85936822999997, -6.424059039999975], [-62.859427359999984, -6.42413997999995], [-62.85948470999995, -6.4242161999999325], [-62.85953191999994, -6.424281389999976], [-62.85957414999996, -6.424337729999934], [-62.85961536999997, -6.424392409999939], [-62.85965661999995, -6.42444519999998], [-62.85969511999997, -6.424494779999975], [-62.85972892999996, -6.424542569999971], [-62.85975284999995, -6.42458014999994], [-62.85976122999995, -6.4245961799999804], [-62.85978381999996, -6.4246279599999525], [-62.85986422999997, -6.4247396099999605], [-62.85988444999998, -6.424766549999958], [-62.85991319999994, -6.424814069999968], [-62.85996420999999, -6.424878719999981], [-62.860019559999955, -6.424956579999957], [-62.860087799999974, -6.425043909999943], [-62.860164889999965, -6.425141999999937], [-62.86024304999995, -6.425253829999974], [-62.86032765999994, -6.425358339999946], [-62.86040195999993, -6.425456739999959], [-62.860467849999964, -6.425549419999925], [-62.860530909999966, -6.425627769999949], [-62.86058154999995, -6.425705479999976], [-62.860632549999934, -6.425778109999953], [-62.86069537999998, -6.4258542099999545], [-62.86075641999997, -6.425946129999943], [-62.86083526999994, -6.426044969999964], [-62.86092166999998, -6.426155799999947], [-62.86099852999996, -6.426263629999937], [-62.86106841999998, -6.4263687999999775], [-62.86112942999995, -6.426467919999936], [-62.86119290999994, -6.426558659999955], [-62.86126042999996, -6.426640099999929], [-62.86131710999996, -6.426717929999938], [-62.861364959999946, -6.426793639999971], [-62.861413539999944, -6.426867159999972], [-62.861468539999976, -6.426937739999971], [-62.86152699999997, -6.427007799999956], [-62.86158034999994, -6.427078999999935], [-62.861631269999975, -6.427149129999975], [-62.86169756999993, -6.427220059999968], [-62.86176537999995, -6.427310699999964], [-62.86184106999997, -6.427412089999962], [-62.86192237999995, -6.427514179999946], [-62.86199134999998, -6.427616339999929], [-62.86205503999997, -6.427717669999936], [-62.86221070999994, -6.427933139999936], [-62.862288629999966, -6.42804770999993], [-62.86237066999996, -6.428157649999946], [-62.86245273999998, -6.428270549999979], [-62.86253297999997, -6.428375709999955], [-62.86260280999994, -6.428474539999968], [-62.862671639999974, -6.428570289999925], [-62.86274410999994, -6.428677719999939], [-62.862823669999955, -6.428787349999936], [-62.86290184999996, -6.4288967799999455], [-62.86298210999996, -6.429005429999961], [-62.86306211999994, -6.429117959999928], [-62.863141979999966, -6.4292211299999735], [-62.863213659999985, -6.429316509999978], [-62.86328318999995, -6.4294034199999714], [-62.86335577999995, -6.429480249999926], [-62.86342042999996, -6.429544939999971], [-62.863479609999956, -6.429598419999934], [-62.86352980999993, -6.429641549999928], [-62.863566479999974, -6.429677869999978], [-62.86360051999998, -6.42970564999996], [-62.86362834999994, -6.429732169999966], [-62.86365621999994, -6.429762439999934], [-62.86368997999995, -6.4298006299999315], [-62.86372153999997, -6.429838719999964], [-62.863752139999974, -6.429879039999946], [-62.86378100999997, -6.429916989999981], [-62.863787179999974, -6.429925019999928], [-62.86381037999996, -6.42995518999993], [-62.86384106999998, -6.429994479999948], [-62.863871109999934, -6.4300358699999265], [-62.86390256999994, -6.43007788999995], [-62.86393485999997, -6.430118769999979], [-62.86396703999998, -6.43016020999994], [-62.86399689999996, -6.430202279999946], [-62.864026809999984, -6.43024233999995], [-62.86405175999994, -6.430275019999954], [-62.864073659999974, -6.430306209999969], [-62.86409527999996, -6.430339679999975], [-62.864119209999956, -6.430373669999938], [-62.86414665999996, -6.4304116499999395], [-62.86417278999994, -6.430454549999979], [-62.86419324999997, -6.43049740999993], [-62.86420327999997, -6.430539439999961], [-62.864219709999986, -6.4305853299999285], [-62.864241549999974, -6.430650119999939], [-62.86427151999993, -6.43073888999993], [-62.86430997999997, -6.4308260599999585], [-62.86436680999998, -6.430901719999952], [-62.86442489999996, -6.430979599999944], [-62.86448739999997, -6.431066899999962], [-62.864558339999974, -6.431167519999974], [-62.86463636999997, -6.431279039999936], [-62.86472004999996, -6.431394839999939], [-62.864809279999974, -6.431511979999925], [-62.86489647999997, -6.431625649999944], [-62.864972189999946, -6.431736809999961], [-62.86503977999996, -6.431842809999978], [-62.86510955999995, -6.431937299999959], [-62.86517993999996, -6.432025139999951], [-62.86525327999993, -6.432125109999959], [-62.86533266999999, -6.432236259999968], [-62.86541619999997, -6.432350679999956], [-62.86549534999995, -6.432460239999955], [-62.86557481999995, -6.432567909999932], [-62.86565078999996, -6.4326800899999625], [-62.865723989999935, -6.432793729999958], [-62.86579673999995, -6.432898879999925], [-62.865868589999934, -6.432995719999951], [-62.86594133999995, -6.433085869999957], [-62.86601246999999, -6.433175529999971], [-62.86608163999995, -6.4332657499999755], [-62.866147489999946, -6.433356859999947], [-62.866214129999946, -6.433448189999979], [-62.86627779999998, -6.433536249999975], [-62.86633883999997, -6.433621289999962], [-62.866402379999954, -6.433708519999925], [-62.866465679999976, -6.433795619999955], [-62.86652865999997, -6.433885059999966], [-62.866592899999944, -6.433976129999962], [-62.86666052999993, -6.434068239999931], [-62.86672803999994, -6.434161089999975], [-62.86679435999997, -6.434252279999953], [-62.86685843999999, -6.434343619999936], [-62.86692229999994, -6.434432939999965], [-62.866983629999936, -6.434519609999938], [-62.86704456999996, -6.434602479999967], [-62.867105279999976, -6.434684769999933], [-62.86716733999998, -6.434769539999934], [-62.86723171999995, -6.434856999999965], [-62.867297349999944, -6.434946939999975], [-62.86736351999997, -6.435039449999977], [-62.86742988999998, -6.435131099999978], [-62.867495539999936, -6.435222669999973], [-62.867561239999986, -6.435313199999939], [-62.86762890999995, -6.435400609999931], [-62.86769560999994, -6.435490709999954], [-62.86776096999995, -6.435585569999944], [-62.86783038999994, -6.435682149999934], [-62.867901769999946, -6.435782409999945], [-62.86797415999996, -6.43588393999994], [-62.86804836999994, -6.4359837399999265], [-62.86811762999997, -6.436078749999979], [-62.86818841999997, -6.436168909999935], [-62.868259429999966, -6.436262559999932], [-62.86833347999993, -6.436359119999963], [-62.86840551999995, -6.436461559999941], [-62.86848328999997, -6.436567919999959], [-62.868564239999955, -6.436677009999926], [-62.868646309999974, -6.436786889999951], [-62.86873366999998, -6.43689835999993], [-62.86881827999997, -6.437008649999939], [-62.86889438999998, -6.437111759999937], [-62.86896268999993, -6.43720940999998], [-62.86902691999995, -6.4373008799999525], [-62.86908159999996, -6.437378059999958], [-62.86912694999995, -6.437440649999928], [-62.86916431999998, -6.437493039999936], [-62.86919574999996, -6.437536879999925], [-62.86920749999996, -6.437553309999942], [-62.86921246999998, -6.437560079999969], [-62.869219649999934, -6.4375709599999595], [-62.86923643999995, -6.437594329999968], [-62.86925807999995, -6.437625279999963], [-62.869283279999934, -6.437659829999973], [-62.86931090999997, -6.437698359999956], [-62.86933654999996, -6.437733869999931], [-62.86936597999994, -6.43777173999996], [-62.86941004999994, -6.437830169999927], [-62.86946869999997, -6.43790931999996], [-62.869538069999976, -6.438003819999949], [-62.869612889999985, -6.438105269999937], [-62.869689549999975, -6.438208999999972], [-62.869767629999956, -6.438315029999956], [-62.86984776999998, -6.438422619999926], [-62.869928569999956, -6.438531799999964], [-62.87001055999997, -6.4386422999999695], [-62.87009399999994, -6.438754379999978], [-62.87017801999997, -6.438869039999929], [-62.870262809999986, -6.438982959999976], [-62.87034640999997, -6.439093209999953], [-62.87042335999996, -6.439194609999959], [-62.87049373999997, -6.439287399999955], [-62.870562709999945, -6.439372059999926], [-62.87062003999995, -6.439447579999978], [-62.870664689999955, -6.439511649999929], [-62.87070325999997, -6.439578299999937], [-62.87073657999997, -6.439631429999963], [-62.87077604999996, -6.4396882699999765], [-62.870833549999986, -6.439767609999933], [-62.870904559999985, -6.439864059999934], [-62.87097781999995, -6.439964319999945], [-62.87104164999994, -6.440052399999956], [-62.87109730999998, -6.440125179999939], [-62.87114599999995, -6.440182539999967], [-62.871187289999966, -6.440236889999937], [-62.87121831999997, -6.440282349999961], [-62.871247479999965, -6.440320849999978], [-62.87127777999996, -6.440357949999964], [-62.871306739999966, -6.440392809999935], [-62.871382919999974, -6.440501119999965], [-62.87141931999997, -6.440567059999978], [-62.87146852999996, -6.440638259999957], [-62.87152768999994, -6.440728239999942], [-62.87159391999995, -6.440819139999974], [-62.87166268999994, -6.440909559999966], [-62.87172289999995, -6.440992729999948], [-62.87177246999994, -6.441064009999934], [-62.87181229999999, -6.441120559999945], [-62.87184565999996, -6.441169769999931], [-62.87187160999997, -6.441210339999941], [-62.87188759999998, -6.441235139999947], [-62.87189879999994, -6.441252829999939], [-62.871909949999974, -6.441268009999931], [-62.87192311999996, -6.441285839999978], [-62.87194137999995, -6.441310499999929], [-62.87196224999997, -6.441341859999966], [-62.871989069999984, -6.441378869999937], [-62.87201362999997, -6.441409169999929], [-62.87202654999999, -6.441429629999959], [-62.87204872999996, -6.441455529999928], [-62.872088349999956, -6.441503569999952], [-62.87214867999995, -6.441578929999935], [-62.87222213999996, -6.441670029999955], [-62.872286789999976, -6.441765999999973], [-62.872358229999975, -6.441870279999932], [-62.872420879999936, -6.441969299999926], [-62.87248618999996, -6.44205986999998], [-62.87255232999996, -6.442145929999981], [-62.872613859999944, -6.442223249999927], [-62.872678779999944, -6.442301269999973], [-62.87275392999999, -6.442397649999975], [-62.87282045999996, -6.442491869999969], [-62.872881879999966, -6.442574509999929], [-62.872936719999984, -6.442646089999926], [-62.87298420999997, -6.442708709999977], [-62.873023289999935, -6.442766529999972], [-62.87305976999994, -6.442823629999964], [-62.87311078999994, -6.442903889999968], [-62.873181829999965, -6.44300353999995], [-62.873262169999975, -6.4431121499999335], [-62.87334508999999, -6.443227469999954], [-62.87342974999996, -6.4433427499999425], [-62.87351382999998, -6.44345710999994], [-62.873591069999975, -6.443560819999959], [-62.87365878999998, -6.443656129999965], [-62.87372143999994, -6.443743179999956], [-62.873777779999955, -6.4438275299999646], [-62.87383016999996, -6.443901499999981], [-62.873879519999946, -6.4439636799999676], [-62.873925319999955, -6.4440146799999525], [-62.873971979999965, -6.444073479999929], [-62.87401997999996, -6.444137739999974], [-62.87406215999994, -6.44419752999994], [-62.87409717999998, -6.444247149999967], [-62.87412900999993, -6.444289889999936], [-62.874157029999935, -6.444328089999942], [-62.87417370999998, -6.444352389999949], [-62.87417885999997, -6.444360679999932], [-62.87418630999997, -6.444377849999967], [-62.87421397999998, -6.444416629999978], [-62.87424840999995, -6.444463989999974], [-62.874281629999984, -6.444511339999963], [-62.87430817999996, -6.444549069999937], [-62.87433165999994, -6.444581049999954], [-62.87436223999998, -6.4446248299999525], [-62.87440207999998, -6.444677769999942], [-62.874447059999966, -6.444744749999927], [-62.87448944999994, -6.4448205399999665], [-62.87454127999996, -6.444894049999959], [-62.874596579999945, -6.444964069999969], [-62.87465652999998, -6.4450390099999595], [-62.87472072999998, -6.44512463999996], [-62.874791709999954, -6.445219769999937], [-62.87486938999996, -6.445321529999944], [-62.87495024999998, -6.445426709999936], [-62.87503349999997, -6.445536079999954], [-62.87511740999997, -6.445647249999979], [-62.87520202999997, -6.445759589999966], [-62.87528482999994, -6.445873399999925], [-62.87536739999996, -6.4459909899999275], [-62.87544551999997, -6.446108279999976], [-62.875527269999964, -6.44622107999993], [-62.87561237999995, -6.446334499999978], [-62.87569591999994, -6.446447639999974], [-62.87578007999997, -6.446560439999928], [-62.87586522999999, -6.4466714999999795], [-62.87594926999998, -6.44678351999994], [-62.876031189999935, -6.446895109999957], [-62.87611185999998, -6.447008059999973], [-62.876193959999966, -6.447118909999972], [-62.87627470999996, -6.4472308999999655], [-62.87635437999995, -6.447343039999964], [-62.87643518999994, -6.447454209999933], [-62.876516539999955, -6.44756461999998], [-62.876600149999945, -6.4476755499999285], [-62.87668000999997, -6.447787509999955], [-62.87675270999995, -6.4478876099999525], [-62.87681848999995, -6.447978039999953], [-62.87687865999993, -6.4480570799999555], [-62.876934149999954, -6.448128249999968], [-62.87698351999995, -6.448198609999963], [-62.877030769999976, -6.448274399999946], [-62.87709603999997, -6.448364799999979], [-62.87717399999997, -6.448468719999937], [-62.87724486999997, -6.44856558999993], [-62.87731076999995, -6.4486521999999695], [-62.877372579999985, -6.448727859999963], [-62.877423919999956, -6.448799039999926], [-62.877471259999936, -6.448867769999936], [-62.87752208999996, -6.448947639999972], [-62.877579269999956, -6.4490346299999715], [-62.877639199999976, -6.449109519999979], [-62.87769838999998, -6.449174579999976], [-62.877751269999976, -6.4492405199999325], [-62.877802429999974, -6.449318869999956], [-62.87787081999994, -6.449415439999939], [-62.877945849999946, -6.449519299999963], [-62.87802290999997, -6.449628639999958], [-62.87810388999998, -6.4497392199999695], [-62.87818563999997, -6.449850539999943], [-62.878266709999934, -6.449964809999926], [-62.878351979999934, -6.450076929999966], [-62.87843922999997, -6.450186129999963], [-62.878522559999965, -6.450298349999969], [-62.87860184999994, -6.450408039999957], [-62.878677969999956, -6.4505197299999395], [-62.87874856999997, -6.450629809999953], [-62.878818269999954, -6.450733699999944], [-62.87889015999997, -6.450833149999937], [-62.87896465999995, -6.450930549999953], [-62.87904215999998, -6.451033099999961], [-62.87912172999995, -6.451138329999935], [-62.879203179999934, -6.451245169999936], [-62.879285849999974, -6.4513549599999465], [-62.87936979999995, -6.45146718999996], [-62.87945466999997, -6.451581099999942], [-62.879539729999976, -6.451696209999966], [-62.87962477999997, -6.451812729999972], [-62.879709299999945, -6.451928769999938], [-62.87979115999997, -6.452046179999968], [-62.87986940999997, -6.4521645899999385], [-62.879946289999964, -6.452282529999934], [-62.88002372999995, -6.452399999999955], [-62.88010380999998, -6.452515779999942], [-62.88018545999995, -6.452629269999932], [-62.88026391999995, -6.45274601999995], [-62.880341759999965, -6.45286533999996], [-62.88041913999996, -6.452985719999958], [-62.88049543999995, -6.453106729999945], [-62.880570269999964, -6.453228539999941], [-62.88064442999996, -6.453350549999925], [-62.88071776999993, -6.453472159999933], [-62.88078998999998, -6.4535940299999766], [-62.88086182999996, -6.453715799999941], [-62.880931379999936, -6.45383690999995], [-62.88099963999997, -6.453958849999935], [-62.881066199999964, -6.454082569999969], [-62.88113309999994, -6.454206909999925], [-62.88119882999996, -6.4543324099999495], [-62.88126431999996, -6.454459719999932], [-62.88132872999995, -6.454588319999971], [-62.881392819999974, -6.454717249999931], [-62.881456199999946, -6.454846489999966], [-62.88151934999996, -6.454976059999979], [-62.88158133999997, -6.455103249999979], [-62.88164188999997, -6.455229609999947], [-62.881696949999935, -6.455351589999964], [-62.881752279999944, -6.455479819999937], [-62.88180890999996, -6.45560753999996], [-62.88186485999995, -6.4557336399999485], [-62.88192067999995, -6.4558574499999395], [-62.88197624999998, -6.455978399999935], [-62.882026619999976, -6.456091279999953], [-62.88207115999995, -6.456194909999965], [-62.882105739999986, -6.456290899999942], [-62.88214190999997, -6.45639172999995], [-62.88218795999995, -6.456509859999926], [-62.88223716999994, -6.456634759999929], [-62.88228762999995, -6.456764189999944], [-62.88233986999995, -6.456895089999932], [-62.88239373999994, -6.457024719999936], [-62.88244702999998, -6.457153349999942], [-62.882501529999956, -6.457282239999927], [-62.88255910999993, -6.4574111599999355], [-62.88261701999994, -6.4575461999999675], [-62.88266724999994, -6.45768180999994], [-62.88271652999998, -6.457812679999961], [-62.882767919999935, -6.457938789999957], [-62.88281465999995, -6.458056369999952], [-62.88285700999995, -6.45816506999995], [-62.88289815999997, -6.4582642499999565], [-62.88293556999997, -6.45835440999997], [-62.88297045999997, -6.458437649999951], [-62.88300517999994, -6.458513579999931], [-62.88303868999998, -6.458584339999959], [-62.88306718999996, -6.458654789999969], [-62.88309838999999, -6.458721009999977], [-62.883129029999964, -6.458800739999958], [-62.88316655999995, -6.458903479999947], [-62.88321539999998, -6.459023209999941], [-62.883266849999984, -6.459143839999967], [-62.883317799999986, -6.459261279999964], [-62.88336456999997, -6.459373269999958], [-62.88340600999999, -6.45947898999998], [-62.88344523999996, -6.459576359999971], [-62.883482449999974, -6.459664699999962], [-62.883516989999976, -6.459743879999962], [-62.88354741999996, -6.459815489999926], [-62.883573729999966, -6.459879739999963], [-62.883595929999956, -6.459939489999954], [-62.883619229999965, -6.4599931699999615], [-62.883644069999946, -6.460055369999964], [-62.883679649999976, -6.460142579999967], [-62.88371468999998, -6.460234779999951], [-62.88374572999999, -6.460319689999949], [-62.883775689999936, -6.460401289999936], [-62.883809509999935, -6.460492819999956], [-62.88385432999996, -6.460604289999935], [-62.88390813999996, -6.460726179999938], [-62.88395837999997, -6.460847729999955], [-62.88400819999998, -6.460967959999948], [-62.88405783999997, -6.461088849999953], [-62.88410651999993, -6.461210489999928], [-62.88415461999995, -6.461333889999935], [-62.88420236999997, -6.461457549999977], [-62.88424745999998, -6.4615797799999655], [-62.88430002999996, -6.461704839999925], [-62.88434829999994, -6.4618353099999695], [-62.884399289999976, -6.461967959999981], [-62.88445343999996, -6.462099619999947], [-62.88450802999995, -6.462231829999951], [-62.884561219999966, -6.462364839999964], [-62.88460805999995, -6.462493019999954], [-62.884654369999964, -6.462618289999966], [-62.88470400999995, -6.462739179999971], [-62.88475532999996, -6.462863829999947], [-62.88480809999999, -6.462989729999947], [-62.88486273999996, -6.463117979999936], [-62.884916259999954, -6.4632469199999605], [-62.884968439999966, -6.463378089999935], [-62.88502267999996, -6.463507829999969], [-62.88507578999997, -6.463639349999937], [-62.88512689999993, -6.463773309999965], [-62.885178279999934, -6.4639056199999345], [-62.88523262999996, -6.464038099999925], [-62.885289729999954, -6.464169579999975], [-62.885345659999984, -6.46430141999997], [-62.88540130999996, -6.464435769999966], [-62.88545235999999, -6.464571509999928], [-62.885508709999954, -6.464706139999976], [-62.88556484999998, -6.464835879999953], [-62.88561473999994, -6.464959189999945], [-62.885662829999944, -6.465084699999977], [-62.88571318999993, -6.465212979999933], [-62.88576272999995, -6.465343129999951], [-62.88581388999995, -6.465472919999968], [-62.88586577999996, -6.4656029999999305], [-62.885915039999986, -6.465732609999975], [-62.88596852999996, -6.465860749999933], [-62.886019089999934, -6.465987449999943], [-62.88607037999998, -6.466112459999977], [-62.88612157999995, -6.46623754999996], [-62.88617360999996, -6.466361839999934], [-62.88622490999995, -6.466485309999939], [-62.88627483999994, -6.466610199999934], [-62.88632716999996, -6.466733809999937], [-62.88637867999995, -6.466858179999974], [-62.88642743999998, -6.466979429999981], [-62.886472769999955, -6.467090619999965], [-62.886515989999964, -6.4671897999999715], [-62.88655752999995, -6.46727999999996], [-62.88659789999997, -6.467361349999976], [-62.88663569999994, -6.467424499999936], [-62.88666453999997, -6.46747677999997], [-62.886685839999984, -6.467524759999947], [-62.88670235999996, -6.46757901999996], [-62.886720459999935, -6.467643409999937], [-62.88674303999994, -6.467725169999937], [-62.88677080999997, -6.467810699999973], [-62.886801899999966, -6.46788657999997], [-62.88683371999997, -6.4679660999999555], [-62.88686826999998, -6.4680552499999635], [-62.886905309999975, -6.468148459999952], [-62.88694382999995, -6.468245619999948], [-62.88698305999998, -6.468345749999969], [-62.88702380999996, -6.468448199999955], [-62.887065759999984, -6.468553239999949], [-62.88710886999996, -6.468660819999968], [-62.887152249999986, -6.468770899999981], [-62.88719697999994, -6.468884249999974], [-62.88724421999996, -6.469001119999973], [-62.88729523999996, -6.469123869999976], [-62.887350169999934, -6.469249599999955], [-62.887401979999936, -6.469381229999954], [-62.88745712999997, -6.469516259999978], [-62.88751186999997, -6.469652709999934], [-62.88756651999995, -6.469784809999965], [-62.88761962999996, -6.469913979999944], [-62.88767041999995, -6.47003884999998], [-62.88771686999996, -6.47015695999994], [-62.887759109999934, -6.47026582999996], [-62.88779933999996, -6.470364599999925], [-62.887836349999986, -6.470453619999944], [-62.88786881999994, -6.470534939999936], [-62.88789922999996, -6.470607819999941], [-62.88792715999995, -6.470674279999969], [-62.88795203999996, -6.47073501999995], [-62.88797340999997, -6.470795539999926], [-62.888008199999945, -6.470877769999959], [-62.88805339999993, -6.470976489999941], [-62.88809697999994, -6.471085159999973], [-62.88814007999997, -6.471195039999941], [-62.88817977999997, -6.471299379999948], [-62.88821323999997, -6.471389039999963], [-62.88824043999995, -6.471463569999969], [-62.88826733999997, -6.471524799999941], [-62.88829357999998, -6.471577859999968], [-62.888314219999984, -6.47161811999996], [-62.888328239999964, -6.471641069999976], [-62.888341329999946, -6.471670289999963], [-62.888353619999975, -6.471700279999936], [-62.888365189999945, -6.471730069999978], [-62.888379149999935, -6.47176251999997], [-62.888394249999976, -6.471796989999973], [-62.88840490999996, -6.47182652999993], [-62.88841481999998, -6.471852319999925], [-62.888428369999986, -6.471886389999952], [-62.888447509999935, -6.471935409999958], [-62.88847469999996, -6.472007959999928], [-62.888511179999966, -6.4721007599999325], [-62.88855081999998, -6.472207949999927], [-62.88859520999995, -6.472320799999977], [-62.88864149999995, -6.472435189999942], [-62.88868570999995, -6.472554239999965], [-62.88873341999994, -6.472676129999968], [-62.88878635999998, -6.4728011399999446], [-62.88884072999997, -6.472929909999948], [-62.88889588999996, -6.473060349999969], [-62.88895143999997, -6.473190649999935], [-62.889003479999985, -6.473319419999939], [-62.889048129999935, -6.473440399999959], [-62.88909474999997, -6.473555069999975], [-62.889139849999935, -6.473669879999932], [-62.88918137999997, -6.47377943999993], [-62.88921884999996, -6.473884219999945], [-62.88925458999995, -6.473984189999953], [-62.88929092999996, -6.474078009999971], [-62.889324639999984, -6.474169019999977], [-62.88936026999994, -6.474261559999945], [-62.88939819999996, -6.474358459999962], [-62.88943870999998, -6.4744579099999555], [-62.88948013999993, -6.474559549999981], [-62.88952217999997, -6.474661839999953], [-62.889566549999984, -6.474766949999946], [-62.889612039999975, -6.474876329999972], [-62.889658589999954, -6.474989609999966], [-62.889705239999955, -6.4751051399999255], [-62.88974957999994, -6.4752174499999455], [-62.889791859999946, -6.475321649999955], [-62.889832259999935, -6.475418779999927], [-62.88986625999996, -6.475500959999977], [-62.889892809999935, -6.47556708999997], [-62.889914329999954, -6.475620969999966], [-62.889933259999964, -6.475667469999962], [-62.889946589999965, -6.475700509999967], [-62.88995484999998, -6.475716009999928], [-62.88997290999998, -6.475736089999941], [-62.889992709999945, -6.475757729999941], [-62.89000650999998, -6.475786409999955], [-62.890020349999986, -6.475822269999981], [-62.89003593999996, -6.475860879999971], [-62.89004903999995, -6.47589432999996], [-62.890060319999975, -6.475926379999976], [-62.890076299999976, -6.47597264999996], [-62.89010185999996, -6.476048269999978], [-62.89013712999997, -6.476145089999932], [-62.89018136999994, -6.476261439999973], [-62.89022823999994, -6.476380529999972], [-62.890272479999965, -6.4764922399999705], [-62.89031722999994, -6.476604139999949], [-62.89036390999996, -6.476718259999927], [-62.890411659999984, -6.4768342599999755], [-62.89045906999996, -6.4769525499999645], [-62.89050673999998, -6.477072969999938], [-62.89055541999994, -6.477194999999938], [-62.89060439999997, -6.477319369999975], [-62.89065315999994, -6.477447239999947], [-62.89070362999996, -6.477576449999958], [-62.89075705999994, -6.477706509999962], [-62.890810139999985, -6.477839269999947], [-62.89086376999995, -6.477972979999947], [-62.89091709999997, -6.478107669999929], [-62.890973549999956, -6.47823821999998], [-62.89102667999998, -6.47837095999995], [-62.89108126999997, -6.478501169999959], [-62.891132089999985, -6.47862989999993], [-62.891181769999946, -6.478748449999955], [-62.891229419999945, -6.478860539999971], [-62.891272569999956, -6.478960529999938], [-62.89130948999997, -6.479044859999931], [-62.891340249999985, -6.479113229999939], [-62.891365769999936, -6.479168849999951], [-62.891387649999956, -6.479218909999929], [-62.891403699999955, -6.479260099999976], [-62.89141626999998, -6.479296819999945], [-62.89143644999996, -6.479346409999948], [-62.89146481999995, -6.479419199999938], [-62.89150233999999, -6.479514829999971], [-62.89154526999994, -6.4796263799999565], [-62.89159294999996, -6.47974647999996], [-62.891641439999944, -6.479873349999934], [-62.89169166999994, -6.480004749999978], [-62.891745319999984, -6.480138629999942], [-62.89180190999997, -6.4802755899999624], [-62.891856839999946, -6.480413449999958], [-62.89190701999996, -6.480551279999929], [-62.89195608999995, -6.480686859999935], [-62.89200718999996, -6.480816729999958], [-62.89205807999997, -6.480946489999951], [-62.892109629999936, -6.481075989999965], [-62.892162619999965, -6.4812045899999475], [-62.89221538999993, -6.481334229999959], [-62.89226844999996, -6.4814636699999255], [-62.89232056999998, -6.481593579999981], [-62.89237320999996, -6.481724089999943], [-62.892425609999975, -6.481854289999944], [-62.892478979999964, -6.481983849999949], [-62.89253176999995, -6.4821139399999765], [-62.892584829999976, -6.482243869999934], [-62.89263725999996, -6.482374049999976], [-62.89268766999999, -6.482503599999973], [-62.892740609999976, -6.482633239999927], [-62.892796189999956, -6.482762879999939], [-62.892851829999984, -6.4828931199999715], [-62.892907579999985, -6.483025039999973], [-62.89296502999997, -6.483157569999946], [-62.893022729999984, -6.48328958999997], [-62.89308048999993, -6.483421799999974], [-62.89313757999997, -6.4835535999999365], [-62.89319605999998, -6.483683539999959], [-62.893256049999934, -6.483811629999934], [-62.893315359999974, -6.4839371099999425], [-62.893377019999946, -6.484062569999935], [-62.89343931999997, -6.4841882199999645], [-62.89350277999995, -6.4843153299999585], [-62.89356757999997, -6.484441819999972], [-62.89363225999995, -6.484566789999974], [-62.89369727999997, -6.484689709999941], [-62.89376251999994, -6.484809809999945], [-62.893827999999985, -6.4849285699999655], [-62.89389578999999, -6.485044749999929], [-62.893958779999934, -6.485157829999935], [-62.894018519999975, -6.485266149999973], [-62.89408539999994, -6.485375339999962], [-62.89415653999998, -6.485488999999973], [-62.89422795999997, -6.485606679999933], [-62.894300649999934, -6.485725229999957], [-62.894374909999954, -6.48584392999993], [-62.89445006999995, -6.485962219999976], [-62.89452555999998, -6.486080079999965], [-62.89460202999999, -6.48619790999993], [-62.894679329999974, -6.48631426999998], [-62.894759069999964, -6.4864302299999395], [-62.89484147999997, -6.486547199999961], [-62.89492355999994, -6.486664529999928], [-62.89500642999997, -6.48678082999993], [-62.89508792999993, -6.486895749999974], [-62.89516964999996, -6.487009989999933], [-62.895252949999986, -6.48712452999996], [-62.895338039999956, -6.4872376199999735], [-62.895426089999944, -6.487348679999968], [-62.895513869999945, -6.487460499999941], [-62.895601649999946, -6.487572899999975], [-62.89568951999996, -6.4876857999999515], [-62.895779189999985, -6.4877996999999255], [-62.895865379999975, -6.487913609999964], [-62.89595250999997, -6.488025079999943], [-62.896043059999954, -6.488131819999978], [-62.89613530999998, -6.4882392499999355], [-62.89622835999995, -6.488345529999947], [-62.896316069999955, -6.488456059999976], [-62.89641413999993, -6.48855285999997], [-62.89651130999994, -6.488653829999976], [-62.896604379999985, -6.488759309999978], [-62.89670107999996, -6.4888643999999545], [-62.896790039999985, -6.488976639999976], [-62.89688611999998, -6.489078469999981], [-62.89697531999997, -6.489176079999936], [-62.89706191999994, -6.4892611599999555], [-62.89713526999998, -6.48933650999993], [-62.89719901999996, -6.489398809999955], [-62.89724987999995, -6.4894515899999305], [-62.897291259999974, -6.489497029999939], [-62.897334909999984, -6.489549269999941], [-62.89739283999995, -6.489608779999969], [-62.89745955999996, -6.48967547999996], [-62.89752501999993, -6.489748009999971], [-62.897594079999976, -6.489816309999981], [-62.89765480999995, -6.489882889999933], [-62.89772266999995, -6.4899482999999805], [-62.89778672999995, -6.490020709999953], [-62.89785019999994, -6.490091869999958], [-62.897913089999975, -6.490157459999978], [-62.89797805999996, -6.490225599999974], [-62.898048969999934, -6.490300589999947], [-62.89812006999995, -6.490376589999926], [-62.89819086999995, -6.490452379999965], [-62.89825540999993, -6.49052740999997], [-62.89831764999997, -6.49059656999998], [-62.89837845999995, -6.490664699999968], [-62.898450639999965, -6.4907292499999585], [-62.89851593999998, -6.490793079999946], [-62.89857342999994, -6.4908539299999575], [-62.89863147999995, -6.490919829999939], [-62.89868729999995, -6.490982579999979], [-62.89873322999995, -6.491043489999981], [-62.89878121999993, -6.491109139999935], [-62.898844019999956, -6.491177619999974], [-62.89891398999998, -6.491252599999939], [-62.89898415999994, -6.491323799999975], [-62.89904827999999, -6.491388119999954], [-62.89910242999997, -6.49144205999994], [-62.89915642999995, -6.491490029999966], [-62.89919493999997, -6.491544669999939], [-62.899242379999976, -6.491600349999942], [-62.899304289999975, -6.491659659999925], [-62.89937568999994, -6.491730379999979], [-62.89944658999997, -6.491791829999954], [-62.899509669999986, -6.491845049999938], [-62.89955611999994, -6.4919007699999725], [-62.89959459999994, -6.491944599999954], [-62.899616099999946, -6.491983219999952], [-62.89963506999999, -6.492023439999969], [-62.89968019999998, -6.492066989999955], [-62.899740849999944, -6.492113509999967], [-62.899802069999964, -6.492175809999935], [-62.89986952999993, -6.492247289999966], [-62.899933949999934, -6.492316309999978], [-62.899997679999956, -6.492382689999943], [-62.900058299999955, -6.492448739999929], [-62.90012849999994, -6.492524579999952], [-62.90019749999993, -6.49259834999998], [-62.90026211999998, -6.492665719999934], [-62.90032427999995, -6.492730679999966], [-62.90051188999996, -6.492959879999944], [-62.900560939999934, -6.493013469999937], [-62.90063201999993, -6.493092109999964], [-62.90070998999994, -6.493164629999967], [-62.900788009999985, -6.493239079999967], [-62.900862779999954, -6.493308819999925], [-62.900933659999964, -6.493380029999969], [-62.90100149999995, -6.493456859999981], [-62.901065409999944, -6.493534899999929], [-62.901130629999955, -6.493602229999965], [-62.90119182999996, -6.4936594799999625], [-62.90124993999996, -6.493707239999935], [-62.901302199999975, -6.493754969999941], [-62.901355989999956, -6.493806979999931], [-62.901415429999986, -6.4938792899999385], [-62.90148125999997, -6.493966089999958], [-62.90154167999998, -6.494049179999934], [-62.90160665999997, -6.494121069999949], [-62.90166924999994, -6.4941890799999555], [-62.901737469999944, -6.49425266999998], [-62.90180729999997, -6.494317689999946], [-62.90187052999994, -6.494380349999972], [-62.90193476999997, -6.494447739999941], [-62.901999839999974, -6.494508189999976], [-62.90205685999996, -6.494562649999978], [-62.902106009999954, -6.49461507999996], [-62.90214929999996, -6.494665909999981], [-62.902199819999964, -6.494722999999965], [-62.90226219999994, -6.494793029999926], [-62.90233037999997, -6.494864819999975], [-62.902395189999936, -6.494936859999939], [-62.90246306999995, -6.49501276999996], [-62.902525999999966, -6.495085139999958], [-62.90258266999996, -6.49515187999998], [-62.902640109999936, -6.495206609999968], [-62.902690329999984, -6.495258949999936], [-62.90274151999995, -6.495310599999925], [-62.90280001999997, -6.495373339999958], [-62.902848749999976, -6.495435879999945], [-62.90290319999997, -6.495484819999945], [-62.90295618999994, -6.495523379999952], [-62.90299847999995, -6.495570719999932], [-62.903043829999945, -6.495625919999952], [-62.90309395999998, -6.495690639999964], [-62.90314564999994, -6.495757069999968], [-62.90321364999994, -6.495826749999935], [-62.90329822999996, -6.495910119999962], [-62.90337623999994, -6.495992759999979], [-62.90345000999997, -6.496068639999976], [-62.90352109999998, -6.4961391199999525], [-62.90358618999994, -6.496204099999943], [-62.903641799999946, -6.4962679999999295], [-62.903702049999936, -6.496328949999963], [-62.903768809999974, -6.49639400999996], [-62.90383450999997, -6.496463849999941], [-62.90390170999996, -6.496534369999949], [-62.90396261999996, -6.496598449999965], [-62.90401736999996, -6.496656479999956], [-62.904063279999946, -6.496713599999964], [-62.90410998999994, -6.49676938999994], [-62.90416677999997, -6.496835209999972], [-62.90423106999998, -6.4969046199999525], [-62.90430613999996, -6.496979459999977], [-62.90437558999997, -6.4970502799999394], [-62.904443569999955, -6.497121639999932], [-62.90451185999996, -6.497204899999929], [-62.90458653999997, -6.497285079999926], [-62.904660889999946, -6.4973622899999555], [-62.90473627999995, -6.497443539999949], [-62.90481468999997, -6.497528329999966], [-62.90489365999997, -6.497607819999928], [-62.904967589999956, -6.497676779999949], [-62.90503301999996, -6.497738149999975], [-62.905088589999934, -6.497797399999968], [-62.90513508999999, -6.497858949999966], [-62.90518278999997, -6.497926779999943], [-62.90524647999996, -6.497993969999925], [-62.905308709999986, -6.498053839999955], [-62.90535911999996, -6.498115149999933], [-62.90541502999997, -6.49817102999998], [-62.90548629999995, -6.4982299299999795], [-62.90555141999994, -6.498302659999979], [-62.90562405999998, -6.49839056999997], [-62.90570152999999, -6.4984817199999725], [-62.90577504999993, -6.498559959999966], [-62.90584673999996, -6.498627759999977], [-62.90591041999994, -6.498692379999966], [-62.90596882999995, -6.498761659999957], [-62.90603576999996, -6.498840499999972], [-62.90611408999996, -6.49892105999993], [-62.90620229999996, -6.499010079999948], [-62.906288409999945, -6.499102719999939], [-62.90636675999997, -6.499188789999948], [-62.90644327999996, -6.499264839999967], [-62.906516109999984, -6.499336419999963], [-62.90657750999998, -6.499398749999955], [-62.90663184999994, -6.499453519999975], [-62.906683889999954, -6.499510329999964], [-62.90673468999995, -6.499563619999947], [-62.90678594999997, -6.499623549999967], [-62.906848379999985, -6.499686029999964], [-62.90690828999993, -6.499756279999929], [-62.90697000999995, -6.499821579999946], [-62.90703425999993, -6.49987815999998], [-62.90709386999998, -6.49993816999995], [-62.90715432999997, -6.500000529999966], [-62.90721378999996, -6.500062179999929], [-62.90726635999994, -6.500120769999967], [-62.90731625999996, -6.500187729999936], [-62.90737998999998, -6.500264649999963], [-62.90745426999996, -6.500349759999949], [-62.907526719999964, -6.500430949999952], [-62.907595379999975, -6.500500799999941], [-62.90766328999996, -6.500556529999926], [-62.90771988999995, -6.5006122799999275], [-62.90777912999994, -6.50066795999993], [-62.90784118999994, -6.500730669999939], [-62.90790574999994, -6.500806169999976], [-62.907982499999946, -6.500882889999957], [-62.908059469999955, -6.500967289999949], [-62.90813320999996, -6.501043529999947], [-62.908193009999934, -6.5011144999999715], [-62.90825085999995, -6.501184879999926], [-62.908320809999964, -6.501257549999934], [-62.908398949999935, -6.501328579999949], [-62.90847422999997, -6.501388249999934], [-62.90852826999998, -6.5014525699999695], [-62.908575809999945, -6.501518589999932], [-62.90862471999998, -6.5015741599999615], [-62.90866958999999, -6.501630349999971], [-62.908722919999946, -6.501689659999954], [-62.90878201999993, -6.50174297999996], [-62.90883450999996, -6.501798399999927], [-62.90889244999994, -6.501851359999932], [-62.90894876999994, -6.501899829999957], [-62.909000479999975, -6.5019512699999495], [-62.90904605999998, -6.502007309999954], [-62.909094719999985, -6.502059719999977], [-62.909140339999965, -6.502115019999962], [-62.909187119999956, -6.502167939999936], [-62.90923725999994, -6.502226149999956], [-62.90929513999998, -6.5022937399999705], [-62.90936018999997, -6.502365449999957], [-62.90942086999996, -6.502430579999952], [-62.90947331999996, -6.502486569999974], [-62.90952328999998, -6.502536949999978], [-62.90957223999993, -6.502581919999955], [-62.909624889999975, -6.502625709999961], [-62.90967101999996, -6.5026752899999565], [-62.90970901999998, -6.502716219999968], [-62.909739129999934, -6.502759309999931], [-62.90978379999996, -6.502815719999944], [-62.90985353999997, -6.50290173999997], [-62.90993807999996, -6.502999259999967], [-62.91002427999996, -6.503091959999949], [-62.91011288999994, -6.503187259999947], [-62.91020458999998, -6.503282709999951], [-62.91029249999997, -6.503374429999951], [-62.910373009999944, -6.503458199999955], [-62.91044825999995, -6.503533159999961], [-62.910520959999985, -6.503602859999944], [-62.91059212999994, -6.50367284999993], [-62.91066157999995, -6.503747619999956], [-62.91073125999998, -6.503823519999969], [-62.910802159999946, -6.503900259999966], [-62.91087080999995, -6.5039715099999285], [-62.910940049999965, -6.504039619999958], [-62.91100157999995, -6.504100029999961], [-62.91104974999996, -6.504155559999958], [-62.91109283999998, -6.504209979999928], [-62.91114170999998, -6.504265059999966], [-62.91120188999997, -6.504331209999975], [-62.91126643999996, -6.504399909999961], [-62.91132823999993, -6.504461719999938], [-62.911388889999955, -6.504515029999936], [-62.91144549999996, -6.5045730199999525], [-62.91150591999997, -6.504634449999969], [-62.91156375999998, -6.504694469999947], [-62.91161903999995, -6.5047486899999285], [-62.911677269999984, -6.504812389999927], [-62.91173881999998, -6.50487660999994], [-62.91180387999998, -6.5049435099999755], [-62.91186531999995, -6.505011019999927], [-62.91193217999995, -6.50507295999995], [-62.91199216999996, -6.505135329999973], [-62.91204623999994, -6.505192359999967], [-62.91209889999993, -6.505252129999974], [-62.91215913999997, -6.505311889999973], [-62.912222449999945, -6.505380529999968], [-62.91228063999995, -6.505447939999954], [-62.91233651999994, -6.505505539999945], [-62.912386939999976, -6.505557469999928], [-62.91242762999997, -6.505616379999935], [-62.91247267999995, -6.5056719399999565], [-62.912521079999976, -6.505717569999945], [-62.91256337999994, -6.505759079999962], [-62.91261216999993, -6.50580599999995], [-62.912664329999984, -6.505860239999947], [-62.912714609999966, -6.50590866999994], [-62.91275566999997, -6.505951279999977], [-62.91278348999998, -6.505993129999979], [-62.912803989999986, -6.506032699999935], [-62.91285061999997, -6.5060898899999415], [-62.91287108999995, -6.506109679999952], [-62.91289518999997, -6.506133199999965], [-62.91292075999996, -6.506158149999976], [-62.91295405999995, -6.5061925099999485], [-62.91299400999998, -6.5062388599999395], [-62.913044759999934, -6.506293289999974], [-62.91310232999996, -6.506352319999962], [-62.913171869999985, -6.506422599999951], [-62.91324972999996, -6.506502249999926], [-62.91332653999996, -6.506585539999946], [-62.91339900999998, -6.506666549999977], [-62.913466159999984, -6.506745069999965], [-62.91353125999996, -6.506818279999948], [-62.913597799999934, -6.506883609999932], [-62.913668109999946, -6.506950249999932], [-62.91373563999997, -6.507015699999954], [-62.913795669999956, -6.507080999999971], [-62.91385382999994, -6.507147049999958], [-62.91391337999994, -6.507214519999934], [-62.91397805999998, -6.507283579999978], [-62.914040659999955, -6.507357689999935], [-62.91410767999997, -6.50743966999994], [-62.91418913999996, -6.507529649999981], [-62.914277449999986, -6.507620849999967], [-62.91436385999998, -6.50771648999995], [-62.91445382999996, -6.507808119999936], [-62.914541069999984, -6.50790367999997], [-62.914632059999974, -6.507998509999936], [-62.91472385999998, -6.508097439999972], [-62.91481653999995, -6.508200509999938], [-62.91491485999995, -6.508299559999955], [-62.91501219999998, -6.508402609999962], [-62.915110709999965, -6.508506249999925], [-62.91520966999997, -6.508609019999938], [-62.915307429999984, -6.5087158199999635], [-62.91540563999996, -6.508821399999931], [-62.91550585999994, -6.508922249999955], [-62.91560399999997, -6.509022749999929], [-62.915698049999946, -6.5091251399999805], [-62.91579220999995, -6.50922707999996], [-62.91589227999998, -6.509328909999965], [-62.915992839999944, -6.509435259999975], [-62.916090819999965, -6.50954631999997], [-62.91618448999998, -6.5096552099999485], [-62.91627590999997, -6.509755009999935], [-62.91636682999996, -6.509846679999953], [-62.91646070999997, -6.5099387599999545], [-62.91655751999997, -6.510038419999944], [-62.91665687999995, -6.510139979999963], [-62.91675860999999, -6.510241209999947], [-62.916858599999955, -6.510339999999928], [-62.916948099999956, -6.510435079999979], [-62.917028899999934, -6.510524889999942], [-62.91710406999994, -6.510609279999926], [-62.91717670999998, -6.510688699999946], [-62.91725760999998, -6.510774999999967], [-62.91734687999997, -6.510871179999981], [-62.917439129999934, -6.510969789999933], [-62.91752687999997, -6.511071349999952], [-62.91761746999998, -6.511164889999975], [-62.917709059999936, -6.511266539999951], [-62.917805759999965, -6.511370269999929], [-62.91790347999995, -6.5114741499999695], [-62.918000079999956, -6.511574979999978], [-62.918087999999955, -6.511670639999977], [-62.91816794999994, -6.511756509999941], [-62.91824117999994, -6.511834519999979], [-62.918310529999985, -6.511907149999956], [-62.918376329999944, -6.511975919999941], [-62.91844690999994, -6.512054379999938], [-62.91853224999994, -6.512145269999962], [-62.91862349999997, -6.512240789999964], [-62.91871454999995, -6.5123398299999735], [-62.91880704999994, -6.512440459999937], [-62.91889975999999, -6.51253939999998], [-62.918994399999974, -6.512637549999965], [-62.91908672999995, -6.512730429999976], [-62.91917159999997, -6.5128167199999325], [-62.91925242999997, -6.512891559999957], [-62.91932480999998, -6.512959639999963], [-62.91938786999998, -6.513023399999952], [-62.919446179999966, -6.5130837299999484], [-62.919509769999934, -6.513156139999978], [-62.91957905999993, -6.513233319999927], [-62.919647889999965, -6.513309339999978], [-62.919713909999984, -6.513386579999974], [-62.91978156999994, -6.513461749999976], [-62.91984757999995, -6.513533329999973], [-62.91990684999996, -6.513597539999978], [-62.91995438999999, -6.513649359999931], [-62.919997999999964, -6.513698019999936], [-62.920040049999955, -6.513746209999965], [-62.92008231999995, -6.5137900599999625], [-62.920136559999946, -6.513839539999935], [-62.920199939999975, -6.513903759999948], [-62.920271629999945, -6.513976369999966], [-62.920345629999986, -6.514051949999953], [-62.920424079999975, -6.514134859999956], [-62.92051345999994, -6.514230479999981], [-62.920596639999985, -6.514326449999942], [-62.92068157999995, -6.51442542999996], [-62.92077033999993, -6.514523979999979], [-62.92085694999997, -6.51460966999997], [-62.92093622999994, -6.514693429999966], [-62.921007859999975, -6.51477449999993], [-62.92107447999996, -6.514841869999941], [-62.92113090999999, -6.514898279999954], [-62.92117426999994, -6.514945729999965], [-62.92121122999998, -6.514984869999978], [-62.92124284999994, -6.515017459999967], [-62.921266669999966, -6.515043709999929], [-62.92126976999998, -6.515047589999938], [-62.92127562999997, -6.515055679999932], [-62.92128920999994, -6.515069989999972], [-62.92130715999997, -6.515089379999949], [-62.921326369999974, -6.515109339999981], [-62.921341429999984, -6.515125969999929], [-62.92135797999998, -6.515142849999961], [-62.92137657999996, -6.515161909999961], [-62.92139321999997, -6.515179449999948], [-62.921408499999984, -6.515196339999932], [-62.92143164999999, -6.515220019999958], [-62.92146673999997, -6.51525812999995], [-62.92151461999998, -6.515309789999947], [-62.92157409999999, -6.515375459999973], [-62.921643779999954, -6.515447599999959], [-62.92172397999997, -6.515532269999937], [-62.921814809999944, -6.5156271099999685], [-62.92190967999994, -6.515726179999945], [-62.92200538999998, -6.51582400999996], [-62.92209980999996, -6.51591824999997], [-62.922187909999934, -6.51600394999997], [-62.922265169999946, -6.516088089999926], [-62.922340289999966, -6.516174929999977], [-62.92241611999998, -6.51625649999994], [-62.92249203999995, -6.516342669999972], [-62.922568869999964, -6.516423319999944], [-62.922641759999976, -6.516498129999945], [-62.922711499999934, -6.516567889999976], [-62.922777279999934, -6.516633739999975], [-62.92283656999996, -6.5166913999999565], [-62.92288118999994, -6.516737979999959], [-62.92291327999993, -6.516778169999952], [-62.922940909999966, -6.516814699999941], [-62.922959839999976, -6.516834969999934], [-62.92296799999997, -6.516841059999933], [-62.92298538999995, -6.516859819999979], [-62.92301222999998, -6.516888179999967], [-62.92304061999994, -6.516919019999932], [-62.92307082999997, -6.516950379999969], [-62.92309994999994, -6.516982689999963], [-62.923129839999945, -6.517016169999977], [-62.923173289999966, -6.5170636899999295], [-62.923229909999975, -6.517126049999945], [-62.92329429999995, -6.5171975999999745], [-62.92335323999998, -6.517276079999931], [-62.92342297999994, -6.5173469999999725], [-62.923494689999984, -6.5174202699999455], [-62.92357229999993, -6.517496869999945], [-62.92364471999997, -6.517571429999975], [-62.923717419999946, -6.517634219999934], [-62.92378149999996, -6.517693999999949], [-62.92383770999999, -6.517765029999964], [-62.923892759999944, -6.517829869999957], [-62.92394423999997, -6.5178849799999625], [-62.923990239999966, -6.517937229999973], [-62.92404050999994, -6.517993699999977], [-62.924110789999986, -6.518068679999942], [-62.92419208999996, -6.5181555399999525], [-62.92427372999998, -6.518245509999929], [-62.924358859999984, -6.518336149999925], [-62.924449289999984, -6.51843163999996], [-62.92453720999998, -6.518528389999972], [-62.92462152999997, -6.518619059999935], [-62.924702029999935, -6.518703819999928], [-62.92477490999994, -6.518782029999954], [-62.92484024999993, -6.51885496999995], [-62.92490785999996, -6.518920309999942], [-62.92498661999997, -6.518977929999949], [-62.92506234999996, -6.519043859999954], [-62.92513055999996, -6.519108689999939], [-62.92519692999997, -6.519177259999935], [-62.92526750999997, -6.519254939999939], [-62.925339479999934, -6.519331119999947], [-62.925415139999984, -6.519410799999946], [-62.925485599999945, -6.5194967299999576], [-62.92556244999997, -6.519584989999942], [-62.92564560999995, -6.519683509999936], [-62.925725849999935, -6.5197774499999355], [-62.925801159999935, -6.519862359999934], [-62.92587744999997, -6.519952469999964], [-62.92596099999997, -6.520048599999939], [-62.926045629999976, -6.520151819999967], [-62.92613623999995, -6.520256909999944], [-62.92622890999996, -6.5203606699999455], [-62.92632161999995, -6.520465359999946], [-62.92641391999996, -6.5205707199999665], [-62.92650515999998, -6.520674189999966], [-62.926587979999965, -6.520779109999978], [-62.926667849999944, -6.520886979999943], [-62.92674901999993, -6.520995029999938], [-62.926826389999974, -6.521102489999976], [-62.92689987999995, -6.521208329999979], [-62.92697843999997, -6.521312079999973], [-62.92705220999994, -6.521416679999959], [-62.92712289999997, -6.521513769999956], [-62.92719172999995, -6.521602399999949], [-62.927253579999956, -6.521682029999965], [-62.927310389999946, -6.521753359999934], [-62.92735122999994, -6.521824089999939], [-62.927389199999936, -6.521910119999973], [-62.92745335999996, -6.521995739999966], [-62.92752234999995, -6.522079849999955], [-62.92758603999994, -6.522168179999937], [-62.92764759999994, -6.52226442999995], [-62.927701809999974, -6.522368809999932], [-62.92775272999995, -6.522478439999929], [-62.92781622999996, -6.522581399999979], [-62.92788158999997, -6.522690369999964], [-62.92795670999993, -6.522793529999944], [-62.92803431999994, -6.52290284999998], [-62.92810912999994, -6.523019559999966], [-62.92818384999998, -6.523137629999951], [-62.92825716999994, -6.523259369999948], [-62.92833418999999, -6.523377239999945], [-62.92840590999998, -6.523496349999959], [-62.92847723999995, -6.523614669999972], [-62.928548439999986, -6.523730139999941], [-62.92862035999997, -6.523848269999974], [-62.928696929999944, -6.523966639999969], [-62.928772579999986, -6.524088469999981], [-62.92884868999994, -6.524202539999976], [-62.928922729999954, -6.52431600999995], [-62.92898633999994, -6.524428919999934], [-62.92904344999994, -6.524538169999971], [-62.92916465999997, -6.524748339999974], [-62.929224259999955, -6.52483725999997], [-62.92927425999994, -6.524924529999964], [-62.929323039999986, -6.525005239999928], [-62.92936369999995, -6.525075219999962], [-62.92974990999994, -6.525654919999965], [-62.92982611999997, -6.525771559999953], [-62.92990529999997, -6.525891379999962], [-62.92997871999995, -6.526014489999966], [-62.93005033999998, -6.526135919999945], [-62.930122249999954, -6.526256169999954], [-62.93019383999996, -6.526376059999961], [-62.93025980999994, -6.5264940899999715], [-62.93031947999998, -6.5266112599999815], [-62.93038637999996, -6.526725849999934], [-62.93045718999997, -6.526844169999947], [-62.93053047999996, -6.52695990999996], [-62.93060429999997, -6.5270795499999394], [-62.93068218999997, -6.527195199999937], [-62.930761719999964, -6.527311679999968], [-62.93083718999998, -6.527429799999936], [-62.930911529999946, -6.527545329999953], [-62.93098593999997, -6.52766373999998], [-62.93105774999998, -6.52778498999993], [-62.931132039999966, -6.527901249999957], [-62.93120684999997, -6.528026669999974], [-62.93128181999998, -6.528155329999947], [-62.931353909999984, -6.52828212999998], [-62.93142865999994, -6.528407209999955], [-62.93150551999997, -6.528530239999952], [-62.931589309999936, -6.528648929999974], [-62.93167569999997, -6.528760469999952], [-62.93175077999996, -6.52887807999997], [-62.93181359999994, -6.528999299999953], [-62.93187771999993, -6.529120679999949], [-62.93195284999996, -6.5292405099999655], [-62.932027269999935, -6.529363829999966], [-62.93210227999998, -6.5294854399999736], [-62.932177069999966, -6.529606709999939], [-62.932247109999935, -6.529729829999951], [-62.93231967999998, -6.5298517499999775], [-62.93239362999998, -6.529971279999927], [-62.93246922999998, -6.530091149999976], [-62.932544639999946, -6.530211369999961], [-62.932619269999975, -6.5303326099999595], [-62.93269551999998, -6.53045340999995], [-62.93277191999994, -6.5305748899999685], [-62.932847169999945, -6.530696279999972], [-62.93292471999996, -6.530817839999941], [-62.93300449999998, -6.530939849999925], [-62.93308147999994, -6.53106331999993], [-62.933154429999945, -6.531187279999926], [-62.933226239999954, -6.531306599999937], [-62.93329755999997, -6.531425019999972], [-62.93337004999995, -6.5315436299999305], [-62.93345065999995, -6.531660409999972], [-62.93353387999997, -6.531776389999948], [-62.93361114999993, -6.531897209999954], [-62.93367889999996, -6.532020749999958], [-62.93374752999995, -6.532142089999979], [-62.93382212999995, -6.532261379999966], [-62.933898649999946, -6.532380689999968], [-62.933975129999965, -6.532500479999953], [-62.93405093999996, -6.532620909999935], [-62.93412834999998, -6.5327420499999675], [-62.934204729999976, -6.532864819999929], [-62.93428009999997, -6.53298725999997], [-62.93435410999996, -6.533109709999962], [-62.93442596999995, -6.533229289999952], [-62.93449346999995, -6.533344049999926], [-62.93455445999996, -6.533455529999969], [-62.934620079999945, -6.533565039999928], [-62.93468808999995, -6.533674709999957], [-62.93475780999995, -6.533782699999961], [-62.93482722999994, -6.533890049999968], [-62.93489426999997, -6.533996119999927], [-62.934961999999985, -6.534098679999943], [-62.935024719999944, -6.534198869999955], [-62.93508366999998, -6.534296959999949], [-62.93514061999997, -6.5343950999999265], [-62.93520029999996, -6.534488759999931], [-62.935258949999934, -6.534580619999929], [-62.93531608999996, -6.5346711399999435], [-62.93536979999993, -6.534758709999949], [-62.93541958999998, -6.534843129999956], [-62.93546679999997, -6.5349222499999655], [-62.93551371999996, -6.535000249999939], [-62.93555964999996, -6.535075469999981], [-62.93560056999996, -6.535142729999961], [-62.93563642999999, -6.535198999999977], [-62.935672039999986, -6.535253139999952], [-62.935706739999944, -6.535307229999944], [-62.93573833999994, -6.535355909999964], [-62.935767779999935, -6.535400839999966], [-62.93579216999996, -6.535442559999979], [-62.935816589999945, -6.535483889999966], [-62.93584341999997, -6.5355257799999436], [-62.935890979999954, -6.535594799999956], [-62.93595204999997, -6.5356917299999395], [-62.93602069999997, -6.535804549999966], [-62.93609485999997, -6.535914039999966], [-62.93616522999997, -6.536024959999963], [-62.93623704999993, -6.5361317599999325], [-62.936305319999974, -6.536241029999928], [-62.93637203999998, -6.536352789999967], [-62.93643678999996, -6.536466179999934], [-62.936502029999986, -6.5365741499999785], [-62.936566969999944, -6.536683299999936], [-62.93663289999995, -6.53679348999998], [-62.93669487999995, -6.53690217999997], [-62.936753789999955, -6.5370071199999416], [-62.936813309999934, -6.537106049999977], [-62.936872379999954, -6.537196209999934], [-62.936934289999954, -6.537274589999981], [-62.93699319999996, -6.537342509999974], [-62.937039539999944, -6.537407949999931], [-62.937073779999935, -6.537474829999951], [-62.937107099999935, -6.537543579999976], [-62.937143539999965, -6.537618289999955], [-62.937187679999965, -6.537694439999939], [-62.93723903999995, -6.537776659999963], [-62.937295939999956, -6.537869739999962], [-62.93735607999997, -6.537960529999964], [-62.93741216999996, -6.5380486899999255], [-62.93746565999999, -6.538136259999931], [-62.93751656999996, -6.538220869999975], [-62.93756513999995, -6.538300979999974], [-62.93761271999995, -6.538379649999968], [-62.93766069999998, -6.538457089999952], [-62.937708449999946, -6.538532719999978], [-62.937753449999946, -6.538604199999952], [-62.93779571999994, -6.538671939999972], [-62.93783579999996, -6.5387316499999315], [-62.93786795999995, -6.538779569999974], [-62.93789366999994, -6.538820449999946], [-62.937913649999985, -6.538852239999926], [-62.93792007999997, -6.538862669999958], [-62.93792499999995, -6.538870779999968], [-62.937930309999956, -6.538881789999948], [-62.937944699999946, -6.538905979999981], [-62.93796402999993, -6.538936669999941], [-62.93798430999993, -6.538969339999937], [-62.938008269999955, -6.539009269999951], [-62.93803342999996, -6.53905446999994], [-62.93806625999997, -6.539105319999976], [-62.93810658999996, -6.5391720899999655], [-62.938150449999966, -6.539248529999952], [-62.938201739999954, -6.539333549999981], [-62.93825654999995, -6.539415209999959], [-62.93831034999994, -6.539500799999928], [-62.938369069999965, -6.539596599999925], [-62.938436269999954, -6.539706179999939], [-62.938503959999935, -6.539817729999925], [-62.938571739999986, -6.539926489999971], [-62.938638379999986, -6.540034119999973], [-62.93870678999997, -6.5401425799999515], [-62.93877500999997, -6.540252629999941], [-62.93884157999997, -6.540360059999955], [-62.938906799999984, -6.540466639999977], [-62.93897322999999, -6.5405746599999475], [-62.93904035999998, -6.540683859999945], [-62.93910725999996, -6.5407942199999525], [-62.93917314999999, -6.54090403999993], [-62.93923991999998, -6.541012789999968], [-62.93930881999995, -6.54111144999996], [-62.939371489999985, -6.54120488999996], [-62.939427199999955, -6.541290519999961], [-62.939482709999936, -6.541371519999927], [-62.939532579999934, -6.541448999999943], [-62.939576949999946, -6.5415257199999814], [-62.939621219999935, -6.5416002999999705], [-62.93966763999998, -6.54167278999995], [-62.93971319999997, -6.541744249999965], [-62.939751919999935, -6.541804809999974], [-62.93978297999996, -6.541852839999933], [-62.93980845999994, -6.541891269999951], [-62.93982992999997, -6.541924559999927], [-62.93984244999996, -6.541950549999967], [-62.939848189999964, -6.541961059999949], [-62.93985688999999, -6.541974259999961], [-62.93986814999994, -6.541992319999963], [-62.93988053999993, -6.542012529999965], [-62.93989254999997, -6.542032979999931], [-62.939904989999945, -6.54205184999995], [-62.93991656999998, -6.542071319999934], [-62.93992873999997, -6.542091009999979], [-62.939943649999975, -6.542117139999959], [-62.93995856999999, -6.542139779999957], [-62.939976559999934, -6.542167819999975], [-62.94000130999996, -6.542207549999944], [-62.940032619999954, -6.542254779999951], [-62.94006805999999, -6.542307249999965], [-62.94010380999998, -6.542363629999954], [-62.94013904999997, -6.5424163499999395], [-62.940168609999944, -6.542464249999966], [-62.94019741999995, -6.542519049999953], [-62.940238929999964, -6.5425902099999576], [-62.940291839999986, -6.542669639999929], [-62.94034597999996, -6.542759149999938], [-62.94039927999995, -6.542853849999972], [-62.94045724999995, -6.542947459999937], [-62.94050860999994, -6.543041719999962], [-62.94055944999997, -6.543127209999966], [-62.94060634999994, -6.543206229999953], [-62.94065698999998, -6.543272839999929], [-62.940695259999984, -6.543338889999973], [-62.94072649999998, -6.543391639999925], [-62.94075385999997, -6.543433259999972], [-62.941016659999946, -6.543854239999973], [-62.94106622999993, -6.5439506399999345], [-62.94112693999995, -6.544056249999926], [-62.94119725999997, -6.544171969999979], [-62.94127034999997, -6.544288589999951], [-62.94134282999994, -6.54440735999998], [-62.941410049999945, -6.544529759999932], [-62.941471699999965, -6.544651869999939], [-62.94153077999994, -6.544771879999928], [-62.94159155999995, -6.544891889999974], [-62.94165316999994, -6.545016089999933], [-62.94171567999996, -6.54514187999996], [-62.941777049999985, -6.545269309999981], [-62.94183904999994, -6.545396839999967], [-62.94189927999997, -6.545521849999943], [-62.94195553999998, -6.545649949999927], [-62.94201449999997, -6.545776289999935], [-62.942069559999936, -6.545895539999947], [-62.94212855999996, -6.5460061599999335], [-62.94218294999996, -6.546122909999951], [-62.94223079999995, -6.5462457999999515], [-62.94227866999995, -6.546369589999927], [-62.94232939999995, -6.546493699999928], [-62.94238491999994, -6.546618769999952], [-62.942438849999974, -6.546746589999941], [-62.942492809999976, -6.546873959999971], [-62.94254594999995, -6.54700140999995], [-62.942597159999934, -6.547128139999927], [-62.94264955999995, -6.547254719999955], [-62.942703009999946, -6.547378069999979], [-62.942748009999946, -6.547498109999935], [-62.942778129999965, -6.547618419999935], [-62.94280410999994, -6.54773868999996], [-62.94283669999999, -6.5478597399999785], [-62.94287310999994, -6.547986099999946], [-62.942910869999935, -6.5481146099999705], [-62.94295286999994, -6.548242009999967], [-62.94298735999996, -6.548368899999957], [-62.943029999999965, -6.5484888699999715], [-62.94306437999995, -6.548602609999932], [-62.94309963999996, -6.548709699999961], [-62.94313461999997, -6.548810929999945], [-62.943167019999976, -6.548903889999963], [-62.943192119999935, -6.548995489999925], [-62.943210129999954, -6.549093149999976], [-62.94323069999996, -6.549184539999942], [-62.94326001999997, -6.549274169999933], [-62.943279039999936, -6.549361329999954], [-62.94330803999998, -6.549446949999947], [-62.94333665999994, -6.549534269999981], [-62.94335423999996, -6.549615759999938], [-62.943368239999984, -6.549693169999955], [-62.943386189999956, -6.5497696299999575], [-62.94340267999996, -6.549838979999947], [-62.943416309999975, -6.549898689999964], [-62.94342861999996, -6.54994862999996], [-62.943439309999974, -6.5499929499999325], [-62.943448099999955, -6.550029909999978], [-62.94345278999998, -6.5500697599999285], [-62.94345722999998, -6.550094069999943], [-62.94346392999995, -6.550129159999926], [-62.94347203999996, -6.550161729999957], [-62.94347991999996, -6.55020221999996], [-62.943488369999955, -6.550239489999967], [-62.94349474999996, -6.550269539999931], [-62.94350676999994, -6.5503098199999386], [-62.94352242999997, -6.5503720499999645], [-62.943541669999945, -6.550454449999961], [-62.943566559999965, -6.550551839999969], [-62.94359132999995, -6.550659429999939], [-62.94361743999997, -6.5507870999999795], [-62.94364471999995, -6.550923439999963], [-62.94366654999993, -6.551060149999955], [-62.943681209999966, -6.551194159999966], [-62.94369831999995, -6.551326999999958], [-62.94371614999994, -6.551463609999928], [-62.943736659999956, -6.551597309999977], [-62.94376049999994, -6.551729769999952], [-62.94378650999994, -6.551862939999978], [-62.94381210999995, -6.551992499999926], [-62.94383633999996, -6.552114639999957], [-62.943858159999934, -6.55222890999994], [-62.943883899999946, -6.5523538499999745], [-62.94390916999998, -6.552488179999955], [-62.94393619999994, -6.55262560999995], [-62.94396214999995, -6.552763579999976], [-62.94398890999997, -6.552901169999927], [-62.94401750999998, -6.553037589999974], [-62.94404569999995, -6.553174689999935], [-62.94407271999995, -6.553313289999949], [-62.944097699999986, -6.553453629999979], [-62.94412306999993, -6.553592889999948], [-62.944147949999945, -6.553731669999934], [-62.94417562999996, -6.553869309999925], [-62.94420078999997, -6.554006509999965], [-62.94422610999999, -6.554146899999978], [-62.944253679999974, -6.554285839999977], [-62.94428166999995, -6.5544239499999435], [-62.94430855999997, -6.554557259999967], [-62.94433640999995, -6.554687439999952], [-62.94436618999998, -6.554821339999933], [-62.94439240999998, -6.554956009999955], [-62.94441724999996, -6.555096079999942], [-62.94444292999998, -6.555235909999965], [-62.944466939999984, -6.55537481999994], [-62.944491159999984, -6.55551029999998], [-62.944513789999974, -6.555640829999959], [-62.944533949999936, -6.555766799999958], [-62.94455776999996, -6.555893859999969], [-62.94458069999996, -6.556026609999947], [-62.94460140999996, -6.556154509999942], [-62.944624749999946, -6.556273429999976], [-62.94464560999995, -6.556382509999935], [-62.944674859999964, -6.556484159999968], [-62.944700359999956, -6.556586839999966], [-62.94472162999995, -6.556689969999979], [-62.94474911999998, -6.5567846399999326], [-62.944764489999955, -6.556881209999972], [-62.94477883999997, -6.556971129999965], [-62.94479710999997, -6.557060509999928], [-62.94481324999998, -6.557156319999933], [-62.944828979999954, -6.5572464999999625], [-62.94484548999998, -6.557330029999946], [-62.94486965999994, -6.5574245899999255], [-62.944896039999946, -6.557549129999927], [-62.94491759999994, -6.5576814399999535], [-62.94493798999997, -6.557815689999927], [-62.94496216999994, -6.55794863999995], [-62.944987709999964, -6.558083069999952], [-62.94501186999997, -6.558222299999954], [-62.94503899999995, -6.558362139999929], [-62.94506735999994, -6.558502879999935], [-62.94509594999994, -6.558644409999943], [-62.945122709999964, -6.558786279999936], [-62.945150499999954, -6.558926769999971], [-62.945171829999936, -6.559069979999947], [-62.94519806999995, -6.559207959999981], [-62.94522725999997, -6.55934383999994], [-62.94525146999996, -6.559481879999964], [-62.94527973999993, -6.559623649999935], [-62.945307329999935, -6.559766449999927], [-62.945333689999984, -6.55990726999994], [-62.94535756999994, -6.560047029999964], [-62.94537670999995, -6.560181739999962], [-62.945395889999986, -6.560309939999968], [-62.945420309999975, -6.5604379999999765], [-62.94544859999996, -6.560562549999929], [-62.94547764999999, -6.560682969999959], [-62.94551078999996, -6.560793219999937], [-62.94552928999997, -6.560906349999925], [-62.94554606999998, -6.5610340499999324], [-62.94556536999994, -6.561170259999926], [-62.94558460999997, -6.561309879999953], [-62.94561041999998, -6.561445609999964], [-62.94563592999998, -6.561584559999972], [-62.94566125999995, -6.561721069999976], [-62.94568838999999, -6.561861879999981], [-62.945716699999934, -6.562005559999932], [-62.945741699999985, -6.562145799999939], [-62.94577347999996, -6.562284589999933], [-62.94579903999994, -6.562420799999927], [-62.945824709999954, -6.562551049999968], [-62.94585871999993, -6.562670619999949], [-62.94588692999997, -6.56278408999998], [-62.94591066999993, -6.562904549999928], [-62.94593175999995, -6.563035999999954], [-62.94595513999997, -6.563172669999972], [-62.945982209999954, -6.563310169999966], [-62.94601032999998, -6.5634476799999675], [-62.94603632999997, -6.56358333999998], [-62.94606449999998, -6.563719479999975], [-62.946088429999975, -6.563849669999968], [-62.946112159999984, -6.563970429999927], [-62.94613762999995, -6.5640787999999475], [-62.94615355999997, -6.56417917999994], [-62.94616874999997, -6.56427285999996], [-62.94619421999994, -6.5643760399999564], [-62.946219809999945, -6.564500199999941], [-62.94624671999998, -6.564631719999966], [-62.946274469999935, -6.564765729999976], [-62.94630062999994, -6.564901959999929], [-62.946326269999986, -6.565039529999979], [-62.946351059999984, -6.565176869999959], [-62.94637712999997, -6.565311819999977], [-62.94640096999996, -6.565446889999976], [-62.94642533999996, -6.565583899999979], [-62.94645202999993, -6.56571938999997], [-62.946478499999955, -6.565853809999965], [-62.94650100999996, -6.565986089999967], [-62.94652093999997, -6.566114509999977], [-62.94654342999996, -6.566243239999949], [-62.94656550999997, -6.566374809999957], [-62.946588249999934, -6.566510459999961], [-62.94661275999994, -6.566647109999963], [-62.946638579999956, -6.566784419999976], [-62.94666585999994, -6.566929499999958], [-62.94669299999998, -6.5670741399999315], [-62.94671866999994, -6.567210389999957], [-62.94674466999999, -6.567337889999976], [-62.946768979999945, -6.567459809999946], [-62.94679217999993, -6.567575419999969], [-62.94681134999996, -6.567681799999946], [-62.946826069999986, -6.56777797999996], [-62.946842069999946, -6.567861509999943], [-62.946858619999944, -6.567935729999931], [-62.94687590999996, -6.568012589999967], [-62.94689547999997, -6.5680931799999485], [-62.946911839999984, -6.568169319999981], [-62.94692399999997, -6.568231989999958], [-62.94693547999998, -6.568287019999957], [-62.94694068999996, -6.568317109999953], [-62.946942959999944, -6.568331199999932], [-62.94694498999996, -6.568343899999945], [-62.94695096999993, -6.56836895999993], [-62.94695722999995, -6.5684005399999705], [-62.94696272999994, -6.568431829999952], [-62.94696927999996, -6.568469709999931], [-62.94697596999998, -6.568513049999979], [-62.94698351999995, -6.56856044999995], [-62.946991939999975, -6.568610299999932], [-62.94699983999993, -6.568661479999946], [-62.947007129999974, -6.568720069999927], [-62.94701944999997, -6.568799269999943], [-62.94703634999996, -6.5689014699999575], [-62.947057979999954, -6.569024879999972], [-62.94708203999994, -6.569153099999937], [-62.94710686999997, -6.569274359999952], [-62.94713070999995, -6.569395449999945], [-62.947155469999984, -6.569516189999945], [-62.94717787999997, -6.569629129999953], [-62.947198249999985, -6.569746479999935], [-62.94722449999995, -6.569865819999961], [-62.94724722999996, -6.569991369999968], [-62.94727573999995, -6.570120469999949], [-62.947306149999974, -6.570252119999964], [-62.94733260999993, -6.5703867899999295], [-62.94735768999993, -6.570522159999939], [-62.947382569999945, -6.570657559999972], [-62.947409249999964, -6.570793229999936], [-62.94743590999997, -6.570930069999974], [-62.94745984999997, -6.5710670799999775], [-62.94748593999998, -6.571204209999962], [-62.94751397999994, -6.571342849999951], [-62.94754167999997, -6.571481089999963], [-62.94756824999996, -6.571620999999936], [-62.947593619999964, -6.571760989999973], [-62.94762111999995, -6.571901529999934], [-62.94764719999995, -6.572042159999967], [-62.94767222999997, -6.572181779999937], [-62.94769626999994, -6.5723229099999685], [-62.94772113999994, -6.572463739999932], [-62.94774664999994, -6.572605279999948], [-62.94777177999998, -6.572747069999934], [-62.94779707999999, -6.572887889999947], [-62.94782219999996, -6.573028459999932], [-62.94784709999993, -6.5731685399999265], [-62.947875229999966, -6.573307789999944], [-62.94790296999997, -6.573444809999955], [-62.94792633999998, -6.573574889999975], [-62.94795857999998, -6.573700449999933], [-62.94798517999993, -6.573828759999969], [-62.94801123999997, -6.573963009999943], [-62.94803985999994, -6.574102579999931], [-62.948066849999975, -6.574242669999933], [-62.94809191999997, -6.574383089999969], [-62.94811801999998, -6.574522439999953], [-62.94814391999995, -6.574661649999939], [-62.948168589999966, -6.574800319999952], [-62.948193679999974, -6.574938239999938], [-62.94821970999993, -6.575078959999928], [-62.94824834999997, -6.575225909999972], [-62.94827859999998, -6.575380069999937], [-62.948307229999955, -6.575533359999952], [-62.94833431999996, -6.575682899999947], [-62.94836137999994, -6.575829299999953], [-62.94839386999996, -6.575975639999967], [-62.94842371999994, -6.57611253999994], [-62.94844445999996, -6.576241639999978], [-62.94846513999994, -6.576371649999942], [-62.94848954999998, -6.576510909999968], [-62.94851510999996, -6.576655089999974], [-62.94854110999995, -6.576797899999974], [-62.94856155999997, -6.576939129999971], [-62.94858508999994, -6.57707763999997], [-62.94861646999993, -6.577218979999941], [-62.94864924999996, -6.577363789999936], [-62.94868405999995, -6.577509949999978], [-62.94871803999996, -6.5776560099999415], [-62.94874896999994, -6.577801509999972], [-62.948776229999964, -6.577947149999943], [-62.94879980999997, -6.578092779999963], [-62.94883017999996, -6.578239629999928], [-62.94886070999996, -6.578383779999967], [-62.94888720999995, -6.578524319999929], [-62.94890977999995, -6.578665389999969], [-62.948930099999984, -6.578806529999952], [-62.948953969999934, -6.578942609999956], [-62.94897972999996, -6.579076019999945], [-62.94900680999996, -6.579211659999942], [-62.94903279999994, -6.579351359999976], [-62.94906221999997, -6.579492239999979], [-62.94909176999994, -6.579632859999947], [-62.94911971999994, -6.579773229999944], [-62.94914707999993, -6.579912689999958], [-62.94917356999997, -6.58005105999996], [-62.949197949999984, -6.5801877399999285], [-62.94922262999995, -6.580325889999926], [-62.94924582999994, -6.580464079999956], [-62.94927028999996, -6.580601629999933], [-62.94929561999999, -6.5807437799999775], [-62.94931958999996, -6.580882779999968], [-62.949344629999985, -6.581020819999935], [-62.949370389999956, -6.5811588599999595], [-62.949396279999974, -6.581295629999943], [-62.94942183999996, -6.581432399999926], [-62.94944813999996, -6.581571629999928], [-62.949474779999946, -6.581712119999963], [-62.94950183999998, -6.581854179999937], [-62.94953015999994, -6.581991999999957], [-62.94955848999996, -6.582130279999944], [-62.94958341999995, -6.582265339999935], [-62.94960884999995, -6.582395349999956], [-62.949635789999945, -6.58252693999998], [-62.949662339999975, -6.5826536699999565], [-62.94968732999996, -6.582777709999959], [-62.94971074999995, -6.582905609999955], [-62.94973393999999, -6.583031519999963], [-62.949753949999945, -6.58315400999993], [-62.94977673999995, -6.5832699899999625], [-62.94979533999998, -6.583381469999949], [-62.94981545999997, -6.583487459999958], [-62.94984132999997, -6.583592009999961], [-62.94987040999996, -6.583692529999951], [-62.94989959999998, -6.583792509999967], [-62.949915879999935, -6.583894079999936], [-62.94993505999997, -6.583993289999967], [-62.94995357999994, -6.584087509999961], [-62.949964439999974, -6.584179089999964], [-62.94998190999996, -6.584282379999934], [-62.950004889999946, -6.584411809999949], [-62.95002893999998, -6.584552559999963], [-62.95005515999998, -6.584695759999931], [-62.950082349999946, -6.5848409199999764], [-62.95011054999998, -6.5849902999999586], [-62.950137119999965, -6.5851372699999615], [-62.95015977999998, -6.58528124999998], [-62.95018596999995, -6.58542209999996], [-62.95020936999998, -6.585557489999928], [-62.95023310999994, -6.585681349999959], [-62.95025616999993, -6.585793279999962], [-62.950280059999955, -6.585894499999938], [-62.95030566999998, -6.585987889999956], [-62.95031951999994, -6.586066979999941], [-62.95032287999999, -6.586132469999939], [-62.95032841999995, -6.586207969999975], [-62.950345469999945, -6.5862900499999455], [-62.950368769999955, -6.5863579999999615], [-62.95038195999996, -6.586430089999965], [-62.950393529999985, -6.586510589999932], [-62.950410259999956, -6.586595619999969], [-62.95042879999994, -6.586684509999941], [-62.95044903999997, -6.586761789999969], [-62.95046538999998, -6.58682258999994], [-62.95047387999995, -6.586872869999979], [-62.950480149999976, -6.58691301999994], [-62.95048572999997, -6.586949789999949], [-62.950491839999984, -6.587008129999958], [-62.95050882999993, -6.587105749999978], [-62.95052960999993, -6.587230279999972], [-62.95055486999996, -6.587369529999933], [-62.950578329999985, -6.587511909999932], [-62.95060291999994, -6.587655669999947], [-62.95062631999997, -6.587798269999951], [-62.95065042999994, -6.587942789999943], [-62.95067618999997, -6.5880836499999305], [-62.95070587999999, -6.588222309999935], [-62.95073787999996, -6.588365369999963], [-62.95076607999994, -6.588509779999981], [-62.95079423999994, -6.588652009999976], [-62.95082139999994, -6.588792209999951], [-62.95084824999998, -6.588931339999931], [-62.95087701999995, -6.589068999999938], [-62.95090590999996, -6.589203119999979], [-62.950936009999964, -6.589340039999968], [-62.950965759999974, -6.589476809999951], [-62.95099167999996, -6.58960935999994], [-62.951015549999966, -6.5897379499999715], [-62.95104263999997, -6.589869129999954], [-62.951071739999975, -6.590006899999935], [-62.95110497999997, -6.59014475999993], [-62.951132309999934, -6.590279939999959], [-62.951151349999975, -6.590410789999964], [-62.951166339999986, -6.590539179999951], [-62.95118007999997, -6.590657379999925], [-62.95119751999994, -6.590764349999972], [-62.95121643999994, -6.590860389999932], [-62.951238279999984, -6.590945909999959], [-62.95126017999996, -6.591023909999933], [-62.95128334999998, -6.591100869999934], [-62.951299319999976, -6.591191189999961], [-62.95131061999996, -6.59129798999993], [-62.95131993999996, -6.591404729999965], [-62.95133673999999, -6.591508039999951], [-62.95136053999994, -6.591607329999931], [-62.95138790999994, -6.59170856999998], [-62.95140799999996, -6.591818889999956], [-62.95143436999996, -6.591926649999948], [-62.95146017999997, -6.592039969999973], [-62.951484059999984, -6.592160489999969], [-62.95150602999996, -6.592279129999952], [-62.951530539999965, -6.592396189999931], [-62.95155287999995, -6.5925146299999255], [-62.95157440999998, -6.592627399999969], [-62.951592509999955, -6.592735409999932], [-62.951612539999985, -6.59284109999993], [-62.951632649999965, -6.592947319999951], [-62.95165345999993, -6.593048629999942], [-62.95167152999994, -6.593141639999942], [-62.951687109999966, -6.59322764999996], [-62.95170337999997, -6.593309629999965], [-62.95172063999996, -6.5933782899999756], [-62.95173360999996, -6.593432889999974], [-62.95174388999993, -6.59347938999997], [-62.95175438999996, -6.5935206499999595], [-62.95176094999994, -6.593547039999976], [-62.95176257999998, -6.593553509999936], [-62.95176496999994, -6.593562359999964], [-62.95176990999994, -6.593587789999958], [-62.95177728999994, -6.59363043999997], [-62.95178630999993, -6.593682119999926], [-62.95179828999994, -6.593745209999952], [-62.95180872999998, -6.593813979999936], [-62.95182003999997, -6.593891769999971], [-62.95183395999999, -6.593976019999957], [-62.95184942999998, -6.594075969999949], [-62.951872339999966, -6.594192389999932], [-62.95189556999998, -6.5943079599999805], [-62.951914829999964, -6.594413559999964], [-62.95193095999997, -6.5945087799999556], [-62.95194694999998, -6.594607549999978], [-62.951967639999964, -6.594716959999971], [-62.951991249999935, -6.594839079999929], [-62.95201307999997, -6.59496366999997], [-62.95203203999995, -6.595086179999953], [-62.952056089999985, -6.595212369999956], [-62.95208100999997, -6.595337929999971], [-62.952102389999936, -6.595453179999936], [-62.952120079999986, -6.595556449999947], [-62.95213714999994, -6.595653019999929], [-62.952153599999974, -6.595743959999936], [-62.95217410999999, -6.595853429999977], [-62.95219651999997, -6.5959854899999755], [-62.95222077999995, -6.5961293699999715], [-62.952245119999986, -6.5962774399999375], [-62.95228301999998, -6.596419819999937], [-62.952318669999954, -6.596561149999957], [-62.95235289999994, -6.596698989999936], [-62.95238374999997, -6.5968339799999285], [-62.95240646999997, -6.596964009999965], [-62.95242264999996, -6.597090809999941], [-62.95244458999997, -6.597221469999965], [-62.95247084999994, -6.5973560699999325], [-62.95249782999997, -6.597482669999977], [-62.952519059999986, -6.597599179999975], [-62.95253928999995, -6.597703779999961], [-62.95255152999994, -6.597800089999964], [-62.952571509999984, -6.597900979999963], [-62.95259982999994, -6.59802295999998], [-62.95263113999994, -6.598160519999965], [-62.952660839999965, -6.598300499999937], [-62.95268839999994, -6.5984410599999705], [-62.95271589999999, -6.598580719999973], [-62.95274346999997, -6.5987204399999655], [-62.95276968999997, -6.59886051999996], [-62.952795279999975, -6.599000019999949], [-62.952820979999956, -6.599139019999939], [-62.95284394999999, -6.599280879999981], [-62.952867509999976, -6.599422369999957], [-62.952891739999984, -6.599561649999941], [-62.95291593999997, -6.599698959999955], [-62.952939379999975, -6.599834789999932], [-62.95296547999993, -6.599973249999948], [-62.95299410999996, -6.600110689999951], [-62.95302140999996, -6.600246299999981], [-62.95304818999995, -6.60038346999994], [-62.953072979999945, -6.60052117999993], [-62.95309562999995, -6.600657309999974], [-62.95312371999995, -6.600787289999971], [-62.95314867999997, -6.60090785999995], [-62.95317527999998, -6.601016309999977], [-62.953196359999936, -6.601120069999979], [-62.95321644999996, -6.601238789999968], [-62.95323988999996, -6.601370919999965], [-62.95325848999994, -6.6015068199999405], [-62.95327298999996, -6.601632939999945], [-62.953296739999985, -6.601753799999926], [-62.95332295999998, -6.601886119999961], [-62.953352019999954, -6.6020244899999625], [-62.95338068999996, -6.60215618999996], [-62.95340637999993, -6.60227698999995], [-62.95342502999995, -6.6023863999999435], [-62.95344039999998, -6.602485759999979], [-62.95345865999997, -6.602576449999958], [-62.95348452999997, -6.602671649999934], [-62.95351318999997, -6.602790219999974], [-62.95354094999993, -6.602924289999976], [-62.95356949999996, -6.603064549999942], [-62.95359089999994, -6.603203839999935], [-62.95361305999995, -6.603344979999974], [-62.95363749999996, -6.603486859999975], [-62.95366502999997, -6.603627079999967], [-62.95368462999994, -6.603756799999928], [-62.95370529999997, -6.6038760999999795], [-62.95373922999994, -6.603984749999938], [-62.953772439999966, -6.604100029999927], [-62.95379271999997, -6.604228989999967], [-62.95381120999997, -6.604365579999978], [-62.95383019999997, -6.6045054499999765], [-62.95384889999997, -6.60463601999993], [-62.95386807999995, -6.604755069999953], [-62.953891959999964, -6.604866419999951], [-62.95391495999996, -6.604981959999975], [-62.953941149999935, -6.6051129599999285], [-62.95396617999995, -6.605251229999965], [-62.95399009999994, -6.605389699999932], [-62.95401468999995, -6.605527429999938], [-62.954040979999945, -6.605659049999929], [-62.954070169999966, -6.605785669999932], [-62.95409607999994, -6.605902119999939], [-62.95411938999996, -6.606008379999935], [-62.95413999999994, -6.606104569999957], [-62.95416162999999, -6.606189879999931], [-62.954184829999974, -6.606267909999929], [-62.954199899999935, -6.606349359999967], [-62.95421212999997, -6.606449219999945], [-62.954222819999984, -6.606567889999951], [-62.954240279999965, -6.606696419999935], [-62.95427188999997, -6.606827069999952], [-62.95429986999994, -6.606964589999961], [-62.95432671999998, -6.607095369999968], [-62.95435226999996, -6.607214479999925], [-62.95437678999997, -6.60732239999993], [-62.95439597999996, -6.607419519999951], [-62.95441045999996, -6.607514059999971], [-62.95443026999993, -6.6076265899999385], [-62.95445087999997, -6.60774878999996], [-62.95447533999999, -6.607874079999931], [-62.95450122999995, -6.608003639999936], [-62.954527189999965, -6.608135279999942], [-62.95455234999997, -6.608268689999932], [-62.954576789999976, -6.6084031099999265], [-62.95459926999996, -6.608537209999952], [-62.95462251999999, -6.608669789999965], [-62.954645649999975, -6.608800879999933], [-62.954672579999965, -6.608932009999933], [-62.95469538999998, -6.609059339999931], [-62.95472050999996, -6.6091778399999725], [-62.95473862999995, -6.609287909999978], [-62.95475093999994, -6.609390559999952], [-62.95477017999997, -6.609491049999974], [-62.95479494999995, -6.609596349999947], [-62.954819519999944, -6.609711599999969], [-62.954841569999985, -6.60983540999996], [-62.95486361999997, -6.609962449999955], [-62.954888349999976, -6.610089369999969], [-62.954916329999946, -6.610216829999956], [-62.95494555999994, -6.61034664999994], [-62.95497078999995, -6.610473139999954], [-62.954980159999934, -6.610593159999951], [-62.95499271999995, -6.61071168999996], [-62.95501826999998, -6.610831209999958], [-62.955044459999954, -6.610954979999974], [-62.955071059999966, -6.611077939999973], [-62.95509701999998, -6.611189919999958], [-62.95512421999996, -6.611291379999955], [-62.95515009999997, -6.61139253999994], [-62.95517314999995, -6.611501659999931], [-62.955193479999934, -6.6116102599999635], [-62.955215589999966, -6.611716969999975], [-62.95522900999998, -6.611814749999951], [-62.95523942999995, -6.611904089999939], [-62.955258019999974, -6.6119867299999555], [-62.95526971999993, -6.6120756599999595], [-62.95529271999993, -6.612158889999932], [-62.955312419999984, -6.612235159999955], [-62.955327429999954, -6.612305969999966], [-62.95533151999996, -6.61237787999994], [-62.955340099999944, -6.612457669999969], [-62.95535239999998, -6.612543219999964], [-62.955368799999974, -6.612631109999938], [-62.955385269999965, -6.612722529999928], [-62.95540066999996, -6.6128078299999515], [-62.95541782999999, -6.612891289999936], [-62.95543479999998, -6.612981349999927], [-62.95545126999997, -6.613070909999976], [-62.95546952999996, -6.613160939999943], [-62.955487189999985, -6.613256419999971], [-62.95550565999997, -6.61335859999997], [-62.95552508999998, -6.6134658599999625], [-62.95554539999995, -6.613565519999952], [-62.95556517999995, -6.613657359999934], [-62.95558609999995, -6.613745519999952], [-62.95560571999994, -6.613833319999969], [-62.95562458999996, -6.613913319999938], [-62.95564482999998, -6.613987269999939], [-62.955662779999955, -6.614060519999953], [-62.955679059999966, -6.6141475099999525], [-62.95570075999996, -6.614243619999968], [-62.95571830999995, -6.6143383599999765], [-62.955732669999975, -6.614432789999967], [-62.95575054999995, -6.614527659999965], [-62.95576768999996, -6.614629049999962], [-62.95578459999996, -6.614730409999936], [-62.95579602999999, -6.614829699999973], [-62.955806559999985, -6.61493269999994], [-62.955824209999946, -6.615038869999978], [-62.955844239999976, -6.615138599999966], [-62.95586119999996, -6.6152318399999785], [-62.95587664999994, -6.61531913999994], [-62.95589432999998, -6.615402089999975], [-62.955913979999934, -6.615483859999927], [-62.955932459999985, -6.61556883999998], [-62.955946669999946, -6.615655269999934], [-62.955960979999986, -6.615742599999976], [-62.95597591999996, -6.6158327599999325], [-62.95599364999998, -6.615921929999956], [-62.95600779999995, -6.6160048799999345], [-62.95602276999995, -6.616080429999954], [-62.95603784999997, -6.6161529299999415], [-62.956052659999955, -6.616228259999957], [-62.95606867999999, -6.616307589999963], [-62.95608494999993, -6.61639195999993], [-62.956101529999955, -6.6164817399999265], [-62.95611754999999, -6.616569359999971], [-62.95613473999998, -6.616649049999978], [-62.956149779999976, -6.616720879999946], [-62.956163679999975, -6.616789489999974], [-62.956178819999934, -6.6168541999999775], [-62.95619310999996, -6.616924469999958], [-62.95620941999994, -6.617001769999945], [-62.95622586999997, -6.617083629999968], [-62.95624122999993, -6.617162779999944], [-62.956255289999945, -6.617240549999963], [-62.956264819999944, -6.6173112099999685], [-62.95627226999994, -6.617375369999934], [-62.956283059999976, -6.617435149999949], [-62.95629838999997, -6.617492119999952], [-62.95631569999995, -6.61754985999994], [-62.95633351999999, -6.617606489999957], [-62.95633783999995, -6.617627929999969], [-62.95634616999996, -6.617671259999952], [-62.956353399999955, -6.617706899999973], [-62.95635907999997, -6.617728509999949], [-62.95636460999998, -6.6177507599999785], [-62.956372069999986, -6.617780749999952], [-62.956380759999945, -6.617825309999944], [-62.95638900999995, -6.617896969999947], [-62.956402209999965, -6.617989289999969], [-62.95642486999998, -6.618103689999941], [-62.95644753999994, -6.618218359999958], [-62.95646403999996, -6.618333409999934], [-62.95648755999997, -6.618462379999926], [-62.95651551999998, -6.618587409999975], [-62.95654039999994, -6.6187020799999345], [-62.95656243999997, -6.618806609999979], [-62.956578159999935, -6.618909119999955], [-62.956595869999944, -6.619016699999975], [-62.956613639999944, -6.619131689999961], [-62.95663532999998, -6.619252759999938], [-62.956660899999974, -6.6193764499999475], [-62.95668350999995, -6.619498379999925], [-62.95670537999996, -6.619623779999927], [-62.95672949999994, -6.619754779999937], [-62.95675577999998, -6.619889729999954], [-62.95678374999994, -6.620026709999934], [-62.95681362999994, -6.620165869999937], [-62.95684381999996, -6.620301299999937], [-62.95686866999995, -6.620434279999927], [-62.95689220999998, -6.620562029999974], [-62.95691666999994, -6.620684969999957], [-62.956938219999984, -6.620796169999949], [-62.956954559999986, -6.62089616999998], [-62.95696941999995, -6.62099104999993], [-62.95698179999994, -6.621086989999981], [-62.95699229999997, -6.621183249999945], [-62.95700452999995, -6.621275089999926], [-62.95702226999998, -6.621365269999956], [-62.95704439999997, -6.6214564599999335], [-62.95706906999993, -6.62155901999995], [-62.95709401999994, -6.621667239999965], [-62.957115069999986, -6.621767709999972], [-62.957131369999956, -6.621859279999967], [-62.95714449999997, -6.621943109999961], [-62.95715880999995, -6.622018349999962], [-62.95717546999998, -6.6220877699999505], [-62.95719391999995, -6.622151269999961], [-62.957205819999956, -6.6222135399999615], [-62.95721751999997, -6.622280939999939], [-62.95723523999993, -6.622376239999937], [-62.95725465999993, -6.622480239999959], [-62.95726511999999, -6.622591119999981], [-62.95727918999995, -6.622715079999978], [-62.95730340999995, -6.622845599999948], [-62.957332909999934, -6.622973939999952], [-62.95736285999993, -6.623097409999957], [-62.95739083999996, -6.623220409999931], [-62.95741648999996, -6.623342929999978], [-62.95744008999998, -6.623465019999969], [-62.957459419999964, -6.623581609999974], [-62.95747418999997, -6.623687479999944], [-62.95748706999996, -6.623782729999959], [-62.957503919999965, -6.623877759999971], [-62.95752328999998, -6.623980529999926], [-62.95754352999995, -6.624089979999951], [-62.95756725999996, -6.624206519999973], [-62.95759094999994, -6.624328929999933], [-62.95761669999996, -6.624456939999959], [-62.95764185999997, -6.624587089999977], [-62.95766832999993, -6.624718359999974], [-62.95769482999998, -6.624848179999958], [-62.957719019999956, -6.624974219999956], [-62.957741399999975, -6.625101649999976], [-62.95776625999997, -6.625229019999949], [-62.957793659999936, -6.625356389999979], [-62.957820959999935, -6.625485689999948], [-62.95784613999996, -6.625617969999951], [-62.95787054999994, -6.625752119999959], [-62.95789563999995, -6.625887489999968], [-62.95792101999996, -6.626024309999934], [-62.95794767999996, -6.626162669999928], [-62.957975879999935, -6.626304609999977], [-62.95800350999997, -6.6264475099999345], [-62.95803274999997, -6.626592179999932], [-62.95806006999999, -6.626734969999973], [-62.95808988999994, -6.626877499999978], [-62.958119359999955, -6.627019379999979], [-62.95814539999998, -6.627155129999949], [-62.958167139999944, -6.627280049999968], [-62.95819076999999, -6.627403309999977], [-62.958213419999936, -6.627520759999925], [-62.958234269999934, -6.627628819999927], [-62.958258479999984, -6.62774055999995], [-62.958283139999935, -6.627858749999973], [-62.95830522999995, -6.627971609999975], [-62.95831474999994, -6.628075659999979], [-62.958321689999934, -6.628172989999939], [-62.958339869999975, -6.628280409999945], [-62.95836198999996, -6.628404199999977], [-62.958389239999974, -6.628532159999963], [-62.95841889999997, -6.62866022999998], [-62.95844944999993, -6.628782319999971], [-62.958485329999974, -6.628895179999972], [-62.95851607999998, -6.628997359999971], [-62.958543289999966, -6.6290884499999265], [-62.958553619999975, -6.629173719999926], [-62.95855541999998, -6.629262249999954], [-62.95856791999995, -6.629370939999944], [-62.95858791999996, -6.629489299999932], [-62.958610549999946, -6.62961372999996], [-62.958635019999974, -6.629743239999925], [-62.95866263999994, -6.629877439999973], [-62.95868975999997, -6.6300126099999375], [-62.95871402999995, -6.6301456399999665], [-62.958739229999935, -6.630278979999957], [-62.95876772999998, -6.630413239999939], [-62.95879500999996, -6.630547179999951], [-62.95882080999996, -6.630681379999942], [-62.958846309999956, -6.630815849999976], [-62.958872009999936, -6.63095009999995], [-62.95889687999994, -6.631084519999945], [-62.958921389999944, -6.6312200599999755], [-62.958948359999965, -6.631356979999964], [-62.95897483999994, -6.631496039999945], [-62.959003129999985, -6.631636589999971], [-62.959029569999984, -6.631775379999965], [-62.95904934999999, -6.631910809999965], [-62.959069839999984, -6.63204436999996], [-62.959100769999964, -6.632181509999953], [-62.959132549999936, -6.632321959999956], [-62.959160629999985, -6.632463419999965], [-62.95918498999998, -6.632605249999926], [-62.95921195999995, -6.632741479999936], [-62.959232199999974, -6.632874029999925], [-62.959251489999986, -6.633004339999957], [-62.959279279999976, -6.633138109999948], [-62.95930408999993, -6.63327449999997], [-62.959330009999974, -6.63341067999994], [-62.95935437999998, -6.63354290999996], [-62.95937677999996, -6.6336723599999345], [-62.959394919999966, -6.633800849999943], [-62.95942013999996, -6.633928389999937], [-62.95944830999997, -6.634058639999978], [-62.95947974999996, -6.6341898499999274], [-62.95951580999997, -6.63432298999993], [-62.959551689999955, -6.634457619999978], [-62.95958138999998, -6.634593629999927], [-62.959606329999986, -6.634731089999946], [-62.95963336999995, -6.634865779999927], [-62.95965888999996, -6.634997789999943], [-62.95968013999993, -6.635126759999935], [-62.95970189999997, -6.63525594999993], [-62.95972060999998, -6.635387269999967], [-62.95974363999994, -6.635523499999977], [-62.95976615999996, -6.635664319999933], [-62.959789539999974, -6.635803649999957], [-62.95981526999998, -6.63594237999996], [-62.95983973999995, -6.636078399999974], [-62.959865269999966, -6.636209299999962], [-62.959888769999964, -6.636340239999981], [-62.95990748999998, -6.636476949999974], [-62.959929269999975, -6.636610779999955], [-62.959956389999945, -6.636741939999979], [-62.95998591999995, -6.636872199999971], [-62.960015829999975, -6.637002979999977], [-62.96004334999998, -6.637138089999951], [-62.960067779999974, -6.6372738399999776], [-62.96009342999997, -6.637411459999953], [-62.960120899999936, -6.637551319999943], [-62.96015080999996, -6.637690169999928], [-62.96017753999996, -6.637828369999966], [-62.960202539999955, -6.637967129999936], [-62.96022930999993, -6.638107499999933], [-62.96025715999997, -6.638247409999963], [-62.96028525999998, -6.638386499999967], [-62.960313499999984, -6.638523179999936], [-62.960336799999936, -6.63865863999996], [-62.960362129999965, -6.638793989999954], [-62.96038735999997, -6.638932989999944], [-62.960410029999935, -6.639073039999971], [-62.96043193999998, -6.639212039999961], [-62.96045529999998, -6.639347149999935], [-62.96048025999994, -6.6394803199999615], [-62.96050864999995, -6.639612329999977], [-62.96054140999996, -6.639746529999968], [-62.96056877999996, -6.63988035999995], [-62.96059597999994, -6.640012829999932], [-62.960624689999975, -6.640141749999941], [-62.96065695999994, -6.6402612499999805], [-62.960688269999935, -6.640375119999931], [-62.96071329999995, -6.640490859999943], [-62.96074119999997, -6.640610519999939], [-62.96076315999994, -6.640733069999953], [-62.96078659999995, -6.640845049999939], [-62.96080329999995, -6.6409490699999765], [-62.96081140999996, -6.6410556599999495], [-62.960820309999974, -6.6411653399999295], [-62.960844469999984, -6.641273289999958], [-62.960867709999945, -6.6413709999999355], [-62.96088599999996, -6.641462059999981], [-62.960901269999965, -6.641566089999969], [-62.960918799999945, -6.641668589999938], [-62.96093635999995, -6.641768299999967], [-62.960953349999954, -6.641886969999973], [-62.96097754999994, -6.642017969999927], [-62.96100372999996, -6.642154409999932], [-62.96103161999997, -6.642293179999967], [-62.96105909999994, -6.642432319999955], [-62.96108584999996, -6.6425709799999595], [-62.96111240999994, -6.642708779999964], [-62.96113669999994, -6.64284497999995], [-62.96115948999994, -6.642979589999925], [-62.96118260999998, -6.6431074399999375], [-62.96120271999996, -6.643225309999934], [-62.96122160999994, -6.643334379999942], [-62.961239209999974, -6.643441719999942], [-62.96126437999993, -6.643548649999957], [-62.96128786999998, -6.643661479999935], [-62.96130918999995, -6.643784619999963], [-62.96133693999997, -6.643916229999945], [-62.96136829999995, -6.6440476799999715], [-62.96140016999993, -6.644175269999948], [-62.961425489999954, -6.644294959999968], [-62.96144955999995, -6.644406559999936], [-62.96147493999996, -6.644513849999953], [-62.961495809999974, -6.644612509999945], [-62.96150894999994, -6.644704979999972], [-62.96151821999996, -6.644805489999953], [-62.96152807999994, -6.644918399999938], [-62.96153339999995, -6.645023759999958], [-62.961539319999986, -6.645118399999944], [-62.96155072999994, -6.64520355999997], [-62.96156989999997, -6.645281409999939], [-62.96158576999994, -6.64535718999997], [-62.96160445999993, -6.645446379999953], [-62.96163089999993, -6.645544319999942], [-62.961665549999964, -6.645657479999954], [-62.96169770999995, -6.645782179999969], [-62.96172629999995, -6.645915719999948], [-62.961755789999984, -6.646059339999965], [-62.96179000999996, -6.64620825999998], [-62.96182385999998, -6.646356129999958], [-62.96185552999998, -6.646499719999952], [-62.96188209999997, -6.646640249999962], [-62.96190574999997, -6.646781709999971], [-62.96192524999998, -6.646920389999934], [-62.96193919999996, -6.647059929999955], [-62.96196004999996, -6.647204429999931], [-62.96199201999997, -6.64734631999994], [-62.96203239999994, -6.647481859999971], [-62.96206959999995, -6.647619129999953], [-62.96210163999996, -6.647757249999927], [-62.96212424999999, -6.647891609999931], [-62.96214497999995, -6.648024159999977], [-62.962162159999934, -6.648152489999973], [-62.962178319999964, -6.648276609999925], [-62.96219352999998, -6.648399319999953], [-62.96221565999997, -6.648526709999942], [-62.96223710999993, -6.648659049999935], [-62.96226478999995, -6.648796129999937], [-62.962295549999965, -6.64893281999997], [-62.962328139999954, -6.6490689899999325], [-62.962353759999985, -6.649199519999968], [-62.96237931999997, -6.649330519999978], [-62.96241685999996, -6.649466239999981], [-62.96244845999996, -6.649594709999974], [-62.96247522999994, -6.649719519999962], [-62.96250692999996, -6.649848679999934], [-62.96253223999997, -6.649980339999956], [-62.96256116999996, -6.650111079999931], [-62.96258900999999, -6.650241629999925], [-62.96261279999999, -6.65037547999998], [-62.96263565999993, -6.650504959999978], [-62.96265716999994, -6.65063411999995], [-62.962675229999945, -6.650759999999934], [-62.96270363999997, -6.650880939999979], [-62.96273322999997, -6.651001639999947], [-62.96274675999996, -6.6511178599999425], [-62.96275535999996, -6.651227279999944], [-62.96277455999996, -6.651340139999945], [-62.96279935999996, -6.651454679999972], [-62.962821049999945, -6.651573989999974], [-62.962837769999965, -6.65170183999993], [-62.96285599999999, -6.651833089999968], [-62.96287799999993, -6.65196538999993], [-62.96290346999996, -6.65209705999996], [-62.96293018999995, -6.6522328699999775], [-62.96295771999996, -6.652370109999936], [-62.962983529999974, -6.65250500999997], [-62.96301166999996, -6.652633149999929], [-62.963040459999945, -6.652759619999927], [-62.963062959999945, -6.652884699999959], [-62.963078579999944, -6.653001879999977], [-62.96310372999994, -6.653117689999931], [-62.96313459999993, -6.653240449999942], [-62.963163159999965, -6.65337083999998], [-62.96318960999997, -6.653506079999943], [-62.963219279999976, -6.65364091999993], [-62.963248319999934, -6.6537733699999535], [-62.96327183999995, -6.65390089999994], [-62.96329019999996, -6.654025499999932], [-62.963300369999956, -6.654147959999932], [-62.96331608999998, -6.654272449999951], [-62.96333701999998, -6.654397179999933], [-62.96336536999996, -6.654517799999951], [-62.96339224999997, -6.654642319999937], [-62.963418109999964, -6.654770249999956], [-62.96344331999995, -6.654897759999926], [-62.96346934999997, -6.65502835999996], [-62.963496289999966, -6.6551618199999325], [-62.96352230999997, -6.6552951099999405], [-62.96354648999994, -6.65542722999993], [-62.963569519999965, -6.655561169999942], [-62.96359380999996, -6.655698409999957], [-62.96361525999998, -6.655840699999942], [-62.96363323999998, -6.655981279999935], [-62.96365362999995, -6.656114119999927], [-62.96368439999998, -6.656239629999959], [-62.963718349999965, -6.65636115999996], [-62.96375279999995, -6.656490019999978], [-62.96377955999998, -6.656627399999934], [-62.96380253999996, -6.6567682499999705], [-62.96382701999994, -6.656903889999967], [-62.96385329999998, -6.657038199999931], [-62.96388566999997, -6.657176539999966], [-62.96391865999993, -6.657313269999975], [-62.963943479999955, -6.657445019999955], [-62.96396502999994, -6.657574259999933], [-62.96398747999996, -6.657700059999968], [-62.96400960999995, -6.657818249999934], [-62.964032559999964, -6.657946639999977], [-62.964054499999975, -6.658081079999931], [-62.96408192999996, -6.658217259999958], [-62.964113519999955, -6.658349539999961], [-62.96414766999993, -6.658473739999977], [-62.96417497999994, -6.658591029999968], [-62.96419281999994, -6.658711859999926], [-62.964211459999945, -6.658839259999979], [-62.96423453999995, -6.658965409999951], [-62.96426173999998, -6.6590958699999305], [-62.964286899999934, -6.659223269999927], [-62.964313379999965, -6.659340209999925], [-62.96433562999994, -6.659446319999972], [-62.964344179999955, -6.659544499999981], [-62.96434611999996, -6.659648159999961], [-62.96436361999997, -6.659760299999959], [-62.96439074999995, -6.659876569999938], [-62.96442297999994, -6.659992279999926], [-62.96444737999997, -6.660114499999963], [-62.96446856999995, -6.660244759999955], [-62.96449011999994, -6.660376159999942], [-62.96451369999994, -6.660508969999967], [-62.96453754999993, -6.660636159999967], [-62.96456099999995, -6.6607537399999615], [-62.96458567999997, -6.660860379999974], [-62.96461461999996, -6.660955839999929], [-62.96463112999999, -6.661045219999949], [-62.964648969999985, -6.6611345999999685], [-62.96467665999995, -6.661241009999969], [-62.964705729999935, -6.66135431999993], [-62.96472103999997, -6.6614647199999695], [-62.96473609999998, -6.661582669999973], [-62.964758539999934, -6.661708049999959], [-62.96478076999995, -6.661830349999946], [-62.96480524999998, -6.661940939999965], [-62.96482648999995, -6.662046589999932], [-62.96484551999998, -6.662167429999954], [-62.96486774999994, -6.66229605999996], [-62.96489220999996, -6.662420809999958], [-62.96491888999998, -6.662544499999967], [-62.964945919999934, -6.662670969999965], [-62.96497734999997, -6.662796819999926], [-62.96501140999993, -6.66292416999994], [-62.96503945999996, -6.663044599999978], [-62.965057669999965, -6.66316132999998], [-62.965084169999955, -6.6632827799999745], [-62.96511204999996, -6.663409939999951], [-62.96513133999997, -6.663540909999938], [-62.96514958999995, -6.663672039999938], [-62.96517147999998, -6.663805209999964], [-62.965198199999975, -6.663932609999961], [-62.96522023999995, -6.66405599999996], [-62.965244429999984, -6.664171559999943], [-62.96527106999997, -6.664281209999956], [-62.96529129999993, -6.664382519999947], [-62.96530863999993, -6.664476729999933], [-62.96532781999997, -6.664567599999941], [-62.96534336999997, -6.6646533499999805], [-62.965348689999985, -6.6647332599999345], [-62.965371009999956, -6.66481116999995], [-62.96540172999994, -6.664892379999969], [-62.965422099999955, -6.6649790699999585], [-62.965434949999974, -6.665069809999977], [-62.96544517999996, -6.6651778899999385], [-62.96545906999995, -6.665297389999978], [-62.96547117999995, -6.665415849999931], [-62.96548898999998, -6.6655267599999775], [-62.965513159999944, -6.665628119999951], [-62.96554361999995, -6.665724889999979], [-62.965574189999984, -6.66583240999995], [-62.96560015999995, -6.6659400699999765], [-62.96561888999997, -6.666050309999946], [-62.96563525999994, -6.666163539999957], [-62.96565752999999, -6.666276749999952], [-62.96567675999995, -6.6663882499999545], [-62.96568909999996, -6.666499499999929], [-62.96570319999995, -6.666616019999935], [-62.96572394999998, -6.666735809999977], [-62.96574136999993, -6.66684781999993], [-62.96575478999995, -6.666950479999969], [-62.96577176999995, -6.66704601999993], [-62.96579730999997, -6.667133509999928], [-62.96582935999999, -6.667221739999945], [-62.96585351999994, -6.667312319999951], [-62.965876599999945, -6.667412559999946], [-62.96590550999997, -6.667525419999947], [-62.96592104999996, -6.667638409999938], [-62.965932169999974, -6.667755239999963], [-62.96594916999999, -6.667878109999947], [-62.965972619999945, -6.668006969999965], [-62.966001139999946, -6.668138459999966], [-62.96603111999997, -6.668266629999948], [-62.966060039999945, -6.668391489999976], [-62.96608654999994, -6.6685055499999635], [-62.96611260999998, -6.66860762999994], [-62.96613311999994, -6.668702929999938], [-62.96614688999995, -6.668798559999971], [-62.96615591999995, -6.668892739999933], [-62.96617397999995, -6.668991219999953], [-62.966204009999956, -6.669110849999981], [-62.96623556999998, -6.66924333999998], [-62.96626768999994, -6.669375009999953], [-62.966298749999964, -6.669506439999964], [-62.96632486999994, -6.669634129999963], [-62.96635293999998, -6.669760619999977], [-62.966377239999986, -6.66989228999995], [-62.96640003999994, -6.670020809999926], [-62.96642282999994, -6.670149789999925], [-62.966445749999934, -6.670277129999931], [-62.96646653999994, -6.670399999999972], [-62.96648804999995, -6.670515119999948], [-62.96651104999995, -6.670618719999936], [-62.966531299999986, -6.670713119999959], [-62.96654161999999, -6.670804629999964], [-62.96655787999998, -6.670897399999944], [-62.96657610999995, -6.670996199999934], [-62.96659852999994, -6.6711025999999265], [-62.96662200999998, -6.671214579999969], [-62.966643199999965, -6.671323429999973], [-62.966664649999984, -6.6714280699999335], [-62.96668706999998, -6.671532289999959], [-62.96669936999996, -6.671633559999975], [-62.96671594999998, -6.671734999999956], [-62.96673943999997, -6.671837909999965], [-62.96675770999997, -6.671935079999969], [-62.96677133999998, -6.672023789999969], [-62.966787419999946, -6.672102339999981], [-62.966802179999945, -6.672172989999979], [-62.966802119999954, -6.672240599999952], [-62.96679904999996, -6.672311669999942], [-62.96681146999998, -6.6723784799999635], [-62.96682685999997, -6.672443319999957], [-62.966845569999975, -6.672510759999966], [-62.96686570999998, -6.6725900899999715], [-62.966886629999976, -6.672685569999942], [-62.96690074999998, -6.672777089999954], [-62.96691557999998, -6.672859609999932], [-62.96693966999999, -6.672936079999943], [-62.96696693999996, -6.673010649999981], [-62.96698152999994, -6.673080359999972], [-62.96699111999993, -6.673149279999961], [-62.96699602999996, -6.673232179999957], [-62.967011199999945, -6.673325769999963], [-62.967026449999935, -6.673432409999975], [-62.96704755999997, -6.673542389999966], [-62.96706918999996, -6.673649189999935], [-62.96709777999996, -6.673747559999981], [-62.96712846999998, -6.673834749999969], [-62.967153449999955, -6.6739134599999375], [-62.96716739999994, -6.6739886699999715], [-62.96716988999998, -6.674073999999962], [-62.96717530999996, -6.674175919999925], [-62.96719287999997, -6.674293499999976], [-62.967214129999945, -6.674421139999936], [-62.96723310999994, -6.674544029999936], [-62.96725723999998, -6.674662269999942], [-62.967280899999935, -6.67478430999995], [-62.967305909999936, -6.674901969999951], [-62.96733262999999, -6.6750189899999555], [-62.96735457999995, -6.675138329999925], [-62.967383979999966, -6.675257699999975], [-62.96740427999998, -6.675378639999963], [-62.967427929999985, -6.675496539999926], [-62.96744977999998, -6.6756132399999615], [-62.967471699999976, -6.675727459999962], [-62.967487259999984, -6.675840109999967], [-62.96750352999999, -6.675958779999974], [-62.96752225999995, -6.676083569999946], [-62.96754692999997, -6.676212909999947], [-62.96757201999998, -6.676336019999951], [-62.967595579999966, -6.67645129999994], [-62.96761885999996, -6.676566269999967], [-62.96764644999996, -6.676686649999965], [-62.96767457999994, -6.676813779999975], [-62.96769445999996, -6.676945799999942], [-62.967714919999935, -6.677075889999969], [-62.967740929999934, -6.677207799999962], [-62.96776552999995, -6.677338529999929], [-62.96778968999996, -6.677459159999955], [-62.96781059999995, -6.677568759999929], [-62.96782684999994, -6.677668359999927], [-62.967843829999936, -6.67776250999998], [-62.96786414999997, -6.677870679999955], [-62.96788707999997, -6.677988169999935], [-62.96790777999996, -6.678096819999951], [-62.96792538999995, -6.67819475999994], [-62.96794130999996, -6.678286009999965], [-62.96795469999995, -6.678373679999936], [-62.96796846999996, -6.678448969999977], [-62.967978949999974, -6.678512979999937], [-62.96799112999997, -6.678577359999963], [-62.96800996999997, -6.678637549999962], [-62.96803649999998, -6.678698349999934], [-62.96806184999997, -6.67879242999993], [-62.968084189999956, -6.678917689999935], [-62.968109769999955, -6.679051309999977], [-62.968134679999935, -6.679183939999973], [-62.968152729999986, -6.679309579999938], [-62.96817033999997, -6.6794301199999495], [-62.968192569999985, -6.679546739999978], [-62.96821405999998, -6.679666879999957], [-62.96824142999998, -6.679787559999966], [-62.968264019999935, -6.679902899999945], [-62.96828623999994, -6.680011889999946], [-62.96830580999995, -6.68012583999996], [-62.96832568999997, -6.680242559999954], [-62.96834382999998, -6.680352729999981], [-62.96836059999998, -6.6804535799999485], [-62.96838859999997, -6.680554989999962], [-62.968413099999964, -6.680663789999926], [-62.96843672999995, -6.680763949999971], [-62.96845545999997, -6.680856399999925], [-62.96847782999998, -6.680956399999957], [-62.96850258999996, -6.681065119999971], [-62.968525339999985, -6.681168939999964], [-62.96854566999997, -6.681263839999929], [-62.968567089999965, -6.6813538799999606], [-62.96858419999995, -6.681430139999975], [-62.96859578999994, -6.681490699999927], [-62.96860250999998, -6.681538699999976], [-62.96861273999997, -6.6815937699999495], [-62.96862663999997, -6.681662709999955], [-62.968638659999954, -6.681729489999952], [-62.96864279999994, -6.681785389999959], [-62.968644369999936, -6.6818327499999555], [-62.968643429999986, -6.681866629999945], [-62.96864918999995, -6.68191024999993], [-62.96866507999994, -6.681973909999954], [-62.96867610999993, -6.68205826999997], [-62.96869503999994, -6.682155739999928], [-62.968716909999955, -6.682267819999936], [-62.96873673999994, -6.682391089999953], [-62.96876740999994, -6.682518879999975], [-62.968796829999974, -6.682653749999929], [-62.968799753999974, -6.6826672849999795]]}}, {"id": "3", "type": "Feature", "properties": {"id_trecho_": 155289, "vl_br": "319", "sg_uf": "AM", "nm_tipo_tr": "Eixo Principal", "sg_tipo_tr": "B", "vl_codigo": "319BAM0170", "ds_local_i": "IGARAP\u00c9 ACAR\u00c1", "ds_local_f": "IGARAP\u00c9 NAZAR\u00c9", "vl_km_inic": 553.5, "vl_km_fina": 571.1, "vl_extensa": 17.6, "ds_sup_fed": "IMP", "ds_coinc": null, "ds_tipo_ad": null, "est_coinc": null, "sup_est_co": null, "ds_jurisdi": "FEDERAL-N_PAV", "ds_superfi": "N_PAV", "ds_legenda": "Implantada", "sg_legenda": "IMP", "leg_multim": "Implantada", "versao_snv": "201612A", "id_versao": 33, "marcador": "TRECHO DO MEIO"}, "geometry": {"type": "LineString", "coordinates": [[-62.968799753999974, -6.6826672849999795], [-62.96882470999998, -6.682782779999968], [-62.96884804999996, -6.682902119999937], [-62.96886546999997, -6.683013249999931], [-62.96888872999995, -6.683120479999957], [-62.96891636999999, -6.683231679999949], [-62.96894070999997, -6.683359129999928], [-62.96896485999997, -6.683486239999979], [-62.96898996999994, -6.683614969999951], [-62.969020969999974, -6.683745759999965], [-62.969047289999935, -6.68386664999997], [-62.969071189999966, -6.683977659999925], [-62.96909501999994, -6.684078059999933], [-62.969111819999966, -6.684169419999932], [-62.96911761999996, -6.684254389999978], [-62.96912550999997, -6.684343049999939], [-62.96914661999995, -6.684445079999932], [-62.96917313999995, -6.684565299999974], [-62.96920198999999, -6.684682399999929], [-62.96922839999996, -6.684795389999977], [-62.96924700999995, -6.68491008999996], [-62.96926909999996, -6.685021319999976], [-62.969284519999974, -6.685128339999949], [-62.96930312999996, -6.685227879999957], [-62.96932451999999, -6.685321959999953], [-62.96935617999998, -6.685430839999981], [-62.96939360999994, -6.685551649999979], [-62.969430699999975, -6.685679449999952], [-62.96946552999998, -6.685807509999961], [-62.96949791999998, -6.685924829999976], [-62.96952342999998, -6.686031659999969], [-62.96954946999995, -6.686131199999977], [-62.969577449999974, -6.6862363799999684], [-62.96960083999994, -6.686337549999962], [-62.96962155999995, -6.686428259999957], [-62.96964042999997, -6.686510919999932], [-62.96966538999993, -6.686584899999957], [-62.96969587999996, -6.686658299999976], [-62.96972834999997, -6.686750719999964], [-62.969757399999935, -6.6868423399999415], [-62.96979160999996, -6.686929369999973], [-62.96983032999998, -6.687028599999962], [-62.96987022999997, -6.68714209999996], [-62.96991028999997, -6.687270399999932], [-62.96994586999995, -6.687399669999934], [-62.96998924999997, -6.6875268299999675], [-62.970028809999974, -6.687644329999955], [-62.97006514999998, -6.687751659999947], [-62.97010246999997, -6.687850169999933], [-62.97014607999995, -6.687958729999934], [-62.97019155999993, -6.688075959999935], [-62.97023638999997, -6.688182869999935], [-62.970282199999986, -6.688278469999943], [-62.970323329999985, -6.688381209999932], [-62.970358389999944, -6.688493669999957], [-62.97038833999994, -6.688597189999939], [-62.970428649999974, -6.6886897699999395], [-62.97047752999998, -6.68878387999996], [-62.97052396999999, -6.688874619999979], [-62.97056607999997, -6.688968189999969], [-62.970605829999954, -6.68906759999993], [-62.97064941999997, -6.689167169999962], [-62.97068951999995, -6.689256409999928], [-62.97073031999997, -6.68933973999998], [-62.97076889999994, -6.689414789999944], [-62.970804199999975, -6.689477909999937], [-62.97083623999998, -6.689529429999936], [-62.97086595999997, -6.689574099999959], [-62.970892729999946, -6.689624679999952], [-62.97090529999997, -6.689651179999942], [-62.97092259999994, -6.6896884999999315], [-62.97093258999996, -6.6897123299999635], [-62.970937969999966, -6.689725159999966], [-62.970955609999976, -6.689766779999957], [-62.97097422999997, -6.689814729999966], [-62.97099235999997, -6.689864649999947], [-62.971013159999984, -6.689914809999948], [-62.97103317999995, -6.689955789999942], [-62.971045369999956, -6.689982789999931], [-62.971056019999935, -6.690006529999948], [-62.97107527999998, -6.69004646999997], [-62.97110208999999, -6.690112959999965], [-62.97113019999995, -6.690201269999932], [-62.971160269999984, -6.690306949999979], [-62.97118778999999, -6.690427839999927], [-62.97122667999997, -6.690556279999953], [-62.971272339999985, -6.69067444999996], [-62.97130939999994, -6.690783149999959], [-62.97134360999996, -6.690886209999974], [-62.971380969999984, -6.6909864799999355], [-62.97142169999995, -6.6910775899999635], [-62.97146855999995, -6.691172389999963], [-62.97152661999996, -6.69128945999995], [-62.971586179999974, -6.691412139999954], [-62.97164419999996, -6.691537829999959], [-62.97170018999998, -6.6916656599999556], [-62.971755789999975, -6.691797029999975], [-62.97181389999997, -6.691932379999969], [-62.971870819999936, -6.692066979999936], [-62.971922089999964, -6.69219733999995], [-62.971972379999954, -6.69232532999996], [-62.972021809999944, -6.692444829999943], [-62.97207469999995, -6.692561639999951], [-62.97213002999996, -6.692688879999935], [-62.97218862999995, -6.692818379999949], [-62.97224591999998, -6.6929371399999695], [-62.97229453999995, -6.693048719999979], [-62.972345109999935, -6.693154769999978], [-62.972389119999946, -6.693263409999929], [-62.97242905999997, -6.693365969999945], [-62.97246475999998, -6.693461809999974], [-62.972507449999966, -6.69355625999998], [-62.972555599999964, -6.693659349999962], [-62.97260451999995, -6.693772689999946], [-62.97265855999996, -6.693897609999965], [-62.97271005999994, -6.694022869999969], [-62.972757799999954, -6.6941441899999745], [-62.97280608999995, -6.694259019999947], [-62.972852719999935, -6.694366169999967], [-62.972897699999976, -6.694464189999962], [-62.97293494999997, -6.694561309999926], [-62.97297329999998, -6.694675099999927], [-62.973018399999944, -6.694796439999948], [-62.97307097999993, -6.694919679999941], [-62.97312816999994, -6.695046039999966], [-62.97318613999994, -6.695170769999947], [-62.97324057999998, -6.695285869999964], [-62.97329128999996, -6.695389629999966], [-62.973333829999945, -6.695483809999928], [-62.973366889999966, -6.695569959999943], [-62.97339626999997, -6.6956537899999375], [-62.97343773999995, -6.695742159999952], [-62.97347690999999, -6.695831559999931], [-62.97350597999997, -6.6959283099999425], [-62.97355143999994, -6.696022249999942], [-62.97359756999998, -6.696107329999961], [-62.97362728999997, -6.696188469999981], [-62.97364709999994, -6.696269549999954], [-62.97368362999998, -6.696365599999979], [-62.973730529999955, -6.6964717899999755], [-62.97377980999994, -6.696565969999938], [-62.973826309999936, -6.6966498799999385], [-62.97386827999998, -6.6967324299999405], [-62.97390741999993, -6.696832479999955], [-62.97394362999995, -6.696939149999935], [-62.973984489999964, -6.6970475299999634], [-62.974026479999964, -6.697156809999967], [-62.97406854999997, -6.697262119999948], [-62.97411097999998, -6.6973681399999805], [-62.97415726999998, -6.697475879999956], [-62.97420607999999, -6.697589109999967], [-62.97425789999994, -6.697708399999954], [-62.97431203999997, -6.697832939999955], [-62.974366379999935, -6.697961919999955], [-62.974422379999965, -6.698089769999967], [-62.97447912999996, -6.698214869999958], [-62.974533529999974, -6.698340059999964], [-62.97458483999998, -6.698465139999939], [-62.974635819999946, -6.698589919999961], [-62.97468679999997, -6.698713559999931], [-62.974738729999956, -6.698837189999949], [-62.97479095999995, -6.698960559999932], [-62.974844349999955, -6.699084469999946], [-62.97489480999997, -6.699203939999961], [-62.97494118999998, -6.699315869999964], [-62.97498325999999, -6.699418049999963], [-62.97502239999994, -6.69951065999993], [-62.975062899999955, -6.699596149999934], [-62.975101489999986, -6.699668129999964], [-62.97513419999996, -6.69972335999995], [-62.97515950999997, -6.69976558999997], [-62.975176009999984, -6.699800219999929], [-62.97518635999995, -6.699831729999971], [-62.975201539999944, -6.699890079999932], [-62.975228019999975, -6.699974529999963], [-62.975271489999955, -6.700078419999954], [-62.97532262999994, -6.700199099999963], [-62.975376179999955, -6.700324519999981], [-62.97543066999998, -6.700452349999978], [-62.975479449999966, -6.700572379999926], [-62.97551890999995, -6.700684789999968], [-62.975561969999944, -6.7007911299999705], [-62.97560133999997, -6.700893639999947], [-62.97564253999997, -6.700992969999959], [-62.97569493999998, -6.70110238999996], [-62.975748399999986, -6.701221439999927], [-62.97580322999994, -6.701343899999927], [-62.97585787999998, -6.701469109999948], [-62.975912619999974, -6.701596399999971], [-62.97596767999994, -6.701725299999964], [-62.976022969999974, -6.70185405999996], [-62.97607840999996, -6.701983509999934], [-62.976134409999986, -6.702114239999958], [-62.97619187999999, -6.702246049999928], [-62.97625074999996, -6.70237925999993], [-62.976310539999986, -6.702512639999952], [-62.97636228999994, -6.702646839999943], [-62.97641018999997, -6.702778509999973], [-62.97646022999999, -6.702909849999969], [-62.976508389999935, -6.703036449999956], [-62.976557439999965, -6.703150669999957], [-62.97660774999997, -6.703253289999964], [-62.97664937999997, -6.703361869999981], [-62.97669923999996, -6.703472069999975], [-62.97674265999996, -6.703586229999928], [-62.97679671999998, -6.703699809999932], [-62.97684657999997, -6.70382122999996], [-62.97689246999994, -6.703947699999958], [-62.976947199999984, -6.704074539999965], [-62.97700299999997, -6.704204119999929], [-62.977057069999944, -6.704335339999943], [-62.97711056999998, -6.704467719999968], [-62.97716545999998, -6.704596219999928], [-62.97722302999995, -6.704720019999968], [-62.97728050999996, -6.704845199999966], [-62.977336159999936, -6.704972249999969], [-62.977392349999946, -6.705098179999936], [-62.977450499999975, -6.705220779999934], [-62.97750503999998, -6.705347109999934], [-62.97755840999997, -6.705475599999943], [-62.977612359999966, -6.705605169999956], [-62.97766662999999, -6.705735679999975], [-62.97772279999998, -6.705866069999956], [-62.977778919999935, -6.70599717999994], [-62.97783628999997, -6.706125249999957], [-62.97789315999995, -6.706254109999975], [-62.97794904999995, -6.7063850299999785], [-62.978005279999934, -6.706516329999943], [-62.97806294999998, -6.706648719999976], [-62.97812172999994, -6.70678117999995], [-62.97818171999995, -6.706912879999948], [-62.97823644999994, -6.707045749999963], [-62.978288489999954, -6.707180219999941], [-62.97834451999995, -6.707315219999941], [-62.978402149999965, -6.707451079999942], [-62.97846049999998, -6.707587199999978], [-62.978517469999986, -6.70772323999995], [-62.97857463999998, -6.707857609999962], [-62.97863252999997, -6.707988579999949], [-62.97869121999997, -6.708119369999963], [-62.97874453999998, -6.708256509999956], [-62.978796519999946, -6.7083896099999265], [-62.97884353999996, -6.708515919999968], [-62.97888729999994, -6.7086341099999345], [-62.97892889999997, -6.7087380299999495], [-62.97897200999995, -6.708830879999937], [-62.97901730999996, -6.70891150999995], [-62.97906188999997, -6.708989039999949], [-62.979100389999985, -6.709062649999964], [-62.979126779999945, -6.709122869999931], [-62.97914603999993, -6.709176789999958], [-62.97916484999996, -6.709238429999971], [-62.97918624999994, -6.70931472999996], [-62.97921678999995, -6.7094051199999285], [-62.979259309999975, -6.709494849999942], [-62.97930403999999, -6.709583109999926], [-62.97934115999993, -6.709664779999969], [-62.979369159999976, -6.709732839999958], [-62.97939341999995, -6.709796469999958], [-62.97942219999999, -6.709879049999927], [-62.97946720999994, -6.7099854499999765], [-62.97952096999995, -6.7101076999999805], [-62.979575369999964, -6.710234319999927], [-62.97963054999997, -6.710361879999937], [-62.97968493999997, -6.710490429999936], [-62.97973890999998, -6.710620469999981], [-62.97979178999998, -6.710751709999954], [-62.979843389999985, -6.710881969999946], [-62.97989403999998, -6.711012809999943], [-62.97994324999996, -6.71114345999996], [-62.97999399999998, -6.711274059999937], [-62.980049959999974, -6.711404819999927], [-62.98010985999997, -6.711537259999943], [-62.98016684999993, -6.711672849999957], [-62.980226089999974, -6.711809829999936], [-62.98028539999996, -6.711945949999972], [-62.980341849999945, -6.7120800199999735], [-62.98040217999994, -6.71221240999995], [-62.98046501999994, -6.712342269999965], [-62.980525489999934, -6.712473449999948], [-62.98058076999996, -6.712605179999969], [-62.98062552999994, -6.712737059999938], [-62.980677329999935, -6.7128693599999565], [-62.98073144999995, -6.713000069999964], [-62.98078381999994, -6.713129869999932], [-62.98083528999996, -6.713258899999971], [-62.980886629999986, -6.713387659999967], [-62.98093931999995, -6.713516229999925], [-62.98099633999993, -6.713644029999955], [-62.98105284999997, -6.713770979999936], [-62.98110819999994, -6.713896749999947], [-62.98116381999995, -6.7140225499999815], [-62.98122074999998, -6.714147379999929], [-62.981277009999985, -6.714267929999949], [-62.981328359999964, -6.7143862299999455], [-62.98137462999995, -6.714503669999942], [-62.981425369999954, -6.714621979999947], [-62.98147382999997, -6.714741929999946], [-62.981519169999956, -6.714865509999981], [-62.981568349999975, -6.714989949999961], [-62.98161843999998, -6.715115219999973], [-62.98166919999994, -6.7152401899999745], [-62.98172155999998, -6.715366379999978], [-62.98177548999996, -6.715493779999974], [-62.98183074999997, -6.71562291999993], [-62.98188819999996, -6.715752819999977], [-62.981949379999946, -6.715883669999926], [-62.982010129999935, -6.716016559999957], [-62.98206264999993, -6.716151589999981], [-62.98211500999997, -6.716289419999953], [-62.98216729999996, -6.716422019999925], [-62.982218639999985, -6.716545049999979], [-62.98226466999995, -6.716664489999971], [-62.982312209999975, -6.716779249999945], [-62.982360049999954, -6.716882099999964], [-62.982400489999975, -6.716976149999937], [-62.98243063999996, -6.717066379999949], [-62.98246504999997, -6.71715071999995], [-62.98251426999997, -6.717253089999929], [-62.98256169999996, -6.717365629999961], [-62.98260105999998, -6.717484009999964], [-62.98265318999995, -6.717603029999964], [-62.982711619999975, -6.717723519999936], [-62.982758829999966, -6.717839929999968], [-62.98280149999994, -6.717950489999964], [-62.98285469999996, -6.718062819999943], [-62.982908719999955, -6.718185489999939], [-62.982953419999944, -6.718309179999949], [-62.98300336999995, -6.718438159999948], [-62.98305676999996, -6.718565419999948], [-62.98311020999995, -6.718686709999929], [-62.98316336999994, -6.718811629999948], [-62.983218619999946, -6.718941959999938], [-62.98327556999993, -6.719073199999968], [-62.98333322999997, -6.719205109999962], [-62.98339120999998, -6.71933888999996], [-62.98344137999999, -6.719471969999972], [-62.98348847999995, -6.719594729999926], [-62.98354077999994, -6.719705449999935], [-62.983603339999945, -6.719818729999929], [-62.98364897999994, -6.719942369999956], [-62.98370656999998, -6.720073799999966], [-62.98376037999998, -6.720210239999972], [-62.983813289999944, -6.720345219999956], [-62.983866519999935, -6.720476539999936], [-62.98392391999994, -6.720604819999949], [-62.98397156999994, -6.72073045999997], [-62.98401572999995, -6.7208488899999566], [-62.98405835999995, -6.7209671899999535], [-62.984108839999976, -6.721081149999975], [-62.98415927999997, -6.721200809999971], [-62.984207839999954, -6.721324949999939], [-62.98425575999994, -6.721442639999964], [-62.984310919999984, -6.721554669999932], [-62.984362799999985, -6.721668199999954], [-62.98441230999998, -6.721786789999953], [-62.984470029999954, -6.721906959999956], [-62.984529779999946, -6.722028859999966], [-62.98458709999994, -6.722146409999937], [-62.98463270999997, -6.722260869999957], [-62.984670679999965, -6.722377069999936], [-62.98471313999994, -6.722498809999934], [-62.98476376999997, -6.722619169999973], [-62.984813429999974, -6.722735149999949], [-62.984861739999985, -6.7228501399999345], [-62.98490898999995, -6.722966249999956], [-62.98495350999997, -6.723079539999958], [-62.98499364999998, -6.723181959999977], [-62.98503139999997, -6.723273579999955], [-62.985065059999954, -6.723358749999932], [-62.98509913999993, -6.723444549999954], [-62.985129179999944, -6.723528889999955], [-62.98515641999995, -6.723609889999977], [-62.98519226999997, -6.723681659999954], [-62.985227229999964, -6.723749719999944], [-62.98526123999994, -6.723828619999949], [-62.98530175999997, -6.723931739999955], [-62.98534632999997, -6.724029629999961], [-62.98538787999996, -6.724117249999949], [-62.98542244999999, -6.724210089999929], [-62.98546743999998, -6.724313399999971], [-62.98551457999997, -6.724424229999954], [-62.985555069999975, -6.724526819999937], [-62.985585399999934, -6.724620039999934], [-62.98561712999998, -6.724703329999954], [-62.985662709999986, -6.724776489999954], [-62.985713879999935, -6.72486202999994], [-62.98575510999996, -6.724960879999969], [-62.985789229999966, -6.725053679999974], [-62.98581809999996, -6.725139669999976], [-62.98584046999997, -6.725228909999942], [-62.98585982999998, -6.725314559999958], [-62.985899389999986, -6.7253946499999415], [-62.98594671999996, -6.725474369999972], [-62.98599324999998, -6.725568929999952], [-62.986043189999975, -6.725684719999947], [-62.98609387999994, -6.725808919999963], [-62.986144629999956, -6.7259366099999625], [-62.98619487999997, -6.7260606199999415], [-62.98624109999997, -6.72617624999998], [-62.98629022999995, -6.726281619999952], [-62.98633836999994, -6.726376969999933], [-62.98637904999998, -6.726476909999974], [-62.98641716999998, -6.726571019999938], [-62.986452579999934, -6.7266537799999355], [-62.98648068999995, -6.726734489999956], [-62.98652113999998, -6.726822609999942], [-62.986561449999954, -6.7269053199999576], [-62.986587129999975, -6.726984379999976], [-62.986617629999955, -6.7270609199999285], [-62.98666314999997, -6.727163059999953], [-62.986717589999955, -6.727291439999931], [-62.98676911999996, -6.727416869999956], [-62.986815959999944, -6.727532099999962], [-62.986868079999965, -6.727634689999945], [-62.986920349999934, -6.727748129999952], [-62.98697395999994, -6.727877289999981], [-62.98702832999999, -6.7280108799999425], [-62.98708265999994, -6.728144439999937], [-62.98713258999999, -6.728275839999981], [-62.98718930999996, -6.728397129999962], [-62.987244429999976, -6.728519219999953], [-62.98729634999995, -6.728644269999961], [-62.98734357999996, -6.728768999999943], [-62.98739439999997, -6.728894829999945], [-62.98744934999996, -6.7290213199999585], [-62.98750701999995, -6.729148749999979], [-62.98756003999995, -6.72927902999993], [-62.987609609999936, -6.729399919999935], [-62.987655159999974, -6.729511309999964], [-62.987699609999936, -6.729613729999926], [-62.98774490999995, -6.729729789999965], [-62.98778882999994, -6.729852069999936], [-62.98783824999998, -6.729960869999957], [-62.98788777999994, -6.730074899999977], [-62.987932229999956, -6.730180529999927], [-62.98797312999994, -6.730274689999931], [-62.98800671999999, -6.730360149999967], [-62.98803946999993, -6.730436319999967], [-62.98807384999998, -6.7305125999999404], [-62.988117999999986, -6.730615689999979], [-62.98817070999996, -6.7307365799999275], [-62.98822346999998, -6.7308510899999305], [-62.98826909999997, -6.730955199999926], [-62.98831088999998, -6.7310492499999555], [-62.988350079999975, -6.7311379599999555], [-62.98838312999993, -6.731212159999927], [-62.98841603999995, -6.731268109999974], [-62.988444999999956, -6.731317039999965], [-62.98846400999997, -6.731357109999976], [-62.98848050999999, -6.731401719999951], [-62.988503109999954, -6.731468769999935], [-62.98853514999996, -6.731562839999981], [-62.98857180999994, -6.731661799999927], [-62.98861740999996, -6.731770229999938], [-62.98866936999997, -6.731891919999953], [-62.98872197999998, -6.732018279999977], [-62.98877464999998, -6.732147119999979], [-62.98882925999993, -6.732277369999963], [-62.98888279999994, -6.732407329999944], [-62.98893651999998, -6.732537429999979], [-62.98898972999996, -6.73266762999998], [-62.98904130999995, -6.732793829999935], [-62.98909396999994, -6.732919599999946], [-62.98914646999998, -6.733046169999966], [-62.98919971999999, -6.733173009999973], [-62.98925426999995, -6.733302059999971], [-62.989310279999984, -6.733432959999959], [-62.98936891999995, -6.733562569999947], [-62.98942846999995, -6.733690019999926], [-62.98948342999995, -6.733815469999968], [-62.989526369999965, -6.7339357999999265], [-62.98957058999997, -6.734055299999966], [-62.98961491999995, -6.734162929999968], [-62.98965943999997, -6.734259139999949], [-62.98969946999995, -6.73435644999995], [-62.989738529999954, -6.734465299999954], [-62.989786779999974, -6.734592169999928], [-62.98983720999996, -6.734721329999957], [-62.989891489999934, -6.734851369999944], [-62.98995161999994, -6.734985919999929], [-62.99000973999995, -6.73511880999996], [-62.99006257999997, -6.735241249999945], [-62.990118259999974, -6.735351089999938], [-62.99016383999998, -6.7354508799999735], [-62.99020403999998, -6.73555220999998], [-62.990250179999975, -6.735664449999945], [-62.99029582999998, -6.7357783499999755], [-62.99034194999996, -6.735891899999956], [-62.99038832999997, -6.7360071899999525], [-62.990428159999965, -6.736117589999935], [-62.99046107999993, -6.736218659999963], [-62.990496399999984, -6.736309029999973], [-62.99054116999997, -6.736396299999967], [-62.99059411999997, -6.736505579999971], [-62.99065091999995, -6.736632259999965], [-62.99070490999998, -6.736760859999947], [-62.99075286999994, -6.736886659999925], [-62.99080537999998, -6.737013309999952], [-62.990862859999936, -6.737142679999977], [-62.990922609999984, -6.737271759999942], [-62.990982679999945, -6.737394409999979], [-62.991034309999975, -6.737510869999937], [-62.99107596999994, -6.73762204999997], [-62.991121189999944, -6.737736619999964], [-62.99117111999993, -6.737860839999939], [-62.991222979999975, -6.737986639999974], [-62.99127335999998, -6.7381141399999365], [-62.991325539999934, -6.7382420999999795], [-62.99137701999996, -6.7383716599999275], [-62.99142731999996, -6.738500659999943], [-62.991482099999985, -6.738625819999925], [-62.99154096999996, -6.738752949999935], [-62.99159695999998, -6.738872639999954], [-62.991643719999956, -6.738983679999933], [-62.99168599999996, -6.739088089999939], [-62.99172611999995, -6.7391898699999615], [-62.99177004999996, -6.739293309999937], [-62.99181399999998, -6.739389729999971], [-62.99184706999995, -6.739477909999948], [-62.99187661999997, -6.739558859999931], [-62.99190820999996, -6.739646799999946], [-62.99195138999994, -6.739756219999947], [-62.99200074999993, -6.739876839999965], [-62.99205045999997, -6.74000247999993], [-62.992101169999955, -6.7401274799999555], [-62.99214815999994, -6.740250899999978], [-62.992198979999955, -6.740363699999932], [-62.99224799999996, -6.740468239999927], [-62.992294579999964, -6.740574959999947], [-62.99234143999996, -6.740675279999948], [-62.99238602999998, -6.740769059999934], [-62.99242565999998, -6.740857319999975], [-62.99245727999994, -6.740938639999968], [-62.992481759999976, -6.741004269999962], [-62.99250244999996, -6.74105394999998], [-62.992521299999964, -6.74109765999998], [-62.99253136999994, -6.741130289999944], [-62.99253487999994, -6.741153439999948], [-62.992536229999985, -6.741166709999959], [-62.992536919999964, -6.741181669999946], [-62.99253889999994, -6.741187059999959], [-62.99254457999996, -6.741200779999929], [-62.992568619999986, -6.74124951999994], [-62.99260670999996, -6.741329079999957], [-62.99265279999997, -6.741433369999925], [-62.992710139999986, -6.741559569999936], [-62.99276390999995, -6.741685769999947], [-62.99281800999995, -6.741804689999981], [-62.99286964999993, -6.741913919999945], [-62.99291363999998, -6.742015839999965], [-62.99294620999996, -6.742112209999959], [-62.992979279999986, -6.742204889999925], [-62.99301488999998, -6.742289949999929], [-62.993046499999934, -6.74237377999998], [-62.99307950999997, -6.742443709999975], [-62.993103419999954, -6.7425000899999645], [-62.993122349999965, -6.7425469099999304], [-62.99314197999996, -6.742597419999981], [-62.99317199999996, -6.742670439999927], [-62.99320455999998, -6.742743839999946], [-62.993236439999976, -6.742812969999932], [-62.99327305999998, -6.74289983999995], [-62.993318949999946, -6.743019869999955], [-62.993375739999976, -6.743143399999951], [-62.99342564999995, -6.743262589999972], [-62.99346159999993, -6.743376079999962], [-62.993492439999955, -6.74347991999997], [-62.99352438999995, -6.743572159999928], [-62.99356378999994, -6.743655129999979], [-62.993608009999946, -6.743740349999939], [-62.99364890999993, -6.743833309999957], [-62.993690019999974, -6.743916259999935], [-62.99372384999998, -6.743999419999966], [-62.99375980999997, -6.7440979499999685], [-62.99380905999993, -6.7442098199999805], [-62.99386297999996, -6.744330199999979], [-62.993912319999936, -6.744448529999943], [-62.99395548999996, -6.744557359999931], [-62.993992109999965, -6.7446575699999585], [-62.99402844999997, -6.744750529999976], [-62.99406098999998, -6.744832379999934], [-62.994087399999955, -6.744897369999933], [-62.994109969999954, -6.744946249999941], [-62.99413323999994, -6.744984299999942], [-62.99415936999998, -6.74502898999998], [-62.99418952999997, -6.7450779499999385], [-62.99420845999998, -6.745128189999946], [-62.994219629999975, -6.745179069999949], [-62.994242149999934, -6.745254409999973], [-62.99428253999997, -6.745358729999964], [-62.99433424999995, -6.7454859399999805], [-62.99438877999995, -6.74561878999998], [-62.99443981999997, -6.745744319999972], [-62.99448903999996, -6.745868039999948], [-62.99453867999995, -6.745984199999953], [-62.99458669999996, -6.746096659999978], [-62.994636869999965, -6.746213229999967], [-62.99468962999998, -6.746333479999976], [-62.994741499999975, -6.746456129999956], [-62.99479022999998, -6.74657260999993], [-62.99483621999997, -6.74668330999998], [-62.99487707999998, -6.746786269999973], [-62.99491138999997, -6.746880399999952], [-62.99493942999999, -6.746965379999949], [-62.99496564999998, -6.747041439999975], [-62.99499767999998, -6.747109879999925], [-62.99504331999998, -6.747180929999956], [-62.995092399999976, -6.747272229999965], [-62.99513453999998, -6.747372389999953], [-62.99517003999995, -6.747468029999936], [-62.99519491999996, -6.747556849999967], [-62.99522497999993, -6.747645939999927], [-62.99526784999995, -6.7477369699999485], [-62.99531757999995, -6.747835449999968], [-62.99536720999998, -6.7479550099999415], [-62.995418359999974, -6.748082569999951], [-62.99547084999995, -6.748209479999957], [-62.99552589999996, -6.748335789999942], [-62.99558168999994, -6.748462359999962], [-62.99563826999997, -6.748589729999935], [-62.99569287999998, -6.748717449999958], [-62.99574693999995, -6.748845649999964], [-62.995800309999936, -6.74897421999998], [-62.99585373999997, -6.749103039999966], [-62.99590740999997, -6.749231879999968], [-62.995960079999975, -6.749360739999929], [-62.996013139999945, -6.749490359999925], [-62.99606672999994, -6.749621199999979], [-62.99612136999997, -6.749753349999935], [-62.99617708999995, -6.749885039999981], [-62.996232679999935, -6.750015749999932], [-62.99628727999993, -6.750145599999939], [-62.996341419999965, -6.750275159999944], [-62.996396139999945, -6.750405309999962], [-62.99645216999994, -6.750536389999979], [-62.996508689999985, -6.750668349999955], [-62.99656424999995, -6.750799779999966], [-62.99661846999999, -6.75093056999998], [-62.99667181999996, -6.751060609999968], [-62.99672554999995, -6.751191149999954], [-62.99678074999997, -6.751322979999941], [-62.99683521999998, -6.75145552999993], [-62.99688734999995, -6.751587279999967], [-62.996937309999964, -6.75171864999993], [-62.99698956999998, -6.7518493299999705], [-62.997043289999965, -6.751979989999938], [-62.997101499999985, -6.752111149999962], [-62.99715708999997, -6.752239929999973], [-62.997208729999954, -6.7523643699999525], [-62.997261109999954, -6.752489129999958], [-62.99731640999994, -6.752616479999972], [-62.99737130999995, -6.752741339999943], [-62.997421989999964, -6.752858199999935], [-62.99747162999995, -6.752975409999976], [-62.997529939999936, -6.753086559999929], [-62.997579309999935, -6.7532060099999285], [-62.997625049999954, -6.753326839999943], [-62.99766478999999, -6.753438739999979], [-62.997705389999965, -6.75353980999995], [-62.99774645999997, -6.753633719999925], [-62.99779234999994, -6.753726569999969], [-62.997839659999954, -6.753817039999944], [-62.99787629999997, -6.753902789999927], [-62.997909249999964, -6.75397879999997], [-62.99793248999998, -6.754039819999946], [-62.99794684999995, -6.754098069999941], [-62.99797201999996, -6.7541638899999725], [-62.99801188999999, -6.754254199999934], [-62.99805876999994, -6.75436523999997], [-62.998108839999986, -6.7544825599999285], [-62.99816113999998, -6.75460419999996], [-62.99821265999998, -6.754730389999963], [-62.998264379999966, -6.754860169999972], [-62.998317619999966, -6.754992309999977], [-62.998369639999964, -6.755121179999946], [-62.998418439999966, -6.7552449799999295], [-62.99846361999994, -6.755360879999955], [-62.998504579999974, -6.755465949999973], [-62.99854290999997, -6.755561329999978], [-62.99858802999995, -6.755652899999973], [-62.99864127999996, -6.755759829999931], [-62.998691779999945, -6.755865959999937], [-62.99873576999994, -6.755962469999929], [-62.99877395999994, -6.75605330999997], [-62.99881044999995, -6.756142799999964], [-62.99884655999995, -6.756229749999932], [-62.998878899999966, -6.756310649999932], [-62.998913469999934, -6.756396669999958], [-62.99895326999996, -6.756498849999957], [-62.99899948999996, -6.75661901999996], [-62.99904692999996, -6.756740979999961], [-62.99909157999997, -6.756855139999971], [-62.99913571999997, -6.756962419999979], [-62.99917839999995, -6.757059909999953], [-62.999224209999966, -6.757150999999965], [-62.99926803999995, -6.75725609999995], [-62.99931558999998, -6.757375379999928], [-62.99936577999995, -6.757496669999966], [-62.999411099999975, -6.757608379999965], [-62.99945405999995, -6.75771280999993], [-62.999493309999934, -6.757808509999961], [-62.999532529999954, -6.757888609999952], [-62.999564099999986, -6.757956989999968], [-62.99958521999997, -6.7580216099999575], [-62.999604019999936, -6.758078869999963], [-62.999616249999974, -6.758125259999929], [-62.99962788999994, -6.758171149999953], [-62.999649749999946, -6.7582215299999575], [-62.99968186999996, -6.75828096999993], [-62.99972085999997, -6.758355839999979], [-62.99975226999999, -6.758430329999953], [-62.99977640999998, -6.75849857999998], [-62.99980085999994, -6.758560289999934], [-62.99982872999993, -6.758622189999926], [-62.99986349999995, -6.758698709999976], [-62.999905499999954, -6.75879496999994], [-62.999949339999944, -6.758902969999951], [-62.99999323999998, -6.7590108399999735], [-63.000034169999935, -6.759108779999963], [-63.00007255999998, -6.759201549999943], [-63.000105159999976, -6.75928332999996], [-63.00012979999997, -6.759347469999966], [-63.00014941999996, -6.759399169999938], [-63.000165799999934, -6.75944372999993], [-63.00017908999996, -6.759473429999957], [-63.000208149999935, -6.7595417799999495], [-63.00022957999994, -6.759595969999964], [-63.00025922999998, -6.759667099999945], [-63.00029447999998, -6.759748229999957], [-63.00033387999997, -6.759835189999933], [-63.000378129999945, -6.759923389999926], [-63.00041963999996, -6.760013039999933], [-63.000450599999965, -6.76010617999998], [-63.00048413999997, -6.760207669999943], [-63.00052501999994, -6.760312229999954], [-63.00056308999996, -6.760418529999981], [-63.00060116999998, -6.760517749999963], [-63.000647209999954, -6.760619909999946], [-63.000699389999966, -6.760738609999976], [-63.000744819999966, -6.7608587299999385], [-63.00078437999997, -6.760968199999979], [-63.00082691999995, -6.761064749999946], [-63.00087149999996, -6.761156239999934], [-63.00091934999995, -6.761261069999932], [-63.000971909999976, -6.76138291999996], [-63.001025449999986, -6.761511809999945], [-63.001079809999965, -6.7616405699999405], [-63.00113158999994, -6.761766209999962], [-63.00117537999995, -6.7618821899999375], [-63.00121331999998, -6.761986909999962], [-63.00125546999993, -6.762079889999939], [-63.001296389999936, -6.76216734999997], [-63.00133384999998, -6.762246669999968], [-63.00137276999993, -6.762315819999969], [-63.00140763999997, -6.762382339999931], [-63.00142639999996, -6.7624603299999535], [-63.001459919999945, -6.7625591999999415], [-63.00150931999997, -6.762664029999939], [-63.00155900999994, -6.7627586899999415], [-63.00159777999994, -6.762847669999928], [-63.00163452999993, -6.762946869999951], [-63.001679699999954, -6.763060719999942], [-63.001733799999954, -6.76318920999995], [-63.001790539999945, -6.763322159999973], [-63.00184455999994, -6.763452859999973], [-63.001896829999964, -6.763579439999944], [-63.001946799999985, -6.763695819999953], [-63.00199070999997, -6.763801709999939], [-63.00202790999998, -6.763900079999928], [-63.00206228999997, -6.76400050999996], [-63.002101179999954, -6.764102269999967], [-63.00214724999995, -6.764206879999961], [-63.002197939999974, -6.7643262999999365], [-63.00225070999994, -6.7644520699999475], [-63.00230603999995, -6.764582109999935], [-63.00236437999996, -6.7647120199999335], [-63.002420479999955, -6.76483941999993], [-63.002474449999966, -6.7649668699999665], [-63.00252975999996, -6.765089199999977], [-63.00258856999994, -6.765207929999974], [-63.002646579999976, -6.7653331899999785], [-63.00269813999995, -6.765460649999966], [-63.00274264999996, -6.7655863099999465], [-63.00278523999998, -6.7657111999999415], [-63.002986619999945, -6.766213939999943], [-63.003033949999974, -6.7663341599999285], [-63.003085159999955, -6.766459879999957], [-63.003132609999966, -6.766584529999932], [-63.00317973999995, -6.766704519999962], [-63.00323199999997, -6.766815879999967], [-63.00328155999995, -6.766925159999971], [-63.00333005999994, -6.767039939999961], [-63.003379489999986, -6.767155789999947], [-63.00342494999995, -6.767264859999955], [-63.00347087999995, -6.767369999999971], [-63.00351458999995, -6.767471439999952], [-63.003544139999974, -6.767568719999929], [-63.00358609999995, -6.767666799999972], [-63.003638329999944, -6.767774399999951], [-63.003688849999946, -6.767881839999973], [-63.00372958999998, -6.767994169999952], [-63.003772469999944, -6.768111509999926], [-63.00382016999998, -6.768232979999937], [-63.00387415999995, -6.768358839999962], [-63.003930139999966, -6.768486419999931], [-63.00398765999995, -6.768613929999958], [-63.00404519999995, -6.768742069999973], [-63.004100139999935, -6.768870589999949], [-63.004157299999974, -6.769000529999971], [-63.00421441999998, -6.769131339999944], [-63.004266349999966, -6.7692617499999415], [-63.004292789999965, -6.769396379999932], [-63.004347629999984, -6.769531469999947], [-63.00440155999996, -6.7696661999999606], [-63.00445530999997, -6.769799069999976], [-63.00451135999998, -6.769924759999981], [-63.004563849999954, -6.770043519999945], [-63.004617279999934, -6.770158239999944], [-63.00467113999997, -6.770277239999928], [-63.00472442999995, -6.770402179999962], [-63.00478093999993, -6.770530269999938], [-63.00483406999996, -6.770652119999966], [-63.00487646999994, -6.7707651199999646], [-63.004914319999955, -6.770869089999962], [-63.00494979999996, -6.770978529999979], [-63.004997439999954, -6.771095659999958], [-63.00505383999996, -6.771209719999945], [-63.005115399999966, -6.77133884999995], [-63.005170619999944, -6.771474169999976], [-63.00521680999998, -6.771608479999941], [-63.00526645999997, -6.7717422299999726], [-63.00532007999993, -6.771868079999933], [-63.00537405999995, -6.771985929999971], [-63.00542625999998, -6.772104549999938], [-63.00547697999997, -6.772218639999949], [-63.005526369999984, -6.772333449999962], [-63.00557390999995, -6.772455269999966], [-63.005624369999964, -6.7725823199999695], [-63.00567884999998, -6.772713959999976], [-63.00573405999995, -6.772845009999969], [-63.00578841999999, -6.772974709999971], [-63.00584111999996, -6.773105949999945], [-63.005891979999944, -6.773226569999963], [-63.00593941999995, -6.77333595999994], [-63.00599135999994, -6.773431319999929], [-63.006032939999955, -6.773518959999933], [-63.00606253999996, -6.77361204999994], [-63.00610376999998, -6.773708339999928], [-63.00615209999995, -6.773821039999973], [-63.00620410999994, -6.773945339999955], [-63.00625515999997, -6.774069219999944], [-63.00629043999999, -6.774189709999973], [-63.00633412999997, -6.774306359999969], [-63.00638300999998, -6.774425079999958], [-63.00643090999995, -6.774540799999954], [-63.006480119999935, -6.77464372999998], [-63.00651971999997, -6.774738979999938], [-63.006559349999975, -6.774822459999939], [-63.00660038999996, -6.77489345999993], [-63.006633259999944, -6.774955729999931], [-63.00666830999995, -6.775012369999956], [-63.006679659999975, -6.775093369999979], [-63.006701169999985, -6.775176829999964], [-63.00673575999997, -6.775260499999945], [-63.00678082999997, -6.775371119999932], [-63.006835459999934, -6.775503159999971], [-63.00688950999995, -6.775635249999937], [-63.006943099999944, -6.775765799999931], [-63.00699604999994, -6.775898269999971], [-63.00704671999995, -6.776029909999977], [-63.00709589999997, -6.776160989999937], [-63.00714808999999, -6.776284419999968], [-63.00721133999997, -6.776400849999959], [-63.007270139999946, -6.776508079999928], [-63.00732322999994, -6.7766201099999535], [-63.00737905999995, -6.776736459999938], [-63.00742348999995, -6.776848679999944], [-63.00746670999996, -6.7769539599999575], [-63.00750308999994, -6.777059509999958], [-63.007553739999935, -6.77717593999995], [-63.00760309999998, -6.777295819999949], [-63.00765385999995, -6.777417029999981], [-63.007702509999945, -6.777535109999974], [-63.00775116999995, -6.777641599999981], [-63.007779159999984, -6.777745169999946], [-63.00782369999996, -6.777849569999944], [-63.00787662999994, -6.777967099999955], [-63.00792582999998, -6.778087049999954], [-63.00797269999998, -6.778204389999928], [-63.00801732999997, -6.778315859999964], [-63.008060849999936, -6.778417139999931], [-63.00810475999998, -6.778506949999951], [-63.008234809999976, -6.778815159999965], [-63.00827622999998, -6.778928739999969], [-63.00832473999998, -6.779049259999965], [-63.00837832999997, -6.779157199999929], [-63.00842997999996, -6.77925885999997], [-63.00846992999993, -6.779369469999949], [-63.008507529999974, -6.779482789999975], [-63.00855168999993, -6.779598739999926], [-63.00860107999995, -6.779718289999948], [-63.00865098999998, -6.7798398499999735], [-63.00870434999996, -6.779967269999929], [-63.00875854999998, -6.780095099999926], [-63.00881209999994, -6.780221349999977], [-63.008867459999976, -6.780343099999925], [-63.00891690999998, -6.780460649999952], [-63.008971849999966, -6.780573369999956], [-63.00901989999994, -6.780687109999974], [-63.00907044999997, -6.78080714999993], [-63.00912112999998, -6.780925879999927], [-63.009169389999954, -6.78103643999998], [-63.00921267999996, -6.781143159999942], [-63.009251189999986, -6.78125203999997], [-63.009281449999946, -6.781359939999959], [-63.00932483999998, -6.781463189999954], [-63.00937064999994, -6.78157073999995], [-63.00942233999996, -6.781690219999973], [-63.00947755999994, -6.781815989999927], [-63.00953083999997, -6.781935919999967], [-63.00958465999997, -6.782058379999967], [-63.009637399999974, -6.782181959999946], [-63.00968955999997, -6.782302749999928], [-63.00974191999995, -6.78242376999998], [-63.00978914999996, -6.782537929999933], [-63.00983822999996, -6.782657359999973], [-63.009899099999984, -6.782784029999959], [-63.00996202999994, -6.782909139999958], [-63.010015059999944, -6.7830333599999335], [-63.01006469999999, -6.783149579999929], [-63.010121079999976, -6.783251179999979], [-63.010173459999976, -6.783343119999927], [-63.01022463999993, -6.783432609999977], [-63.01026353999998, -6.783523029999969], [-63.010295929999984, -6.78362027999998], [-63.010348919999956, -6.783731639999928], [-63.010416959999986, -6.783846099999948], [-63.01048537999998, -6.783963099999937], [-63.010550929999965, -6.784084279999945], [-63.010621139999955, -6.784201649999943], [-63.01069286999996, -6.784322109999948], [-63.01076611999997, -6.784445639999944], [-63.01083892999998, -6.784566309999946], [-63.01091582999999, -6.784676259999969], [-63.010990909999975, -6.784791439999935], [-63.011065849999966, -6.78490611999996], [-63.01113603999994, -6.78501499999993], [-63.01119905999997, -6.7851184399999624], [-63.011261229999945, -6.785211259999926], [-63.011320169999976, -6.7852943199999345], [-63.011374269999976, -6.785373979999974], [-63.01142762999996, -6.785456609999926], [-63.01147886999996, -6.785538279999969], [-63.01152805999993, -6.785615249999978], [-63.01157784999998, -6.785691589999942], [-63.011629339999956, -6.785772219999956], [-63.01168506999994, -6.785857569999962], [-63.01174367999994, -6.785949079999966], [-63.011806589999935, -6.786043629999938], [-63.011867559999985, -6.786138109999968], [-63.01193141999994, -6.7862394199999585], [-63.01199722999996, -6.786345199999971], [-63.01206203999993, -6.786447119999934], [-63.01212611999995, -6.786551119999956], [-63.012195359999964, -6.786658299999942], [-63.01227045999997, -6.786769419999928], [-63.012344939999934, -6.786879749999969], [-63.012415069999975, -6.786982329999944], [-63.01247933999997, -6.78707720999995], [-63.01253394999998, -6.78716615999997], [-63.01258231999998, -6.7872560199999725], [-63.01263400999994, -6.7873422999999775], [-63.01268453999995, -6.787416819999976], [-63.012733999999966, -6.787480829999936], [-63.012775999999974, -6.787536329999966], [-63.01280915999996, -6.787598809999963], [-63.01285632999998, -6.7876779399999805], [-63.01291409999993, -6.787765829999955], [-63.01296363999995, -6.787847899999974], [-63.01301763999999, -6.7879233299999555], [-63.01308498999998, -6.7880109199999765], [-63.01315241999998, -6.78811074999993], [-63.013213149999956, -6.7882146199999625], [-63.013277269999946, -6.788318329999981], [-63.01333995999994, -6.788416569999981], [-63.01339987999995, -6.788505469999961], [-63.013460549999934, -6.788586629999941], [-63.01351394999995, -6.78866236999994], [-63.01356038999995, -6.788748709999936], [-63.01360123999996, -6.7888351299999385], [-63.01365572999998, -6.788919869999972], [-63.01370885999995, -6.788995289999946], [-63.01375139999993, -6.78905771999996], [-63.01379264999997, -6.789122499999962], [-63.01384888999996, -6.7892087099999685], [-63.01391461999998, -6.789312919999929], [-63.01398127999994, -6.789414869999973], [-63.01405368999997, -6.789508299999966], [-63.01412701999993, -6.7896147599999495], [-63.014196829999946, -6.789725879999935], [-63.01426074999995, -6.789830869999946], [-63.01432011999998, -6.789926519999938], [-63.01437251999994, -6.790013659999943], [-63.014419059999966, -6.790092389999927], [-63.01446086999994, -6.790162909999935], [-63.01450059999996, -6.7902275499999405], [-63.01454666999996, -6.7902945999999815], [-63.014607619999936, -6.790385469999933], [-63.01467724999998, -6.79049275999995], [-63.01475070999999, -6.790602519999936], [-63.01482217999995, -6.790703479999934], [-63.014889359999984, -6.790798459999962], [-63.01495480999995, -6.790891579999936], [-63.015024309999944, -6.7909883999999465], [-63.015091119999965, -6.791085859999953], [-63.01514744999997, -6.791183409999974], [-63.01521115999998, -6.7912836699999275], [-63.01527986999997, -6.791388839999968], [-63.01534650999997, -6.791493569999943], [-63.01541447999995, -6.7915965499999515], [-63.015492059999985, -6.791710399999943], [-63.01556697999996, -6.7918245099999695], [-63.01564123999998, -6.791926859999933], [-63.015704219999975, -6.792024399999946], [-63.01576570999998, -6.792122479999932], [-63.01582535999995, -6.792220689999965], [-63.01588935999996, -6.7923106499999335], [-63.01595099999997, -6.792388529999926], [-63.015993409999965, -6.792463849999933], [-63.01603795999995, -6.79254052999994], [-63.01607958999995, -6.792610619999948], [-63.01611432999994, -6.792667189999975], [-63.016142989999935, -6.792718139999977], [-63.01617851999998, -6.792772999999954], [-63.016215719999934, -6.79282005999994], [-63.01624517999994, -6.792860349999955], [-63.01626121999993, -6.792889589999959], [-63.01627898999993, -6.792921819999947], [-63.01630881999995, -6.79297435999996], [-63.01636018999994, -6.793053119999968], [-63.016416669999956, -6.793133179999927], [-63.016472369999974, -6.793201989999943], [-63.016518049999945, -6.793273759999977], [-63.016560039999945, -6.793354979999947], [-63.01660463999997, -6.793433069999935], [-63.016644059999976, -6.793506899999954], [-63.01668308999996, -6.793572369999936], [-63.01672788999997, -6.793630159999964], [-63.016783259999954, -6.793701399999975], [-63.01683351999998, -6.793777939999927], [-63.01688109999998, -6.7938526799999295], [-63.016936329999965, -6.793931329999964], [-63.016998469999976, -6.7940229999999815], [-63.017059899999936, -6.794113739999943], [-63.017118909999965, -6.794199469999967], [-63.017173629999945, -6.794273129999965], [-63.01721605999995, -6.794333539999968], [-63.01725012999998, -6.794396179999978], [-63.01729280999996, -6.794472009999936], [-63.017355659999964, -6.794565709999972], [-63.01743570999997, -6.794679609999946], [-63.01750668999995, -6.7947986599999695], [-63.01757302999994, -6.7949175999999625], [-63.01764561999994, -6.795029039999974], [-63.017719849999935, -6.795139259999928], [-63.01779529999993, -6.795253959999968], [-63.01787489999998, -6.795373189999964], [-63.01795071999999, -6.795488399999954], [-63.018015359999936, -6.795597599999951], [-63.01807577999995, -6.795696429999964], [-63.01813391999997, -6.795784529999935], [-63.01819096999998, -6.795865309999954], [-63.01824105999998, -6.795933139999931], [-63.01827870999995, -6.795987379999929], [-63.01831030999995, -6.79602755999997], [-63.01833266999995, -6.796060989999944], [-63.01834973999996, -6.796089989999928], [-63.01837177999994, -6.796132279999938], [-63.018409419999955, -6.796191539999938], [-63.01846545999996, -6.796273739999947], [-63.01853441999998, -6.796379229999957], [-63.01860945999994, -6.796493419999933], [-63.01868115999997, -6.796604069999944], [-63.01874505999996, -6.796706889999939], [-63.018804719999935, -6.796800939999969], [-63.01886412999994, -6.796889119999946], [-63.01892179999999, -6.7969707099999255], [-63.018976469999984, -6.797046559999956], [-63.01902907999994, -6.797118569999952], [-63.01907430999995, -6.797185359999958], [-63.01910686999997, -6.797251309999979], [-63.019139919999986, -6.79732563999994], [-63.01920101999997, -6.7974195299999565], [-63.019280769999966, -6.797530439999946], [-63.01935920999995, -6.797643219999941], [-63.01942888999997, -6.797751969999979], [-63.01949214999996, -6.797852279999972], [-63.01955382999995, -6.797947029999932], [-63.01962088999994, -6.798043479999933], [-63.01968281999996, -6.798132589999966], [-63.019736499999965, -6.798214309999935], [-63.01978755999994, -6.798290169999973], [-63.01984474999995, -6.7983725799999775], [-63.01990181999997, -6.7984641699999315], [-63.01996663999995, -6.798562009999955], [-63.02003850999995, -6.798674629999937], [-63.02011206999998, -6.798793699999976], [-63.02018741999996, -6.798910159999934], [-63.02026519999998, -6.799026439999977], [-63.02034746999993, -6.799141189999943], [-63.02043150999998, -6.799250019999931], [-63.02050523999998, -6.799368749999928], [-63.02057898999993, -6.799487449999958], [-63.02065572999999, -6.799605479999968], [-63.02073651999996, -6.799722369999927], [-63.02081802999999, -6.799835309999935], [-63.020896009999944, -6.799945769999965], [-63.02097073999994, -6.800062569999966], [-63.02104760999998, -6.8001844999999435], [-63.02112626999997, -6.800304939999933], [-63.021202409999944, -6.80042149999997], [-63.02127612999993, -6.80053737999998], [-63.02134746999997, -6.800653859999954], [-63.02141660999996, -6.800769149999951], [-63.021484629999975, -6.800876459999927], [-63.02154780999996, -6.8009746999999265], [-63.02160552999999, -6.801064399999973], [-63.02165818999998, -6.80114451999998], [-63.021705779999934, -6.8012163099999725], [-63.02174659999997, -6.801281549999942], [-63.02178212999996, -6.801345529999935], [-63.02182018999997, -6.801414759999943], [-63.021879499999955, -6.801502999999968], [-63.02195031999997, -6.801599259999932], [-63.02201558999997, -6.801687809999976], [-63.022074379999935, -6.801777059999949], [-63.02212677999995, -6.801858829999958], [-63.022165659999985, -6.80194081999997], [-63.022207469999955, -6.802033349999931], [-63.02226926999998, -6.802133079999976], [-63.02234365999993, -6.802247509999972], [-63.02242024999998, -6.802359839999951], [-63.022490249999976, -6.80246348999998], [-63.02255342999996, -6.802565519999973], [-63.02261759999993, -6.802665029999957], [-63.02268860999993, -6.802765109999939], [-63.02276312999999, -6.802874069999973], [-63.022839989999966, -6.802987329999951], [-63.022917689999986, -6.803099129999964], [-63.023001499999964, -6.80320568999997], [-63.02307374999998, -6.80330706999996], [-63.02312846999996, -6.803408909999973], [-63.02318571999996, -6.803506589999927], [-63.02325381999998, -6.8036054899999385], [-63.02332293999996, -6.803710609999939], [-63.02338684999995, -6.80381639999996], [-63.023447009999984, -6.803922429999943], [-63.023511449999944, -6.804030089999969], [-63.02357546999997, -6.804128859999935], [-63.023638449999964, -6.8042231199999605], [-63.02369844999998, -6.804315859999974], [-63.02376149999998, -6.804398909999975], [-63.023824859999934, -6.804474049999953], [-63.02387986999997, -6.804543019999926], [-63.02392008999993, -6.804613609999933], [-63.02396455999997, -6.804699229999926], [-63.02402871999993, -6.804810379999935], [-63.02409658999994, -6.804916429999935], [-63.02415906999994, -6.805013709999969], [-63.024225919999935, -6.805112079999958], [-63.024295319999965, -6.805219129999955], [-63.024367059999975, -6.80533115999998], [-63.02444179999998, -6.805443349999962], [-63.02451384999995, -6.805546119999974], [-63.02457750999997, -6.805640009999934], [-63.024642179999944, -6.805734299999926], [-63.02471041999996, -6.805835019999961], [-63.024776749999944, -6.8059262399999625], [-63.02483642999994, -6.806017059999931], [-63.024900929999944, -6.806114969999953], [-63.02496900999995, -6.806222469999966], [-63.025039979999974, -6.806334449999952], [-63.02510892999999, -6.806444339999928], [-63.02518126999996, -6.8065582399999585], [-63.025255469999934, -6.806675129999974], [-63.02532650999996, -6.806787129999975], [-63.025394389999974, -6.806894199999931], [-63.02546427999994, -6.806999269999949], [-63.02553354999998, -6.80709958999995], [-63.025596889999974, -6.807192139999927], [-63.02565371999998, -6.807282399999963], [-63.02571262999999, -6.80736171999996], [-63.02576340999997, -6.807434909999927], [-63.025808009999935, -6.807505419999927], [-63.02584191999995, -6.807578209999974], [-63.02589537999995, -6.80765514999996], [-63.02595958999996, -6.807752809999954], [-63.026028389999965, -6.807852559999958], [-63.02609849999993, -6.80795655999998], [-63.02616634999998, -6.808061709999947], [-63.02623637999994, -6.808167049999952], [-63.02630327999998, -6.808270189999973], [-63.026367059999984, -6.808371359999967], [-63.02642615999997, -6.808469389999971], [-63.02648196999996, -6.808568209999976], [-63.026540299999965, -6.808665779999956], [-63.02660249999997, -6.808750759999953], [-63.02666421999999, -6.808836219999932], [-63.02672587999996, -6.80891902999997], [-63.02677894999994, -6.809002939999971], [-63.02682926999995, -6.80908420999998], [-63.026873199999955, -6.80916904999998], [-63.026925769999934, -6.809254729999964], [-63.02697876999997, -6.809334419999971], [-63.027029149999976, -6.809413049999932], [-63.02708212999994, -6.809492739999939], [-63.02713540999997, -6.809589009999968], [-63.02719394999997, -6.809690019999948], [-63.02726118999993, -6.809787129999961], [-63.02733227999994, -6.809893289999934], [-63.027407869999934, -6.810004129999925], [-63.027483589999974, -6.810112239999967], [-63.02755620999994, -6.8102118299999574], [-63.027620859999956, -6.810302599999943], [-63.02767516999995, -6.810387099999957], [-63.02771778999994, -6.810469379999972], [-63.02776471999994, -6.810551769999961], [-63.02782801999996, -6.810639519999938], [-63.02789276999994, -6.810728099999949], [-63.02795513999996, -6.810814999999934], [-63.02800967999997, -6.810896109999931], [-63.028051629999936, -6.810972569999933], [-63.02808351999994, -6.811049969999942], [-63.02813273999993, -6.81112896999997], [-63.02819167999996, -6.811217069999941], [-63.02825749999994, -6.811314589999938], [-63.028326669999956, -6.8114137899999605], [-63.02839759999995, -6.811512259999972], [-63.028469909999956, -6.811610579999979], [-63.02853650999998, -6.8117061799999306], [-63.02859397999998, -6.811799529999973], [-63.02865485999996, -6.811896539999964], [-63.02871865999998, -6.811996009999973], [-63.02878222999993, -6.812097179999967], [-63.028847809999945, -6.812196539999945], [-63.028907509999954, -6.812293679999925], [-63.02896431999994, -6.812387009999952], [-63.02901633999994, -6.812480679999965], [-63.029065129999935, -6.81256781999997], [-63.029117149999934, -6.812642099999948], [-63.029172709999955, -6.812717229999976], [-63.02923045999995, -6.812795089999952], [-63.02928245999993, -6.812869499999977], [-63.029328249999935, -6.81294024999994], [-63.02937025999995, -6.813007199999959], [-63.02940888999996, -6.813069709999979], [-63.029447939999955, -6.8131323299999735], [-63.02948798999995, -6.8131956899999295], [-63.02952707999998, -6.813259539999933], [-63.029570699999965, -6.813326749999931], [-63.02961221999993, -6.813392589999978], [-63.02965070999994, -6.81344600999995], [-63.029680939999935, -6.813490189999925], [-63.029707429999974, -6.813529569999957], [-63.029730239999935, -6.8135659599999485], [-63.029761579999956, -6.813616249999939], [-63.029788129999986, -6.813656759999958], [-63.02982468999994, -6.813711669999975], [-63.029863069999976, -6.813769509999929], [-63.02990528999999, -6.813833249999959], [-63.02995903999994, -6.813913739999975], [-63.030013199999985, -6.814004029999978], [-63.03006919999996, -6.814092309999978], [-63.03012228999995, -6.814180999999962], [-63.03017337999995, -6.814263199999971], [-63.03022506999997, -6.814343619999931], [-63.030273619999946, -6.814418989999979], [-63.03031980999998, -6.814489349999974], [-63.03037022999996, -6.8145631399999615], [-63.03042598999997, -6.814647129999969], [-63.030479499999956, -6.814728189999926], [-63.030528869999955, -6.814801269999975], [-63.03057120999995, -6.814863319999972], [-63.030621989999986, -6.814931869999953], [-63.03067187999994, -6.814999369999953], [-63.03071485999993, -6.81506547999993], [-63.03074518999995, -6.815124449999928], [-63.03077254999994, -6.815184209999927], [-63.03081471999997, -6.815254989999971], [-63.03087150999994, -6.815340719999938], [-63.03093298999994, -6.815424949999965], [-63.030997139999954, -6.815513899999928], [-63.031060999999966, -6.815607599999964], [-63.031124889999944, -6.815705679999951], [-63.03118797999997, -6.815806509999959], [-63.03125208999995, -6.815905999999927], [-63.031317729999955, -6.8160034599999335], [-63.031377959999986, -6.81609659999998], [-63.031433739999954, -6.81619005999994], [-63.03148902999993, -6.816274719999967], [-63.03154372999995, -6.816357349999976], [-63.03159465999994, -6.81643293999997], [-63.03164177999997, -6.816498649999971], [-63.031683089999945, -6.816560469999956], [-63.03172327999994, -6.816624049999973], [-63.03178527999995, -6.8166989899999635], [-63.03185184999995, -6.816773829999931], [-63.03190452999996, -6.816848299999947], [-63.03195027999993, -6.816924919999963], [-63.032004049999955, -6.81701357999998], [-63.03206457999994, -6.817105279999964], [-63.03212445999998, -6.817195589999926], [-63.03217960999996, -6.817286039999942], [-63.03222968999995, -6.81738200999996], [-63.03228991999998, -6.817481769999972], [-63.03234673999998, -6.817571259999966], [-63.03240070999993, -6.817649959999926], [-63.03244718999997, -6.817727709999929], [-63.032492279999985, -6.81780638999993], [-63.03254630999999, -6.81787836999996], [-63.032599509999955, -6.817952219999938], [-63.03265537999994, -6.8180298399999515], [-63.03272118999996, -6.818130289999942], [-63.032792479999955, -6.818240989999936], [-63.03286424999993, -6.818355659999952], [-63.03293550999996, -6.818468009999947], [-63.03300116999998, -6.8185720099999685], [-63.033060079999984, -6.818667449999964], [-63.03311875999998, -6.8187611199999765], [-63.03318048999995, -6.818855729999939], [-63.03324027999997, -6.8189498099999355], [-63.03329846999998, -6.819043559999955], [-63.033352529999945, -6.819132569999965], [-63.033403799999974, -6.81921492999993], [-63.03346196999996, -6.819302249999964], [-63.03353243999999, -6.819398679999949], [-63.03359998999997, -6.819491789999972], [-63.03366502999995, -6.819585709999956], [-63.033731649999936, -6.819685279999931], [-63.03379374999997, -6.819781889999945], [-63.033848869999986, -6.819869929999925], [-63.033900949999975, -6.819947119999938], [-63.03394664999996, -6.8200178199999755], [-63.03398746999994, -6.820085219999953], [-63.03404014999995, -6.820166809999932], [-63.034106529999974, -6.820271609999963], [-63.03417570999994, -6.820383719999938], [-63.03424849999993, -6.8205019699999525], [-63.03432345999994, -6.82062437999997], [-63.03439781999998, -6.820739799999956], [-63.034472079999944, -6.820842409999955], [-63.03454069999998, -6.820935499999962], [-63.03460366999997, -6.821035279999933], [-63.034680769999966, -6.821140219999961], [-63.03476239999998, -6.821252379999976], [-63.03483688999995, -6.821368869999958], [-63.03490981999994, -6.821481109999979], [-63.034988459999965, -6.821590389999926], [-63.03505697999998, -6.821700239999927], [-63.03512023999997, -6.821812139999963], [-63.035181619999946, -6.8219265899999755], [-63.03524921999997, -6.8220424399999615], [-63.03532470999994, -6.822158789999946], [-63.035400349999975, -6.822271549999925], [-63.03547675999994, -6.822379679999926], [-63.035545629999945, -6.822492329999932], [-63.035609689999944, -6.822598649999975], [-63.03567676999995, -6.822692779999954], [-63.035749829999986, -6.82278692999995], [-63.03582259999996, -6.822892109999941], [-63.03589613999998, -6.823001839999961], [-63.03596859999993, -6.823113529999944], [-63.03604304999993, -6.823229909999952], [-63.03611833999997, -6.823350449999964], [-63.03619151999993, -6.823470319999956], [-63.03625555999997, -6.8235822499999585], [-63.036325759999954, -6.823679689999949], [-63.036398979999944, -6.823780029999966], [-63.03647448999993, -6.823893449999957], [-63.03655080999994, -6.824008789999937], [-63.03662293999997, -6.824123859999929], [-63.03669682999998, -6.824237149999931], [-63.036773539999956, -6.824351689999958], [-63.03684727999996, -6.824464219999925], [-63.036917649999964, -6.82457686999993], [-63.03698435999996, -6.824684659999946], [-63.037054799999964, -6.824789669999973], [-63.03712546999998, -6.824900609999929], [-63.037199819999955, -6.825015729999961], [-63.03727567999994, -6.825131979999981], [-63.03735219999999, -6.825248999999928], [-63.03742933999996, -6.825366229999929], [-63.037506889999975, -6.825484079999967], [-63.037584289999984, -6.825601259999928], [-63.03766355999994, -6.8257205299999555], [-63.03774069999997, -6.825834419999978], [-63.03781504999995, -6.825945789999935], [-63.03788905999994, -6.82605824999996], [-63.037955189999934, -6.826167959999964], [-63.03802858999995, -6.826273579999963], [-63.03810725999995, -6.826382119999948], [-63.038185899999974, -6.826493239999934], [-63.03825989999996, -6.826610579999965], [-63.03833228999997, -6.826731819999964], [-63.03840463999995, -6.826850729999933], [-63.03847498999994, -6.8269701599999735], [-63.03854323999997, -6.827080879999926], [-63.03861189999998, -6.82718602999995], [-63.03868401999995, -6.82729274999997], [-63.03875788999994, -6.8274053099999605], [-63.03883610999998, -6.827520839999977], [-63.03884973799995, -6.827540426999974]]}}, {"id": "4", "type": "Feature", "properties": {"id_trecho_": 155290, "vl_br": "319", "sg_uf": "AM", "nm_tipo_tr": "Eixo Principal", "sg_tipo_tr": "B", "vl_codigo": "319BAM0175", "ds_local_i": "IGARAP\u00c9 NAZAR\u00c9", "ds_local_f": "IGARAP\u00c9 SANTO ANT\u00d4NIO", "vl_km_inic": 571.1, "vl_km_fina": 575.0, "vl_extensa": 3.9, "ds_sup_fed": "IMP", "ds_coinc": null, "ds_tipo_ad": null, "est_coinc": null, "sup_est_co": null, "ds_jurisdi": "FEDERAL-N_PAV", "ds_superfi": "N_PAV", "ds_legenda": "Implantada", "sg_legenda": "IMP", "leg_multim": "Implantada", "versao_snv": "201612A", "id_versao": 33, "marcador": "TRECHO DO MEIO"}, "geometry": {"type": "LineString", "coordinates": [[-63.03884973799995, -6.827540426999974], [-63.03891577999997, -6.82763534999998], [-63.03899261999999, -6.827746739999952], [-63.03906488999996, -6.827857839999979], [-63.03913955999997, -6.827970429999937], [-63.03921649999995, -6.828085449999946], [-63.039293319999956, -6.828201139999976], [-63.039372269999944, -6.828318529999933], [-63.03944514999995, -6.82843773999997], [-63.03951307999995, -6.8285547599999745], [-63.03957856999995, -6.828665799999953], [-63.03964520999995, -6.828772209999954], [-63.03971704999998, -6.828874119999966], [-63.03978742999993, -6.828975079999964], [-63.03986091999997, -6.8290819399999805], [-63.03993805999994, -6.82919585999997], [-63.04001456999998, -6.829313069999955], [-63.04008772999998, -6.82942165999998], [-63.04015532999995, -6.829521389999968], [-63.040210799999954, -6.829610579999951], [-63.040245339999956, -6.829693429999963], [-63.04026349999998, -6.829771199999925], [-63.040283999999986, -6.829839449999952], [-63.04030217999997, -6.829893369999979], [-63.04032208999996, -6.829940489999956], [-63.04034227999995, -6.829987929999959], [-63.04036230999998, -6.830030719999968], [-63.04037620999998, -6.83005739999993], [-63.04039084999994, -6.830084799999952], [-63.040405559999954, -6.830108759999973], [-63.040421709999976, -6.830134989999976], [-63.04044277999998, -6.830164119999949], [-63.040453249999985, -6.830180379999945], [-63.040474519999975, -6.830213379999975], [-63.04051888999999, -6.830276529999935], [-63.04053974999994, -6.830306959999973], [-63.040560409999955, -6.830337089999944], [-63.04059886999994, -6.830394879999972], [-63.04064464999993, -6.83046195999998], [-63.04069790999995, -6.83053198999994], [-63.040765499999964, -6.830605709999929], [-63.04084849999998, -6.830691329999979], [-63.04095001999997, -6.830794309999931], [-63.04104356999994, -6.8309013599999275], [-63.04112128999998, -6.831010719999938], [-63.041196129999946, -6.831126969999957], [-63.04127436999994, -6.831248119999941], [-63.04134893999998, -6.831359429999964], [-63.041418129999954, -6.831459559999928], [-63.041475599999956, -6.831552789999932], [-63.04153439999993, -6.8316544899999485], [-63.04160622999996, -6.831768629999942], [-63.041686899999945, -6.831884449999961], [-63.04176535999994, -6.831993169999976], [-63.04183715999994, -6.832092259999968], [-63.04189808999996, -6.83218377999998], [-63.04194555999999, -6.832277079999926], [-63.04200572999997, -6.832382729999949], [-63.042073089999974, -6.832493109999973], [-63.04214528999995, -6.832606049999981], [-63.042220689999965, -6.832721119999974], [-63.04229498999996, -6.832834729999945], [-63.04236746999999, -6.832947369999943], [-63.04244146999997, -6.833058999999935], [-63.04251864999998, -6.8331698099999585], [-63.04259631999997, -6.8332827999999495], [-63.042673269999966, -6.83339639999997], [-63.04274764999997, -6.833509659999947], [-63.04282183999999, -6.83362558999994], [-63.04289300999994, -6.833740579999926], [-63.04296415999994, -6.833848819999957], [-63.04302969999998, -6.833950369999968], [-63.04309423999996, -6.834049989999926], [-63.04316307999994, -6.834153669999978], [-63.043230939999944, -6.834256789999927], [-63.04330041999998, -6.8343585499999335], [-63.043374159999985, -6.834465889999933], [-63.04344389999994, -6.834577709999962], [-63.04350796999995, -6.834688189999952], [-63.043577669999934, -6.834797419999973], [-63.043647749999934, -6.834904569999935], [-63.04372154999999, -6.83501683999998], [-63.043797429999984, -6.835132309999949], [-63.043875929999956, -6.83524983999996], [-63.04395432999996, -6.835367449999978], [-63.04403101999998, -6.835485129999938], [-63.04411042999993, -6.835601969999971], [-63.044188959999985, -6.83572221999998], [-63.04426251999996, -6.835842839999941], [-63.044339939999986, -6.835957109999981], [-63.04441313999996, -6.836068799999964], [-63.04447471999998, -6.83617492999997], [-63.04453695999996, -6.836278399999969], [-63.04460628999993, -6.836384979999934], [-63.04467982999995, -6.836492829999941], [-63.04475301999997, -6.836604879999925], [-63.04482583999999, -6.836718519999977], [-63.044902269999966, -6.836833429999956], [-63.04498136999996, -6.836947939999959], [-63.04506193999998, -6.837064399999974], [-63.04513817999998, -6.837180459999956], [-63.045207209999944, -6.837295909999966], [-63.04527686999995, -6.837409029999947], [-63.045349829999964, -6.837523249999947], [-63.04542361999995, -6.8376382999999805], [-63.04549799999995, -6.837753179999936], [-63.045573229999945, -6.837868599999979], [-63.04564844999999, -6.837984449999965], [-63.04572582999998, -6.838100269999927], [-63.04580359999994, -6.838215549999973], [-63.04587858999997, -6.83833089999996], [-63.045953579999946, -6.838445509999929], [-63.04602934999997, -6.8385600499999555], [-63.04610507999996, -6.838675209999963], [-63.046179869999946, -6.838791049999941], [-63.046256049999954, -6.838909089999959], [-63.04633497999998, -6.839032939999981], [-63.04641867999999, -6.83916217999996], [-63.04650001999994, -6.839291739999965], [-63.04657726999994, -6.8394184399999745], [-63.046653429999935, -6.839541489999931], [-63.04673356999996, -6.839660569999978], [-63.04681162999998, -6.839780679999933], [-63.046886969999946, -6.8399014899999315], [-63.04696236999996, -6.840022169999941], [-63.04704038999995, -6.840139369999974], [-63.047117309999976, -6.840253269999948], [-63.04719419999998, -6.840366099999926], [-63.04727059999993, -6.8404803199999265], [-63.04734615999996, -6.840596459999972], [-63.047421749999955, -6.840714359999936], [-63.04749769999995, -6.840834529999938], [-63.047577039999965, -6.840958169999965], [-63.04765789999993, -6.8410838299999455], [-63.04773666999995, -6.841207419999932], [-63.047810089999984, -6.8413263299999585], [-63.047876309999936, -6.841437669999948], [-63.04794217999995, -6.841543189999925], [-63.04801519999995, -6.841650529999981], [-63.04809246999997, -6.841762849999952], [-63.048170089999985, -6.841879499999948], [-63.048247809999964, -6.841997669999955], [-63.048323299999936, -6.842111939999938], [-63.04839425999995, -6.84221894999996], [-63.04846285999997, -6.842324789999964], [-63.04853288999993, -6.842433039999946], [-63.04860361999994, -6.842543329999955], [-63.04867429999996, -6.842655519999937], [-63.04874678999994, -6.842768679999949], [-63.04881986999993, -6.8428835899999285], [-63.048894959999984, -6.843002259999935], [-63.04896986999995, -6.843123369999944], [-63.049046069999974, -6.843245509999974], [-63.049122659999966, -6.84336492999995], [-63.049197479999975, -6.843478219999952], [-63.04926674999996, -6.843584699999951], [-63.04933833999996, -6.843684959999962], [-63.049409209999965, -6.843792669999971], [-63.049481199999946, -6.843906059999938], [-63.049555329999976, -6.8440213499999345], [-63.04963096999995, -6.844137299999943], [-63.04970781999998, -6.8442541599999345], [-63.04978510999996, -6.84437171999997], [-63.049862719999965, -6.84448969999994], [-63.04993982999997, -6.8446078699999475], [-63.050016289999974, -6.844725899999958], [-63.05009256999995, -6.844844119999948], [-63.050169479999965, -6.844962899999928], [-63.05024685999996, -6.845081279999931], [-63.05032499999999, -6.84519875999996], [-63.05040231999993, -6.845315139999968], [-63.050478759999976, -6.845430979999946], [-63.05055586999998, -6.845546509999963], [-63.05063151999997, -6.845662489999938], [-63.05070501999995, -6.8457787399999575], [-63.05077957999998, -6.845895969999958], [-63.05085447999994, -6.846013819999939], [-63.05092979999995, -6.8461322299999665], [-63.05100613999997, -6.84625092999994], [-63.051084239999966, -6.8463685899999405], [-63.05116209999994, -6.846486569999968], [-63.051239469999985, -6.8466042299999685], [-63.05131578999993, -6.846721189999926], [-63.051388919999965, -6.846838289999937], [-63.05146150999997, -6.846954409999967], [-63.05153506999994, -6.84706835999998], [-63.051610219999986, -6.847182069999974], [-63.05168586999997, -6.847294879999936], [-63.051756789999956, -6.847399699999926], [-63.05182062999995, -6.847495189999961], [-63.05187640999998, -6.8475837699999715], [-63.05192476999997, -6.847667279999939], [-63.051970669999946, -6.847745479999958], [-63.052014389999954, -6.847813759999951], [-63.052049919999945, -6.847866559999943], [-63.05208091999998, -6.84790868999994], [-63.05210660999995, -6.847949479999954], [-63.05211756999995, -6.847963839999977], [-63.05212230999996, -6.847971359999974], [-63.05212999999998, -6.847983979999981], [-63.052145449999955, -6.848009489999981], [-63.05216380999997, -6.848041209999963], [-63.05218653999998, -6.848078029999954], [-63.052215279999984, -6.848122609999962], [-63.05224456999997, -6.848165219999942], [-63.05226603999995, -6.8481965999999375], [-63.05228906999997, -6.848229629999935], [-63.05233148999997, -6.8482923499999515], [-63.05239249999994, -6.8483817099999555], [-63.05245924999997, -6.848477299999956], [-63.05251899999996, -6.848564329999931], [-63.052571409999985, -6.8486434399999325], [-63.052618879999955, -6.848718839999947], [-63.052679189999935, -6.848812989999942], [-63.05275433999998, -6.8489260899999636], [-63.05282201999995, -6.849033479999946], [-63.05288809999996, -6.849139829999956], [-63.05295961999997, -6.849250149999932], [-63.05303497999995, -6.849365599999942], [-63.053113389999965, -6.849477149999927], [-63.05318476999997, -6.849584379999953], [-63.053253419999976, -6.849688989999947], [-63.053322039999955, -6.84979248999997], [-63.053382779999936, -6.849901129999978], [-63.05344637999997, -6.850014569999928], [-63.05351505999994, -6.8501247599999715], [-63.05358548999993, -6.850235349999934], [-63.05365727999998, -6.850347599999964], [-63.05373077999997, -6.850459039999976], [-63.05380392999996, -6.850566189999938], [-63.05387386999996, -6.850664779999931], [-63.05393793999997, -6.850752979999925], [-63.053990699999986, -6.850836759999936], [-63.054039529999955, -6.8509249099999465], [-63.05410621999994, -6.851031229999933], [-63.05418034999997, -6.851136329999974], [-63.05424710999995, -6.851244329999929], [-63.054315679999945, -6.851353739999979], [-63.05438848999995, -6.851463209999963], [-63.05446491999999, -6.851577089999978], [-63.05454328999997, -6.851691999999957], [-63.05462085999994, -6.851808939999955], [-63.05469720999997, -6.851927349999926], [-63.05477191999995, -6.852044689999957], [-63.054844929999945, -6.852160349999963], [-63.05492026999997, -6.852275289999966], [-63.05499457999997, -6.852391589999968], [-63.05506773999997, -6.852509829999974], [-63.05514300999994, -6.852629039999954], [-63.05522251999997, -6.852745449999929], [-63.05530354999996, -6.8528601499999695], [-63.05538445999997, -6.852975429999958], [-63.05546392999997, -6.853091469999981], [-63.055541619999985, -6.853208649999942], [-63.05561863999998, -6.853326869999933], [-63.05569508999997, -6.8534453599999665], [-63.05577162999998, -6.853563819999977], [-63.05584401999994, -6.853679209999939], [-63.05591565999998, -6.853793379999956], [-63.05598753999993, -6.853904899999975], [-63.05605389999994, -6.854006789999971], [-63.056113979999964, -6.854099509999969], [-63.05616706999996, -6.854184589999932], [-63.05621310999999, -6.8542664699999705], [-63.05626270999994, -6.854363829999954], [-63.05632128999997, -6.854464549999932], [-63.05638142999999, -6.8545645699999795], [-63.056432779999966, -6.854657309999936], [-63.05648358999997, -6.854739139999936], [-63.05653603999997, -6.854814809999937], [-63.05659497999994, -6.8549083999999425], [-63.05665769999996, -6.855017419999967], [-63.05671847999997, -6.855132009999977], [-63.05678121999995, -6.855249379999975], [-63.05684686999996, -6.855369679999967], [-63.056913849999944, -6.855489419999969], [-63.05698066999997, -6.855610019999972], [-63.057042079999974, -6.855725889999974], [-63.057095249999975, -6.855832799999973], [-63.05714631999996, -6.855934769999976], [-63.05720091999996, -6.856034159999979], [-63.057253869999954, -6.8561258299999395], [-63.05729759999997, -6.856213929999967], [-63.057331499999975, -6.85630840999994], [-63.05736914999994, -6.856412269999964], [-63.05741944999994, -6.856529929999965], [-63.05747259999998, -6.856650449999961], [-63.05752144999997, -6.856767469999966], [-63.057570089999956, -6.856889639999963], [-63.05762157999993, -6.857012959999963], [-63.05767315999998, -6.857131039999956], [-63.05771945999999, -6.857241869999939], [-63.05776813999995, -6.857354789999931], [-63.05781836999995, -6.857474629999956], [-63.05786750999994, -6.857599499999935], [-63.05791243999994, -6.857723859999965], [-63.05794055499996, -6.857798973999934]]}}, {"id": "5", "type": "Feature", "properties": {"id_trecho_": 155291, "vl_br": "319", "sg_uf": "AM", "nm_tipo_tr": "Eixo Principal", "sg_tipo_tr": "B", "vl_codigo": "319BAM0180", "ds_local_i": "IGARAP\u00c9 SANTO ANT\u00d4NIO", "ds_local_f": "IGARAP\u00c9 REALIDADE", "vl_km_inic": 575.0, "vl_km_fina": 589.4, "vl_extensa": 14.4, "ds_sup_fed": "IMP", "ds_coinc": null, "ds_tipo_ad": null, "est_coinc": null, "sup_est_co": null, "ds_jurisdi": "FEDERAL-N_PAV", "ds_superfi": "N_PAV", "ds_legenda": "Implantada", "sg_legenda": "IMP", "leg_multim": "Implantada", "versao_snv": "201612A", "id_versao": 33, "marcador": "TRECHO DO MEIO"}, "geometry": {"type": "LineString", "coordinates": [[-63.05794055499996, -6.857798973999934], [-63.057955419999985, -6.857838689999937], [-63.05799629999996, -6.857948559999954], [-63.05803592999996, -6.858061869999972], [-63.05807265999994, -6.858178649999957], [-63.05810593999996, -6.858293639999943], [-63.05814349999997, -6.858411329999967], [-63.05818175999997, -6.8585242399999515], [-63.05821536999997, -6.8586292799999455], [-63.05824882999997, -6.858735229999979], [-63.05827925999995, -6.858839689999968], [-63.058321829999954, -6.858942509999963], [-63.05835760999997, -6.859048429999973], [-63.058395049999945, -6.859150539999973], [-63.058435309999936, -6.859243889999959], [-63.05846959999997, -6.859323269999948], [-63.058488549999936, -6.859390849999954], [-63.058499609999956, -6.859446909999974], [-63.05851040999994, -6.859497359999978], [-63.05852182999996, -6.859544789999973], [-63.05852661999995, -6.859567979999952], [-63.05853640999999, -6.8596099499999355], [-63.05853641999994, -6.859609979999959], [-63.058554079999965, -6.859679579999977], [-63.058578609999984, -6.859760349999931], [-63.058605339999986, -6.8598338999999555], [-63.058623539999985, -6.859887189999938], [-63.05863026999998, -6.859906899999942], [-63.05865273999996, -6.859974299999976], [-63.05866680999998, -6.860013349999974], [-63.058674389999965, -6.860034349999978], [-63.058692289999954, -6.860089719999962], [-63.05870926999995, -6.860144999999932], [-63.058739969999976, -6.860226209999951], [-63.05878166999997, -6.8603350199999795], [-63.05882565999997, -6.860457589999953], [-63.05886800999997, -6.860575169999947], [-63.05890561999996, -6.860683119999976], [-63.05893176999996, -6.860783029999936], [-63.058947889999956, -6.860876679999933], [-63.05897378999998, -6.860973419999937], [-63.05900822999996, -6.861086999999941], [-63.059046569999964, -6.8612095499999555], [-63.05908543999993, -6.861336359999939], [-63.05912405999999, -6.861465009999961], [-63.05916334999995, -6.861594039999943], [-63.059202469999946, -6.861723999999981], [-63.059241689999965, -6.8618554399999425], [-63.05928159999996, -6.861987899999974], [-63.05932141999995, -6.862120709999942], [-63.059359849999964, -6.862252149999961], [-63.059399689999964, -6.862380959999939], [-63.05944476999997, -6.862507389999962], [-63.059484829999974, -6.862635119999936], [-63.05952580999997, -6.8627639199999635], [-63.05956745999998, -6.862893719999931], [-63.05960933999995, -6.863024109999969], [-63.05965090999996, -6.863154979999933], [-63.059692059999975, -6.863285979999944], [-63.059733309999956, -6.863417349999963], [-63.059774629999936, -6.863548869999931], [-63.059816179999984, -6.863680699999975], [-63.059859339999946, -6.86381216999996], [-63.05990282999994, -6.863943809999967], [-63.05994568999995, -6.864076189999935], [-63.05998853999995, -6.864207639999961], [-63.06002874999996, -6.864340089999928], [-63.06006983999998, -6.864472629999966], [-63.06011069999994, -6.864604909999969], [-63.060150549999946, -6.864737979999973], [-63.06019194999993, -6.864871689999973], [-63.060234969999954, -6.8650056699999595], [-63.06027822999994, -6.865140679999968], [-63.06032050999994, -6.86527757999994], [-63.06036676999997, -6.865417479999962], [-63.06041401999994, -6.865553849999969], [-63.06045458999995, -6.865689389999943], [-63.06049250999996, -6.865817069999935], [-63.060524999999984, -6.865933579999933], [-63.060555619999946, -6.866043069999932], [-63.06059620999997, -6.866161309999939], [-63.06063889999996, -6.8662903899999606], [-63.06068069999998, -6.866420669999968], [-63.06072440999998, -6.866551139999956], [-63.06076942999994, -6.86668205999996], [-63.06081438999996, -6.866813899999954], [-63.060856559999934, -6.866946709999979], [-63.06089579999997, -6.867080519999945], [-63.060936939999976, -6.867214199999978], [-63.060978519999935, -6.8673485099999425], [-63.06101933999997, -6.867483929999935], [-63.06106097999998, -6.8676199199999814], [-63.06110623999996, -6.867755669999951], [-63.06115129999995, -6.867892609999956], [-63.06119221999995, -6.868026089999944], [-63.06123017999994, -6.868159549999973], [-63.061270899999954, -6.868297629999972], [-63.06131405999997, -6.868432579999933], [-63.06135519999998, -6.868559869999956], [-63.06139721999995, -6.8686846299999615], [-63.06144223999996, -6.868812129999981], [-63.06148595999997, -6.8689379499999745], [-63.06152031999994, -6.869064249999951], [-63.06155955999998, -6.86918916999997], [-63.06161132999995, -6.869310689999963], [-63.06165083999997, -6.869438699999932], [-63.06167743999998, -6.869571669999971], [-63.06171833999997, -6.869704499999955], [-63.06176340999997, -6.869837099999927], [-63.061806529999956, -6.869970849999959], [-63.061849939999945, -6.870105169999931], [-63.06189250999995, -6.870239999999967], [-63.06193430999997, -6.870375419999959], [-63.061976319999985, -6.870511209999961], [-63.06201865999998, -6.870647839999947], [-63.06206192999997, -6.870784129999947], [-63.062104439999985, -6.870918589999974], [-63.062147909999965, -6.871049639999967], [-63.062198389999935, -6.871170629999938], [-63.06224836999996, -6.871295429999975], [-63.062285919999965, -6.871426759999963], [-63.062323369999945, -6.871565639999972], [-63.062364239999965, -6.8717064499999765], [-63.062405369999965, -6.871842199999946], [-63.062451229999965, -6.87197330999993], [-63.062493949999975, -6.872101309999948], [-63.06252891999998, -6.872225589999971], [-63.06256878999994, -6.872354829999949], [-63.06261165999996, -6.872486979999962], [-63.06265719999993, -6.872622569999976], [-63.06270250999995, -6.872756859999981], [-63.062749019999956, -6.872886879999953], [-63.06278913999995, -6.873008849999962], [-63.062825389999944, -6.873120259999951], [-63.062850339999954, -6.873229169999945], [-63.062881569999945, -6.873343179999949], [-63.06292135999996, -6.87345487999994], [-63.06296303999994, -6.87356546999996], [-63.06299182999999, -6.873674349999931], [-63.063013969999986, -6.873778159999972], [-63.06304474999996, -6.87387807999994], [-63.06308010999999, -6.873981449999974], [-63.06311070999993, -6.874085409999964], [-63.063151009999956, -6.874209339999936], [-63.063197069999944, -6.874341079999965], [-63.06323871999996, -6.874463619999972], [-63.06327503999995, -6.874587909999946], [-63.06331626999997, -6.874721769999951], [-63.063359109999965, -6.874848219999933], [-63.06339607999996, -6.874966749999942], [-63.06343135999998, -6.875076929999977], [-63.06346278999996, -6.875177519999966], [-63.06349062999993, -6.875274609999963], [-63.06352276999996, -6.8753774799999405], [-63.06355854999998, -6.875494469999978], [-63.06359236999998, -6.875608069999942], [-63.06362466999997, -6.875710829999946], [-63.063657509999985, -6.875801539999941], [-63.063686279999956, -6.875883859999931], [-63.063708289999965, -6.87596616999997], [-63.06373775999998, -6.876055269999938], [-63.063763489999985, -6.876150959999961], [-63.06379093999993, -6.876253829999939], [-63.06382105999995, -6.876348629999939], [-63.06385124999997, -6.876442939999947], [-63.063886509999975, -6.876550379999969], [-63.06392581999995, -6.876673979999964], [-63.06396823999995, -6.876804869999944], [-63.06401251999995, -6.876937249999969], [-63.06405991999998, -6.8770695699999465], [-63.06410340999997, -6.877195499999971], [-63.06414055999994, -6.87731950999995], [-63.06417351999994, -6.877441089999934], [-63.064210739999965, -6.877564519999964], [-63.06425171999996, -6.877693719999968], [-63.064295149999964, -6.877822589999937], [-63.064337389999935, -6.877941029999931], [-63.06438067999994, -6.87804669999997], [-63.06441748999998, -6.878142729999979], [-63.064446859999975, -6.878231699999958], [-63.06447842999995, -6.878311579999945], [-63.064491189999956, -6.8783924599999295], [-63.06450264999995, -6.878476869999929], [-63.064526909999984, -6.878554079999958], [-63.06455742999998, -6.878643289999957], [-63.06459322999996, -6.8787527999999725], [-63.06463093999997, -6.878858799999932], [-63.06466194999996, -6.878958109999928], [-63.06468984999998, -6.87906763999996], [-63.06472501999997, -6.879181469999935], [-63.06476371999997, -6.879288869999925], [-63.06479581999997, -6.87938644999997], [-63.06482251999995, -6.879476599999975], [-63.064844919999985, -6.879566249999925], [-63.064880519999974, -6.8796780599999465], [-63.064926329999935, -6.879800149999937], [-63.06496803999994, -6.879924839999944], [-63.06500485999999, -6.88005359999994], [-63.065040469999985, -6.880174379999971], [-63.06507491999997, -6.880284039999935], [-63.06510998999994, -6.88039090999996], [-63.06514905999995, -6.88050149999998], [-63.065190969999946, -6.880626229999962], [-63.06523432999995, -6.880756949999977], [-63.065277099999946, -6.8808851099999515], [-63.06531559999996, -6.881002579999972], [-63.06534757999998, -6.881109459999948], [-63.06537883999994, -6.881204289999971], [-63.06540557999995, -6.881289859999981], [-63.065431709999984, -6.8813727599999766], [-63.06546440999995, -6.881476849999956], [-63.065504429999976, -6.881599299999948], [-63.065541989999986, -6.88171473999995], [-63.065578519999974, -6.881817759999933], [-63.06561458999994, -6.88190869999994], [-63.06563381999996, -6.882000629999936], [-63.06566836999997, -6.882114629999933], [-63.06570805999996, -6.882244459999981], [-63.06574845999995, -6.882375039999943], [-63.06578724999997, -6.882501089999948], [-63.06582973999997, -6.882623709999962], [-63.06587357999996, -6.882755909999958], [-63.065912959999935, -6.8828861099999585], [-63.065951619999964, -6.883010389999981], [-63.06599167999997, -6.883138079999981], [-63.06603246999998, -6.883258879999971], [-63.06607673999997, -6.88337501999996], [-63.06611989999993, -6.883490329999972], [-63.06614738999997, -6.8836123399999565], [-63.06618457999997, -6.8837412199999335], [-63.06622110999996, -6.88386485999996], [-63.06625442999996, -6.883978699999943], [-63.066289739999945, -6.884090029999925], [-63.06632529999996, -6.884203889999981], [-63.06635844999994, -6.884317669999973], [-63.066400449999946, -6.884433299999955], [-63.06644399999993, -6.884557809999933], [-63.06648710999997, -6.88468722999994], [-63.06652932999998, -6.884816229999956], [-63.06657033999994, -6.884939479999957], [-63.066611819999935, -6.885052389999942], [-63.06665069999997, -6.885155159999954], [-63.066673969999954, -6.885254249999946], [-63.06669079999995, -6.885354049999933], [-63.06671927999997, -6.885456069999975], [-63.06675845999996, -6.8855535599999484], [-63.066795609999986, -6.885657519999938], [-63.066829559999974, -6.88576932999996], [-63.06686769999993, -6.885882199999969], [-63.06690760999999, -6.885988809999958], [-63.06694442999998, -6.88608451999994], [-63.066980559999934, -6.886171149999939], [-63.06700267999997, -6.886261799999943], [-63.06703136999994, -6.886376059999975], [-63.06706286999997, -6.8864973099999816], [-63.06709503999997, -6.886611509999966], [-63.06713599999995, -6.886720039999943], [-63.06717691999995, -6.886829129999967], [-63.06721354999996, -6.886930169999971], [-63.067239419999964, -6.887022259999981], [-63.06725738999995, -6.887109119999934], [-63.06728728999997, -6.887206449999951], [-63.06732199999993, -6.887316829999975], [-63.06735306999997, -6.8874234899999465], [-63.06738868999997, -6.8875234199999795], [-63.06741866999994, -6.887625449999973], [-63.067454219999945, -6.887721849999934], [-63.067490189999944, -6.887831969999979], [-63.067526259999966, -6.887954299999933], [-63.06756477999994, -6.88807965999996], [-63.06760247999995, -6.88820450999998], [-63.06764188999995, -6.888325369999961], [-63.067681009999944, -6.888445009999941], [-63.067719429999954, -6.888565679999942], [-63.06776007999997, -6.888687799999957], [-63.06780248999996, -6.8888125699999705], [-63.067843609999954, -6.888937169999963], [-63.06788100999995, -6.889057669999943], [-63.06791681999994, -6.889172419999966], [-63.067948229999956, -6.889278819999959], [-63.067973619999975, -6.889378439999973], [-63.067993729999955, -6.889469009999971], [-63.068015989999935, -6.889550079999935], [-63.068051139999966, -6.889621269999964], [-63.068088139999986, -6.889709509999932], [-63.068132239999954, -6.88982655999996], [-63.068182269999966, -6.889959709999971], [-63.06822577999998, -6.890091509999934], [-63.06826696999997, -6.89021723999997], [-63.068302039999935, -6.890335909999976], [-63.068332029999965, -6.8904541499999254], [-63.068365539999945, -6.890574919999949], [-63.068401249999965, -6.89069182999998], [-63.06843378999997, -6.890797909999947], [-63.068462299999965, -6.890893799999958], [-63.06849391999998, -6.890982219999955], [-63.06853066999997, -6.89107877999993], [-63.06856961999995, -6.891196349999973], [-63.06860538999996, -6.89132417999997], [-63.06864675999998, -6.891455399999927], [-63.06869175999998, -6.891586519999976], [-63.06872686999998, -6.891709139999932], [-63.068752029999985, -6.891822789999935], [-63.06878561999997, -6.891925039999933], [-63.068820469999935, -6.892022059999931], [-63.06885478999993, -6.892121169999939], [-63.06888295999994, -6.892225719999942], [-63.068918329999974, -6.89233798999993], [-63.06895615999997, -6.892448379999962], [-63.068991119999964, -6.892554219999965], [-63.069023269999946, -6.892665559999955], [-63.069053749999966, -6.892774949999932], [-63.06908445999994, -6.892875559999936], [-63.06911317999999, -6.892972369999939], [-63.06914444999995, -6.893069189999949], [-63.069185869999956, -6.893174279999926], [-63.06921622999994, -6.893282799999952], [-63.06924466999993, -6.893383139999969], [-63.069281829999966, -6.893476649999968], [-63.06931653999993, -6.893568689999938], [-63.06934854999997, -6.8936630699999455], [-63.06938261999994, -6.893759769999974], [-63.069418739999946, -6.893868119999979], [-63.06944364999998, -6.893976289999955], [-63.06947309999998, -6.894074279999927], [-63.06950828999999, -6.894159189999925], [-63.06954605999994, -6.894232949999946], [-63.06956268999994, -6.894308759999944], [-63.06957530999995, -6.894396359999973], [-63.06960387999993, -6.89450383999997], [-63.06963767999997, -6.89460545999998], [-63.06966515999994, -6.8946993399999315], [-63.06969628999997, -6.894790989999933], [-63.06972820999994, -6.894886239999948], [-63.06975629999994, -6.894978479999963], [-63.06978165999993, -6.895061909999981], [-63.06980338999995, -6.895135539999956], [-63.069823509999935, -6.895205639999972], [-63.069847779999975, -6.8952787799999555], [-63.06987094999994, -6.895351569999946], [-63.06988594999996, -6.895413109999936], [-63.06989730999999, -6.895467629999928], [-63.069915469999955, -6.895509079999954], [-63.06993174999997, -6.895537579999939], [-63.06994004999996, -6.8955566299999305], [-63.06994430999998, -6.895574799999963], [-63.06995488999996, -6.895611479999957], [-63.069970299999966, -6.895666159999962], [-63.06999156999996, -6.895736059999933], [-63.07001687999997, -6.895816029999935], [-63.07004701999995, -6.895912589999966], [-63.07007534999997, -6.896029469999974], [-63.070113179999964, -6.896162309999966], [-63.070154729999956, -6.896302429999935], [-63.07019993999995, -6.896440619999964], [-63.07024477999994, -6.896577769999965], [-63.070287389999976, -6.896711789999927], [-63.07033081999998, -6.896845549999966], [-63.070374019999974, -6.896971469999926], [-63.07041457999998, -6.897092409999971], [-63.07044814999995, -6.897208729999932], [-63.07048335999997, -6.897315959999958], [-63.070520389999956, -6.897428189999971], [-63.070558379999966, -6.89754894999993], [-63.070596259999945, -6.8976769799999715], [-63.07063558999994, -6.897810369999945], [-63.07067903999996, -6.897941919999937], [-63.07072515999994, -6.898070759999939], [-63.07076882999996, -6.898198699999966], [-63.07081287999995, -6.898325129999932], [-63.070854269999984, -6.898447699999963], [-63.070890169999984, -6.898562959999936], [-63.07091815999996, -6.898677439999972], [-63.07095032999996, -6.898783249999951], [-63.070981039999936, -6.8988895699999375], [-63.071015589999945, -6.898995869999965], [-63.07105167999998, -6.899103859999968], [-63.07108692999998, -6.899213089999932], [-63.07112751999995, -6.899326719999976], [-63.07116713999994, -6.899441079999974], [-63.071205419999956, -6.89955673999998], [-63.07123851999995, -6.899669739999979], [-63.07127277999996, -6.89978506999995], [-63.071309989999975, -6.899900549999927], [-63.07134612999994, -6.900010489999943], [-63.07137783999997, -6.9001151399999685], [-63.07140986999997, -6.900219109999966], [-63.071444449999944, -6.900325609999925], [-63.07148541999999, -6.900430789999973], [-63.07151793999998, -6.900537339999971], [-63.071551529999965, -6.900647579999941], [-63.07158556999997, -6.9007645699999784], [-63.07162244999995, -6.900887199999943], [-63.07166046999998, -6.901014199999963], [-63.07169885999997, -6.901141539999969], [-63.07173802999995, -6.9012665799999695], [-63.071779349999986, -6.90138879999995], [-63.071820669999966, -6.9015112999999815], [-63.071856999999966, -6.901626729999975], [-63.07189477999998, -6.901740239999981], [-63.07193103999998, -6.901845499999979], [-63.07196026999998, -6.901941659999977], [-63.071991899999944, -6.902033349999954], [-63.07201762999995, -6.902129499999944], [-63.07204673999996, -6.902231139999969], [-63.07208085999997, -6.902338059999977], [-63.07211559999996, -6.902444719999949], [-63.072151229999974, -6.902544349999971], [-63.07217751999997, -6.902636209999969], [-63.07220493999995, -6.9027251999999635], [-63.072230099999956, -6.902823569999953], [-63.07225857999998, -6.902920539999968], [-63.07228804999994, -6.903018949999932], [-63.07231808999995, -6.903109239999935], [-63.072348989999966, -6.9031921199999715], [-63.07238346999998, -6.903278059999934], [-63.07241955999996, -6.903362899999934], [-63.07244037999993, -6.903450149999969], [-63.072457629999974, -6.903537639999968], [-63.07248747999995, -6.903626449999933], [-63.07251733999993, -6.903722789999961], [-63.07254936999993, -6.903824129999975], [-63.072581369999966, -6.903923069999962], [-63.072619979999956, -6.904020399999979], [-63.072656999999936, -6.904121729999929], [-63.07269464999996, -6.904225369999949], [-63.072731989999966, -6.904323129999966], [-63.072762619999935, -6.90441900999997], [-63.07278587999997, -6.904521459999955], [-63.07281852999995, -6.904642919999958], [-63.072856789999946, -6.90476375999998], [-63.07289167999994, -6.90487386999996], [-63.072926259999974, -6.904977729999928], [-63.072956929999975, -6.9050757599999315], [-63.07298161999995, -6.905170279999936], [-63.07301101999997, -6.905268219999925], [-63.07304284999998, -6.9053736599999525], [-63.07307996999998, -6.905478119999941], [-63.07310948999998, -6.9055804299999295], [-63.07313855999996, -6.905675049999957], [-63.07317392999994, -6.905774969999925], [-63.07321036999997, -6.905887869999958], [-63.07324701999994, -6.906009809999944], [-63.073282339999935, -6.9061307699999475], [-63.07331971999997, -6.906250709999938], [-63.07336206999997, -6.906375569999966], [-63.07340569999997, -6.906501599999956], [-63.073448249999956, -6.906621739999935], [-63.073486859999946, -6.906735229999981], [-63.07352111999995, -6.906840229999943], [-63.073546189999945, -6.906939759999943], [-63.07357185999996, -6.907043569999928], [-63.07360313999993, -6.907152559999929], [-63.073637959999985, -6.907266209999932], [-63.07367420999998, -6.907375899999977], [-63.073709779999945, -6.907479209999963], [-63.07374946999994, -6.907578369999953], [-63.07379028999998, -6.907686569999953], [-63.07382462999993, -6.907799039999929], [-63.07385541999997, -6.907910189999939], [-63.073893759999976, -6.908025929999951], [-63.073929179999936, -6.908137789999955], [-63.073967609999954, -6.908243059999961], [-63.07400581999997, -6.908348299999943], [-63.07403705999997, -6.90845115999997], [-63.07406851999997, -6.908558969999945], [-63.074104879999936, -6.9086715299999355], [-63.074137589999964, -6.908784869999977], [-63.074173489999964, -6.908895229999928], [-63.07421524999995, -6.909003879999943], [-63.07426073999994, -6.909105169999975], [-63.074300999999934, -6.909204729999942], [-63.07432768999996, -6.9093037399999275], [-63.07434637999995, -6.909399109999981], [-63.07437164999993, -6.909495969999966], [-63.07440332999994, -6.90961034999998], [-63.07443861999997, -6.909729329999948], [-63.07447491999994, -6.909852509999951], [-63.074511679999944, -6.909974759999955], [-63.07455675999995, -6.910092639999959], [-63.07459850999999, -6.910212349999938], [-63.07463861999997, -6.910331409999969], [-63.074673419999954, -6.910452089999978], [-63.07470839999996, -6.910576929999934], [-63.07474605999994, -6.9107076099999745], [-63.07478555999995, -6.910833949999926], [-63.07482464999998, -6.910953409999934], [-63.074862149999944, -6.911061269999948], [-63.07489665999998, -6.911158169999965], [-63.07492924999997, -6.911248059999934], [-63.07495512999998, -6.9113415899999495], [-63.074989319999986, -6.911450499999944], [-63.07502107999994, -6.911564279999936], [-63.07505502999999, -6.91167570999994], [-63.075087629999985, -6.911783309999976], [-63.07512013999997, -6.911888139999974], [-63.07515619999998, -6.9119817299999795], [-63.07518434999997, -6.912067699999966], [-63.07520514999999, -6.9121564999999805], [-63.07523487999998, -6.912261649999948], [-63.07527256999998, -6.91238304999996], [-63.07531362999998, -6.912513059999981], [-63.07535797999998, -6.912644689999979], [-63.07540084999994, -6.912766389999945], [-63.075442399999986, -6.91287621999993], [-63.07548036999998, -6.912974259999942], [-63.07551073999997, -6.9130678699999635], [-63.075545929999976, -6.913170269999966], [-63.07557479999997, -6.913273949999962], [-63.07560463999994, -6.913384469999926], [-63.07563662999996, -6.913501699999927], [-63.07567187999996, -6.913620759999958], [-63.07570677999996, -6.91373496999995], [-63.07573809999997, -6.913842529999954], [-63.075772779999966, -6.913941359999967], [-63.075804189999985, -6.914031249999937], [-63.07583529999994, -6.9141105199999515], [-63.075862049999955, -6.91418342999998], [-63.075881839999965, -6.914257159999977], [-63.075906059999966, -6.914332619999925], [-63.07593257999997, -6.914415749999932], [-63.07596130999997, -6.914513199999931], [-63.07599013999999, -6.914602789999947], [-63.07602138999994, -6.914686819999929], [-63.076049499999954, -6.914766939999936], [-63.076079919999984, -6.914838689999954], [-63.076097269999934, -6.914909449999925], [-63.07611065999998, -6.914987749999966], [-63.076132719999976, -6.915063199999963], [-63.076157139999964, -6.915140359999953], [-63.076176389999944, -6.915213779999931], [-63.076195559999974, -6.915278969999974], [-63.07621481999996, -6.915338179999935], [-63.07624099999998, -6.915403839999954], [-63.07627451999997, -6.915496279999957], [-63.07631707999997, -6.915613349999944], [-63.07636421999996, -6.915742499999965], [-63.07640825999994, -6.9158774099999505], [-63.07644498999997, -6.916010299999925], [-63.076477919999945, -6.91613609999996], [-63.07651122999994, -6.916253209999979], [-63.07655288999996, -6.916371799999979], [-63.07659931999996, -6.9165038799999365], [-63.07664536999994, -6.916636159999939], [-63.07668391999994, -6.916758609999931], [-63.07670901999995, -6.916872789999957], [-63.076743119999946, -6.9169787499999416], [-63.076782219999984, -6.917085079999936], [-63.07682390999997, -6.9171881599999665], [-63.07686825999997, -6.917284869999946], [-63.07690341999995, -6.917379149999931], [-63.076928659999965, -6.917467959999954], [-63.076950119999935, -6.917567439999971], [-63.07697916999996, -6.917688809999959], [-63.07701138999994, -6.917806869999936], [-63.07703978999996, -6.9179150399999685], [-63.07707689999995, -6.918022469999926], [-63.07711685999993, -6.918140999999935], [-63.07715170999995, -6.9182546599999455], [-63.07717758999996, -6.91836128999995], [-63.077208879999944, -6.918470569999954], [-63.077246369999955, -6.918592819999958], [-63.07728163999997, -6.918717739999977], [-63.07732129999994, -6.91884086999994], [-63.07736927999997, -6.918967719999955], [-63.077414929999975, -6.9191000199999735], [-63.07746264999997, -6.919224189999966], [-63.07750421999998, -6.919343689999948], [-63.077545819999955, -6.9194568499999605], [-63.07758267999998, -6.919561119999969], [-63.07760926999998, -6.919659249999938], [-63.077630269999986, -6.919754549999936], [-63.07765335999994, -6.9198465499999315], [-63.07767616999996, -6.9199297199999705], [-63.07770026999998, -6.92000582999998], [-63.07772880999994, -6.9200811099999555], [-63.07776093999996, -6.9201757699999575], [-63.07779492999998, -6.920278439999947], [-63.077831179999976, -6.920374059999972], [-63.07786312999997, -6.920463369999936], [-63.07789124999994, -6.920555689999958], [-63.07792090999993, -6.920657269999936], [-63.07795256999998, -6.920767219999959], [-63.077991879999956, -6.920883319999973], [-63.07803349999995, -6.921001699999977], [-63.07807791999994, -6.921127609999928], [-63.07812348999994, -6.921259759999941], [-63.07816344999998, -6.9213916399999675], [-63.07820680999998, -6.921525679999945], [-63.07824881999994, -6.921660759999952], [-63.07828990999997, -6.921792419999974], [-63.07832761999998, -6.921925329999965], [-63.07836843999996, -6.922059659999945], [-63.078409499999964, -6.922191969999972], [-63.078453399999944, -6.922323389999974], [-63.07854400999997, -6.9225762099999315], [-63.07858014999994, -6.922690369999941], [-63.07861585999996, -6.922808219999979], [-63.07865425999995, -6.922926099999927], [-63.07868436999996, -6.92304471999995], [-63.07871241999999, -6.923162379999951], [-63.07874586999998, -6.92327365999995], [-63.07878544999994, -6.923382259999926], [-63.078827399999966, -6.923499669999956], [-63.078868399999976, -6.92362892999995], [-63.078907639999954, -6.923763879999967], [-63.07894470999997, -6.923890109999945], [-63.078981029999966, -6.9240049999999655], [-63.07901260999995, -6.9241113899999505], [-63.079052639999986, -6.924221459999956], [-63.079092989999936, -6.924339439999926], [-63.079132639999955, -6.924464539999974], [-63.079172289999974, -6.92459668999993], [-63.07920760999997, -6.924722759999952], [-63.07924343999997, -6.9248367099999655], [-63.07927677999999, -6.924944019999941], [-63.079919289999964, -6.92695877999995], [-63.079938639999966, -6.927027409999937], [-63.079973639999935, -6.927128919999973], [-63.08001362999994, -6.927253109999981], [-63.080056869999964, -6.92738621999996], [-63.08010104999994, -6.92752164999996], [-63.080146629999945, -6.927656879999972], [-63.08019165999997, -6.927787179999939], [-63.08023306999996, -6.927908529999968], [-63.08026910999996, -6.92802082999998], [-63.08030385999996, -6.9281308199999785], [-63.08033813999998, -6.928238759999942], [-63.080367379999984, -6.928339699999981], [-63.080397449999964, -6.928446199999939], [-63.080438249999986, -6.928573209999968], [-63.080481549999945, -6.928710709999962], [-63.08052644999998, -6.928849359999958], [-63.080571679999935, -6.928984689999936], [-63.08061363999997, -6.929114529999936], [-63.080660129999956, -6.929237219999948], [-63.08070061999996, -6.929357329999959], [-63.080740789999936, -6.929478719999963], [-63.08077754999994, -6.929604059999974], [-63.080811799999935, -6.929728759999932], [-63.08084779999996, -6.929855459999942], [-63.080890979999936, -6.929981489999932], [-63.08093485999996, -6.930107809999981], [-63.08097769999995, -6.930234049999967], [-63.08101345999995, -6.930358529999978], [-63.081047179999985, -6.930477719999942], [-63.08107891999998, -6.930593599999952], [-63.08111315999997, -6.930714329999944], [-63.081153739999934, -6.930840229999944], [-63.081195509999986, -6.930970859999945], [-63.08123748999998, -6.9311051799999746], [-63.08127731999997, -6.931239619999928], [-63.08131926999994, -6.931363569999974], [-63.08135844999998, -6.931477209999969], [-63.08139398999998, -6.931587639999975], [-63.08142563999996, -6.931695839999975], [-63.08144953999994, -6.931798139999955], [-63.08147754999999, -6.931902539999953], [-63.08150698999998, -6.932010489999925], [-63.08154500999996, -6.932117959999971], [-63.08159000999996, -6.9322281699999735], [-63.08163248999995, -6.932343969999977], [-63.081666249999955, -6.932452219999959], [-63.08169990999994, -6.93255395999995], [-63.08172924999997, -6.932663169999955], [-63.08175907999998, -6.932781969999951], [-63.08179988999996, -6.932904479999934], [-63.08184096999997, -6.933018669999967], [-63.081887869999946, -6.933125249999932], [-63.08192451999997, -6.933229399999959], [-63.081961149999984, -6.933336089999955], [-63.081991639999956, -6.933439369999974], [-63.08201987999996, -6.933549649999975], [-63.08205628999997, -6.933662329999947], [-63.082081079999966, -6.933778569999959], [-63.082116249999956, -6.933899569999937], [-63.08215385999995, -6.934014349999927], [-63.08219246999994, -6.9341294599999515], [-63.08223161999996, -6.93424183999997], [-63.08226948999999, -6.934348449999959], [-63.08230760999999, -6.934461179999971], [-63.08234470999997, -6.934584309999934], [-63.08238842999998, -6.934713149999936], [-63.08243035999993, -6.934840029999975], [-63.08246276999995, -6.934958619999975], [-63.08249713999999, -6.935076509999931], [-63.082531949999975, -6.935189179999952], [-63.082564539999964, -6.935294599999963], [-63.08259317999995, -6.935391589999938], [-63.08262076999995, -6.935475529999962], [-63.08264754999993, -6.93555981999998], [-63.082675749999964, -6.935652989999937], [-63.082705619999956, -6.935742399999981], [-63.08272949999997, -6.935821809999936], [-63.08275220999997, -6.935892729999978], [-63.082775649999974, -6.93595425999996], [-63.082798149999974, -6.936005069999965], [-63.08281570999998, -6.936041779999925], [-63.08282386999997, -6.9360686499999815], [-63.08283375999997, -6.936106479999978], [-63.08284620999996, -6.9361653099999785], [-63.082861649999984, -6.936244079999938], [-63.082889669999986, -6.93633626999997], [-63.08292211999998, -6.936437139999953], [-63.08295631999994, -6.936538559999974], [-63.082986939999955, -6.936634349999963], [-63.08301492999993, -6.936720999999977], [-63.083040359999984, -6.936798959999976], [-63.08306306999998, -6.936870619999979], [-63.08308838999994, -6.93694421999993], [-63.08312121999995, -6.937041859999965], [-63.083160179999936, -6.937152929999968], [-63.08320010999995, -6.937263839999957], [-63.08323924999996, -6.937364879999961], [-63.08327013999997, -6.9374571099999685], [-63.08329225999995, -6.937543539999979], [-63.083316999999965, -6.937638079999942], [-63.08334801999996, -6.937738309999929], [-63.08337865999994, -6.937839639999936], [-63.08340756999996, -6.937935759999959], [-63.08343511999993, -6.938038719999952], [-63.083462029999964, -6.93814255999996], [-63.08349899999996, -6.938254289999975], [-63.08354215999998, -6.938371849999953], [-63.08358783999995, -6.938499129999968], [-63.08363006999997, -6.938625289999948], [-63.08366635999994, -6.938745069999925], [-63.08370150999997, -6.93886477999996], [-63.08373808999994, -6.938985059999936], [-63.08376955999995, -6.939097199999935], [-63.083803649999936, -6.939209529999971], [-63.08384927999998, -6.939332739999941], [-63.08389200999994, -6.939450779999959], [-63.08392822999997, -6.939564979999943], [-63.08396719999996, -6.939679599999977], [-63.08400199999994, -6.939789509999969], [-63.08403260999995, -6.939895349999972], [-63.084064559999945, -6.939992899999936], [-63.084091729999955, -6.940088709999941], [-63.084119699999974, -6.940198269999939], [-63.08415470999995, -6.9403123299999265], [-63.08419194999993, -6.9404147099999705], [-63.08422677999994, -6.940507429999968], [-63.084257899999955, -6.940600159999974], [-63.084289619999936, -6.940697469999975], [-63.08431706999994, -6.940796229999933], [-63.08434817999995, -6.940903019999951], [-63.08437902999998, -6.941018479999968], [-63.08441028999994, -6.941127549999976], [-63.084438069999976, -6.9412274299999694], [-63.084464149999974, -6.941316749999942], [-63.08448822999998, -6.941401369999937], [-63.08451274999999, -6.941502879999973], [-63.08453984999994, -6.941601989999981], [-63.08457101999994, -6.941692229999944], [-63.08460801999996, -6.941776379999965], [-63.08464128999998, -6.941851869999937], [-63.08466403999995, -6.941929019999975], [-63.08469876999993, -6.942014899999947], [-63.08472981999995, -6.9421045899999285], [-63.08475428999998, -6.942189549999966], [-63.08477449999998, -6.942275499999937], [-63.084799879999935, -6.942365739999957], [-63.08483755999998, -6.942453659999956], [-63.084870569999964, -6.942536039999936], [-63.084898489999944, -6.942635249999967], [-63.08493138999995, -6.9427528899999515], [-63.08497068999998, -6.942878969999981], [-63.085016759999974, -6.94301022999997], [-63.085059659999956, -6.943133929999931], [-63.08509428999997, -6.943261289999953], [-63.08513657999998, -6.943389479999951], [-63.08517774999996, -6.943507299999965], [-63.08521444999997, -6.943614809999929], [-63.085248579999984, -6.943712099999971], [-63.085276169999986, -6.9438107999999374], [-63.08529913999996, -6.943914679999978], [-63.08532436999997, -6.944010849999927], [-63.08535687999995, -6.944099379999955], [-63.08538678999997, -6.944192839999971], [-63.08541557999996, -6.94429120999996], [-63.085447569999985, -6.944397939999931], [-63.08548566999997, -6.9445149199999605], [-63.08552654999994, -6.944626189999951], [-63.08556458999993, -6.94473641999997], [-63.085593779999954, -6.944857619999937], [-63.08563412999996, -6.944990969999935], [-63.085676699999965, -6.945127649999961], [-63.08571813999998, -6.945259999999962], [-63.08576278999993, -6.945381169999962], [-63.08580620999999, -6.945498549999968], [-63.08584387999997, -6.945607149999944], [-63.085874719999936, -6.945710069999961], [-63.085905209999964, -6.945808429999943], [-63.085940799999946, -6.945910979999951], [-63.085974979999946, -6.946013219999941], [-63.08600807999994, -6.946118499999955], [-63.086042059999954, -6.9462321599999655], [-63.08607768999997, -6.946347479999929], [-63.08611033999995, -6.946457149999958], [-63.08614113999994, -6.9465622699999585], [-63.086171999999976, -6.946666449999952], [-63.08620193999997, -6.946772229999965], [-63.08623533999997, -6.946875649999981], [-63.08626730999998, -6.9469758299999285], [-63.08630305999998, -6.947087569999951], [-63.086345319999964, -6.947213859999977], [-63.086382329999935, -6.947351709999964], [-63.08642703999993, -6.947496379999961], [-63.086470609999935, -6.947639049999964], [-63.086516709999955, -6.947772389999955], [-63.08656131999999, -6.947894709999957], [-63.086595099999954, -6.94800878999996], [-63.08662764999997, -6.948116689999949], [-63.08666245999996, -6.948224529999948], [-63.08670612999998, -6.948342469999943], [-63.086753499999986, -6.948473189999959], [-63.08679741999998, -6.948600189999979], [-63.086836389999974, -6.948719489999974], [-63.086868659999936, -6.948831749999954], [-63.08689898999995, -6.948937189999981], [-63.086928919999934, -6.949039099999936], [-63.08696810999999, -6.949152339999955], [-63.08700393999999, -6.949277299999949], [-63.08703938999997, -6.949401469999941], [-63.087076329999945, -6.949524879999956], [-63.08711397999997, -6.949645719999978], [-63.08714734999995, -6.949760439999977], [-63.08718283999997, -6.949863379999954], [-63.08721674999998, -6.94995567999996], [-63.08725050999993, -6.950037119999934], [-63.08726975999997, -6.95011822999993], [-63.087299849999965, -6.950215759999935], [-63.08733843999994, -6.950326839999946], [-63.08737652999997, -6.950447489999931], [-63.087401489999934, -6.9505645199999435], [-63.08743584999996, -6.95068028999998], [-63.08746907999995, -6.950791029999948], [-63.08750371999997, -6.950900459999957], [-63.08754179999994, -6.951017699999966], [-63.087579939999955, -6.951129209999976], [-63.08762539999998, -6.95124895999993], [-63.08767538999996, -6.9513750299999515], [-63.087718559999985, -6.951492839999958], [-63.08775678999996, -6.9516029699999535], [-63.087816989999965, -6.951802629999975], [-63.08783904999996, -6.951914709999926], [-63.08787341999994, -6.952038799999968], [-63.08790909999993, -6.952158259999976], [-63.087944569999934, -6.952266809999969], [-63.08798154999994, -6.952366809999944], [-63.08801351999995, -6.952465299999972], [-63.08804219999996, -6.9525655199999505], [-63.08807111999994, -6.952661379999938], [-63.08810095999996, -6.952760639999951], [-63.08813296999995, -6.952865949999932], [-63.08816925999997, -6.952968379999959], [-63.08820426999995, -6.953068469999948], [-63.08824161999996, -6.953160919999959], [-63.088271979999945, -6.953249469999946], [-63.08830313999994, -6.953344059999949], [-63.08833126999997, -6.953456519999975], [-63.08836452999998, -6.953575159999957], [-63.08838945999997, -6.953695659999937], [-63.08842053999996, -6.9538091999999665], [-63.088462869999944, -6.953908349999949], [-63.088507429999936, -6.954006189999973], [-63.088544869999964, -6.95412349999998], [-63.088584139999966, -6.954238109999949], [-63.08861818999998, -6.954341829999976], [-63.08863853999998, -6.954440139999974], [-63.08866686999994, -6.954532959999938], [-63.08869741999996, -6.954634569999939], [-63.088722719999964, -6.954730229999939], [-63.08874691999995, -6.9548161299999265], [-63.08877351999996, -6.954894089999925], [-63.088803789999986, -6.954979949999938], [-63.08882984999997, -6.955068709999978], [-63.088859199999945, -6.955158679999954], [-63.08888835999994, -6.955259969999929], [-63.08891775999996, -6.955358599999954], [-63.088950469999986, -6.955466529999967], [-63.08898719999996, -6.955573749999928], [-63.08901807999996, -6.955671099999961], [-63.08904854999997, -6.955761909999978], [-63.08907934999996, -6.955854099999954], [-63.08911368999998, -6.955956219999962], [-63.08914969999995, -6.956061469999952], [-63.08918219999998, -6.956164609999973], [-63.089217849999955, -6.95626421999998], [-63.089252029999955, -6.956359129999953], [-63.08928371999997, -6.956456819999971], [-63.089313119999986, -6.956547059999934], [-63.089334819999976, -6.956631179999931], [-63.08935458999997, -6.956707589999951], [-63.08937095999994, -6.956774939999946], [-63.08938576999998, -6.956832609999935], [-63.089401599999974, -6.956881709999948], [-63.08941448999997, -6.956927739999969], [-63.08943739999995, -6.957002779999925], [-63.089452559999984, -6.957049949999941], [-63.08946890999994, -6.957104739999977], [-63.08948312999996, -6.9571529599999735], [-63.089503709999974, -6.9572070299999496], [-63.08953266999998, -6.957281249999937], [-63.08956614999994, -6.957374019999975], [-63.08960364999996, -6.957484489999956], [-63.08963283999998, -6.957593079999981], [-63.08966617999994, -6.957696799999951], [-63.08970040999998, -6.957804669999973], [-63.089734239999984, -6.957914809999977], [-63.08976679999995, -6.958021679999945], [-63.08979821999998, -6.9581183799999735], [-63.08983047999993, -6.958207809999976], [-63.08986084999998, -6.958300059999942], [-63.08988806999997, -6.958391129999939], [-63.08991800999996, -6.9584952799999655], [-63.08995914999997, -6.958612969999933], [-63.089989439999954, -6.95872731999998], [-63.09002339999995, -6.9588446299999305], [-63.090059749999966, -6.958962329999963], [-63.09009374999994, -6.959070059999931], [-63.090123269999935, -6.959167879999939], [-63.09014903999997, -6.959256529999948], [-63.09018047999996, -6.959338859999946], [-63.09021862999998, -6.959437569999977], [-63.09026094999996, -6.95956149999995], [-63.09030280999997, -6.959689899999944], [-63.090337139999974, -6.959812399999976], [-63.09037159999997, -6.959929229999943], [-63.09040504999996, -6.96003589999998], [-63.09043424999999, -6.960135489999971], [-63.09046614999994, -6.9602337099999545], [-63.09050259999998, -6.960342569999966], [-63.09053677999998, -6.960458589999973], [-63.09057131999998, -6.960565989999964], [-63.09060053999997, -6.9606642299999635], [-63.09063237999999, -6.960757129999934], [-63.09066279999996, -6.960847229999956], [-63.09068995999996, -6.96092995999993], [-63.09071224999997, -6.961013589999936], [-63.090744229999984, -6.961115349999943], [-63.09078119999998, -6.9612242899999615], [-63.09081556999996, -6.96132377999993], [-63.09084217999998, -6.961414829999967], [-63.09086609999997, -6.961498189999929], [-63.09089156999994, -6.961582439999972], [-63.090923929999974, -6.961680139999942], [-63.09095936999995, -6.961776139999927], [-63.09099543999997, -6.9618690599999695], [-63.09103081999996, -6.9619526899999755], [-63.09106571999996, -6.9620281499999805], [-63.091094199999986, -6.962099429999967], [-63.09111647999998, -6.962174829999981], [-63.091136189999986, -6.962261969999929], [-63.09115579999997, -6.962360989999979], [-63.09116844999994, -6.962461829999938], [-63.091201429999956, -6.962565419999976], [-63.09123952999994, -6.96268890999994], [-63.091278459999955, -6.962822679999931], [-63.091318559999934, -6.962957059999951], [-63.091359619999935, -6.9630904499999815], [-63.09139948999996, -6.96322301999993], [-63.09143919999997, -6.963358949999929], [-63.09148100999994, -6.963496189999944], [-63.091526639999984, -6.963626499999975], [-63.09156618999998, -6.963752969999973], [-63.091611419999936, -6.963877269999955], [-63.091658379999956, -6.963997699999936], [-63.09170028999995, -6.964109599999972], [-63.091733819999945, -6.964213939999979], [-63.09176188999999, -6.964309619999938], [-63.09178986999996, -6.964395799999977], [-63.09181451999996, -6.964480849999973], [-63.09184364999999, -6.96457866999998], [-63.09187278999997, -6.964680039999962], [-63.09190346999998, -6.964779109999938], [-63.091937249999944, -6.96487996999997], [-63.09197144999996, -6.964988579999954], [-63.09200665999998, -6.965102169999966], [-63.09204220999999, -6.965212359999953], [-63.092074869999976, -6.965322479999941], [-63.09211205999998, -6.965437409999936], [-63.09214325999994, -6.965557679999961], [-63.092177969999966, -6.96568783999993], [-63.09221549999995, -6.9658154799999465], [-63.092258009999966, -6.965936929999941], [-63.092301099999986, -6.966060539999944], [-63.09233952999995, -6.966182719999949], [-63.09236932999994, -6.966296289999946], [-63.092400159999954, -6.966405349999945], [-63.092431559999966, -6.966511369999978], [-63.09246450999996, -6.966611609999973], [-63.092498829999954, -6.966702209999937], [-63.092528709999954, -6.966794729999947], [-63.09256031999996, -6.966897649999964], [-63.092588999999975, -6.966997879999951], [-63.09262648999999, -6.967094179999947], [-63.092667619999986, -6.96719418999993], [-63.09270719999995, -6.967313389999958], [-63.092744169999946, -6.967433889999938], [-63.09277566999998, -6.967543249999949], [-63.09280001999997, -6.967643369999962], [-63.09282581999997, -6.967733479999936], [-63.092855819999954, -6.967831769999975], [-63.092891409999936, -6.967950599999938], [-63.092934499999956, -6.968062509999982], [-63.092964939999945, -6.968168959999957], [-63.09300245999998, -6.968279539999969], [-63.09303650999993, -6.968404869999972], [-63.09307733999998, -6.968528289999938], [-63.09311958999996, -6.968651319999935], [-63.093155569999965, -6.968771949999962], [-63.093186119999984, -6.968893719999926], [-63.09322163999997, -6.969010049999952], [-63.09326061999997, -6.9691219699999465], [-63.093300659999954, -6.969237249999935], [-63.093341349999946, -6.969348059999959], [-63.09337504999996, -6.969448729999954], [-63.09340256999997, -6.969540939999945], [-63.09342798999995, -6.969630499999937], [-63.09345572999996, -6.969730149999975], [-63.093487049999965, -6.96983696999996], [-63.09352212999994, -6.9699454799999785], [-63.093565989999945, -6.970058309999956], [-63.093613619999985, -6.9701833899999315], [-63.093657349999944, -6.970317149999971], [-63.09369905999995, -6.970453789999965], [-63.093739969999945, -6.970589969999935], [-63.093779419999976, -6.970724229999973], [-63.093819639999936, -6.970855039999947], [-63.09386270999994, -6.97099161999995], [-63.09390956999994, -6.971135689999926], [-63.09395306999994, -6.971276839999973], [-63.09399229999997, -6.971411349999926], [-63.09403378999997, -6.9715450999999575], [-63.09407246999996, -6.971682509999937], [-63.09410754999993, -6.971810649999952], [-63.09413893999994, -6.971927339999979], [-63.09417483999994, -6.972036479999929], [-63.094211719999976, -6.972151559999929], [-63.09424919999998, -6.972258199999942], [-63.094288619999986, -6.97235102999997], [-63.09430890999994, -6.972439839999936], [-63.09434154999997, -6.972532989999934], [-63.09438602999995, -6.972638239999981], [-63.094428379999954, -6.972752749999927], [-63.094467959999974, -6.972868509999955], [-63.094499429999985, -6.972980909999933], [-63.094520159999945, -6.973087659999976], [-63.094551509999974, -6.973201359999962], [-63.09458683999998, -6.973314119999941], [-63.09462245999998, -6.97341468999997], [-63.09465118999998, -6.973505829999965], [-63.09467498999999, -6.973589139999945], [-63.09469766999996, -6.973675119999939], [-63.09472797999996, -6.973783179999941], [-63.09476596999997, -6.973889289999931], [-63.09480087999998, -6.973984839999957], [-63.094836029999954, -6.974077029999933], [-63.09486830999998, -6.974178829999971], [-63.09490631999995, -6.974288929999943], [-63.09494291999994, -6.974402099999963], [-63.09497649999997, -6.974505889999932], [-63.09500259999999, -6.974600219999957], [-63.09502423999999, -6.97468884999995], [-63.095055049999985, -6.9747869099999775], [-63.09509060999994, -6.974895419999939], [-63.09512607999994, -6.974993079999933], [-63.095157589999985, -6.9750808399999755], [-63.09518080999999, -6.975165019999963], [-63.095204509999974, -6.975249639999959], [-63.095234879999964, -6.975344749999977], [-63.09526695999995, -6.975436609999974], [-63.095299039999986, -6.975525859999948], [-63.095325299999956, -6.975609829999939], [-63.09534659999997, -6.975696659999926], [-63.09538127999997, -6.97579436999996], [-63.095422509999935, -6.97590914999995], [-63.095461839999984, -6.976022619999981], [-63.095495669999934, -6.976127879999979], [-63.095529459999966, -6.976236459999939], [-63.09556220999997, -6.976350859999968], [-63.09558863999996, -6.9764580399999545], [-63.09560419999997, -6.9765584699999295], [-63.095631949999984, -6.976646739999978], [-63.095659489999946, -6.976726689999964], [-63.095685139999944, -6.976809389999971], [-63.09572315999998, -6.976907039999958], [-63.095763559999966, -6.977010279999945], [-63.095810229999984, -6.9771125499999584], [-63.09585047999997, -6.977234409999937], [-63.09588684999994, -6.977360929999975], [-63.09592089999995, -6.977481519999969], [-63.09595362999994, -6.977592399999935], [-63.09598369999998, -6.977700199999958], [-63.09601551999998, -6.977813119999951], [-63.09605240999997, -6.9779314399999635], [-63.09609268999998, -6.978052909999974], [-63.09613379999996, -6.978168179999955], [-63.09616966999994, -6.978279339999972], [-63.09620628999994, -6.978385529999969], [-63.09623658999993, -6.978487449999932], [-63.09626303999994, -6.97858741999994], [-63.096294849999936, -6.978687149999928], [-63.09633127999996, -6.97880215999993], [-63.096369909999964, -6.978931409999973], [-63.09641160999996, -6.9790641299999265], [-63.09645426999998, -6.979195779999941], [-63.09649366999997, -6.979324589999976], [-63.096535109999934, -6.979449869999939], [-63.09657446999995, -6.9795747399999755], [-63.09661513999998, -6.979704989999959], [-63.096656379999956, -6.979837179999947], [-63.09669642999995, -6.979967119999969], [-63.09673651999998, -6.9800946099999805], [-63.09677722999999, -6.980220749999944], [-63.09681747999997, -6.980342489999941], [-63.09685632999998, -6.980460849999929], [-63.09689314999997, -6.980574419999925], [-63.09692815999995, -6.980682669999965], [-63.096961489999956, -6.980785849999961], [-63.09699066999997, -6.980876099999932], [-63.097014469999976, -6.98095128999995], [-63.09703344999997, -6.981012629999952], [-63.09704711999996, -6.981070959999954], [-63.09705550999996, -6.981116989999975], [-63.097068079999985, -6.981170109999937], [-63.097077999999954, -6.981202569999937], [-63.09709391999996, -6.9812502799999265], [-63.09711024999996, -6.981300669999939], [-63.09712579999996, -6.981354839999938], [-63.097143819999985, -6.9814102599999615], [-63.09716514999997, -6.981468009999958], [-63.097185819999936, -6.981531729999972], [-63.09720605999996, -6.9816028799999685], [-63.09722809999994, -6.98167811999997], [-63.097252709999964, -6.981758759999934], [-63.09728125999993, -6.981842969999946], [-63.09731014999994, -6.98192733999997], [-63.097340119999956, -6.982015259999969], [-63.09737222999996, -6.982108179999955], [-63.09740585999998, -6.982204979999949], [-63.097440079999956, -6.982307649999939], [-63.09747637999993, -6.9824162799999385], [-63.09751249999994, -6.982527829999981], [-63.09754785999996, -6.9826404799999295], [-63.09758283999997, -6.982754839999927], [-63.09761777999995, -6.98287044999995], [-63.09765332999996, -6.982989139999972], [-63.097691649999945, -6.983110949999968], [-63.09773130999997, -6.9832373799999345], [-63.09777182999994, -6.983368509999934], [-63.09781704999995, -6.983505419999972], [-63.09786503999999, -6.983652459999973], [-63.09791102999998, -6.98380138999994], [-63.09792783599994, -6.98385086299993]]}}, {"id": "6", "type": "Feature", "properties": {"id_trecho_": 155292, "vl_br": "319", "sg_uf": "AM", "nm_tipo_tr": "Eixo Principal", "sg_tipo_tr": "B", "vl_codigo": "319BAM0185", "ds_local_i": "IGARAP\u00c9 REALIDADE", "ds_local_f": "IGARAP\u00c9 FORTALEZA", "vl_km_inic": 589.4, "vl_km_fina": 600.3, "vl_extensa": 10.9, "ds_sup_fed": "IMP", "ds_coinc": null, "ds_tipo_ad": null, "est_coinc": null, "sup_est_co": null, "ds_jurisdi": "FEDERAL-N_PAV", "ds_superfi": "N_PAV", "ds_legenda": "Implantada", "sg_legenda": "IMP", "leg_multim": "Implantada", "versao_snv": "201612A", "id_versao": 33, "marcador": "TRECHO DO MEIO"}, "geometry": {"type": "LineString", "coordinates": [[-63.09792783599994, -6.98385086299993], [-63.09795849999995, -6.983941129999948], [-63.09800070999995, -6.9840719599999375], [-63.09804522999997, -6.984195449999959], [-63.09808185999998, -6.984311979999973], [-63.098112509999964, -6.984424099999956], [-63.09814799999998, -6.984532529999967], [-63.098181859999954, -6.9846337599999515], [-63.09821586999993, -6.984730789999958], [-63.09824809999998, -6.984816949999981], [-63.09828398999997, -6.9848912899999505], [-63.09832699999998, -6.984959869999955], [-63.09838166999998, -6.985027809999963], [-63.09844045999995, -6.985097769999925], [-63.09849342999996, -6.98518157999996], [-63.09853266999994, -6.985263219999979], [-63.098562449999974, -6.9853385699999535], [-63.098588819999975, -6.985413739999956], [-63.09862107999999, -6.985495779999951], [-63.09864608999993, -6.985582979999947], [-63.09866152999996, -6.985663219999935], [-63.098675009999965, -6.985730549999971], [-63.098690019999935, -6.985784359999968], [-63.09870628999994, -6.985829419999959], [-63.09871659999993, -6.985865429999933], [-63.098723149999955, -6.985888199999977], [-63.09873068999997, -6.985914339999965], [-63.098740169999985, -6.985958169999947], [-63.09874673999997, -6.98598802999993], [-63.098753569999985, -6.9860190999999645], [-63.09876740999994, -6.986090929999932], [-63.09878347999995, -6.9861623299999565], [-63.09879717999996, -6.98621640999994], [-63.098801279999975, -6.986232599999937], [-63.098816169999964, -6.986307839999938], [-63.098830619999944, -6.986388359999978], [-63.09884470999998, -6.9864862599999356], [-63.098857719999955, -6.986606139999935], [-63.09887655999995, -6.986741589999951], [-63.098899279999955, -6.986883169999942], [-63.09892825999998, -6.987025489999951], [-63.09895997999996, -6.987166589999958], [-63.09899068999994, -6.98730742999993], [-63.099022039999966, -6.987448149999977], [-63.09905294999999, -6.987589659999969], [-63.099083019999966, -6.987731839999981], [-63.09911134999999, -6.987874189999957], [-63.09913825999996, -6.98801833999994], [-63.09916543999998, -6.988163579999934], [-63.099192469999934, -6.988308339999946], [-63.09921688999998, -6.988452319999965], [-63.09924410999997, -6.988594689999957], [-63.09927013999999, -6.988734479999948], [-63.099293339999974, -6.98887260999993], [-63.09931316999996, -6.989007479999941], [-63.09933149999995, -6.989133869999932], [-63.09934825999994, -6.989260049999928], [-63.09936466999994, -6.989399219999939], [-63.099380389999965, -6.989542899999947], [-63.099394479999944, -6.989684859999954], [-63.09940937999994, -6.989823739999963], [-63.099423359999946, -6.98995924999997], [-63.09943875999994, -6.990096989999927], [-63.09945363999998, -6.990235919999975], [-63.09947047999998, -6.990376279999964], [-63.09948739999999, -6.990518769999937], [-63.09950646999994, -6.990663799999936], [-63.09952659999993, -6.99080682999994], [-63.099540359999935, -6.9909472499999765], [-63.099553639999954, -6.991084059999935], [-63.09956863999997, -6.991215779999948], [-63.099582629999986, -6.991344509999976], [-63.099598199999946, -6.9914722399999505], [-63.09961271999998, -6.991598899999929], [-63.09962693999995, -6.991726709999966], [-63.09964041999996, -6.99185848999997], [-63.09965638999995, -6.991991579999933], [-63.09967169999999, -6.992124359999934], [-63.099684509999975, -6.992254959999968], [-63.09969761999997, -6.992383859999961], [-63.09970986999997, -6.9925098199999525], [-63.09972344999994, -6.992632919999949], [-63.099735419999945, -6.992749569999944], [-63.09974655999997, -6.9928584699999305], [-63.09975639999993, -6.9929650499999525], [-63.09976776999997, -6.9930782599999475], [-63.09977868999994, -6.993187069999976], [-63.09979125999996, -6.993292159999953], [-63.099804939999956, -6.993398339999942], [-63.09981921999997, -6.993511169999977], [-63.09983286999994, -6.993631139999934], [-63.099844089999976, -6.993755459999932], [-63.09985591999998, -6.993871059999947], [-63.09986829999997, -6.9939774699999475], [-63.09988006999998, -6.99407870999994], [-63.09989138999998, -6.994174009999938], [-63.09990157999994, -6.994258119999927], [-63.09991274999999, -6.994326869999952], [-63.09992218999997, -6.99438387999993], [-63.09992953999995, -6.994433889999925], [-63.09993321999997, -6.994470409999963], [-63.09993291999996, -6.994478879999974], [-63.09993267999994, -6.99448880999995], [-63.099936739999976, -6.994524119999937], [-63.09994150999995, -6.99457751999995], [-63.099948809999944, -6.994648629999972], [-63.099958749999985, -6.994741079999926], [-63.099969519999945, -6.994844869999952], [-63.09998092999996, -6.99496191999998], [-63.099995029999945, -6.995082159999981], [-63.10001060999997, -6.995203439999955], [-63.10002393999997, -6.9953279299999735], [-63.10003962999997, -6.995453689999977], [-63.100048079999965, -6.99558344999997], [-63.10006089999996, -6.995713179999939], [-63.100076559999934, -6.995842809999942], [-63.10009267999993, -6.995976809999945], [-63.10010966999994, -6.996112549999964], [-63.10012309999996, -6.996251499999971], [-63.10013958999997, -6.996389629999953], [-63.10015481999994, -6.99652889999993], [-63.100166919999936, -6.99666609999997], [-63.10017929999998, -6.996800109999981], [-63.10019460999996, -6.996930519999978], [-63.10021141999994, -6.997058979999963], [-63.10022750999997, -6.997189019999951], [-63.100246949999985, -6.99731984999994], [-63.10026235999999, -6.997452789999954], [-63.10027297999994, -6.997590919999936], [-63.10028613999998, -6.997731119999969], [-63.10030297999998, -6.997874819999936], [-63.10031969999994, -6.99801784999994], [-63.10033416999994, -6.998157619999972], [-63.10034744999996, -6.998291699999925], [-63.10036107999997, -6.998422509999955], [-63.100376059999974, -6.998562399999969], [-63.10039292999994, -6.998704939999925], [-63.100407539999935, -6.998849569999948], [-63.10042413999997, -6.99899328999993], [-63.100440599999956, -6.999137809999979], [-63.10045648999994, -6.999281759999974], [-63.10047234999996, -6.999425119999955], [-63.100488439999936, -6.99956839999993], [-63.10050282999998, -6.999711099999956], [-63.10051536999998, -6.999853129999963], [-63.10052903999997, -6.999998429999948], [-63.10054704999993, -7.000145209999971], [-63.10056571999996, -7.0002887499999815], [-63.10058257999998, -7.000428369999952], [-63.10059635999994, -7.00056498999993], [-63.10061042999996, -7.000702149999938], [-63.10062704999996, -7.000840599999947], [-63.10064479999994, -7.000978549999957], [-63.10066126999993, -7.001115889999937], [-63.10067475999995, -7.001251789999969], [-63.10068664999994, -7.001386199999956], [-63.10070073999998, -7.001520279999966], [-63.100714979999964, -7.001653529999942], [-63.10072755999994, -7.00178662999997], [-63.10074055999996, -7.00191719999998], [-63.100754689999974, -7.002043439999966], [-63.10077229999996, -7.002166179999961], [-63.100787569999966, -7.002287579999972], [-63.100802159999944, -7.002408829999979], [-63.100814869999965, -7.002531999999974], [-63.10082811999996, -7.002657899999974], [-63.100842839999984, -7.002783679999936], [-63.10085911999994, -7.002905279999936], [-63.10087327999997, -7.003021819999958], [-63.100885699999935, -7.003134829999965], [-63.10089875999995, -7.003247299999941], [-63.10091219999998, -7.00335905999998], [-63.10092634999995, -7.003468109999972], [-63.10093700999994, -7.003575349999949], [-63.10094731999993, -7.003679929999976], [-63.10095691999999, -7.003782959999967], [-63.10096723999993, -7.003885029999935], [-63.10097546999998, -7.003985149999949], [-63.100984359999984, -7.004085929999974], [-63.10099463999995, -7.004183619999935], [-63.10100646999996, -7.00428033999998], [-63.101018469999985, -7.004375719999928], [-63.101027819999956, -7.004467469999952], [-63.10103712999995, -7.0045578099999375], [-63.10104776999998, -7.0046495999999365], [-63.10105817999994, -7.004741599999932], [-63.10107093999994, -7.004832479999948], [-63.10108120999996, -7.00492614999996], [-63.101090589999956, -7.005020409999929], [-63.10109057999995, -7.005111869999951], [-63.101091989999986, -7.005200529999968], [-63.101100229999986, -7.00528227999996], [-63.10110539999994, -7.005361669999957], [-63.10111164999995, -7.005439519999925], [-63.10112251999993, -7.005514069999947], [-63.10113501999996, -7.005580449999968], [-63.101141849999976, -7.005636799999934], [-63.101149599999985, -7.00569631999997], [-63.10115813999994, -7.005742119999979], [-63.10117153999994, -7.005792969999959], [-63.10118103999997, -7.005844099999933], [-63.101190989999964, -7.00591062999996], [-63.10119962999994, -7.00598789999998], [-63.10120810999996, -7.006070799999975], [-63.10121779999997, -7.006172739999954], [-63.10122937999995, -7.0062885099999335], [-63.101244829999985, -7.006408239999928], [-63.10125808999999, -7.006527799999958], [-63.10127096999997, -7.006647999999927], [-63.10128407999997, -7.006773219999957], [-63.10129949999998, -7.006903539999939], [-63.10131494999996, -7.007037009999976], [-63.10132953999994, -7.007172859999969], [-63.101345469999956, -7.007311109999932], [-63.10136252999996, -7.007450239999969], [-63.10137957999996, -7.007589429999939], [-63.10139680999998, -7.007728659999941], [-63.10141603999995, -7.00786807999998], [-63.10143360999996, -7.008004609999944], [-63.10144612999994, -7.0081379099999594], [-63.10145560999996, -7.008274209999968], [-63.10147611999997, -7.008408059999965], [-63.10149121999996, -7.008544879999931], [-63.101502369999935, -7.008686119999936], [-63.10151487999997, -7.008825619999925], [-63.10152876999996, -7.008964129999981], [-63.101544719999936, -7.009100909999972], [-63.10156080999997, -7.009236289999933], [-63.101578039999936, -7.00937160999996], [-63.101596979999954, -7.009506519999945], [-63.10161339999996, -7.009632229999966], [-63.101631579999946, -7.009747379999965], [-63.10165230999996, -7.009853429999964], [-63.101665569999966, -7.009958909999966], [-63.10167784999999, -7.010066999999935], [-63.10168664999998, -7.010176639999941], [-63.10169048999995, -7.010284449999972], [-63.10168624999994, -7.010393419999957], [-63.10169109999998, -7.010501269999963], [-63.101700369999946, -7.010607509999943], [-63.10171084999996, -7.010714219999954], [-63.10172103999997, -7.01082520999995], [-63.10173410999994, -7.010936759999936], [-63.101744889999964, -7.0110524799999325], [-63.10175697999995, -7.011168299999952], [-63.101765409999985, -7.011283319999961], [-63.10177540999996, -7.011399499999925], [-63.10179009999996, -7.0115156699999375], [-63.101804699999946, -7.011627499999975], [-63.10182181999994, -7.011739259999956], [-63.10183847999997, -7.011850739999943], [-63.10185262999994, -7.0119622799999775], [-63.10186895999993, -7.012074789999929], [-63.10188296999996, -7.01218627999998], [-63.10189424999999, -7.012297899999965], [-63.10191334999996, -7.012409759999969], [-63.10194709999996, -7.012518479999926], [-63.10198058999998, -7.01262104999995], [-63.102000809999936, -7.012727669999947], [-63.10201490999998, -7.0128480399999376], [-63.10202990999994, -7.01298436999997], [-63.102044639999974, -7.013123969999981], [-63.102060569999935, -7.013262329999975], [-63.10207897999999, -7.013402319999955], [-63.10209620999996, -7.0135471199999415], [-63.10211370999997, -7.013690019999956], [-63.102128999999934, -7.013832409999964], [-63.102145709999945, -7.013973359999966], [-63.10216260999994, -7.0141126999999415], [-63.10217978999998, -7.014252429999942], [-63.10219774999996, -7.014393089999942], [-63.10221451999996, -7.014536189999944], [-63.10223193999997, -7.01468097999998], [-63.10224513999998, -7.0148230299999454], [-63.10225667999998, -7.014963279999961], [-63.102273459999935, -7.015102379999973], [-63.102292089999935, -7.0152402899999515], [-63.10231073999995, -7.015377979999926], [-63.10232837999996, -7.015516249999962], [-63.10234080999999, -7.015654409999968], [-63.10235610999996, -7.015790589999938], [-63.10237295999997, -7.015922899999964], [-63.10238905999995, -7.01605337999996], [-63.10240227999998, -7.016185469999925], [-63.10241501999997, -7.016320409999935], [-63.10243323999998, -7.016454519999968], [-63.10244844999994, -7.0165870399999335], [-63.10246179999996, -7.01671910999994], [-63.102475839999954, -7.016851459999941], [-63.10248887999995, -7.016979349999929], [-63.102503179999985, -7.017096079999931], [-63.10251641999997, -7.017203439999946], [-63.10252822999996, -7.017305639999961], [-63.10253895999995, -7.0173990699999536], [-63.10254767999999, -7.01747942999998], [-63.102546889999985, -7.017544499999929], [-63.10253949999998, -7.017597549999948], [-63.102521689999946, -7.017647149999959], [-63.10251648999997, -7.017704309999942], [-63.10252114999997, -7.01776426999993], [-63.10252628999996, -7.017823999999962], [-63.10253537999995, -7.017882519999944], [-63.102542219999975, -7.017935449999925], [-63.102547879999975, -7.0179816399999595], [-63.102550889999975, -7.018011809999962], [-63.10255687999995, -7.018063999999981], [-63.10256350999998, -7.018135079999979], [-63.10256941999995, -7.018183979999947], [-63.10257446999998, -7.0182349499999646], [-63.10258091999998, -7.018286279999927], [-63.10258991999996, -7.018335259999958], [-63.10259549999995, -7.018377379999947], [-63.10259973999996, -7.0184163599999465], [-63.102605349999976, -7.018464509999944], [-63.10261234999996, -7.018526639999948], [-63.102619319999974, -7.018597019999959], [-63.10262636999994, -7.018670519999944], [-63.10263384999996, -7.018748539999933], [-63.102642679999974, -7.01883775999994], [-63.10265522999998, -7.018940589999943], [-63.10266679999995, -7.019055309999942], [-63.10268228999996, -7.01917401999998], [-63.102693219999935, -7.019288039999935], [-63.10271851999994, -7.019388039999967], [-63.10275201999997, -7.019480109999961], [-63.10277471999996, -7.019565049999926], [-63.102782779999984, -7.019658769999978], [-63.10279602999998, -7.019766639999943], [-63.102811319999944, -7.019890139999973], [-63.10282880999995, -7.0200234799999635], [-63.102847889999964, -7.020154119999972], [-63.10286327999995, -7.02028815999995], [-63.10288125999995, -7.020418309999968], [-63.102897869999936, -7.020538379999948], [-63.10291395999997, -7.020654519999937], [-63.10292488999994, -7.020766119999962], [-63.102937459999964, -7.020878869999933], [-63.10294984999996, -7.0209886799999595], [-63.102960619999976, -7.02110050999994], [-63.102977729999964, -7.021220309999933], [-63.102991229999986, -7.021347179999964], [-63.10300615999995, -7.021478449999961], [-63.103020629999946, -7.021622459999946], [-63.10303778999997, -7.021780779999972], [-63.10305693999999, -7.021939129999964], [-63.10307738999995, -7.022091529999955], [-63.10309431999997, -7.022237359999963], [-63.10310714999997, -7.022385299999939], [-63.10312432999996, -7.022531459999925], [-63.103144509999936, -7.022675029999959], [-63.10316317999997, -7.022821069999964], [-63.10318139999998, -7.022968329999969], [-63.103198099999986, -7.023110519999932], [-63.10321387999994, -7.023249779999958], [-63.103230759999974, -7.02338089999995], [-63.103245209999955, -7.023509499999932], [-63.10326145999994, -7.0236417399999596], [-63.10327682999997, -7.0237741499999515], [-63.10329378999995, -7.023907189999932], [-63.10331310999999, -7.0240391599999725], [-63.103330519999986, -7.02417724999998], [-63.10334190999998, -7.02432239999996], [-63.103358679999985, -7.024470199999939], [-63.10337530999993, -7.024615759999961], [-63.103391649999935, -7.024758499999962], [-63.10340400999996, -7.024892629999954], [-63.10341964999998, -7.025020599999948], [-63.10343475999997, -7.025149469999974], [-63.10344743999997, -7.025277539999934], [-63.10346314999998, -7.02540616999994], [-63.10348007999994, -7.025531609999973], [-63.10349490999994, -7.025648879999949], [-63.103503529999955, -7.025760719999937], [-63.10351726999994, -7.025878709999972], [-63.10353201999993, -7.025999939999963], [-63.10354647999998, -7.026114149999955], [-63.10355869999995, -7.026212289999933], [-63.103569849999985, -7.026294449999966], [-63.10357370999998, -7.02636216999997], [-63.10357276999997, -7.026421299999981], [-63.103565479999986, -7.02646397999996], [-63.10355395999994, -7.026505029999953], [-63.103549929999986, -7.026553539999952], [-63.103555719999974, -7.026616389999958], [-63.10356067999999, -7.026690629999962], [-63.103565679999974, -7.026779699999963], [-63.10357703999995, -7.026891329999955], [-63.10359194999995, -7.027020469999968], [-63.10360406999996, -7.0271444099999485], [-63.10361592999993, -7.02726580999996], [-63.103627519999975, -7.027388499999972], [-63.103637669999955, -7.027508449999971], [-63.10365056999996, -7.027620129999946], [-63.10366616999994, -7.0277287399999295], [-63.10368581999995, -7.027835839999966], [-63.103702269999985, -7.027948659999936], [-63.10371656999996, -7.028067749999934], [-63.10373026999997, -7.028192979999972], [-63.10374419999994, -7.028320519999966], [-63.103760559999955, -7.028449239999929], [-63.103775979999966, -7.0285793999999555], [-63.10379211999998, -7.028706539999973], [-63.10380946999999, -7.028832999999963], [-63.103819069999986, -7.0289520999999695], [-63.10383799999994, -7.029071599999952], [-63.103856159999964, -7.029198519999966], [-63.10387215999998, -7.029325139999969], [-63.103886029999956, -7.029450289999943], [-63.10389650999997, -7.02957712999995], [-63.10390912999998, -7.029709299999979], [-63.10391684999996, -7.029836579999937], [-63.10393071999994, -7.029953629999966], [-63.10394216999998, -7.030060269999979], [-63.10395723999994, -7.030157309999936], [-63.10396743999996, -7.030267149999929], [-63.10397422999995, -7.030396659999951], [-63.10398247999996, -7.030533629999979], [-63.10399774999996, -7.030677999999966], [-63.10401385999995, -7.030823919999932], [-63.104030439999974, -7.030965849999973], [-63.10404784999997, -7.031100229999936], [-63.10406919999997, -7.031222969999931], [-63.10409354999996, -7.031334529999981], [-63.10411124999996, -7.03144932999993], [-63.10412698999994, -7.031583259999934], [-63.104142569999965, -7.031722379999962], [-63.104158079999934, -7.031851779999954], [-63.10417264999995, -7.031970099999967], [-63.104184489999966, -7.032084149999946], [-63.104197419999934, -7.032198989999927], [-63.10421112999995, -7.032314499999927], [-63.10422523999995, -7.032430209999973], [-63.10423739999999, -7.03254807999997], [-63.10425104999996, -7.032668849999936], [-63.10426719999998, -7.03279243999998], [-63.10428345999998, -7.032920039999965], [-63.10429756999997, -7.033050489999937], [-63.104309959999966, -7.033179359999963], [-63.10432209999993, -7.033307829999956], [-63.10433554999997, -7.033438549999971], [-63.10434991999995, -7.03356993999995], [-63.10436323999994, -7.033692559999963], [-63.104374819999975, -7.0338096499999665], [-63.10438848999996, -7.033931499999937], [-63.104402999999934, -7.034060079999961], [-63.10441611999994, -7.034189589999926], [-63.104430279999974, -7.034309139999948], [-63.104444539999974, -7.034420729999965], [-63.10445936999997, -7.034531639999955], [-63.104474109999956, -7.034643219999964], [-63.10448638999998, -7.03475519999995], [-63.10449887999994, -7.034869869999966], [-63.10451563999999, -7.03499112999998], [-63.104531649999956, -7.0351182199999585], [-63.10454678999997, -7.035239899999965], [-63.10455534999994, -7.0353525699999295], [-63.10456592999998, -7.035464599999955], [-63.10458215999995, -7.035589499999958], [-63.10459715999997, -7.0357139899999765], [-63.104606899999965, -7.035829029999945], [-63.10461922999997, -7.035934379999958], [-63.104631909999966, -7.036036519999925], [-63.10464532999998, -7.036137339999925], [-63.10465805999996, -7.036238559999958], [-63.104667579999955, -7.036342729999944], [-63.10467614999993, -7.036447249999981], [-63.10469113999994, -7.036557879999975], [-63.10471138999998, -7.036676969999974], [-63.10473063999996, -7.036787899999979], [-63.10474360999996, -7.036889649999978], [-63.10474986999998, -7.036995389999959], [-63.10475877999994, -7.03712405999994], [-63.10477144999999, -7.0372584499999675], [-63.10478497999998, -7.037384429999975], [-63.10479928999996, -7.037506309999969], [-63.10481633999996, -7.037631379999937], [-63.104833809999946, -7.037763789999929], [-63.10484693999996, -7.037895999999932], [-63.104859329999954, -7.038026439999953], [-63.10487260999997, -7.038156259999937], [-63.10488607999997, -7.038281619999964], [-63.10490010999996, -7.03841258999995], [-63.104920539999966, -7.0385493799999495], [-63.10494301999995, -7.03868609999995], [-63.10496415999995, -7.038823719999925], [-63.10498260999998, -7.03896495999993], [-63.104997999999966, -7.039106639999943], [-63.10501033999998, -7.039246529999957], [-63.10502205999995, -7.039380299999948], [-63.10502883999993, -7.039507549999939], [-63.105038469999954, -7.039627849999931], [-63.10505036999996, -7.039751359999968], [-63.105066259999944, -7.0398843999999485], [-63.10508546999995, -7.040019979999954], [-63.10510574999995, -7.04015002999995], [-63.10512523999995, -7.040271549999943], [-63.105146779999984, -7.040390459999969], [-63.10516044999997, -7.040516389999937], [-63.10517129999994, -7.040647279999973], [-63.10518043999997, -7.040772519999962], [-63.10519121999994, -7.040895149999926], [-63.105204319999984, -7.041018059999942], [-63.10521989999995, -7.041132189999928], [-63.10523183999999, -7.0412419699999305], [-63.10524141999997, -7.041343629999972], [-63.105255409999984, -7.041445979999935], [-63.10526938999993, -7.041538309999964], [-63.10528242999993, -7.0416146599999365], [-63.105299299999956, -7.041680079999935], [-63.10532195999997, -7.041727879999939], [-63.105334169999935, -7.041762159999962], [-63.10534341999994, -7.0417949199999725], [-63.10535308999994, -7.04184491999996], [-63.105362139999954, -7.041916699999945], [-63.105370549999975, -7.042004989999953], [-63.10537973999993, -7.042103589999954], [-63.10539019999999, -7.042205889999934], [-63.10539861999996, -7.042307869999945], [-63.10541473999996, -7.042407319999938], [-63.10542761999994, -7.042505519999963], [-63.10543784999999, -7.042603749999955], [-63.10545069999995, -7.042698579999978], [-63.10546327999998, -7.042790889999935], [-63.10547626999994, -7.042880449999927], [-63.10548494999995, -7.042965489999972], [-63.105493079999974, -7.043049639999936], [-63.10550177999994, -7.043132899999932], [-63.105510109999955, -7.043218619999948], [-63.10552051999997, -7.043303209999976], [-63.10552867999996, -7.043383799999958], [-63.105536309999934, -7.043456239999955], [-63.105547989999934, -7.043523089999951], [-63.10556055999996, -7.043597259999956], [-63.10557176999998, -7.043681239999955], [-63.10558262999996, -7.043762099999981], [-63.105589529999975, -7.043829699999947], [-63.105595369999946, -7.0438859699999625], [-63.10559433999998, -7.043936879999933], [-63.105589119999934, -7.043974449999951], [-63.10558272999998, -7.044004669999936], [-63.10565461999994, -7.0449085599999535], [-63.10566389999997, -7.045002659999966], [-63.105676209999956, -7.045113759999936], [-63.10568963999998, -7.04522419999995], [-63.105703269999935, -7.045329949999939], [-63.10570982999997, -7.045429379999973], [-63.10571325999996, -7.045517449999977], [-63.105719499999964, -7.0455906099999766], [-63.10606906999993, -7.0485800299999255], [-63.10607358999994, -7.0486550599999305], [-63.106083539999986, -7.04872193999995], [-63.10608845999997, -7.048791689999973], [-63.106095739999944, -7.048853119999933], [-63.106109739999965, -7.048923889999969], [-63.106125529999986, -7.049020399999961], [-63.10613455999999, -7.049136119999957], [-63.10614719999995, -7.049263019999955], [-63.10616083999997, -7.049385359999974], [-63.106173259999935, -7.049498049999954], [-63.106186079999986, -7.049603919999981], [-63.10620002999997, -7.049699399999952], [-63.10621364999997, -7.049778079999953], [-63.10622105999994, -7.049841319999928], [-63.10622474999997, -7.04989790999997], [-63.106232889999944, -7.04995914999995], [-63.10623585999997, -7.050026139999943], [-63.10623744999998, -7.050092099999972], [-63.10623696999994, -7.050151639999967], [-63.10623910999993, -7.050209099999961], [-63.10624814999994, -7.050264199999958], [-63.10626555999994, -7.0503367299999695], [-63.10627926999996, -7.0504153099999485], [-63.10628495999998, -7.050489969999944], [-63.10629570999998, -7.050579939999977], [-63.10630815999997, -7.050695099999928], [-63.10632218999996, -7.050826859999972], [-63.10633747999998, -7.0509713799999645], [-63.10635271999996, -7.051123289999964], [-63.106371379999985, -7.051271319999955], [-63.10638771999999, -7.051409989999968], [-63.106400289999954, -7.051540389999957], [-63.106416699999954, -7.051660409999954], [-63.10643676999996, -7.051770619999957], [-63.10645159999996, -7.051876209999932], [-63.106457999999975, -7.051967069999932], [-63.10645863999997, -7.052050979999933], [-63.106462249999936, -7.052143069999943], [-63.10647180999996, -7.052240149999932], [-63.10648490999995, -7.052332799999931], [-63.10649706999993, -7.0524390299999595], [-63.10650651999998, -7.052544089999969], [-63.10651705999999, -7.0526367699999355], [-63.106531289999964, -7.052721539999936], [-63.10654174999996, -7.052810189999946], [-63.10655295999999, -7.052905649999957], [-63.10656636999994, -7.053002139999933], [-63.106583109999974, -7.053087809999965], [-63.10660380999997, -7.053165629999967], [-63.10662008999998, -7.053242549999936], [-63.10662694999996, -7.053311289999954], [-63.10662990999998, -7.053375529999926], [-63.10663072999995, -7.053452929999935], [-63.10663189999997, -7.053537219999953], [-63.10663484999998, -7.053610459999959], [-63.10663685999998, -7.053675579999947], [-63.10666593999997, -7.053891419999957], [-63.10667036999996, -7.053939419999949], [-63.106679429999986, -7.054010769999934], [-63.10668788999993, -7.0540849899999785], [-63.10669255999994, -7.054143649999958], [-63.106698079999944, -7.054191079999953], [-63.10670441999997, -7.054228359999968], [-63.106707349999965, -7.054260549999981], [-63.106709999999964, -7.0542917599999555], [-63.10671471999996, -7.0543286299999295], [-63.106714229999966, -7.054385099999934], [-63.106719329999976, -7.054461529999969], [-63.106730579999976, -7.054544269999951], [-63.10674549999999, -7.054627449999941], [-63.10675304999995, -7.054706729999964], [-63.10675943999996, -7.054784979999965], [-63.106765379999956, -7.054852779999976], [-63.10676996999996, -7.0549060899999745], [-63.10677446999995, -7.0549519899999495], [-63.106780449999974, -7.054997759999935], [-63.10679013999999, -7.055058519999932], [-63.106802639999955, -7.055130349999956], [-63.106817199999966, -7.055207809999956], [-63.10683428999994, -7.055287349999958], [-63.10684662999995, -7.055374669999935], [-63.106857279999986, -7.055458349999981], [-63.10686345999994, -7.055533059999959], [-63.106869839999945, -7.055607079999959], [-63.106870749999985, -7.0556793199999674], [-63.10687601999996, -7.055739759999938], [-63.10687656999994, -7.055800099999942], [-63.10688179999994, -7.055869499999972], [-63.10688677999997, -7.055948219999948], [-63.10689731999997, -7.056019419999927], [-63.10691788999998, -7.056083029999968], [-63.10694376999999, -7.056151579999948], [-63.106970529999955, -7.05622558999994], [-63.10699423999995, -7.056304539999928], [-63.10698249999996, -7.056647519999956], [-63.10698296999993, -7.056683169999928], [-63.10698329999997, -7.056716879999954], [-63.106988299999955, -7.056765899999959], [-63.106998519999934, -7.056811179999954], [-63.107007529999976, -7.056877719999932], [-63.10701611999997, -7.056959029999973], [-63.10702673999998, -7.057052219999946], [-63.107040429999984, -7.057148599999948], [-63.10705244999997, -7.057247519999976], [-63.10706133999997, -7.057347749999963], [-63.107068089999984, -7.05744859999993], [-63.10707604999993, -7.057547869999951], [-63.10709029999998, -7.057643419999977], [-63.10710371999994, -7.0577416799999355], [-63.107120409999936, -7.057844229999944], [-63.107136639999965, -7.05795336999995], [-63.10715434999997, -7.0580654099999265], [-63.10717018999998, -7.058169799999973], [-63.10718517999999, -7.058263849999946], [-63.10719790999997, -7.05834896999994], [-63.10720648999995, -7.058425899999975], [-63.107212309999966, -7.058495729999947], [-63.107215559999986, -7.058561289999943], [-63.107220789999985, -7.058624179999981], [-63.107229459999985, -7.058684519999929], [-63.10723750999995, -7.058741039999973], [-63.10724566999994, -7.058792279999977], [-63.10725358999997, -7.0588408199999435], [-63.10726353999996, -7.058885409999959], [-63.10727866999997, -7.058931049999956], [-63.107290159999934, -7.058979969999939], [-63.10729742999996, -7.059039129999974], [-63.107299669999975, -7.059118669999975], [-63.10730196999998, -7.059209029999977], [-63.10730789999997, -7.059302999999943], [-63.107317069999965, -7.059397399999966], [-63.10733152999995, -7.0594875999999545], [-63.10734273999998, -7.05958714999997], [-63.10735405999998, -7.059694389999947], [-63.107365449999975, -7.059800119999977], [-63.10737597999997, -7.059895799999936], [-63.10738410999994, -7.059987269999965], [-63.107391639999946, -7.060077069999977], [-63.107398829999966, -7.060165199999972], [-63.10740939999994, -7.060247609999976], [-63.10742301999994, -7.060330439999973], [-63.107432029999984, -7.060417209999969], [-63.10743717999998, -7.06050203999996], [-63.10744227999999, -7.060586159999957], [-63.107448089999934, -7.06067067999993], [-63.107459269999936, -7.060749849999979], [-63.10746429999995, -7.060827029999928], [-63.10746640999997, -7.060907049999969], [-63.10747468999995, -7.060984529999928], [-63.10748093999996, -7.061054179999928], [-63.10748456999994, -7.061119309999981], [-63.10749304999996, -7.061183359999973], [-63.10750596999998, -7.0612562499999285], [-63.10752303999993, -7.061335929999927], [-63.107530209999936, -7.0614168699999595], [-63.10753466999995, -7.061491219999937], [-63.10754100999998, -7.0615585699999315], [-63.10757212999994, -7.061804929999937], [-63.10757996999996, -7.061897099999953], [-63.107591259999936, -7.062002879999966], [-63.107603809999944, -7.062115349999942], [-63.10761475999993, -7.062227749999977], [-63.107626169999946, -7.062331959999938], [-63.10763688999998, -7.0624262199999635], [-63.10764898999997, -7.062509039999952], [-63.10766430999996, -7.0625764799999615], [-63.107677889999934, -7.062637189999975], [-63.10768445999997, -7.062677869999959], [-63.107686479999984, -7.062703469999974], [-63.10768668999998, -7.062720089999971], [-63.10768809999996, -7.062745439999958], [-63.10769127999998, -7.062794099999962], [-63.10769356999998, -7.06286597999997], [-63.10768945999996, -7.06294730999997], [-63.10768650999995, -7.063019959999963], [-63.107693009999934, -7.063080579999962], [-63.10771172999995, -7.063142649999975], [-63.10773711999997, -7.063216479999937], [-63.10775535999994, -7.063306569999952], [-63.10776494999993, -7.063398099999972], [-63.10776912999995, -7.063481999999965], [-63.10777368999999, -7.0635610999999585], [-63.107778519999954, -7.063657889999945], [-63.10778566999994, -7.063773899999944], [-63.10780041999993, -7.063900449999949], [-63.107815089999974, -7.064022399999942], [-63.10782882999996, -7.064136909999945], [-63.107838829999935, -7.064241559999971], [-63.10784432999998, -7.064332469999954], [-63.107851219999986, -7.064407289999963], [-63.107862599999976, -7.064466109999955], [-63.107873849999976, -7.064518189999944], [-63.10787903999994, -7.0645715299999665], [-63.10788568999993, -7.064639779999936], [-63.10789540999997, -7.064736289999928], [-63.10790853999998, -7.064858709999953], [-63.10792375999995, -7.064990529999932], [-63.10793903999996, -7.065126709999959], [-63.107954089999964, -7.065264139999954], [-63.10797364999996, -7.065399839999941], [-63.107994219999966, -7.065533349999953], [-63.10801283999996, -7.065667639999958], [-63.10802814999994, -7.065798469999947], [-63.108040889999984, -7.065922929999942], [-63.10804908999995, -7.066042769999967], [-63.108060749999936, -7.066159199999959], [-63.10807078999994, -7.0662687199999255], [-63.10807971999998, -7.06637128999995], [-63.108088099999975, -7.066466469999966], [-63.10809613999999, -7.066547309999976], [-63.10810154999996, -7.066612309999925], [-63.10810511999995, -7.066667189999976], [-63.108106669999984, -7.066713039999968], [-63.10810804999994, -7.066741299999933], [-63.10811150999996, -7.066766819999941], [-63.10811645999996, -7.0668007199999465], [-63.10812421999998, -7.0668523399999685], [-63.10813197999994, -7.066926459999934], [-63.108138819999965, -7.067007419999925], [-63.108148469999946, -7.067085549999945], [-63.108158739999965, -7.067159179999976], [-63.10817350999997, -7.067229019999957], [-63.108189719999984, -7.06729256999995], [-63.10819877999995, -7.067347379999944], [-63.108204969999974, -7.067408619999981], [-63.108210319999955, -7.067487319999941], [-63.108212299999934, -7.067565739999964], [-63.10821002999995, -7.067632989999936], [-63.10821740999995, -7.067702739999959], [-63.10823259999995, -7.067771549999975], [-63.10824846999998, -7.067831799999965], [-63.10825578999999, -7.067880609999975], [-63.108259379999936, -7.067926479999926], [-63.108262639999964, -7.067989989999944], [-63.108271739999964, -7.068064199999981], [-63.108282679999945, -7.068131189999974], [-63.10829283999993, -7.068185359999973], [-63.108299289999934, -7.068233419999956], [-63.10830133999997, -7.068268909999972], [-63.10830237999994, -7.068287039999973], [-63.10830053999996, -7.068298299999981], [-63.108299649999935, -7.068323859999964], [-63.10830230999994, -7.068380199999979], [-63.10830931999993, -7.068471219999935], [-63.10831962999998, -7.068591029999936], [-63.10833257999997, -7.068709079999962], [-63.108348829999954, -7.0688251299999365], [-63.10836470999993, -7.068938879999962], [-63.10837492999997, -7.069039949999933], [-63.108381419999944, -7.069125419999978], [-63.108390069999984, -7.069195299999933], [-63.108402059999946, -7.069253959999969], [-63.10841102999996, -7.069314189999943], [-63.108417229999986, -7.069376069999976], [-63.108425429999954, -7.069441329999961], [-63.10843571999993, -7.069529269999975], [-63.10844602999998, -7.069641969999964], [-63.10845896999996, -7.069770179999978], [-63.10847789999997, -7.069908089999956], [-63.10849720999994, -7.070047999999929], [-63.10850590999996, -7.07017854999998], [-63.10851791999994, -7.070299459999944], [-63.10853406999996, -7.070413809999934], [-63.10854643999994, -7.070514419999938], [-63.10855263999997, -7.070599229999971], [-63.10855448999996, -7.07066932999993], [-63.10856249999995, -7.07073306999996], [-63.108568349999985, -7.070792939999933], [-63.10857501999993, -7.070859079999934], [-63.10858811999998, -7.070946919999926], [-63.10860395999998, -7.071051409999939], [-63.10861924999995, -7.071169979999979], [-63.10863300999995, -7.071296229999973], [-63.10864761999994, -7.07142577999997], [-63.108666049999954, -7.071561499999973], [-63.10868394999994, -7.071698779999963], [-63.108699609999974, -7.071828809999943], [-63.108712879999985, -7.071948999999961], [-63.10872492999994, -7.072059779999961], [-63.10873695999999, -7.072164209999926], [-63.10874653999997, -7.072255989999974], [-63.10875085999999, -7.072331399999939], [-63.108750819999955, -7.072391959999948], [-63.108751419999976, -7.072444099999927], [-63.10875896999994, -7.072494639999945], [-63.10876899999994, -7.072552499999972], [-63.10878393999997, -7.07262867999998], [-63.10880102999994, -7.072730189999959], [-63.10881621999994, -7.072851769999943], [-63.10882720999996, -7.072985529999926], [-63.10884123999995, -7.073122669999975], [-63.10885718999998, -7.073260199999936], [-63.10887446999993, -7.073396319999972], [-63.108889879999936, -7.073532119999925], [-63.10890396999997, -7.073666549999928], [-63.10891836999997, -7.073802419999936], [-63.10893214999999, -7.073940659999948], [-63.108946989999936, -7.074083129999963], [-63.108961319999935, -7.074225009999964], [-63.10897669999997, -7.074364049999929], [-63.10899075999998, -7.074501699999928], [-63.109004109999944, -7.074638279999931], [-63.10902147999997, -7.074771619999979], [-63.109040499999935, -7.074904329999981], [-63.10905845999997, -7.07503928999995], [-63.10907305999996, -7.075174949999962], [-63.10908809999995, -7.075311469999974], [-63.10910544999996, -7.075448079999944], [-63.10912118999994, -7.07558462999998], [-63.10913499999998, -7.075720469999965], [-63.109148319999974, -7.0758546799999635], [-63.10916168999995, -7.07598779999995], [-63.10917816999995, -7.076125609999963], [-63.10919323999997, -7.076263019999942], [-63.10920663999997, -7.076395229999946], [-63.10922303999996, -7.076522439999962], [-63.10924159999996, -7.076650459999939], [-63.10926005999994, -7.076782199999968], [-63.109275939999975, -7.076915979999967], [-63.109292419999974, -7.07704887999995], [-63.10930831999997, -7.07718153999997], [-63.10932336999997, -7.077314079999951], [-63.109337549999964, -7.07744761999993], [-63.109349659999964, -7.077582469999925], [-63.109364779999964, -7.077717519999965], [-63.109377749999965, -7.077845509999975], [-63.10939265999997, -7.07796473999997], [-63.109411749999936, -7.078078559999938], [-63.10942595999995, -7.078178349999973], [-63.10943580999998, -7.078262949999953], [-63.109444629999984, -7.07833286999994], [-63.10945405999996, -7.078393629999937], [-63.10946203999998, -7.078455079999969], [-63.109470569999985, -7.07851162999998], [-63.109474569999975, -7.078566089999981], [-63.109480479999945, -7.078630269999962], [-63.10948941999993, -7.07872212999996], [-63.10949985999997, -7.07883542999997], [-63.10951405999998, -7.078965399999959], [-63.10952972999996, -7.079099929999927], [-63.109546629999954, -7.0792364099999645], [-63.109562249999954, -7.079373439999927], [-63.109576249999975, -7.079510429999971], [-63.10958907999998, -7.079648129999953], [-63.10960374999996, -7.079788999999948], [-63.10961953999998, -7.0799275399999715], [-63.10963436999998, -7.080057109999927], [-63.10964770999993, -7.08017547999998], [-63.10965896999994, -7.080285199999935], [-63.10966930999996, -7.0803874099999575], [-63.10968188999993, -7.080484619999936], [-63.109698109999954, -7.0805668299999525], [-63.10971579999995, -7.08063870999996], [-63.109724779999965, -7.080705519999981], [-63.10972990999994, -7.0807687399999395], [-63.109734929999945, -7.080826649999949], [-63.10974103999996, -7.080876499999931], [-63.10975007999997, -7.080952489999959], [-63.109750979999944, -7.0809827899999505], [-63.10974945999993, -7.081013269999971], [-63.10975119999995, -7.0810628899999415], [-63.10976008999995, -7.081139139999948], [-63.109768789999976, -7.081226559999948], [-63.10977716999997, -7.081312779999962], [-63.10978621999993, -7.081391909999979], [-63.10979411999995, -7.0814646999999695], [-63.109802109999976, -7.081533099999945], [-63.109809869999935, -7.081595049999976], [-63.10981693999997, -7.081648739999935], [-63.109822959999974, -7.081699379999975], [-63.10982649999994, -7.081741139999963], [-63.10982715999995, -7.081777349999925], [-63.109826199999986, -7.08180552999994], [-63.109825969999974, -7.08182598999997], [-63.10982491999994, -7.081843429999935], [-63.10982481999997, -7.08186182999998], [-63.10982397999999, -7.081882779999944], [-63.109823819999974, -7.081917829999952], [-63.10982657999995, -7.081967019999979], [-63.10983030999995, -7.082025089999945], [-63.10983391999997, -7.082081099999925], [-63.10984123999998, -7.082133339999928], [-63.109847599999966, -7.082184239999947], [-63.109856889999946, -7.082234369999981], [-63.10986671999996, -7.08228024999994], [-63.10987802999995, -7.082325259999948], [-63.109890459999974, -7.082370909999952], [-63.10990479999998, -7.082412659999932], [-63.10991646999997, -7.08245342999993], [-63.10992394999994, -7.082494499999939], [-63.10992765999998, -7.082535649999954], [-63.10992871999997, -7.0825773299999355], [-63.109928699999955, -7.082619239999929], [-63.10993209999998, -7.08266408999998], [-63.10993455999994, -7.082712169999979], [-63.10993658999996, -7.082764399999974], [-63.10993818999998, -7.082819909999955], [-63.10994169999998, -7.082873799999959], [-63.10994951999999, -7.082927429999927], [-63.10996080999996, -7.082983389999981], [-63.10997263999997, -7.083057029999964], [-63.10997804599998, -7.083095061999927]]}}]}