{"type": "FeatureCollection", "features": [{"id": "0", "type": "Feature", "properties": {"id_snv": 211, "Nome": "Rio Japura", "Codigo": "HF-142", "Sequencia_": "142", "Trecho": "Da foz, no rio Solimoes,formador do rio Amazonas, ate a Vila Bittencourt (AM).", "Extensao_k": 0.0, "Administra": null, "Regiao_Hid": "Amazonica", "dt_ini": "2013-01-01", "dt_fim": "2029-10-30", "Shape_Leng": 6.42334024924}, "geometry": {"type": "MultiLineString", "coordinates": [[[-69.43677360012153, -1.411147703572233, 0.0], [-69.43473740711275, -1.3996013006225638, 0.0]], [[-64.8118641639, -3.175378545183669, 0.0], [-64.80367807957973, -3.1686938313552417, 0.0], [-64.79291103721457, -3.1672172344877083, 0.0], [-64.78677122531175, -3.161205959087674, 0.0], [-64.78683655566249, -3.1551284899877885, 0.0], [-64.78830501546406, -3.147725346447551, 0.0], [-64.78327061694537, -3.1374586751777045, 0.0], [-64.77313491214645, -3.133535364765251, 0.0], [-64.76007608064656, -3.1274019452435553, 0.0], [-64.75115189754197, -3.117471204032775, 0.0], [-64.74679627762603, -3.1023935438269845, 0.0], [-64.74769334057511, -3.0871403323603843, 0.0], [-64.75218666828013, -3.07764105349181, 0.0], [-64.765248074539, -3.068327592544371, 0.0], [-64.7795650656752, -3.055224503607924, 0.0], [-64.78998470173254, -3.0418043442950307, 0.0], [-64.79740861961201, -3.0295263257792726, 0.0], [-64.80254825589729, -3.0192470541082628, 0.0], [-64.8076998531657, -3.004194295230498, 0.0], [-64.80804280962795, -2.9739879436885843, 0.0], [-64.80883003297961, -2.9567148189337047, 0.0], [-64.81045548743074, -2.9481551517388382, 0.0], [-64.8163506126906, -2.93847532497621, 0.0], [-64.82572956676603, -2.9299560283479664, 0.0], [-64.8519918101738, -2.9133044844143896, 0.0], [-64.87080659594761, -2.897424892444768, 0.0], [-64.88665200018957, -2.8791179996959215, 0.0], [-64.8939265532678, -2.871202575338536, 0.0], [-64.89858400005151, -2.86182700001595, 0.0], [-64.89663900028964, -2.8502979998527778, 0.0], [-64.89131350561372, -2.8405447587336, 0.0], [-64.88216362325252, -2.8237866919023205, 0.0], [-64.87524212152663, -2.8102542783122644, 0.0], [-64.87234599966811, -2.7901810001529483, 0.0], [-64.86748334108326, -2.7562719167155336, 0.0], [-64.86576347670301, -2.7382138007262427, 0.0], [-64.86822370436043, -2.7284325223429917, 0.0], [-64.87899777762527, -2.718256994664493, 0.0], [-64.88910677885471, -2.712983340508721, 0.0], [-64.9099314055099, -2.710360809503655, 0.0], [-64.93828279921176, -2.7170610456307287, 0.0], [-64.9611948863349, -2.7191401828731045, 0.0], [-64.97546662358573, -2.7161343563154006, 0.0], [-64.98816106238313, -2.702957257671258, 0.0], [-64.99632777440728, -2.6906561301761514, 0.0], [-64.9983319999218, -2.661559999794129, 0.0], [-64.99400399998451, -2.64421100013751, 0.0], [-64.98496441137843, -2.611124040941668, 0.0], [-64.98413529310928, -2.5885917716928475, 0.0], [-64.99381345342812, -2.568779403946273, 0.0], [-65.00717829993859, -2.5536658553948612, 0.0], [-65.02583140289691, -2.5325024658161013, 0.0], [-65.04565436915382, -2.5212118813232465, 0.0], [-65.05641000002144, -2.5065660000208467, 0.0], [-65.07066678244603, -2.4736293696996015, 0.0], [-65.082466964179, -2.4501856060808436, 0.0], [-65.09338603243941, -2.430206597556385, 0.0], [-65.10023558480435, -2.420965209177041, 0.0], [-65.11514077212892, -2.401520620979859, 0.0], [-65.12353225530924, -2.3812196902364704, 0.0], [-65.12994584602394, -2.3593833109909568, 0.0], [-65.13763680769253, -2.340022341757617, 0.0], [-65.14480536397632, -2.3303380012976618, 0.0], [-65.15461148792978, -2.3217408458632605, 0.0], [-65.16412577198673, -2.3119432771605233, 0.0], [-65.17061179769624, -2.2964846776256778, 0.0], [-65.16915694103993, -2.2702920120666192, 0.0], [-65.17769455326103, -2.2597428160780453, 0.0], [-65.18654732389982, -2.238493667149001, 0.0], [-65.19720626595635, -2.2239047390124256, 0.0], [-65.2056317444095, -2.2188088223691906, 0.0], [-65.2170606833038, -2.2143891536365103, 0.0], [-65.22318808006587, -2.2065556575175407, 0.0], [-65.22808842294232, -2.1936345544910765, 0.0], [-65.23026531918906, -2.185573629719215, 0.0], [-65.22749218591555, -2.175410920977207, 0.0], [-65.2092312665097, -2.164785804221445, 0.0], [-65.20233233147188, -2.159224359816271, 0.0], [-65.19982288122091, -2.1483067106861, 0.0], [-65.19510311141943, -2.125214188084236, 0.0], [-65.19603603213717, -2.1099126641381005, 0.0], [-65.20011890926023, -2.092706933677988, 0.0], [-65.2027062983569, -2.069958169733667, 0.0], [-65.20584985518659, -2.0600759505445723, 0.0], [-65.21025583893581, -2.0462252776743384, 0.0], [-65.21914961776059, -2.036245722162242, 0.0], [-65.22930826426494, -2.026919604156383, 0.0], [-65.25827239125786, -2.007882414241955, 0.0], [-65.29415816476742, -1.9872514457975754, 0.0], [-65.29813926471526, -1.974714055609148, 0.0], [-65.29674847756013, -1.9638452594510483, 0.0], [-65.28833018199221, -1.9490505349541678, 0.0], [-65.27758494369014, -1.9249505288437732, 0.0], [-65.27678189496848, -1.8980425955892457, 0.0], [-65.28196898578003, -1.8852291081368335, 0.0], [-65.29405173719792, -1.8773819863895014, 0.0], [-65.32022552958452, -1.8769665202886046, 0.0], [-65.34185438127463, -1.8711068229214547, 0.0], [-65.36448408037599, -1.8606326375861215, 0.0], [-65.38570599963212, -1.8564889995676381, 0.0], [-65.40337655458428, -1.856149324731561, 0.0], [-65.42475448463172, -1.8602293608962128, 0.0], [-65.43784861811916, -1.8683147742074482, 0.0], [-65.44590873529988, -1.8925210037413223, 0.0], [-65.45118306394721, -1.9065895301825577, 0.0], [-65.46063994607661, -1.9191583849514373, 0.0], [-65.48890166388067, -1.9329673535604641, 0.0], [-65.50291421112186, -1.9359064944890605, 0.0], [-65.51604662695026, -1.9344593045532577, 0.0], [-65.5369330496205, -1.9222677576508431, 0.0], [-65.56515609028129, -1.8984757135832453, 0.0], [-65.60011334525457, -1.878884838964069, 0.0], [-65.66681648319408, -1.8469526479462886, 0.0], [-65.68468829652758, -1.8339211621319365, 0.0], [-65.70991505873289, -1.8203651350428984, 0.0], [-65.72737973278838, -1.81603141092085, 0.0], [-65.77765574631557, -1.8078718970703136, 0.0], [-65.79413773207064, -1.8040515860118802, 0.0], [-65.8098101643076, -1.8034589174949502, 0.0], [-65.82450381849637, -1.8023071827302317, 0.0], [-65.84082904522424, -1.7950548285175074, 0.0], [-65.85693948327052, -1.787887216521753, 0.0], [-65.86616461640382, -1.7801355200382076, 0.0], [-65.87111309998957, -1.7725011688937897, 0.0], [-65.87917168472543, -1.7586921427281368, 0.0], [-65.88908045549857, -1.7542206451665834, 0.0], [-65.90199517064059, -1.749281212358035, 0.0], [-65.91480330442891, -1.751304150066403, 0.0], [-65.9288129486586, -1.7498610097777103, 0.0], [-65.94566955510581, -1.7451973837521706, 0.0], [-65.96535296906421, -1.7376075202708208, 0.0], [-65.99177204164634, -1.7326158206635611, 0.0], [-66.02628257817838, -1.731160037705557, 0.0], [-66.04120584547336, -1.7305279213264981, 0.0], [-66.05515762552399, -1.7289776016349379, 0.0], [-66.07979643255923, -1.7145168934398782, 0.0], [-66.10066155388755, -1.6992554738610366, 0.0], [-66.11608426417739, -1.6880564844191994, 0.0], [-66.12610614628159, -1.6818779656955343, 0.0], [-66.14094567410352, -1.679322858662914, 0.0], [-66.15974996748699, -1.6823425212902379, 0.0], [-66.17280308199662, -1.6817772775991813, 0.0], [-66.18488425870153, -1.68029508065338, 0.0], [-66.19416818321504, -1.678933557437702, 0.0], [-66.21001786193474, -1.6782432054595375, 0.0], [-66.2315408733126, -1.6792188835446211, 0.0], [-66.26740915051191, -1.6881825990476287, 0.0], [-66.3018996897189, -1.7086945098437312, 0.0], [-66.32901959138096, -1.7314422053934422, 0.0], [-66.3492939561511, -1.7468262187549612, 0.0], [-66.37086840515272, -1.74873705956756, 0.0], [-66.39783546703315, -1.7456124145812524, 0.0], [-66.41827269902576, -1.7427769816723426, 0.0], [-66.4519722323326, -1.744128727458758, 0.0], [-66.4783139758093, -1.753591541516343, 0.0], [-66.5021302512101, -1.7640032266675334, 0.0], [-66.53442885840511, -1.775938447900991, 0.0], [-66.56177461310789, -1.7813882037025621, 0.0], [-66.57281752610791, -1.788064826330661, 0.0], [-66.58818596141289, -1.7974149724229704, 0.0], [-66.60485034766542, -1.8043082615169936, 0.0], [-66.61808147937674, -1.8075267723425839, 0.0], [-66.63676297573069, -1.8071369989732702, 0.0], [-66.66237804451107, -1.8049836146020937, 0.0], [-66.69144637594941, -1.796435709640285, 0.0], [-66.71571833873031, -1.785233498826834, 0.0], [-66.74100556235683, -1.775895214792257, 0.0], [-66.77411916396814, -1.774324574919163, 0.0], [-66.82291863009064, -1.7887636085536798, 0.0], [-66.83270533858048, -1.7983553035544233, 0.0], [-66.8464219585065, -1.8120693658085898, 0.0], [-66.86225450693995, -1.820889509942937, 0.0], [-66.8916846014632, -1.8304883644464454, 0.0], [-66.90383668251681, -1.8303793009639335, 0.0], [-66.92565135842337, -1.8369863862127147, 0.0], [-66.95475542891991, -1.849463011009135, 0.0], [-66.97377547865537, -1.8561993072521688, 0.0], [-66.99506610791452, -1.8714456398043566, 0.0], [-67.0111786989378, -1.8759242680904578, 0.0], [-67.02289482373712, -1.886367085972175, 0.0], [-67.06449022654262, -1.9053930910182828, 0.0], [-67.10649699364133, -1.9033055990740877, 0.0], [-67.13965765767469, -1.902128059162557, 0.0], [-67.16432525830393, -1.899453281143927, 0.0], [-67.19147737458115, -1.8803582576274138, 0.0], [-67.21846109820105, -1.8579122549465268, 0.0], [-67.25362216473113, -1.8403153643625672, 0.0], [-67.28056481361521, -1.826962727048155, 0.0], [-67.31358951994038, -1.8137718606827349, 0.0], [-67.32772087301981, -1.8063376023983793, 0.0], [-67.35798943516427, -1.8038193459859997, 0.0], [-67.40889555868304, -1.8026187735375245, 0.0], [-67.42708401341649, -1.8016717793291406, 0.0], [-67.45158707768147, -1.7960797076123427, 0.0], [-67.47238157345086, -1.7911570831328305, 0.0], [-67.49248137711383, -1.7910597585010137, 0.0], [-67.52227774751995, -1.7885311553884264, 0.0], [-67.55893033516678, -1.773652685123274, 0.0], [-67.5792825218708, -1.76011196629414, 0.0], [-67.58669938816624, -1.7496538302599873, 0.0], [-67.59826722645128, -1.7289105355927106, 0.0], [-67.61616201026852, -1.7039941591031038, 0.0], [-67.65062969050781, -1.6743517400407484, 0.0], [-67.68689819839314, -1.6527497304156569, 0.0], [-67.7090871820278, -1.6481949871089654, 0.0], [-67.72911831166076, -1.6471085188430337, 0.0], [-67.74485782882564, -1.6443359143708847, 0.0], [-67.7661121875274, -1.6398229877407147, 0.0], [-67.78753918728367, -1.6386520362624424, 0.0], [-67.81250058293553, -1.6425555130264868, 0.0], [-67.85139775340356, -1.6538337543242534, 0.0], [-67.86979127065057, -1.6571310961231447, 0.0], [-67.88886557018988, -1.6555958175928822, 0.0], [-67.93312945575974, -1.6445085572240572, 0.0], [-67.94964429374915, -1.6387942766344565, 0.0], [-67.96900323231326, -1.6338772998974918, 0.0], [-68.00155460566044, -1.6310920149844677, 0.0], [-68.01707740599747, -1.6330939301406957, 0.0], [-68.04328325471838, -1.6426385240486354, 0.0], [-68.06403420711291, -1.6462569633880832, 0.0], [-68.07487583924852, -1.6480386192868082, 0.0], [-68.08895240203165, -1.6491563300005652, 0.0], [-68.10631550935327, -1.6505647789413302, 0.0], [-68.1268097754507, -1.6493958581322943, 0.0], [-68.14784531111214, -1.641003444153597, 0.0], [-68.17089775542699, -1.6353678200687796, 0.0], [-68.20225787330214, -1.6364393748772201, 0.0], [-68.2203485447495, -1.6425851151109185, 0.0], [-68.23404587151974, -1.6537761104790007, 0.0], [-68.24251620905572, -1.6633514576036248, 0.0], [-68.26281779540491, -1.67559522453994, 0.0], [-68.27568569723708, -1.6801201589181503, 0.0], [-68.29945441289081, -1.6873640666982581, 0.0], [-68.32196058111589, -1.6970746358856772, 0.0], [-68.33929136320576, -1.7061264273926824, 0.0], [-68.3619218905827, -1.7095922715660308, 0.0], [-68.3793747700296, -1.7124007562898313, 0.0], [-68.40315361204948, -1.7196273629124548, 0.0], [-68.43200648211338, -1.725590994029126, 0.0], [-68.45749186056089, -1.7298315672729672, 0.0], [-68.490900209577, -1.7335953685313612, 0.0], [-68.52222868300721, -1.7336409758503493, 0.0], [-68.54218082248691, -1.7391564963751804, 0.0], [-68.55974981610107, -1.7438538478767285, 0.0], [-68.57005626978099, -1.7441926099010274, 0.0], [-68.58965526258025, -1.7516404704312905, 0.0], [-68.607448209867, -1.7683033161450936, 0.0], [-68.61786824072666, -1.77869905991367, 0.0], [-68.63037226516786, -1.7846533218932237, 0.0], [-68.64501463102037, -1.7871209959371726, 0.0], [-68.66168789178273, -1.7923400837278294, 0.0], [-68.68072070739473, -1.7978929000372545, 0.0], [-68.7097041940933, -1.797561623969699, 0.0], [-68.73147262775952, -1.7938316668978729, 0.0], [-68.75318407318636, -1.7891429893574298, 0.0], [-68.76568457678181, -1.7869358588027495, 0.0], [-68.77701069978394, -1.7886353643305242, 0.0], [-68.79538460101848, -1.7908577410918127, 0.0], [-68.81761599668081, -1.7870858468343442, 0.0], [-68.83832070053985, -1.7891583803549693, 0.0], [-68.86467554264213, -1.7918352268142215, 0.0], [-68.89837498961403, -1.79213075483041, 0.0], [-68.94144381018369, -1.8004605301293566, 0.0], [-68.95326763059666, -1.8025944315877354, 0.0], [-68.97411964160814, -1.8070355383593153, 0.0], [-68.98582270555336, -1.8149279643540197, 0.0], [-68.99624348105178, -1.824818361977755, 0.0], [-69.00891023691784, -1.833127654317721, 0.0], [-69.02478912741633, -1.8326019771994453, 0.0], [-69.04856390000394, -1.8310936873237793, 0.0], [-69.07018385470111, -1.8249238344673415, 0.0], [-69.08798769907305, -1.8098839502840391, 0.0], [-69.10459594964334, -1.775259084738913, 0.0], [-69.12681637357672, -1.7484234317958993, 0.0], [-69.15924730521894, -1.7204476093696144, 0.0], [-69.19527441258397, -1.6903132638460008, 0.0], [-69.21205962275342, -1.6743628331781792, 0.0], [-69.22729728584099, -1.656113005111024, 0.0], [-69.25628340665382, -1.62593839963737, 0.0], [-69.29451516424345, -1.601866526119231, 0.0], [-69.3286168177119, -1.5866862271875704, 0.0], [-69.34597221784351, -1.58027167060105, 0.0], [-69.36382129451708, -1.574301931289014, 0.0], [-69.38581016460743, -1.5747702874188008, 0.0], [-69.40497738210043, -1.5749423762895987, 0.0], [-69.42387421392375, -1.570813817203799, 0.0], [-69.43556434561798, -1.5561313298969495, 0.0], [-69.4448058221309, -1.5396922067299457, 0.0], [-69.45299449559946, -1.5214041268989078, 0.0], [-69.45470532519388, -1.5173914109890418, 0.0]]]}}, {"id": "1", "type": "Feature", "properties": {"id_snv": 131, "Nome": "Rio Negro", "Codigo": "HF-129", "Sequencia_": "129", "Trecho": "Da confluencia com o rio Solimoes ate a cidade de Cucui (AM).", "Extensao_k": 0.0, "Administra": null, "Regiao_Hid": "Amazonica", "dt_ini": "2013-01-01", "dt_fim": "2029-10-30", "Shape_Leng": 10.9502828543}, "geometry": {"type": "MultiLineString", "coordinates": [[[-61.89844707530084, -1.3926227184188988, 0.0], [-61.98363971600003, -1.3691642109595037, 0.0], [-62.026945906328464, -1.3458454935746502, 0.0], [-62.04836105481873, -1.3320446197633373, 0.0], [-62.066444958867706, -1.3206232063958225, 0.0], [-62.078342263784414, -1.3158642846090487, 0.0], [-62.09642616693402, -1.3144366081629144, 0.0], [-62.11070293319372, -1.3101535779252416, 0.0], [-62.12752841050771, -1.3067390130949832, 0.0], [-62.158873138284676, -1.2866768442609455, 0.0], [-62.18113497869622, -1.261612573361468, 0.0], [-62.209895768075185, -1.244850813913935, 0.0], [-62.22777241436539, -1.2254447661629655, 0.0], [-62.250139348651956, -1.2097403234571402, 0.0], [-62.2753616349315, -1.195463557197364, 0.0], [-62.29201786163499, -1.1854698211752535, 0.0], [-62.30439105900017, -1.181662683386051, 0.0], [-62.314149571945165, -1.1781953139625614, 0.0], [-62.32386888074419, -1.176640224266876, 0.0], [-62.3299596472199, -1.174825953554901, 0.0], [-62.339290183595075, -1.1719749560793815, 0.0], [-62.354726637324376, -1.1702991845596955, 0.0], [-62.39481057744616, -1.1592957499988543, 0.0], [-62.396592691099784, -1.1588502222598862, 0.0], [-62.4084916615609, -1.1543506091932088, 0.0], [-62.41765340328192, -1.1535850442143314, 0.0], [-62.43489044813559, -1.154601628862082, 0.0], [-62.45345966323281, -1.1486486151414468, 0.0], [-62.46214224526838, -1.1486486151414468, 0.0], [-62.475905680302816, -1.151278333528225, 0.0], [-62.49505091117058, -1.1518688778463826, 0.0], [-62.51579282897586, -1.1465751625136278, 0.0], [-62.531991677573814, -1.1390588968505213, 0.0], [-62.55203460181535, -1.1305685709826463, 0.0], [-62.56044486104146, -1.1286589118792634, 0.0], [-62.58276820069186, -1.1267964896661908, 0.0], [-62.61739200233896, -1.1224712767279854, 0.0], [-62.63035108103754, -1.1172876456083571, 0.0], [-62.644606067515966, -1.1100305618609099, 0.0], [-62.66435110661828, -1.1024867697485874, 0.0], [-62.69618319859571, -1.101088797909675, 0.0], [-62.71291680027007, -1.0982244392064757, 0.0], [-62.72778208197742, -1.0905011765879635, 0.0], [-62.74011447350407, -1.0786695923278202, 0.0], [-62.748278693506876, -1.0679135576645251, 0.0], [-62.75670209362669, -1.0614340187648708, 0.0], [-62.767976492121406, -1.0552136608816909, 0.0], [-62.78326820446401, -1.0500300297619702, 0.0], [-62.80594659106234, -1.0425137640988638, 0.0], [-62.82033116804895, -1.0383668597426876, 0.0], [-62.8389922407993, -1.0226863749761463, 0.0], [-62.85415436263362, -1.005062028090066, 0.0], [-62.85869003941374, -0.9984528986823094, 0.0], [-62.865391301667195, -0.988941429503285, 0.0], [-62.875479999802145, -0.9824309997907932, 0.0], [-62.88363499995526, -0.9781650000146982, 0.0], [-62.897432000386466, -0.9771279998572169, 0.0], [-62.921121000133965, -0.9657100003162569, 0.0], [-62.93043759521879, -0.9624255718825836, 0.0], [-62.94026471474474, -0.9475803486541068, 0.0], [-62.95030092214979, -0.9252079698718418, 0.0], [-62.95887351530043, -0.9082718705503012, 0.0], [-62.96389161900296, -0.89949018952057, 0.0], [-62.96932789846368, -0.8915448591079524, 0.0], [-62.97288238791188, -0.8825540901990294, 0.0], [-62.97434600126692, -0.8746087588870424, 0.0], [-62.97434600126692, -0.8651998151192899, 0.0], [-62.97497326490422, -0.8591362729206367, 0.0], [-62.97476417702512, -0.8541181692181112, 0.0], [-62.97622779038017, -0.848681890656664, 0.0], [-62.977900491614406, -0.843872874833238, 0.0], [-62.978736842231434, -0.8363457192794499, 0.0], [-62.977273228876385, -0.8221277596883638, 0.0], [-62.979155017090264, -0.8141824283763768, 0.0], [-62.9808277183245, -0.8047734846085319, 0.0], [-62.984382208671974, -0.7941100144655522, 0.0], [-62.99128210148775, -0.7809374924712245, 0.0], [-63.004454623482076, -0.7719467235623867, 0.0], [-63.02557247588903, -0.7531288351276046, 0.0], [-63.04857211740922, -0.7326382454585811, 0.0], [-63.0625809891213, -0.7211384246984878, 0.0], [-63.073244459264366, -0.7184202849681256, 0.0], [-63.092480523457354, -0.7140294449028985, 0.0], [-63.111507499771236, -0.6989751337953223, 0.0], [-63.130116300326925, -0.6899843648864845, 0.0], [-63.14851601300351, -0.6770209307712562, 0.0], [-63.15855222040856, -0.6625938833010636, 0.0], [-63.17193383028199, -0.6502577119238495, 0.0], [-63.18803357898641, -0.634994313836458, 0.0], [-63.198697049129485, -0.6243308436933859, 0.0], [-63.2110332205067, -0.6149218990263563, 0.0], [-63.232360160792744, -0.6063493058757174, 0.0], [-63.26351422060475, -0.5988221503219293, 0.0], [-63.27504298784357, -0.5973666704354486, 0.0], [-63.29407379167211, -0.598395362655836, 0.0], [-63.31547058679812, -0.5936633791615478, 0.0], [-63.33028375369221, -0.5855367112502208, 0.0], [-63.34766864978834, -0.5736038831127033, 0.0], [-63.36700806137286, -0.5602308860464547, 0.0], [-63.37369455945634, -0.5543673404802973, 0.0], [-63.382335573028215, -0.5493267492300404, 0.0], [-63.401674984612825, -0.5394513055332908, 0.0], [-63.41545945838725, -0.5337934987709048, 0.0], [-63.423997603006924, -0.5314275074734454, 0.0], [-63.43634190785279, -0.524741008490679, 0.0], [-63.44374849129979, -0.5185688560678372, 0.0], [-63.452903851431586, -0.5132196570615122, 0.0], [-63.46349937959266, -0.5079733270073916, 0.0], [-63.47512359997412, -0.5029327357571347, 0.0], [-63.49106832804088, -0.4943945920367412, 0.0], [-63.50125237949369, -0.4790670794820997, 0.0], [-63.50937904740501, -0.46919163578535006, 0.0], [-63.529438542554665, -0.4504694397128617, 0.0], [-63.54441300915301, -0.4269961315661277, 0.0], [-63.555450000117375, -0.4196919997859183, 0.0], [-63.607193426635256, -0.3795149870269867, 0.0], [-63.628295852971206, -0.3685855486840097, 0.0], [-63.64594360291491, -0.35943543699575997, 0.0], [-63.655453324711075, -0.35819575842751306, 0.0], [-63.66553450721169, -0.3566527205465775, 0.0], [-63.67407265093199, -0.3555211593739074, 0.0], [-63.70421332948153, -0.3423539002123235, 0.0], [-63.71686624208337, -0.3355645322773526, 0.0], [-63.73504333388267, -0.3318149978638232, 0.0], [-63.74752126719265, -0.3270263876575896, 0.0], [-63.759556964282375, -0.32332309638368883, 0.0], [-63.77591316905749, -0.31972267406216304, 0.0], [-63.78661156617076, -0.3184882439372885, 0.0], [-63.79875013311205, -0.31725381291304444, 0.0], [-63.807710724370374, -0.3177906982820957, 0.0], [-63.82024979808963, -0.3211628429907165, 0.0], [-63.83526870288829, -0.3287751643422965, 0.0], [-63.84925891546649, -0.3346387090091696, 0.0], [-63.86561511934224, -0.340707992479814, 0.0], [-63.87960533192052, -0.3450284992657515, 0.0], [-63.88368513875813, -0.34566431365711026, 0.0], [-63.904911157124204, -0.35840149723128434, 0.0], [-63.94070964243595, -0.3586072351357785, 0.0], [-63.97661099670016, -0.3518178672007224, 0.0], [-64.00767749761833, -0.3477030992186414, 0.0], [-64.0309155008496, -0.34977470373954844, 0.0], [-64.04522475871559, -0.3522293439090731, 0.0], [-64.06168383244291, -0.35264082151670095, 0.0], [-64.07053058481856, -0.3529494283733925, 0.0], [-64.07958307509878, -0.35490394386187063, 0.0], [-64.08585809647391, -0.3555211593739074, 0.0], [-64.0960421488261, -0.3537723826892858, 0.0], [-64.10725489249928, -0.35130352154025957, 0.0], [-64.1229938817622, -0.3514063904924569, 0.0], [-64.14315624676333, -0.3530522982249664, 0.0], [-64.16774198750268, -0.35706419725484295, 0.0], [-64.17185675638413, -0.3598416661599302, 0.0], [-64.18749287579556, -0.37403761664261737, 0.0], [-64.2110499252138, -0.384530275851489, 0.0], [-64.23357828151248, -0.3885421748814579, 0.0], [-64.26227879113328, -0.39008521366158533, 0.0], [-64.29303668519478, -0.39173112049471825, 0.0], [-64.31206748812404, -0.39142251273865725, 0.0], [-64.34313398994168, -0.3887479136852292, 0.0], [-64.36802833843709, -0.3871020059528121, 0.0], [-64.38623618884903, -0.3886450447329395, 0.0], [-64.39858049369481, -0.3897766059056096, 0.0], [-64.42419492665445, -0.38998234381010377, 0.0], [-64.44816345278106, -0.39255407391133446, 0.0], [-64.47950799979428, -0.4012479999951779, 0.0], [-64.5036371277512, -0.4087196628820635, 0.0], [-64.52130346038629, -0.41950580684743244, 0.0], [-64.53282481181564, -0.42752960580664023, 0.0], [-64.5454777244174, -0.439050957235807, 0.0], [-64.56399418258539, -0.4480005785637431, 0.0], [-64.59022583105725, -0.44985222420073967, 0.0], [-64.62324684746399, -0.4516010008854465, 0.0], [-64.64330451249323, -0.45043786451574164, 0.0], [-64.66573183085931, -0.45612724557587825, 0.0], [-64.68486550364005, -0.46199079114202846, 0.0], [-64.69484381718837, -0.4661055591241947, 0.0], [-64.70266187734373, -0.4669285125408109, 0.0], [-64.70955411423098, -0.4681629435649626, 0.0], [-64.72056111910032, -0.4728949270591656, 0.0], [-64.73136238606516, -0.47598100282094435, 0.0], [-64.75358213550706, -0.4751580494044205, 0.0], [-64.76664652481725, -0.47340927271971367, 0.0], [-64.78032812963939, -0.4740264882318357, 0.0], [-64.78917488201522, -0.475569526112686, 0.0], [-64.80066758464132, -0.4809942447885476, 0.0], [-64.82279228833336, -0.48726875085215227, 0.0], [-64.84118141059359, -0.4881935470944967, 0.0], [-64.85640996085094, -0.47486856573165426, 0.0], [-64.87021083466225, -0.4643989372610804, 0.0], [-64.88686706136573, -0.4596400145749371, 0.0], [-64.90304739652011, -0.4525016323444575, 0.0], [-64.93255271303724, -0.4486944945552551, 0.0], [-64.97178464264711, -0.44100090326898567, 0.0], [-64.9934669149661, -0.43584540474160605, 0.0], [-65.00631600388047, -0.42823113006257074, 0.0], [-65.0157606921022, -0.4256553053479806, 0.0], [-65.0224971502233, -0.42489981637340435, 0.0], [-65.03203864326875, -0.42666687897329325, 0.0], [-65.04002092862295, -0.4274349764429175, 0.0], [-65.04901997848923, -0.42575256972524755, 0.0], [-65.05771018407769, -0.42518084551957713, 0.0], [-65.0680012161831, -0.42495215601713454, 0.0], [-65.07829224918788, -0.42666732863422396, 0.0], [-65.08928684341306, -0.42692569756287213, 0.0], [-65.11316741584352, -0.42666732863422396, 0.0], [-65.13317775674805, -0.4234656738017719, 0.0], [-65.14644175508293, -0.4216361568830962, 0.0], [-65.17628574998736, -0.42415174230902153, 0.0], [-65.1841755418677, -0.4230082947969649, 0.0], [-65.20875967551856, -0.4163762956295258, 0.0], [-65.22453925838008, -0.4124885722897389, 0.0], [-65.23585939459534, -0.40745740053852586, 0.0], [-65.24454960018389, -0.4035696771988242, 0.0], [-65.25975745973894, -0.40059671186872947, 0.0], [-65.27359318138019, -0.39876719495005375, 0.0], [-65.28754324822224, -0.39659464422735624, 0.0], [-65.30515234800242, -0.38756140393557814, 0.0], [-65.32001717375353, -0.3778420951365504, 0.0], [-65.32962213735169, -0.37121009686838846, 0.0], [-65.33751192923214, -0.3634346492895304, 0.0], [-65.34322916949051, -0.35931823644737904, 0.0], [-65.35935178705526, -0.35005630665315834, 0.0], [-65.38153468048105, -0.3382787914330123, 0.0], [-65.39182571258655, -0.33313327538030535, 0.0], [-65.40120198758164, -0.3216987948634653, 0.0], [-65.42875908566322, -0.3106073481505689, 0.0], [-65.44270915250534, -0.3096925901408767, 0.0], [-65.45894611527095, -0.31186514086348893, 0.0], [-65.47381094012277, -0.309120865935121, 0.0], [-65.48147204250077, -0.30374665948068724, 0.0], [-65.48959052388348, -0.2994015571360933, 0.0], [-65.49805203996968, -0.2934556273752733, 0.0], [-65.504112314032, -0.2921978337629838, 0.0], [-65.50971520998887, -0.29242652326534113, 0.0], [-65.5250374138456, -0.29597121280119154, 0.0], [-65.53670058476415, -0.29768638451900387, 0.0], [-65.54733465157288, -0.3021458320644612, 0.0], [-65.55979823619955, -0.3090065207342576, 0.0], [-65.57877947389362, -0.31460941669113396, 0.0], [-65.58701230047718, -0.31563851990169667, 0.0], [-65.61409711688837, -0.3143687967825173, 0.0], [-65.66773973440121, -0.3096925901408767, 0.0], [-65.69255255845378, -0.30614790060511154, 0.0], [-65.71599324369322, -0.3074056933180316, 0.0], [-65.73909089512861, -0.3034036256767436, 0.0], [-65.7502966861431, -0.2933412821744099, 0.0], [-65.75338399577477, -0.2848797660882951, 0.0], [-65.75761475381779, -0.2719588033560072, 0.0], [-65.76115944335355, -0.2612103913464239, 0.0], [-65.76424675298523, -0.2516054268488901, 0.0], [-65.77099309645425, -0.24257218745648146, 0.0], [-65.78002633584666, -0.23799839471006834, 0.0], [-65.79546288490414, -0.2353684640832867, 0.0], [-65.81444412349748, -0.2360545334899058, 0.0], [-65.8405147393637, -0.24177177374836845, 0.0], [-65.86235459808618, -0.25034763413597005, 0.0], [-65.8661847108557, -0.2533295468210994, 0.0], [-65.8678431488422, -0.26875714852355514, 0.0], [-65.87173087218198, -0.2830502491696265, 0.0], [-65.87790549234454, -0.29619990230364124, 0.0], [-65.88385142210545, -0.30363231517910094, 0.0], [-65.89196990348816, -0.3084347965285872, 0.0], [-65.90294700500019, -0.3126655545716872, 0.0], [-65.91003638317252, -0.31403769248547064, 0.0], [-65.9165540371391, -0.31506679569602625, 0.0], [-65.92547293223001, -0.31723934731800796, 0.0], [-65.93245076658958, -0.3205017108852104, 0.0], [-65.93618263472072, -0.32102107116541845, 0.0], [-65.94273899820618, -0.3198692779447043, 0.0], [-65.94784572829768, -0.3192208037969948, 0.0], [-65.95116150799711, -0.31942541395167723, 0.0], [-65.96000506418234, -0.32284224237552195, 0.0], [-65.97086782049351, -0.32444306979183324, 0.0], [-65.97902177023852, -0.32623479809738143, 0.0], [-65.98748087883948, -0.32683826297535745, 0.0], [-65.9999986152438, -0.3284979968850479, 0.0], [-66.00734381456537, -0.329474241542961, 0.0], [-66.04118987801044, -0.32432872549025404, 0.0], [-66.07194863092447, -0.3198692779447043, 0.0], [-66.09436021385271, -0.31403769248547064, 0.0], [-66.11974476121176, -0.30649093530833227, 0.0], [-66.14044117152282, -0.30466141838966365, 0.0], [-66.14993178992013, -0.3006593498490986, 0.0], [-66.16331013255659, -0.29722900551419684, 0.0], [-66.17360116556128, -0.29574252329874895, 0.0], [-66.18949509362366, -0.2988298329303376, 0.0], [-66.20333081526483, -0.309120865935121, 0.0], [-66.21979646843216, -0.3268443109161723, 0.0], [-66.23306046586777, -0.34250954947601997, 0.0], [-66.24300846416924, -0.3560022373133478, 0.0], [-66.25112694555204, -0.3660645799164044, 0.0], [-66.26301880507368, -0.3765843024235451, 0.0], [-66.27525370019809, -0.3840167152990972, 0.0], [-66.29434928309293, -0.39007698936158874, 0.0], [-66.30932845314553, -0.39705202323224853, 0.0], [-66.31637552271216, -0.4017095941224582, 0.0], [-66.3329978278874, -0.41100209007437627, 0.0], [-66.3611266510741, -0.41557588192132755, 0.0], [-66.38879809435655, -0.4163762956295258, 0.0], [-66.39828871365322, -0.4140893997059649, 0.0], [-66.41338222800739, -0.4064282973280555, 0.0], [-66.42859008756244, -0.3927069199882851, 0.0], [-66.43808070685911, -0.38630361122257284, 0.0], [-66.44905780837105, -0.3766986476244085, 0.0], [-66.48073132019424, -0.36972361375374874, 0.0], [-66.51537779644805, -0.3640063734952861, 0.0], [-66.54247839596117, -0.35661530065556946, 0.0], [-66.56271654773045, -0.3562309268157904, 0.0], [-66.57823985618441, -0.3523239256086086, 0.0], [-66.60330895464446, -0.34193782527035665, 0.0], [-66.63641874762708, -0.3181566944758032, 0.0], [-66.6464374578224, -0.3120129336498536, 0.0], [-66.66288259925253, -0.2952851442939419, 0.0], [-66.67614659668804, -0.27756169841360645, 0.0], [-66.68586590548706, -0.26532680418856813, 0.0], [-66.69478480057798, -0.2551501163847405, 0.0], [-66.70233155775512, -0.24714597930343274, 0.0], [-66.71307996976479, -0.23994225682960746, 0.0], [-66.72851651882219, -0.23170943024594237, 0.0], [-66.73949362033423, -0.22484874247542308, 0.0], [-66.75172851545854, -0.2185597780112971, 0.0], [-66.76407775398516, -0.21192777884385805, 0.0], [-66.78820450863113, -0.20140805633671732, 0.0], [-66.8190776067461, -0.1884870936044294, 0.0], [-66.83681297403955, -0.17790997636423356, 0.0], [-66.85349539439684, -0.16721895908761297, 0.0], [-66.86847456444953, -0.15795702929338518, 0.0], [-66.88002339016732, -0.1540693059536835, 0.0], [-66.88871359485651, -0.15006723741303318, 0.0], [-66.89843290365553, -0.14755165198710785, 0.0], [-66.90678007454079, -0.14492172136023385, 0.0], [-66.91386945271303, -0.14480737615946282, 0.0], [-66.92187358979433, -0.14755165198710785, 0.0], [-66.92804820905761, -0.14960985840822616, 0.0], [-66.93365110501448, -0.1540693059536835, 0.0], [-66.93902531056963, -0.15795702929338518, 0.0], [-66.94314172341178, -0.16207344213553654, 0.0], [-66.94863027506707, -0.16607551067627924, 0.0], [-66.95217496370356, -0.1690484760062816, 0.0], [-66.9541188258231, -0.1711066824273999, 0.0], [-66.95914999667494, -0.17430833725994432, 0.0], [-66.96189427250268, -0.17613785417861294, 0.0], [-66.96875496117248, -0.1803686122216277, 0.0], [-66.97767385626348, -0.1825411629443252, 0.0], [-66.9833329652441, -0.18376843986157354, 0.0], [-66.9925386811152, -0.18608585248009035, 0.0], [-67.0042018511345, -0.18711495569064596, 0.0], [-67.01300640192383, -0.18425633556132937, 0.0], [-67.02135357280908, -0.1793395081117879, 0.0], [-67.02775688157479, -0.1716784066331556, 0.0], [-67.0362183976609, -0.1633312357479113, 0.0], [-67.04182599977004, -0.15955599960962985, 0.0], [-67.05507160966704, -0.15145686444274276, 0.0], [-67.06637378192451, -0.14842161026905387, 0.0], [-67.08058037138703, -0.14298820504162535, 0.0], [-67.08765994874764, -0.13998474819750584, 0.0], [-67.09388139570977, -0.1355868286691333, 0.0], [-67.09988830939793, -0.1315107090519163, 0.0], [-67.11147307202464, -0.12679099051175058, 0.0], [-67.12069797493152, -0.11842421800324132, 0.0], [-67.12659762288196, -0.11134464064254246, 0.0], [-67.13335540123077, -0.0995453456411255, 0.0], [-67.1334626669685, -0.09418202907737339, 0.0], [-67.1361443257001, -0.08849691440101282, 0.0], [-67.1368951894614, -0.0830263320995428, 0.0], [-67.1368951894614, -0.07895021248224054, 0.0], [-67.13786058649687, -0.07208516749642513, 0.0], [-67.14247303839996, -0.06457652538630754, 0.0], [-67.15073254517084, -0.0526699637478103, 0.0], [-67.15598859419822, -0.04419592460222077, 0.0], [-67.16145917649979, -0.03690181486680899, 0.0], [-67.16542803037929, -0.032182096326636156, 0.0], [-67.17358027141236, -0.027784177697540713, 0.0], [-67.17636911044602, -0.023945912573765327, 0.0], [-67.18130344589729, -0.013732289613400894, 0.0], [-67.19363907318466, -0.00536551620561454, 0.0], [-67.20951448780338, -0.0056873152173153585, 0.0], [-67.21906119062142, -0.004400120069426805, 0.0], [-67.23375667672924, 0.001284995506210862, 0.0], [-67.24512690608178, 0.01018809940131149, 0.0], [-67.2516701520559, 0.016195013988742346, 0.0], [-67.25638986969669, 0.021021998266625985, 0.0], [-67.26282584903372, 0.02327459045007174, 0.0], [-67.26883276272177, 0.028423374639118038, 0.0], [-67.26969089401953, 0.031641363857858096, 0.0], [-67.27076355679263, 0.03743374517129894, 0.0], [-67.27247981758948, 0.043762457871153515, 0.0], [-67.27355248126194, 0.04998390483338255, 0.0], [-67.26990542639425, 0.055239953860862556, 0.0], [-67.2666874371754, 0.06189046647187979, 0.0], [-67.26700923528793, 0.06854097818361993, 0.0], [-67.27054902441792, 0.07454789187176658, 0.0], [-67.27473241067221, 0.07862401238835304, 0.0], [-67.2791303302005, 0.08237833299368447, 0.0], [-67.28256285179413, 0.08495272508820761, 0.0], [-67.28792616835797, 0.08688351825977492, 0.0], [-67.29286041837356, 0.09020877411568762, 0.0], [-67.30380158387597, 0.09889734653535243, 0.0], [-67.30691230645772, 0.10436792883691481, 0.0], [-67.3119177980679, 0.10978966536082879, 0.0], [-67.31645900927586, 0.11616722383841704, 0.0], [-67.32053512979235, 0.12217413752647843, 0.0], [-67.32707837486709, 0.1332225687665911, 0.0], [-67.32836557091436, 0.1386931510681464, 0.0], [-67.32976003269933, 0.14609452744055318, 0.0], [-67.33093996210951, 0.15156510974211557, 0.0], [-67.33276348954335, 0.15885921947743498, 0.0], [-67.33759047382124, 0.16937131843167919, 0.0], [-67.33962853452917, 0.17870348887502274, 0.0], [-67.34070119730235, 0.1855685329614687, 0.0], [-67.33984306690397, 0.19232631131019673, 0.0], [-67.33598147966156, 0.20176574749134346, 0.0], [-67.33201262578197, 0.21131244941003047, 0.0], [-67.33179809250798, 0.2192501571691139, 0.0], [-67.33362161994174, 0.22718786492802678, 0.0], [-67.33555241401268, 0.24059615498858022, 0.0], [-67.33780500709541, 0.25078645583030834, 0.0], [-67.3354451473756, 0.2611912881474652, 0.0], [-67.33104722874658, 0.26966532819242417, 0.0], [-67.32847283665207, 0.27760303505205286, 0.0], [-67.3260057120939, 0.28521894379925783, 0.0], [-67.32160779256553, 0.2907967927379005, 0.0], [-67.31796073769783, 0.3067794748928918, 0.0], [-67.31527907986559, 0.3214749601014333, 0.0], [-67.31624447690106, 0.3358486471973663, 0.0], [-67.31667354165056, 0.34378635495636445, 0.0], [-67.31643446317995, 0.3495041159223078, 0.0], [-67.31445396357954, 0.35646587220229264, 0.0], [-67.31139319114278, 0.3630675372371073, 0.0], [-67.31007285867543, 0.3684688996200691, 0.0], [-67.30905260119648, 0.3745304282367101, 0.0], [-67.30607097809313, 0.3857024038429344, 0.0], [-67.30641193536249, 0.39535568171936575, 0.0], [-67.30929266172696, 0.4120999043871407, 0.0], [-67.31199334291844, 0.4194217519123953, 0.0], [-67.31385381180397, 0.4229626445105481, 0.0], [-67.31577429694617, 0.4287841134960857, 0.0], [-67.32009538649288, 0.43550580834640584, 0.0], [-67.32243597733847, 0.44198744356570785, 0.0], [-67.32339621945994, 0.4480489721824341, 0.0], [-67.32339621945994, 0.45309024421941047, 0.0], [-67.32303612821467, 0.4563910762871757, 0.0], [-67.32165578038992, 0.4611922877938568, 0.0], [-67.32069553826845, 0.4643130746887181, 0.0], [-67.32069553826845, 0.467733937471273, 0.0], [-67.32231594662359, 0.47157490595720475, 0.0], [-67.32285608304176, 0.47451564857835393, 0.0], [-67.32129568914465, 0.47829660170689436, 0.0], [-67.31859500795316, 0.480397132022091, 0.0], [-67.31421390304915, 0.48429811586542115, 0.0], [-67.30803234371763, 0.4889792966572202, 0.0], [-67.30503158663836, 0.49330038620384187, 0.0], [-67.30221087563137, 0.4973814152201683, 0.0], [-67.30113060279504, 0.5008622933602069, 0.0], [-67.30107058743764, 0.5047032627454229, 0.0], [-67.30137066332543, 0.5084242014158491, 0.0], [-67.30137066332543, 0.5110048518924515, 0.0], [-67.30125063350991, 0.5134054571961499, 0.0], [-67.30053045191885, 0.5162861844599007, 0.0], [-67.2998702847858, 0.5182666840603076, 0.0], [-67.29854995231844, 0.521147410424696, 0.0], [-67.2948890290054, 0.5239081069735718, 0.0], [-67.28936763590765, 0.5260686517469679, 0.0], [-67.2841463186976, 0.5277490754595036, 0.0], [-67.28216581909727, 0.5286493022235703, 0.0], [-67.27694450278649, 0.5293094693566189, 0.0], [-67.27196324610692, 0.5288293482958437, 0.0], [-67.26752212584542, 0.5288893627539579, 0.0], [-67.26368115735949, 0.5305697864664936, 0.0], [-67.2613405665139, 0.5328503619546865, 0.0], [-67.2586999006799, 0.5353709979732599, 0.0], [-67.25767964320096, 0.5385518002254273, 0.0], [-67.25767964320096, 0.5427528599565434, 0.0], [-67.25749959802796, 0.5468939043302612, 0.0], [-67.2589399612102, 0.5522352513558246, 0.0], [-67.26038032439243, 0.5572165080354949, 0.0], [-67.26182068757467, 0.5627379011332465, 0.0], [-67.26272091433864, 0.5681392635162084, 0.0], [-67.26368115735949, 0.571320065768468, 0.0], [-67.26464139948094, 0.5740807614180596, 0.0], [-67.26458138412355, 0.5785818970369547, 0.0], [-67.26272091433864, 0.58344312300175, 0.0], [-67.25989250423564, 0.586576131683124, 0.0], [-67.25707949142539, 0.591305106045894, 0.0], [-67.25509899272426, 0.5999472860384145, 0.0], [-67.25377865935754, 0.6066689817881041, 0.0], [-67.25281841723616, 0.6129705709351327, 0.0], [-67.2518581751146, 0.61993232721521, 0.0], [-67.25113799352354, 0.6247335378226069, 0.0], [-67.25065787246277, 0.6279143400747742, 0.0], [-67.24939755445352, 0.6317553094599901, 0.0], [-67.24861735750495, 0.6361364143640955, 0.0], [-67.24681690307754, 0.6400974135648241, 0.0], [-67.2411154648068, 0.6448386097141068, 0.0], [-67.23343352783502, 0.6490996839033301, 0.0], [-67.22736690455893, 0.6525415233726761, 0.0], [-67.22401115089384, 0.6562414853563112, 0.0], [-67.22161054559015, 0.662062953442657, 0.0], [-67.22065030346869, 0.6686046040193503, 0.0], [-67.22119043898758, 0.6731657540963596, 0.0], [-67.22251077235421, 0.6765266024208003, 0.0], [-67.22341099911829, 0.6798874498459639, 0.0], [-67.22401115089384, 0.6851087670560219, 0.0], [-67.22527146890319, 0.6900900228363227, 0.0], [-67.2276720742068, 0.6963916128827208, 0.0], [-67.23031274004087, 0.7021530656114905, 0.0], [-67.23343352783502, 0.7092348526064427, 0.0], [-67.23685439061758, 0.7180570777719595, 0.0], [-67.23813434982038, 0.722796342177503, 0.0], [-67.23872464952292, 0.7278461487807775, 0.0], [-67.2390101851719, 0.7331761418655347, 0.0], [-67.23872464952292, 0.7379350636523085, 0.0], [-67.23810598969963, 0.7421229150405537, 0.0], [-67.2378680434754, 0.7467390694525164, 0.0], [-67.23796322232482, 0.7504986178170512, 0.0], [-67.23867706009825, 0.756923162274191, 0.0], [-67.23923883330549, 0.7606148109248778, 0.0], [-67.24134205709022, 0.7665837741219192, 0.0], [-67.24224625166313, 0.7715806421329319, 0.0], [-67.24253178731212, 0.775768493521177, 0.0], [-67.24215107371307, 0.7810508971811814, 0.0], [-67.24115169939138, 0.7884748150607379, 0.0], [-67.24096134259182, 0.794137932319785, 0.0], [-67.24167518126451, 0.798516140507509, 0.0], [-67.24178818018034, 0.7991134225464478, 0.0], [-67.24395946375816, 0.8041316692411726, 0.0], [-67.24838526137064, 0.8085098774289889, 0.0], [-67.25228757710991, 0.8120314795691996, 0.0], [-67.25471462787773, 0.8159813847331208, 0.0], [-67.2553808762264, 0.8191698626990416, 0.0], [-67.25409596805446, 0.824595033733857, 0.0], [-67.25276346955846, 0.830781631966758, 0.0], [-67.25157373933656, 0.8362543924263264, 0.0], [-67.25200204236037, 0.8430120619571255, 0.0], [-67.25200204236037, 0.8483420541425133, 0.0], [-67.25066954386429, 0.8538148146020816, 0.0], [-67.24662445985095, 0.8591448076867536, 0.0], [-67.24219866223847, 0.8620477500036827, 0.0], [-67.23648795645394, 0.8688530080599577, 0.0], [-67.23458438755934, 0.8729456814980594, 0.0], [-67.22996823314737, 0.8832249522697921, 0.0], [-67.22777912860387, 0.8897922650010202, 0.0], [-67.22335333189076, 0.8972161837799462, 0.0], [-67.21973655090103, 0.9033551925880943, 0.0], [-67.21735708955796, 0.9068767947283973, 0.0], [-67.21526316386388, 0.9090658992719014, 0.0], [-67.21040906322769, 0.9123495551878733, 0.0], [-67.20603085503987, 0.9144910703067097, 0.0], [-67.19965390000739, 0.9165374065761256, 0.0], [-67.19137337518104, 0.917917494496777, 0.0], [-67.18580543677142, 0.918631332270202, 0.0], [-67.1791905355147, 0.9191072247186725, 0.0], [-67.17219491975968, 0.9194403488930547, 0.0], [-67.16662698135005, 0.9195831171671429, 0.0], [-67.16134457769006, 0.9198210633913817, 0.0], [-67.15691878007758, 0.9211535609880883, 0.0], [-67.15044664619576, 0.9226764162836432, 0.0], [-67.14535459933523, 0.9226764162836432, 0.0], [-67.14178540777036, 0.9218673996607905, 0.0], [-67.13797827088044, 0.9200114201909457, 0.0], [-67.13483738233927, 0.9181078512963481, 0.0], [-67.13193444002235, 0.9155380331537941, 0.0], [-67.13026881645261, 0.913158571810726, 0.0], [-67.12950738925461, 0.9097797379446035, 0.0], [-67.12760382036001, 0.9053539403321196, 0.0], [-67.12579543031482, 0.9022606403163422, 0.0], [-67.12079856230373, 0.8991673411998491, 0.0], [-67.11551615864373, 0.8968354692815339, 0.0], [-67.1096626845852, 0.8939325269646048, 0.0], [-67.10666456341876, 0.892409672568327, 0.0], [-67.10309537185388, 0.8896019082015414, 0.0], [-67.100573143136, 0.8873176257078939, 0.0], [-67.09795573646798, 0.8837484341429303, 0.0], [-67.09443413432777, 0.8818924546730855, 0.0], [-67.08924690951719, 0.8806075456017624, 0.0], [-67.08420245208143, 0.8796557616041909, 0.0], [-67.07853933482238, 0.8794654039053427, 0.0], [-67.07140095169252, 0.8805123667524271, 0.0], [-67.0673558676791, 0.8816069190241791, 0.0], [-67.0616378153329, 0.8841985547195605, 0.0], [-67.05845088510021, 0.8886595733806999, 0.0], [-67.05517302711348, 0.893694580740366, 0.0], [-67.05003339172757, 0.8999287692973112, 0.0], [-67.0430853653972, 0.9051159941078879, 0.0], [-67.03570903694249, 0.9070195630024855, 0.0], [-67.02671467434271, 0.9072099198020567, 0.0], [-67.0232406607279, 0.9067340273534938, 0.0], [-67.01305656790622, 0.9076382228257671, 0.0], [-67.00534711437776, 0.9074478660262884, 0.0], [-66.99530578893098, 0.9046401016594174, 0.0], [-66.98650178313078, 0.9000715366721224, 0.0], [-66.9791254537766, 0.8948843118615457, 0.0], [-66.97360510389237, 0.8891260157530709, 0.0], [-66.96827511170697, 0.8837484341429303, 0.0], [-66.96426576225507, 0.8802958621643953, 0.0], [-66.95700605878257, 0.8772463870111977, 0.0], [-66.94624130249407, 0.8748492503926641, 0.0], [-66.92887123711789, 0.8721842534005972, 0.0], [-66.9132619732614, 0.8709469337540341, 0.0], [-66.90160261456893, 0.8718511292263074, 0.0], [-66.89603467526003, 0.8727553246984954, 0.0], [-66.88551745826406, 0.8738498760709632, 0.0], [-66.87766523646141, 0.8748492503926641, 0.0], [-66.86895640951063, 0.8777046032849256, 0.0], [-66.86286498922787, 0.8811786160003763, 0.0], [-66.8578205317921, 0.8854140568132962, 0.0], [-66.85301402058057, 0.8909819952229157, 0.0], [-66.84939723959084, 0.8947415435874504, 0.0], [-66.84735090332153, 0.8970258269803821, 0.0], [-66.84187814286196, 0.9021178729415311, 0.0], [-66.83745234524947, 0.9053063509074519, 0.0], [-66.83288378026218, 0.9088755424723303, 0.0], [-66.82893387509826, 0.911873663638687, 0.0], [-66.82603093278132, 0.9143483029318986, 0.0], [-66.82274727686526, 0.9166801748502138, 0.0], [-66.81765523000483, 0.9177271376972982, 0.0], [-66.8101837227006, 0.9183457975205798, 0.0], [-66.80709042268482, 0.9188216890696808, 0.0], [-66.80475855166578, 0.9201541875657568, 0.0], [-66.80099900330134, 0.9226764162836432, 0.0], [-66.79971409423003, 0.925769715400051, 0.0], [-66.79952373743046, 0.929100960740783, 0.0], [-66.79976168275542, 0.9315280115086111, 0.0], [-66.80095141387659, 0.934621310625019, 0.0], [-66.80385435619351, 0.938285680140126, 0.0], [-66.80604345983774, 0.9409506771321006, 0.0], [-66.80732836890905, 0.9439487973990879, 0.0], [-66.8075663151333, 0.9462330798927354, 0.0], [-66.80613863868716, 0.951277537328501, 0.0], [-66.80333087432038, 0.9545611932444729, 0.0], [-66.7996189153806, 0.9572261902365398, 0.0], [-66.79742981173638, 0.9609857386009821, 0.0], [-66.79566901021659, 0.967553050432933, 0.0], [-66.79457445794483, 0.9746914335628674, 0.0], [-66.79495517154388, 0.9823532985659398, 0.0], [-66.79571659964134, 0.9886350756482685, 0.0], [-66.79628767003987, 0.9932512300602312, 0.0], [-66.7965256162641, 0.9962493503273038, 0.0], [-66.79742981173638, 0.9994378282932246, 0.0], [-66.79809606008504, 1.0032925546077252, 0.0], [-66.79728704346219, 1.0085273688430618, 0.0], [-66.79714427608738, 1.0131435232550245, 0.0], [-66.79804847155965, 1.0161416444213742, 0.0], [-66.80009480782907, 1.02004396016072, 0.0], [-66.80275980392176, 1.0228041351027528, 0.0], [-66.80394953414365, 1.0252787743959644, 0.0], [-66.80452060544155, 1.0279913599133295, 0.0], [-66.80494890846526, 1.0308467137049604, 0.0], [-66.80556756828864, 1.0333689424227543, 0.0], [-66.8068048879352, 1.0366050089140586, 0.0], [-66.8090415810041, 1.0396983080305588, 0.0], [-66.81237282634483, 1.042030179948874, 0.0], [-66.81770281942958, 1.0443144624425216, 0.0], [-66.82474602371, 1.0486926706303379, 0.0], [-66.83140851439138, 1.0524046304693968, 0.0], [-66.8386469479982, 1.0571096118191647, 0.0], [-66.84233439321767, 1.060938501510691, 0.0], [-66.84539974500217, 1.0675855913019916, 0.0], [-66.847541260121, 1.0751998668803964, 0.0], [-66.84849304501795, 1.0810057515142546, 0.0], [-66.84925447221613, 1.0890959186417604, 0.0], [-66.84982554261465, 1.094521089676661, 0.0], [-66.85125321906078, 1.0974716214182578, 0.0], [-66.85496517889985, 1.104229290949057, 0.0], [-66.85967651126195, 1.1134615997730677, 0.0], [-66.86153249073179, 1.1206951608530602, 0.0], [-66.86186561580546, 1.1280239007824733, 0.0], [-66.8603427605099, 1.1356381763607857, 0.0], [-66.85891508406385, 1.1446801283853247, 0.0], [-66.85606800043784, 1.153909000000418, 0.0], [-66.85521116596247, 1.1563117357980346, 0.0], [-66.84863581239276, 1.1663808125245723, 0.0], [-66.8457804586013, 1.1727101790315686, 0.0], [-66.84354376553232, 1.1813714165576883, 0.0], [-66.84235403531042, 1.1890808700861442, 0.0]], [[-61.7783059575646, -1.3812222624498673, 0.0], [-61.783289098612926, -1.3810615158762118, 0.0], [-61.79566229597819, -1.3820133007731528, 0.0], [-61.80660781689724, -1.3891516839030018, 0.0], [-61.807184108308455, -1.3894305345631608, 0.0]], [[-61.72747957546969, -1.4034209772318817, 0.0], [-61.73826599997581, -1.3970280003418836, 0.0], [-61.74742568910388, -1.3898076959800179, 0.0]], [[-61.83762129194896, -1.4011810085286527, 0.0], [-61.83804885846804, -1.4013096123486903, 0.0], [-61.84991400722559, -1.4015248803688962, 0.0], [-61.85393104804122, -1.4009798677066954, 0.0]], [[-61.63535483736018, -1.4340321894923491, 0.0], [-61.65289424143596, -1.4305038917775548, 0.0]], [[-61.566696174120494, -1.4855621536423627, 0.0], [-61.59894433154829, -1.4530418378784304, 0.0]], [[-59.89671902925977, -3.1258335761585556, 0.0], [-59.92283342772051, -3.139472279721879, 0.0], [-59.940780486430256, -3.1553399116075553, 0.0], [-59.966086305338706, -3.1679828507278884, 0.0], [-59.98640639523893, -3.173500909139605, 0.0], [-60.00005667667425, -3.1667490735108785, 0.0], [-60.002211053897, -3.165809089517836, 0.0], [-60.03285851211055, -3.1500094688618674, 0.0], [-60.10789847873177, -3.1015383425204135, 0.0], [-60.14776573619977, -3.082171263293141, 0.0], [-60.17247318309087, -3.0743440129657884, 0.0], [-60.21741210068781, -3.068897486629716, 0.0], [-60.26662065401993, -3.0700029377853113, 0.0], [-60.294698294090935, -3.0676234773415203, 0.0], [-60.33554974262651, -3.0611385676907332, 0.0], [-60.43946564152609, -3.057585780659231, 0.0], [-60.49557718314045, -3.0391399732311655, 0.0], [-60.56420000042966, -2.9878110001774516, 0.0], [-60.65487800021945, -2.8933519995950263, 0.0], [-60.68768400041628, -2.863024000357285, 0.0], [-60.699585999793996, -2.857350000402157, 0.0], [-60.746365999591134, -2.817138000418282, 0.0], [-60.769951999984784, -2.769350000002433, 0.0], [-60.81944099970231, -2.710213999676249, 0.0], [-60.82465802714623, -2.7026356502150364, 0.0], [-60.86907299971909, -2.6763080000141173, 0.0], [-60.88813586887518, -2.665018674572174, 0.0], [-60.92763492141442, -2.6264714069298734, 0.0], [-60.95095363879936, -2.604104472643222, 0.0], [-60.965706297507616, -2.588875922385867, 0.0], [-60.97712770997576, -2.570792019236258, 0.0], [-60.98521787710327, -2.554611684081877, 0.0], [-60.98997679978942, -2.544142055611296, 0.0], [-60.991880368684015, -2.5312929666970163, 0.0], [-60.99235626023321, -2.508450140861264, 0.0], [-60.992809470880346, -2.4989312163025446, 0.0], [-61.01567497851734, -2.452294860719171, 0.0], [-61.01900622385816, -2.442777017145623, 0.0], [-61.021385685201146, -2.4342109575695616, 0.0], [-61.018342068231846, -2.3922770265634696, 0.0], [-61.02376514564494, -2.3599717742779447, 0.0], [-61.03042763632631, -2.33332181065299, 0.0], [-61.04518029503456, -2.299533463898186, 0.0], [-61.05802938394884, -2.2686004709349206, 0.0], [-61.07325793510556, -2.236715693974091, 0.0], [-61.07849274934081, -2.2176800059274484, 0.0], [-61.07896864089, -2.2024514556700936, 0.0], [-61.088486485363006, -2.1810363062804683, 0.0], [-61.11323288009327, -2.1572416964471444, 0.0], [-61.14273819571112, -2.133922978162829, 0.0], [-61.16320156110309, -2.116314966562406, 0.0], [-61.19889347585321, -2.093948033175117, 0.0], [-61.214597918559036, -2.0692016393441293, 0.0], [-61.22628473085561, -2.028608350195128, 0.0], [-61.24769200038544, -1.99697600034213, 0.0], [-61.28433869747285, -1.9600003995986839, 0.0], [-61.3297638308361, -1.9330964692266264, 0.0], [-61.361172716247836, -1.9050188291556225, 0.0], [-61.38353964963503, -1.8802724353245495, 0.0], [-61.39162981766191, -1.8612367472780846, 0.0], [-61.402791929503934, -1.82224740979008, 0.0], [-61.41903000023427, -1.792406000436543, 0.0], [-61.421810999877735, -1.782206999553324, 0.0], [-61.42216500001467, -1.780897000296342, 0.0], [-61.429701193755015, -1.7389324509717952, 0.0], [-61.43303243909575, -1.7127583806946802, 0.0], [-61.44588152801012, -1.6861084170697183, 0.0], [-61.46491721605658, -1.6699280819153373, 0.0], [-61.48157344365943, -1.6561272081041167, 0.0], [-61.49537431747074, -1.6389950889521643, 0.0], [-61.50822340638511, -1.620911185802555, 0.0], [-61.518217142407124, -1.6033031742021322, 0.0], [-61.52535552553697, -1.5890264079422636, 0.0], [-61.53201801711772, -1.5718942887903964, 0.0], [-61.539156399348286, -1.5566657385329563, 0.0], [-61.54677067492669, -1.5366782655894653, 0.0], [-61.55143062115238, -1.5148328870320782, 0.0]]]}}, {"id": "2", "type": "Feature", "properties": {"id_snv": 20, "Nome": "Rio Tarauaca", "Codigo": "HF-144", "Sequencia_": "144", "Trecho": "Da foz, no Rio Jurua, afluente do Rio Solimoes, ate a cidade de Tarauaca (AC).", "Extensao_k": 0.0, "Administra": null, "Regiao_Hid": "Amazonica", "dt_ini": "2013-01-01", "dt_fim": "2029-10-30", "Shape_Leng": 4.40571473734}, "geometry": {"type": "LineString", "coordinates": [[-69.76620293411813, -6.692505189462818, 0.0], [-69.76540863040395, -6.693718857839016, 0.0], [-69.76415620394559, -6.695632523422169, 0.0], [-69.76237292656924, -6.696617492403302, 0.0], [-69.76122936574258, -6.697628906848564, 0.0], [-69.76033789837528, -6.699429512362055, 0.0], [-69.76001183387899, -6.701407215070855, 0.0], [-69.76037532636018, -6.7028147556963305, 0.0], [-69.76112547066391, -6.703724955042624, 0.0], [-69.76250966848632, -6.703679088718907, 0.0], [-69.76464849822959, -6.703784549517312, 0.0], [-69.76759560355426, -6.703267634493638, 0.0], [-69.76985905415196, -6.703712542599728, 0.0], [-69.77136081854694, -6.705166903729566, 0.0], [-69.77259149939812, -6.707234644762984, 0.0], [-69.77302228005415, -6.709266229452883, 0.0], [-69.77280360360344, -6.712438660815469, 0.0], [-69.77224173686665, -6.714271336153178, 0.0], [-69.77135543880237, -6.716605715381409, 0.0], [-69.76955109120988, -6.718427673498319, 0.0], [-69.76664872535832, -6.720249926592782, 0.0], [-69.7654412263315, -6.721605619503691, 0.0], [-69.76492605239537, -6.723139391669498, 0.0], [-69.76540810340124, -6.724912044455301, 0.0], [-69.76661840471562, -6.726160835853857, 0.0], [-69.76816930446974, -6.72676587364608, 0.0], [-69.78006424866612, -6.727943423450235, 0.0], [-69.78231843624681, -6.728174051890935, 0.0], [-69.78772492566475, -6.727498117843801, 0.0], [-69.79016987294129, -6.7279251690112964, 0.0], [-69.79391121273224, -6.7293438198613345, 0.0], [-69.79614430941226, -6.731592247284336, 0.0], [-69.79815116994051, -6.733610311566597, 0.0], [-69.79923744395285, -6.735465460062841, 0.0], [-69.79955323099674, -6.737317442046255, 0.0], [-69.79838579946502, -6.7389831024880955, 0.0], [-69.79698228240636, -6.739517216146552, 0.0], [-69.79343152694338, -6.738679749470812, 0.0], [-69.79211705445847, -6.73871072392075, 0.0], [-69.79076761992964, -6.739048832137819, 0.0], [-69.78966550076224, -6.739992642746241, 0.0], [-69.78585461190079, -6.744352981404912, 0.0], [-69.78322852857373, -6.7463814346554365, 0.0], [-69.78086091849659, -6.747657774986283, 0.0], [-69.7778294612606, -6.748583318565217, 0.0], [-69.77560819156477, -6.7486996251875055, 0.0], [-69.77362875496303, -6.748640515447381, 0.0], [-69.769897984904, -6.748271705274934, 0.0], [-69.76620314276074, -6.748362356937111, 0.0], [-69.76355294860959, -6.749308832236757, 0.0], [-69.76273337484527, -6.750107086672642, 0.0], [-69.76146537662578, -6.75134209865892, 0.0], [-69.76022521871883, -6.753446827908739, 0.0], [-69.76012902273618, -6.755448470570403, 0.0], [-69.7608624648308, -6.756947664702885, 0.0], [-69.7631011930656, -6.757510871429563, 0.0], [-69.76564511972647, -6.757342432007597, 0.0], [-69.76787582061262, -6.757526540317528, 0.0], [-69.77032760723327, -6.758257743999664, 0.0], [-69.77242040697611, -6.7595124331522385, 0.0], [-69.77335886931631, -6.760673712421873, 0.0], [-69.77459510258184, -6.762203441235805, 0.0], [-69.77539299998696, -6.764348146249922, 0.0], [-69.77627444710804, -6.768476297942762, 0.0], [-69.7771038612541, -6.770405273584469, 0.0], [-69.77917604763641, -6.772663759924548, 0.0], [-69.78051959070646, -6.774038960929264, 0.0], [-69.78238122151615, -6.775944426494064, 0.0], [-69.78347951676626, -6.777889854333242, 0.0], [-69.78394318832741, -6.779184700913156, 0.0], [-69.78360517543845, -6.7807487478564035, 0.0], [-69.78296919287388, -6.7823694017264415, 0.0], [-69.78128518536293, -6.784291029907109, 0.0], [-69.77974186779292, -6.7849399258368095, 0.0], [-69.77834186258684, -6.78477818636415, 0.0], [-69.7769137436743, -6.78349172776095, 0.0], [-69.77598404972403, -6.781124254380856, 0.0], [-69.77452413078397, -6.777220178668276, 0.0], [-69.77390631272611, -6.7737299781559415, 0.0], [-69.77405324306262, -6.768625730193246, 0.0], [-69.7735059138668, -6.7664179593212594, 0.0], [-69.77187683784578, -6.7651175558305034, 0.0], [-69.77028854518012, -6.764521640761036, 0.0], [-69.7683258296732, -6.7648872736287515, 0.0], [-69.76653807727038, -6.766240276667336, 0.0], [-69.76535611539232, -6.768837562803277, 0.0], [-69.7641505022439, -6.7717761884202545, 0.0], [-69.76383605429044, -6.77525122366497, 0.0], [-69.7646247390404, -6.7800195676489, 0.0], [-69.7647353952223, -6.78360258629024, 0.0], [-69.76395067918047, -6.785455469394343, 0.0], [-69.76303656508539, -6.786503565387182, 0.0], [-69.76166920257158, -6.787726367277948, 0.0], [-69.75935518399447, -6.78842272762671, 0.0], [-69.75627673358433, -6.788390701869375, 0.0], [-69.7542192744999, -6.788273912311173, 0.0], [-69.75314851199421, -6.788680873523457, 0.0], [-69.75163230628586, -6.789431825418347, 0.0], [-69.75037141810638, -6.790144595696436, 0.0], [-69.74952388352041, -6.79118002114102, 0.0], [-69.74916271129005, -6.792607908028415, 0.0], [-69.74988572124899, -6.794861190891201, 0.0], [-69.75328400565229, -6.799284956935171, 0.0], [-69.76156437579526, -6.808082864432631, 0.0], [-69.76470747127274, -6.811363611041767, 0.0], [-69.76698191338456, -6.814288137087811, 0.0], [-69.77111420105953, -6.818900696010267, 0.0], [-69.77262242708333, -6.820137479660872, 0.0], [-69.7750547640661, -6.822132019477024, 0.0], [-69.7779197046306, -6.8234225097410075, 0.0], [-69.78516133083073, -6.825047594570734, 0.0], [-69.78744673747688, -6.8264374680147135, 0.0], [-69.78895656429395, -6.827561994690225, 0.0], [-69.78937969891392, -6.8290963747978175, 0.0], [-69.78910994007164, -6.830483795790489, 0.0], [-69.78848762180627, -6.8319560956971905, 0.0], [-69.78742722848379, -6.833336734902375, 0.0], [-69.78573737178229, -6.834629393431747, 0.0], [-69.78326209756771, -6.8358395544518515, 0.0], [-69.78241607654061, -6.836469565518012, 0.0], [-69.78091436160847, -6.8368584089883235, 0.0], [-69.77945525115885, -6.836602612120814, 0.0], [-69.7756217011805, -6.835179591464925, 0.0], [-69.77430487157257, -6.834792025031934, 0.0], [-69.77252704228914, -6.834898138738112, 0.0], [-69.77114652449244, -6.835263379501345, 0.0], [-69.76995220862747, -6.83625781924292, 0.0], [-69.76960715134891, -6.837550690911577, 0.0], [-69.76974717848945, -6.838387795160607, 0.0], [-69.77021905096832, -6.839388924958868, 0.0], [-69.77453625814177, -6.844005180094971, 0.0], [-69.77719330602623, -6.847440842121134, 0.0], [-69.77982671343206, -6.851835999831536, 0.0], [-69.78186475345557, -6.856214949959906, 0.0], [-69.78271524321391, -6.858472246496973, 0.0], [-69.78419127800501, -6.8636762940257015, 0.0], [-69.7847810561008, -6.866634256865435, 0.0], [-69.7848088865209, -6.867999537448689, 0.0], [-69.78375840013005, -6.872886138684255, 0.0], [-69.78323699029482, -6.8737344673717296, 0.0], [-69.78216349295083, -6.874295997762005, 0.0], [-69.7769275293819, -6.872876341469926, 0.0], [-69.77547819456298, -6.873213315641959, 0.0], [-69.77396060569738, -6.874224022320753, 0.0], [-69.77360262606034, -6.875538208821265, 0.0], [-69.77382828394809, -6.877703386901736, 0.0], [-69.77563441489627, -6.879124379586411, 0.0], [-69.77944560323195, -6.882757043502664, 0.0], [-69.78020947119008, -6.884194240171983, 0.0], [-69.78048023817243, -6.886211754069173, 0.0], [-69.7802930029197, -6.887283544499979, 0.0], [-69.77952741455856, -6.888074056672323, 0.0], [-69.77633841588515, -6.8901842681894045, 0.0], [-69.77528726939192, -6.89196746732469, 0.0], [-69.77516577997669, -6.893373561840356, 0.0], [-69.7755939732832, -6.894920380471138, 0.0], [-69.78064841499227, -6.8995530122616735, 0.0], [-69.78248376761177, -6.901625048457184, 0.0], [-69.78346187026902, -6.903541565790551, 0.0], [-69.7832217377929, -6.905462593224033, 0.0], [-69.7826074945402, -6.90679908830726, 0.0], [-69.78149177762339, -6.907606886348695, 0.0], [-69.77849058437293, -6.908638847604699, 0.0], [-69.77507654474672, -6.910262694068038, 0.0], [-69.77273599167262, -6.9123677290874, 0.0], [-69.77164465177923, -6.914855444523095, 0.0], [-69.77173486637093, -6.916849531080928, 0.0], [-69.77237178602903, -6.918574244605637, 0.0], [-69.77307189924869, -6.91938329630203, 0.0], [-69.77613765482884, -6.922359693445092, 0.0], [-69.77767228135062, -6.924763864560614, 0.0], [-69.77818175808164, -6.92659296779118, 0.0], [-69.77824307565737, -6.928882591358455, 0.0], [-69.77791414052517, -6.93045969375984, 0.0], [-69.77621437329465, -6.9323233768223815, 0.0], [-69.77350428159728, -6.933762230942143, 0.0], [-69.77109743769657, -6.934388970274753, 0.0], [-69.76875632524413, -6.93393385486344, 0.0], [-69.76608237909848, -6.932724354845078, 0.0], [-69.76249002279627, -6.930626149277298, 0.0], [-69.76019539630043, -6.929681159657676, 0.0], [-69.75834705477277, -6.928911058498478, 0.0], [-69.7563278348616, -6.92912079928535, 0.0], [-69.75454604676257, -6.930133992589628, 0.0], [-69.75296690469888, -6.931244667007753, 0.0], [-69.75172867763631, -6.933036116523507, 0.0], [-69.75072308810005, -6.935446469578878, 0.0], [-69.74996532743782, -6.9384232498330825, 0.0], [-69.74942045429052, -6.941716489824103, 0.0], [-69.7495581656768, -6.9442741554278555, 0.0], [-69.75069546092678, -6.945897675437308, 0.0], [-69.75245017763356, -6.947523714447769, 0.0], [-69.75374921505421, -6.947901533129176, 0.0], [-69.7549516805756, -6.9479349951038785, 0.0], [-69.7613762340259, -6.946538338973131, 0.0], [-69.76295114567881, -6.946830749939149, 0.0], [-69.76406737430985, -6.948049093890475, 0.0], [-69.76413980211014, -6.949158824919767, 0.0], [-69.76369353243052, -6.950450502288831, 0.0], [-69.75811931675304, -6.957112803213285, 0.0], [-69.7550105205191, -6.959054906258867, 0.0], [-69.75234749124368, -6.959679004282616, 0.0], [-69.74917101473048, -6.9598411808257445, 0.0], [-69.74517538353702, -6.959559940338934, 0.0], [-69.74154185537228, -6.9585429815732915, 0.0], [-69.7369849878668, -6.957928187036146, 0.0], [-69.73369868704475, -6.958072863671706, 0.0], [-69.73069509260439, -6.958859263244367, 0.0], [-69.729262735187, -6.9606308323469825, 0.0], [-69.72927453699027, -6.962931544555108, 0.0], [-69.7298518387913, -6.964455759625533, 0.0], [-69.73135465179566, -6.96613802065308, 0.0], [-69.73307786794916, -6.9672213448890865, 0.0], [-69.73474597544636, -6.967517940400526, 0.0], [-69.73693049164878, -6.967672860314224, 0.0], [-69.73920769827666, -6.967219417641925, 0.0], [-69.7432893460265, -6.964469672137653, 0.0], [-69.74624836467021, -6.962566375737612, 0.0], [-69.74862559749324, -6.962213496155879, 0.0], [-69.7511740396502, -6.962814206410396, 0.0], [-69.7525907947294, -6.963704180003884, 0.0], [-69.75352749080103, -6.965413387417886, 0.0], [-69.7535887049547, -6.967038793305637, 0.0], [-69.75289306316431, -6.968480448813676, 0.0], [-69.7509253708092, -6.97064330124736, 0.0], [-69.74816235940536, -6.9727098201020645, 0.0], [-69.74563395054636, -6.973904581131464, 0.0], [-69.7409387565183, -6.976680652490032, 0.0], [-69.73584922955824, -6.981521162571504, 0.0], [-69.73196610984802, -6.987943900290684, 0.0], [-69.73011907953186, -6.992825587630737, 0.0], [-69.73009869369973, -6.995328094216159, 0.0], [-69.73035933521513, -6.997485933828752, 0.0], [-69.73143932386571, -6.9990749216702355, 0.0], [-69.73356399198458, -7.0004712522464665, 0.0], [-69.73635686717562, -7.000881023840101, 0.0], [-69.73807319452226, -7.000476265067469, 0.0], [-69.73928213696104, -7.0000619635886565, 0.0], [-69.74027936819827, -6.9989687180318185, 0.0], [-69.74141168839863, -6.99703401280939, 0.0], [-69.74355662273987, -6.992789107531262, 0.0], [-69.74570248338283, -6.990599900464968, 0.0], [-69.7475016976452, -6.989428884235561, 0.0], [-69.74981526116535, -6.989143301821844, 0.0], [-69.75228545510967, -6.989505657560059, 0.0], [-69.754483207534, -6.9905269411652995, 0.0], [-69.75647531108669, -6.992436113735646, 0.0], [-69.75774977723042, -6.994529369434822, 0.0], [-69.75776054391396, -6.9963122529081225, 0.0], [-69.75707315610124, -6.998215935117326, 0.0], [-69.75583051336747, -6.99964744087659, 0.0], [-69.75322099735114, -7.000138860120288, 0.0], [-69.74797029839053, -7.001326155877376, 0.0], [-69.74531664274882, -7.002723611505392, 0.0], [-69.7434972737801, -7.005108711597664, 0.0], [-69.74310597516053, -7.006918628691729, 0.0], [-69.74323250257788, -7.009431183402327, 0.0], [-69.7444104417884, -7.011333013008127, 0.0], [-69.74643726636671, -7.012613027069538, 0.0], [-69.7478232403502, -7.0134051706121205, 0.0], [-69.74958246535846, -7.013937538686456, 0.0], [-69.75143966610764, -7.014877931871023, 0.0], [-69.75256461096792, -7.0165101681097255, 0.0], [-69.75301349497674, -7.0196912707354855, 0.0], [-69.75296461502492, -7.021363451262243, 0.0], [-69.75176048935508, -7.023591556704968, 0.0], [-69.75062326065489, -7.024685239332275, 0.0], [-69.74883202427841, -7.024840248278753, 0.0], [-69.74421183280981, -7.022912975953023, 0.0], [-69.74255315560364, -7.0224037186566015, 0.0], [-69.74056263665629, -7.0223438274057095, 0.0], [-69.73896948405437, -7.0227912805931005, 0.0], [-69.73785041086771, -7.024392024372407, 0.0], [-69.73763892809401, -7.025739853611292, 0.0], [-69.7389153295787, -7.029459949616935, 0.0], [-69.74017896518703, -7.032567504786481, 0.0], [-69.74001776440826, -7.035144779208181, 0.0], [-69.73755679301155, -7.041931032790906, 0.0], [-69.73771375888278, -7.0444438294191905, 0.0], [-69.73870177116979, -7.046678583549738, 0.0], [-69.74022235747582, -7.048063135705064, 0.0], [-69.74265427087785, -7.048684510581683, 0.0], [-69.74488934606642, -7.048447019414329, 0.0], [-69.75194246177514, -7.046225985340961, 0.0], [-69.7533993517986, -7.045874291964939, 0.0], [-69.75516100137904, -7.046267651830686, 0.0], [-69.75814149673268, -7.0469331474467225, 0.0], [-69.76010748936909, -7.047742841259076, 0.0], [-69.7617858230573, -7.047351878086662, 0.0], [-69.76383975320202, -7.045853159695493, 0.0], [-69.76600695205919, -7.043385051279095, 0.0], [-69.7700445168409, -7.03825925735876, 0.0], [-69.77626833441609, -7.032835693412455, 0.0], [-69.77950436133717, -7.030707522434167, 0.0], [-69.78296831873286, -7.029425013653391, 0.0], [-69.78631799028304, -7.029368420216343, 0.0], [-69.78895487446782, -7.029968945210609, 0.0], [-69.790425307382, -7.030757016623003, 0.0], [-69.79128675178217, -7.032169258004796, 0.0], [-69.79206013097024, -7.034185005633432, 0.0], [-69.79198010659663, -7.036446698056643, 0.0], [-69.78848839432388, -7.043538404573692, 0.0], [-69.78683792343139, -7.045235407288132, 0.0], [-69.78496246194803, -7.0467061630589924, 0.0], [-69.78302978379745, -7.047490532861701, 0.0], [-69.78064725846416, -7.048457460543357, 0.0], [-69.77716044030204, -7.049872537487513, 0.0], [-69.77322062463207, -7.051471428663415, 0.0], [-69.76841518271443, -7.053421576144782, 0.0], [-69.76540409422354, -7.054643514686422, 0.0], [-69.76342887724086, -7.0563818898123145, 0.0], [-69.761901287914, -7.0584851360801295, 0.0], [-69.76123856760577, -7.060305900796639, 0.0], [-69.76126172245047, -7.061965682370243, 0.0], [-69.76195351334394, -7.063943158449927, 0.0], [-69.7628775838334, -7.065192046975412, 0.0], [-69.76460008862313, -7.065936359175552, 0.0], [-69.76771704440603, -7.065648576120832, 0.0], [-69.77196124731373, -7.064417574211625, 0.0], [-69.77468692696007, -7.06410585300269, 0.0], [-69.77756372688448, -7.064236444456341, 0.0], [-69.77928247880332, -7.06465534237012, 0.0], [-69.78038091164969, -7.065324003599795, 0.0], [-69.78148036612595, -7.067343954659723, 0.0], [-69.7817330819162, -7.069907452366987, 0.0], [-69.78129650243154, -7.071379418625202, 0.0], [-69.78009644529469, -7.073495916403395, 0.0], [-69.77714697115572, -7.075603179043423, 0.0], [-69.77371206635867, -7.076427763830186, 0.0], [-69.77107406431654, -7.075593172287022, 0.0], [-69.76764203105486, -7.074261877983247, 0.0], [-69.7661232766678, -7.074537491412038, 0.0], [-69.76456416970063, -7.075639333588381, 0.0], [-69.76441080561413, -7.077023474753531, 0.0], [-69.7649588075029, -7.078631747657006, 0.0], [-69.76846321100831, -7.080877359302619, 0.0], [-69.77066427833378, -7.082399738856772, 0.0], [-69.77367570137245, -7.08614831819029, 0.0], [-69.77533806849704, -7.0872145589047655, 0.0], [-69.77728113111921, -7.08816246952232, 0.0], [-69.77996480343292, -7.088661733552083, 0.0], [-69.78314095169358, -7.088205587517805, 0.0], [-69.79035181028782, -7.088253870319829, 0.0], [-69.79487399723708, -7.088894695733629, 0.0], [-69.80049391196444, -7.091232898879131, 0.0], [-69.80261840831288, -7.0925162800022825, 0.0], [-69.80363852999415, -7.094488299895087, 0.0], [-69.80364266237898, -7.096185025618386, 0.0], [-69.80281114291991, -7.097056929133906, 0.0], [-69.79756481826173, -7.098660791762125, 0.0], [-69.79624509283671, -7.099761533168149, 0.0], [-69.79547104815032, -7.101686013998311, 0.0], [-69.79505763250371, -7.104298880888628, 0.0], [-69.79500851513079, -7.10728417322596, 0.0], [-69.79395696124469, -7.109527524875293, 0.0], [-69.79263108445694, -7.110583774121849, 0.0], [-69.78956181792348, -7.1110865877757625, 0.0], [-69.78600492638618, -7.111297369078308, 0.0], [-69.78370581137403, -7.1117806386655005, 0.0], [-69.78236035724468, -7.113461696400115, 0.0], [-69.78197491680893, -7.1163692081723475, 0.0], [-69.7826759086662, -7.1180200163106235, 0.0], [-69.78595980739915, -7.120546592351364, 0.0], [-69.7872401793907, -7.121921841919367, 0.0], [-69.7908861208977, -7.127823715691907, 0.0], [-69.7933882290835, -7.130079734292284, 0.0], [-69.79539062807501, -7.130985562933358, 0.0], [-69.79739502715879, -7.1308273443064465, 0.0], [-69.79891015907648, -7.129865136266979, 0.0], [-69.79988714387657, -7.127578823104187, 0.0], [-69.80110262168857, -7.123815861812556, 0.0], [-69.80260285993394, -7.117505917963708, 0.0], [-69.80433887164158, -7.115857439968799, 0.0], [-69.80694969437282, -7.114665897613083, 0.0], [-69.81034389855205, -7.114568703382908, 0.0], [-69.81280429348331, -7.115301545629794, 0.0], [-69.8143617780735, -7.116724507829687, 0.0], [-69.81784218766674, -7.120524871925195, 0.0], [-69.81964967659123, -7.121900547772032, 0.0], [-69.82561439408902, -7.124103431727903, 0.0], [-69.82852852037489, -7.126162832448703, 0.0], [-69.83010386729963, -7.127266109942955, 0.0], [-69.830980034501, -7.128966154164619, 0.0], [-69.83070880526716, -7.13070525324483, 0.0], [-69.82805529711422, -7.1351141211197024, 0.0], [-69.82709105930489, -7.138641231607469, 0.0], [-69.82682587081719, -7.141491785717292, 0.0], [-69.82737786209859, -7.143693035605082, 0.0], [-69.82905248338538, -7.146218127764271, 0.0], [-69.83271295793658, -7.149832572315308, 0.0], [-69.83455277029407, -7.152630008867757, 0.0], [-69.8353851845786, -7.154315272731594, 0.0], [-69.83507268995268, -7.155799477863546, 0.0], [-69.8339609813142, -7.157153318171051, 0.0], [-69.82773174982037, -7.159650603292679, 0.0], [-69.82606668293103, -7.160742984601022, 0.0], [-69.8252375754537, -7.162615011573482, 0.0], [-69.82480440439964, -7.164457332140074, 0.0], [-69.82514616386429, -7.165494327800971, 0.0], [-69.82741355798927, -7.166944387473485, 0.0], [-69.83041606424987, -7.166945985568741, 0.0], [-69.83370450905575, -7.167107852745204, 0.0], [-69.83592142873087, -7.167822708551132, 0.0], [-69.84310130568066, -7.170624204643307, 0.0], [-69.84825648225082, -7.17152257880397, 0.0], [-69.85275958019042, -7.171468875787891, 0.0], [-69.85495974639511, -7.170807013432835, 0.0], [-69.85742149390673, -7.16926889214561, 0.0], [-69.85946890846328, -7.167931034589493, 0.0], [-69.86161770809068, -7.167587144631028, 0.0], [-69.8644417277035, -7.167939843448913, 0.0], [-69.86664293352449, -7.169035643979761, 0.0], [-69.86886791292379, -7.170776634334132, 0.0], [-69.87008968149358, -7.172988386504787, 0.0], [-69.87027282393169, -7.174166434533248, 0.0], [-69.86927417086628, -7.176318734322042, 0.0], [-69.86761451609694, -7.177525289060739, 0.0], [-69.86269283050967, -7.179164814304663, 0.0], [-69.86123676516458, -7.179827503136739, 0.0], [-69.85984300844805, -7.181074858318016, 0.0], [-69.85864096021209, -7.18263032123231, 0.0], [-69.85806225636794, -7.184295273907683, 0.0], [-69.8582988509112, -7.18618572529094, 0.0], [-69.85902502558439, -7.187957373533894, 0.0], [-69.86103989637407, -7.190419898059787, 0.0], [-69.86313769904555, -7.192376510767286, 0.0], [-69.8692810245996, -7.196572827473936, 0.0], [-69.87539031441142, -7.201589891560246, 0.0], [-69.87737332132164, -7.203683589725841, 0.0], [-69.87912339482874, -7.206664853999779, 0.0], [-69.8797863624506, -7.209015282529187, 0.0], [-69.88052547207282, -7.21152152849568, 0.0], [-69.88014498959956, -7.2128604328626125, 0.0], [-69.87779622391655, -7.215229042985939, 0.0], [-69.87586460876463, -7.21772425786812, 0.0], [-69.87492276227565, -7.219874492813595, 0.0], [-69.87514385970135, -7.221342834803902, 0.0], [-69.87621372108634, -7.2223267416857375, 0.0], [-69.88255280476805, -7.225221415635787, 0.0], [-69.88488635841863, -7.226857188908088, 0.0], [-69.88904029817125, -7.230725137954742, 0.0], [-69.8920288847252, -7.233478469955358, 0.0], [-69.89264444728339, -7.235161549365955, 0.0], [-69.89255180722012, -7.236837471072345, 0.0], [-69.89148403855748, -7.237980064228523, 0.0], [-69.88567438576423, -7.238919627338859, 0.0], [-69.88295671548003, -7.239659477103157, 0.0], [-69.87830102147488, -7.241784843096045, 0.0], [-69.87534039664195, -7.242562177502489, 0.0], [-69.87019220420683, -7.242093984150046, 0.0], [-69.86753437930808, -7.2427881861258605, 0.0], [-69.86566747667267, -7.244107016725433, 0.0], [-69.86585196449653, -7.245648568026887, 0.0], [-69.86688778834073, -7.247208076091795, 0.0], [-69.86909825178289, -7.2491970077357095, 0.0], [-69.87204513407566, -7.250586445008324, 0.0], [-69.8731304961754, -7.252040264746341, 0.0], [-69.87342990296757, -7.254211636457754, 0.0], [-69.87303742983349, -7.256480848112602, 0.0], [-69.87142238773299, -7.2603065227277455, 0.0], [-69.87171288853888, -7.262498389988682, 0.0], [-69.8724237099862, -7.264549668932009, 0.0], [-69.873549228614, -7.266653562711735, 0.0], [-69.87544671989019, -7.267353886372664, 0.0], [-69.87703559351779, -7.266906236233751, 0.0], [-69.87880838389975, -7.265557202802565, 0.0], [-69.88113544084787, -7.263103750637491, 0.0], [-69.88435423136261, -7.25966030228108, 0.0], [-69.88757823884457, -7.258489116979096, 0.0], [-69.89147444728783, -7.257750517272456, 0.0], [-69.89617066654299, -7.257892958193381, 0.0], [-69.8991762988471, -7.259159726140453, 0.0], [-69.90080843256301, -7.261327210082648, 0.0], [-69.9013334756593, -7.264125306737469, 0.0], [-69.89993709022455, -7.266287535041695, 0.0], [-69.89776463033337, -7.267193216193903, 0.0], [-69.89438592956701, -7.267279588881838, 0.0], [-69.8887460247092, -7.267540444435884, 0.0], [-69.88659569263707, -7.26848847016678, 0.0], [-69.88534369875268, -7.270022750449513, 0.0], [-69.88482366128288, -7.271925836408201, 0.0], [-69.8852425205259, -7.27463731665884, 0.0], [-69.88710388513609, -7.277621273502945, 0.0], [-69.88854416917808, -7.279739714715973, 0.0], [-69.89215073207058, -7.284070386539078, 0.0], [-69.89449301903754, -7.288256930313043, 0.0], [-69.89601463057076, -7.2896526979136524, 0.0], [-69.89746756177856, -7.290395123336214, 0.0], [-69.89957973921355, -7.29006012767265, 0.0], [-69.90081357218854, -7.2886798481964234, 0.0], [-69.90190753540438, -7.286268507685424, 0.0], [-69.90329261726043, -7.280963119152574, 0.0], [-69.90474214723221, -7.2787249341083395, 0.0], [-69.90662707408015, -7.277191116077088, 0.0], [-69.90910777480393, -7.276443249756127, 0.0], [-69.91174060124771, -7.276259931950303, 0.0], [-69.91406580199514, -7.277467766424252, 0.0], [-69.91509184211485, -7.278965338179745, 0.0], [-69.91648846766863, -7.281357934121292, 0.0], [-69.91667874982444, -7.283231643725387, 0.0], [-69.91578993275915, -7.286718566208851, 0.0], [-69.91406909711114, -7.289353580703185, 0.0], [-69.90841293700738, -7.297623796600895, 0.0], [-69.90678910673189, -7.301508159174176, 0.0], [-69.90627572604389, -7.304758386390343, 0.0], [-69.90644486603772, -7.307569592462716, 0.0], [-69.90688716251246, -7.3100293138017705, 0.0], [-69.90752332943808, -7.311559549833348, 0.0], [-69.90949749960987, -7.312974068298551, 0.0], [-69.91205491520213, -7.313925277629409, 0.0], [-69.91411606510427, -7.313640649396426, 0.0], [-69.92048703424922, -7.310369328581569, 0.0], [-69.92272048346351, -7.309222299969122, 0.0], [-69.92500929494297, -7.309417853051471, 0.0], [-69.92681744846641, -7.310497535033157, 0.0], [-69.92777916997267, -7.3120768128945315, 0.0], [-69.92829250839252, -7.31335325934538, 0.0], [-69.92804782714543, -7.314925239208371, 0.0], [-69.9259528087751, -7.321050576522893, 0.0], [-69.92489686889539, -7.324669774890115, 0.0], [-69.92483375267548, -7.327958682846848, 0.0], [-69.9260460882563, -7.331125831591802, 0.0], [-69.92732137638038, -7.333434715040056, 0.0], [-69.9312938725142, -7.3357968257628094, 0.0], [-69.93444016688014, -7.336699972625617, 0.0], [-69.93652548786092, -7.336006339021285, 0.0], [-69.93876846539236, -7.334753082488689, 0.0], [-69.94059349109669, -7.33253131456847, 0.0], [-69.9423709336716, -7.329421399577875, 0.0], [-69.94352126729267, -7.325567591471106, 0.0], [-69.94372754299168, -7.323022907581013, 0.0], [-69.94330883303617, -7.316807763067747, 0.0], [-69.94351578952207, -7.313765458209311, 0.0], [-69.94446328195485, -7.312162334823803, 0.0], [-69.94677514305839, -7.309817192509417, 0.0], [-69.94930383610311, -7.308049472505086, 0.0], [-69.9509571668397, -7.306347080153554, 0.0], [-69.95406701438114, -7.305815808352779, 0.0], [-69.95666458740075, -7.306520897521342, 0.0], [-69.95848225844937, -7.308079685229231, 0.0], [-69.95998980008915, -7.3106031154413955, 0.0], [-69.96126336421283, -7.312239978692027, 0.0], [-69.96103736098532, -7.314230601061368, 0.0], [-69.95929933209845, -7.3161359766939285, 0.0], [-69.9556723438036, -7.318630711338216, 0.0], [-69.95225820255398, -7.321773435395741, 0.0], [-69.95048318545064, -7.324301784899458, 0.0], [-69.94867426840274, -7.328234245913702, 0.0], [-69.94775580788418, -7.331820307860916, 0.0], [-69.94786616009519, -7.334232637626105, 0.0], [-69.94886653086567, -7.33637167870992, 0.0], [-69.95185312811935, -7.339852702540174, 0.0], [-69.95366375028178, -7.3415292519733235, 0.0], [-69.95616794309605, -7.342409531774464, 0.0], [-69.95925617363348, -7.3423022012855235, 0.0], [-69.96160418028863, -7.341003134187275, 0.0], [-69.96399603428954, -7.339580134215819, 0.0], [-69.9654031540323, -7.337491590064772, 0.0], [-69.96567328429464, -7.33556665687566, 0.0], [-69.96486126663406, -7.330157544135275, 0.0], [-69.96494264718534, -7.328199750617927, 0.0], [-69.9661085642588, -7.326882777118428, 0.0], [-69.96792843325058, -7.326536715297184, 0.0], [-69.97251714934691, -7.327264755164244, 0.0], [-69.98068164993816, -7.326355583743162, 0.0], [-69.98372334775426, -7.327396747761629, 0.0], [-69.98542257988811, -7.328907562034338, 0.0], [-69.9859363571771, -7.331389139597068, 0.0], [-69.98581907479044, -7.335767424227203, 0.0], [-69.9848873070036, -7.341207741643942, 0.0], [-69.98542329394981, -7.343247543439325, 0.0], [-69.98623386819843, -7.345942106542992, 0.0], [-69.98826590614664, -7.347634206153643, 0.0], [-69.99095632517421, -7.348833233566822, 0.0], [-69.99351843342892, -7.348136128579398, 0.0], [-69.99656070501246, -7.346966565654402, 0.0], [-69.99874201513192, -7.344670028099255, 0.0], [-69.99999531213392, -7.342425675504462, 0.0], [-70.00030670778825, -7.338284340649771, 0.0], [-70.00071503327207, -7.33310516387219, 0.0], [-70.00226889629246, -7.32928678365813, 0.0], [-70.00390592142108, -7.326967915936468, 0.0], [-70.00632634868201, -7.325039819831737, 0.0], [-70.0086821929288, -7.32478596190257, 0.0], [-70.01044202138216, -7.325182502670348, 0.0], [-70.01225734160298, -7.326643070021589, 0.0], [-70.01217829928903, -7.328849411870809, 0.0], [-70.01139931732459, -7.330650137893503, 0.0], [-70.0100730799087, -7.333199163710415, 0.0], [-70.00832517646565, -7.336285731401361, 0.0], [-70.00798700439672, -7.339386845626418, 0.0], [-70.00834728180152, -7.341928352211692, 0.0], [-70.01183668011866, -7.350847673581175, 0.0], [-70.01206145667088, -7.353934644168415, 0.0], [-70.01162805359176, -7.35638328945717, 0.0], [-70.0094541718725, -7.358667163658662, 0.0], [-70.00681714649409, -7.360304604274027, 0.0], [-70.0044316695859, -7.360712394661263, 0.0], [-70.00299644692838, -7.360158399690388, 0.0], [-70.00017790868354, -7.357200346019134, 0.0], [-69.99662988895814, -7.353038996752272, 0.0], [-69.99473033193927, -7.352025692831411, 0.0], [-69.99135372389516, -7.351598376363956, 0.0], [-69.98762333155142, -7.352020041491659, 0.0], [-69.98412380506949, -7.353898138887928, 0.0], [-69.98290223704853, -7.357016430164055, 0.0], [-69.98219442113563, -7.36064784042544, 0.0], [-69.98327988306015, -7.363390936342608, 0.0], [-69.98480303603118, -7.365859932389952, 0.0], [-69.9872919808402, -7.368154003104767, 0.0], [-69.98941226836139, -7.3688418001089175, 0.0], [-69.99144182238216, -7.368322367882886, 0.0], [-69.99522881535754, -7.36593488368792, 0.0], [-69.99886593361593, -7.365297425335861, 0.0], [-70.00265569830182, -7.366399649724066, 0.0], [-70.00546537822459, -7.368607304583431, 0.0], [-70.00798922212486, -7.37177894364326, 0.0], [-70.0156161799427, -7.383823958608694, 0.0], [-70.02042698271902, -7.391732713593825, 0.0], [-70.02509473933074, -7.3999720980338815, 0.0], [-70.02906195734342, -7.405661733602077, 0.0], [-70.03027181619129, -7.4076169100922975, 0.0], [-70.02970951058538, -7.409830052614787, 0.0], [-70.02745740313658, -7.411704996088687, 0.0], [-70.02293707868317, -7.413935306668996, 0.0], [-70.02065342841296, -7.4157499550963415, 0.0], [-70.01938760205616, -7.417814503536459, 0.0], [-70.01939446837993, -7.420569921964283, 0.0], [-70.02007809792579, -7.422728951379977, 0.0], [-70.02157803220044, -7.4250856544793145, 0.0], [-70.02470786087906, -7.428902793628968, 0.0], [-70.02866526099298, -7.433365562370721, 0.0], [-70.0301163899594, -7.434152478154278, 0.0], [-70.03262634383063, -7.4343889890605155, 0.0], [-70.04123882731, -7.433793292526371, 0.0], [-70.04430763968577, -7.433003610428258, 0.0], [-70.04741376583254, -7.431902657681423, 0.0], [-70.05235694341812, -7.428614824414538, 0.0], [-70.05531560772909, -7.425497954067296, 0.0], [-70.05756330760047, -7.4236545255358735, 0.0], [-70.0604248163522, -7.423227059780903, 0.0], [-70.0628338536994, -7.424391126948894, 0.0], [-70.0641223852398, -7.425864040193243, 0.0], [-70.06471421738718, -7.428250870581156, 0.0], [-70.06340763195666, -7.430204124320795, 0.0], [-70.05677714904613, -7.432940764004993, 0.0], [-70.05118987880978, -7.435748169542368, 0.0], [-70.04838147502497, -7.436536171706866, 0.0], [-70.04121183595747, -7.438906381724099, 0.0], [-70.0367141411447, -7.4423937934387965, 0.0], [-70.03337751426085, -7.446752889234411, 0.0], [-70.03302989751168, -7.449757957663529, 0.0], [-70.03392218236284, -7.454089330058501, 0.0], [-70.03537883586458, -7.456290262485567, 0.0], [-70.04169776843723, -7.460765855559671, 0.0], [-70.04495919311218, -7.462236160770143, 0.0], [-70.04780348794056, -7.4629565474067086, 0.0], [-70.04935590754906, -7.4623606575182535, 0.0], [-70.04982420342421, -7.458285711516378, 0.0], [-70.0510982828594, -7.45384342663279, 0.0], [-70.05301302493106, -7.451825320082474, 0.0], [-70.05747641150712, -7.451226909394272, 0.0], [-70.05922276631757, -7.453261835065618, 0.0], [-70.06027927726679, -7.4557428937195205, 0.0], [-70.06153935875439, -7.460791032080451, 0.0], [-70.06330039949384, -7.467428652909959, 0.0], [-70.06694987533643, -7.476921497129364, 0.0], [-70.06752942094599, -7.484713808795242, 0.0], [-70.0680786360202, -7.494718480573383, 0.0], [-70.07014150812401, -7.497742385302754, 0.0], [-70.07308831667247, -7.500310592759586, 0.0], [-70.07444870584303, -7.500796809425182, 0.0], [-70.07599967304641, -7.500964183150462, 0.0], [-70.07728400385362, -7.500535035663315, 0.0], [-70.07794439851507, -7.499579420553783, 0.0], [-70.07805195923052, -7.498619597516377, 0.0], [-70.07778889314285, -7.49779324376313, 0.0], [-70.07712757307898, -7.497070117791672, 0.0], [-70.0756480776966, -7.496370749210669, 0.0], [-70.0747695974389, -7.495959490138361, 0.0], [-70.073455312013, -7.495344201873401, 0.0], [-70.07238955963047, -7.494699144249996, 0.0], [-70.07128489628087, -7.494030527087116, 0.0], [-70.07024906434279, -7.493185436858386, 0.0], [-70.06971496327488, -7.492240712538813, 0.0], [-70.06965529775373, -7.491368546421263, 0.0], [-70.06959291268267, -7.4904565987929175, 0.0], [-70.06959945345201, -7.4893230096491195, 0.0], [-70.07015580824385, -7.4886094012028295, 0.0], [-70.07121249635962, -7.488248440313207, 0.0], [-70.07389222244811, -7.4882337435923, 0.0], [-70.07633333501539, -7.487977812725845, 0.0], [-70.0780829543648, -7.486973502924833, 0.0], [-70.07939794036267, -7.4851645912728095, 0.0], [-70.08010277772101, -7.480852599268019, 0.0], [-70.080906282399, -7.478771886413384, 0.0], [-70.0820109385539, -7.478396271070999, 0.0], [-70.08329421175841, -7.478355202630439, 0.0], [-70.08460458513346, -7.479018418465223, 0.0], [-70.08631641407126, -7.482317936623385, 0.0], [-70.08729218748444, -7.486081973504234, 0.0], [-70.08828464781827, -7.487709473013705, 0.0], [-70.08937436623395, -7.488806472340816, 0.0], [-70.09072447075768, -7.489740998348328, 0.0], [-70.09236299865344, -7.489649851159598, 0.0], [-70.09394769313148, -7.489271392160969, 0.0], [-70.09493142734344, -7.48820103704816, 0.0], [-70.09495618927666, -7.487075994161753, 0.0], [-70.09402241959899, -7.482645787173293, 0.0], [-70.09436412600358, -7.480686811946814, 0.0], [-70.09488495217875, -7.479755325647698, 0.0], [-70.09628944590114, -7.4791609646067805, 0.0], [-70.09822765668102, -7.47887817009142, 0.0], [-70.09965537449592, -7.479035975929506, 0.0], [-70.10073312833116, -7.479786656229205, 0.0], [-70.1011319884504, -7.480964119698331, 0.0], [-70.1012261906362, -7.482527107240212, 0.0], [-70.09979924533889, -7.487792137796902, 0.0], [-70.09960615190236, -7.490391720801227, 0.0], [-70.10007534709955, -7.49157868740641, 0.0], [-70.10083264101353, -7.492368615918878, 0.0], [-70.1017506473744, -7.492920885090694, 0.0], [-70.10267072667267, -7.493105451155614, 0.0], [-70.10397529222594, -7.492641962156789, 0.0], [-70.10829334026543, -7.489814896540249, 0.0], [-70.11123816850669, -7.488035188573029, 0.0], [-70.11511535448997, -7.486577349764868, 0.0], [-70.11849766693379, -7.486092965917614, 0.0], [-70.12096964693156, -7.486333152353065, 0.0], [-70.12251037085689, -7.487201395627853, 0.0], [-70.12337402399194, -7.488527617755349, 0.0], [-70.12349708991871, -7.489602375948813, 0.0], [-70.12321234567311, -7.490777003855577, 0.0], [-70.12219291557057, -7.491751377923762, 0.0], [-70.11408133198786, -7.494478874200595, 0.0], [-70.11288367244353, -7.49538789363632, 0.0], [-70.11246457488012, -7.496882324959277, 0.0], [-70.11296170032217, -7.49832610376663, 0.0], [-70.11387218475349, -7.498889178292835, 0.0], [-70.11502291767347, -7.498872454500173, 0.0], [-70.11819400185173, -7.497278970048406, 0.0], [-70.11972085463363, -7.496958257417553, 0.0], [-70.12178332024402, -7.496724046977178, 0.0], [-70.12861792947378, -7.497157450056292, 0.0], [-70.13051871047011, -7.497271182818789, 0.0], [-70.13192927461631, -7.498198079877451, 0.0], [-70.13308565168144, -7.499912912550823, 0.0], [-70.13405424220949, -7.502547106863457, 0.0], [-70.13517756559216, -7.5036030773201325, 0.0], [-70.1359408768699, -7.50399507291425, 0.0], [-70.13723466764574, -7.504331981435776, 0.0], [-70.13850279356903, -7.503760208666645, 0.0], [-70.14017851652525, -7.501724925964538, 0.0], [-70.14158747987827, -7.5007670724423505, 0.0], [-70.14336872118952, -7.499830725307678, 0.0], [-70.14469545593052, -7.4998187364455084, 0.0], [-70.14597293210514, -7.500424977530663, 0.0], [-70.14784914901897, -7.502489541259262, 0.0], [-70.14949950210028, -7.504410300694765, 0.0], [-70.15124360500833, -7.505084448688283, 0.0], [-70.15307290878772, -7.505225355365809, 0.0], [-70.15481194851256, -7.5042752674895254, 0.0], [-70.15527598789646, -7.502923501018678, 0.0], [-70.15508374971526, -7.501651963966939, 0.0], [-70.15283760297298, -7.4977135278569875, 0.0], [-70.15293602837502, -7.49501041669728, 0.0], [-70.15387821480772, -7.493511391637377, 0.0], [-70.1558868137254, -7.49292302727579, 0.0], [-70.16168178868352, -7.492049662361978, 0.0], [-70.16292374793265, -7.491189996820825, 0.0], [-70.16396212585141, -7.489952773401733, 0.0], [-70.1653923887477, -7.484789609053134, 0.0], [-70.16616336045072, -7.483244396611578, 0.0], [-70.16763763346994, -7.481932090593414, 0.0], [-70.16931099480655, -7.4817509779252624, 0.0], [-70.17136078087533, -7.481790631732256, 0.0], [-70.17335659682944, -7.483063526760304, 0.0], [-70.17530136186832, -7.484655105548622, 0.0], [-70.17664106303458, -7.4871289282573485, 0.0], [-70.17713420358058, -7.488719511496157, 0.0], [-70.17691148287861, -7.490098654229506, 0.0], [-70.17540670755346, -7.492112332518065, 0.0], [-70.17304381891707, -7.493919547149343, 0.0], [-70.17054283758189, -7.4949648282641625, 0.0], [-70.16807097359647, -7.496361228088201, 0.0], [-70.1665304888909, -7.498226437300261, 0.0], [-70.16591234347977, -7.500607935607707, 0.0], [-70.1667088460364, -7.502124785230592, 0.0], [-70.1682266066725, -7.5031748759197505, 0.0], [-70.16946457652891, -7.503250922591999, 0.0], [-70.17109761226497, -7.502591947959981, 0.0], [-70.17341826154349, -7.499993159056974, 0.0], [-70.17571699884036, -7.498016427615951, 0.0], [-70.17871481333798, -7.495877345163272, 0.0], [-70.1822157202792, -7.494940579843824, 0.0], [-70.18546630722425, -7.494620786320162, 0.0], [-70.18705169418027, -7.494793707063842, 0.0], [-70.1878635382716, -7.495515016404809, 0.0], [-70.1888831239569, -7.497051452362559, 0.0], [-70.18906899943467, -7.499744838253676, 0.0], [-70.18840055674023, -7.504413448321902, 0.0], [-70.18818348647874, -7.507805106520372, 0.0], [-70.18874034848821, -7.509930893395968, 0.0], [-70.18960551068574, -7.51132923035961, 0.0], [-70.19108043841148, -7.511940900651982, 0.0], [-70.19409231111125, -7.512111121630895, 0.0], [-70.19501089663551, -7.511886970107508, 0.0], [-70.19629383799018, -7.5106869507421194, 0.0], [-70.19728493854905, -7.509029320346862, 0.0], [-70.19735413058861, -7.503887247798215, 0.0], [-70.19789832564713, -7.502524672375678, 0.0], [-70.19896292240091, -7.501424647729284, 0.0], [-70.20039909474241, -7.500496383701062, 0.0], [-70.2022237742078, -7.50005255747951, 0.0], [-70.20414751669453, -7.500367684421029, 0.0], [-70.2058753805443, -7.501265090011845, 0.0], [-70.20703195905762, -7.502530163636102, 0.0], [-70.20758931929159, -7.503917590024724, 0.0], [-70.20702078318256, -7.508982655425157, 0.0], [-70.20710073021448, -7.5124592482956345, 0.0], [-70.2078189359951, -7.514053538539901, 0.0], [-70.20944295243031, -7.515313826871552, 0.0], [-70.2114073865416, -7.515936404141733, 0.0], [-70.21397041480277, -7.515777559586624, 0.0], [-70.21650121405978, -7.514771559959467, 0.0], [-70.21845341649194, -7.5136292006270935, 0.0], [-70.2194172648948, -7.5123838752155905, 0.0], [-70.21966931518674, -7.510477483349089, 0.0], [-70.2190345503042, -7.507652077881101, 0.0], [-70.21892390581357, -7.504629425007948, 0.0], [-70.2194110550761, -7.502954458381485, 0.0], [-70.22071273290625, -7.501209845557856, 0.0], [-70.2224709911433, -7.4998017797283225, 0.0], [-70.22448233569119, -7.4986888381193175, 0.0], [-70.22907872929984, -7.497683714431837, 0.0], [-70.2311190958695, -7.497548333188998, 0.0], [-70.23240099940651, -7.498201439744591, 0.0], [-70.2331982286153, -7.498984370632179, 0.0], [-70.23364276979791, -7.500358815307052, 0.0], [-70.23296008184224, -7.502323176573235, 0.0], [-70.23127489981675, -7.50415382034252, 0.0], [-70.22962819618428, -7.506292885708067, 0.0], [-70.22726326338882, -7.510509929089849, 0.0], [-70.22556938132185, -7.513809535381689, 0.0], [-70.22445750720819, -7.5151537970101, 0.0], [-70.22347950707353, -7.51658845579254, 0.0], [-70.22300957982823, -7.51861178200809, 0.0], [-70.2238878523425, -7.520517801555261, 0.0], [-70.22508317634744, -7.521879420099133, 0.0], [-70.2263728545236, -7.522051731102465, 0.0], [-70.22797848611822, -7.521365138290438, 0.0], [-70.22938958086442, -7.5201153891138475, 0.0], [-70.23047133038753, -7.518770596885517, 0.0], [-70.23123541598162, -7.516997637430979, 0.0], [-70.23230879371587, -7.513437911230593, 0.0], [-70.23327988076184, -7.511913388591974, 0.0], [-70.23451354466435, -7.510884579459777, 0.0], [-70.2358470953671, -7.510164383479502, 0.0], [-70.23708272608688, -7.510075803855244, 0.0], [-70.23864222425918, -7.510316515494754, 0.0], [-70.23964889657925, -7.510910624725543, 0.0], [-70.24062030558254, -7.512008767090851, 0.0], [-70.24108299868139, -7.512942024155013, 0.0], [-70.2412413827835, -7.5139605027749425, 0.0], [-70.2414507962172, -7.515307096345371, 0.0], [-70.24166138956147, -7.51666123882503, 0.0], [-70.24185630772237, -7.517914553813533, 0.0], [-70.24245517256809, -7.519064400002019, 0.0], [-70.2430854894038, -7.520274617679469, 0.0], [-70.24389405186895, -7.521067600289445, 0.0], [-70.24485072278254, -7.521565057581338, 0.0], [-70.24560524588539, -7.522028641908264, 0.0], [-70.24673298853656, -7.5223854533260095, 0.0], [-70.24743986465793, -7.522363284138191, 0.0], [-70.24799269230888, -7.521885413181252, 0.0], [-70.24827031842041, -7.5212644789724905, 0.0], [-70.24816363994005, -7.520406145327264, 0.0], [-70.24715556197955, -7.518995394122076, 0.0], [-70.24503912985196, -7.516639323246167, 0.0], [-70.2444107411627, -7.515233232327802, 0.0], [-70.24445428094026, -7.513914609471652, 0.0], [-70.2447690157774, -7.512799077815181, 0.0], [-70.24516205368583, -7.512194159632703, 0.0], [-70.24587198570353, -7.511698066612439, 0.0], [-70.24667292191778, -7.511632183178708, 0.0], [-70.24781927603874, -7.511834795039686, 0.0], [-70.24918291535923, -7.512534341686518, 0.0], [-70.25175501867915, -7.515084720083699, 0.0], [-70.25374508976405, -7.516296183322137, 0.0], [-70.25538781119849, -7.51662744320193, 0.0], [-70.25705230521969, -7.516432784945039, 0.0], [-70.25825890042788, -7.515734087258309, 0.0], [-70.25927972717759, -7.514641983840388, 0.0], [-70.26089870561067, -7.510749308833521, 0.0], [-70.26154699359877, -7.509844784209342, 0.0], [-70.26211327870477, -7.509339557674423, 0.0], [-70.26270323576567, -7.509079471040682, 0.0], [-70.26521818806889, -7.50897413165076, 0.0], [-70.26591956843325, -7.509277335380617, 0.0], [-70.26628476602914, -7.509746464028101, 0.0], [-70.26635609755587, -7.510531511919684, 0.0], [-70.26617407387432, -7.5112287868789664, 0.0], [-70.26579758888758, -7.511951900259962, 0.0], [-70.26266785193975, -7.516202675413076, 0.0], [-70.26212198773952, -7.517319741312946, 0.0], [-70.26212705631858, -7.518183989799233, 0.0], [-70.26265270465855, -7.519135512094145, 0.0], [-70.26343169111958, -7.519797386140382, 0.0], [-70.2672799531073, -7.521300396995713, 0.0], [-70.26858216243683, -7.522100567886859, 0.0], [-70.2694888778094, -7.523040386404624, 0.0], [-70.27033611741783, -7.524161105350714, 0.0], [-70.27115853753641, -7.52537282039928, 0.0], [-70.27181222325547, -7.526335918767625, 0.0], [-70.27284054315652, -7.52785095805525, 0.0], [-70.2733215986128, -7.52827067705001, 0.0], [-70.27397132551627, -7.5285407056889255, 0.0], [-70.27480209853793, -7.528446193237194, 0.0], [-70.27552966626108, -7.527923840912511, 0.0], [-70.27602622872742, -7.526997975376183, 0.0], [-70.27634802953786, -7.5256095318543395, 0.0], [-70.27692542396906, -7.523614172755767, 0.0], [-70.27764778641617, -7.522504939950959, 0.0], [-70.27846684666761, -7.521668980538955, 0.0], [-70.27991639552518, -7.520705846197785, 0.0], [-70.2810565083511, -7.520293345161701, 0.0], [-70.28284133525942, -7.519806666244623, 0.0], [-70.28462165836285, -7.51932120950617, 0.0], [-70.2867683283956, -7.518735849779613, 0.0], [-70.28857428217732, -7.51824338912105, 0.0], [-70.2896365901565, -7.518205932357848, 0.0], [-70.29046229010252, -7.518391348282062, 0.0], [-70.29112215326477, -7.5188035786222365, 0.0], [-70.2914884885029, -7.519711247276163, 0.0], [-70.29144292075414, -7.520654529083227, 0.0], [-70.29047730878074, -7.522534224574752, 0.0], [-70.2893650236769, -7.524016688619252, 0.0], [-70.2887967717536, -7.525826046334906, 0.0], [-70.28873406832261, -7.527839252479453, 0.0], [-70.28921623713957, -7.52918829220587, 0.0], [-70.29030651583295, -7.530374283046694, 0.0], [-70.29119206835928, -7.530589278572254, 0.0], [-70.29236865768738, -7.530380592690168, 0.0], [-70.29505667192781, -7.529390069496035, 0.0], [-70.29710081834804, -7.528470858043569, 0.0], [-70.29845593299493, -7.528595848519583, 0.0], [-70.29984333060524, -7.5293040736241, 0.0], [-70.30074810614009, -7.530129902173201, 0.0], [-70.30101063713117, -7.5313230021547675, 0.0], [-70.30077566856221, -7.533450405112031, 0.0], [-70.30074130726547, -7.536051936047951, 0.0], [-70.30140054539879, -7.537588437656208, 0.0], [-70.30255659421138, -7.538685514325007, 0.0], [-70.30365745432796, -7.539362175024301, 0.0], [-70.30491601686064, -7.53933208730594, 0.0], [-70.30644480048709, -7.538839661720921, 0.0], [-70.30771032287309, -7.5376251767605, 0.0], [-70.30828609402802, -7.536198797136663, 0.0], [-70.30888384551304, -7.53274597244863, 0.0], [-70.30924891090847, -7.5316392289672365, 0.0], [-70.31007275555315, -7.53103722908476, 0.0], [-70.31237492915956, -7.530440901226555, 0.0], [-70.31341514889, -7.530454830825718, 0.0], [-70.31500339209282, -7.530781531142651, 0.0], [-70.31682915254329, -7.531009596515638, 0.0], [-70.32013490660063, -7.531118019680839, 0.0], [-70.32249827727357, -7.531918427093633, 0.0], [-70.32397736076659, -7.5328410415807525, 0.0], [-70.32494598007287, -7.533988086381051, 0.0], [-70.3257436724325, -7.535456540786679, 0.0], [-70.32606362693477, -7.539176492900758, 0.0], [-70.32679779837964, -7.54054366565763, 0.0], [-70.32781509618964, -7.54162920492384, 0.0], [-70.32929014892116, -7.542392322847359, 0.0], [-70.33119366655446, -7.542301257496987, 0.0], [-70.33501209713053, -7.5411981616657755, 0.0], [-70.33672678861036, -7.541127152995632, 0.0], [-70.33918839852574, -7.541996517725082, 0.0], [-70.34182578183427, -7.54346906044875, 0.0], [-70.34270014229769, -7.544530777573279, 0.0], [-70.34271300350233, -7.546418084926611, 0.0], [-70.34191756844095, -7.547977389744677, 0.0], [-70.3406044449391, -7.548499725881598, 0.0], [-70.3397623233725, -7.548530357689799, 0.0], [-70.33856405228916, -7.548216033842849, 0.0], [-70.33672928243035, -7.546509116102719, 0.0], [-70.33527970119727, -7.54499240947203, 0.0], [-70.33371583231975, -7.544196731593868, 0.0], [-70.33256474416758, -7.54389260695817, 0.0], [-70.33126155097973, -7.5440963690522125, 0.0], [-70.33018840616991, -7.545190390723956, 0.0], [-70.3291801159696, -7.546924928442657, 0.0], [-70.32876158228119, -7.548689177963087, 0.0], [-70.3289051257709, -7.550329122291068, 0.0], [-70.32939777348845, -7.5514074229141706, 0.0], [-70.33003761594321, -7.552378784253445, 0.0], [-70.33154205132455, -7.55340693867922, 0.0], [-70.33293041300813, -7.554009434088073, 0.0], [-70.33692826462766, -7.554580965838888, 0.0], [-70.33837409119128, -7.5555669969193175, 0.0], [-70.34017823014116, -7.557102698130937, 0.0], [-70.34192640607877, -7.558522933586488, 0.0], [-70.34341500439885, -7.558911015331006, 0.0], [-70.3453009339909, -7.5583991356115945, 0.0], [-70.34704700911219, -7.5572811407120035, 0.0], [-70.34844190616899, -7.556918072710829, 0.0], [-70.34986722998866, -7.557171748077675, 0.0], [-70.35100926826301, -7.558017955264397, 0.0], [-70.3519210387249, -7.559580146906221, 0.0], [-70.35418746607868, -7.564047306138168, 0.0], [-70.35559736922315, -7.564990839755449, 0.0], [-70.35724278322783, -7.565402256209065, 0.0], [-70.35861949599287, -7.5651498416917775, 0.0], [-70.36057983279305, -7.564243325968668, 0.0], [-70.36468517498085, -7.562874851892833, 0.0], [-70.36576564207068, -7.5622103392357545, 0.0], [-70.36641073386826, -7.5605968061976405, 0.0], [-70.36618528911971, -7.558772344368116, 0.0], [-70.36425962208384, -7.555337692280574, 0.0], [-70.36425976417675, -7.553183833966738, 0.0], [-70.36465628605875, -7.552007996471811, 0.0], [-70.3653584326455, -7.5516327138785435, 0.0], [-70.36746687789402, -7.5510639754221245, 0.0], [-70.37122673832333, -7.551853348153394, 0.0], [-70.375738613646, -7.552130344739595, 0.0], [-70.37762114380071, -7.553070276571962, 0.0], [-70.37978701345989, -7.5544901208224005, 0.0], [-70.38181945880089, -7.5574198431512265, 0.0], [-70.38360226493259, -7.559123408218639, 0.0], [-70.38619445461035, -7.560110525680187, 0.0], [-70.38802100286689, -7.560241330273122, 0.0], [-70.39059143614584, -7.5594705923939145, 0.0], [-70.3936989175709, -7.557866841281648, 0.0], [-70.3960981496099, -7.556462316082925, 0.0], [-70.39774851258373, -7.556260331948707, 0.0], [-70.39974648151484, -7.5568515723421505, 0.0], [-70.40152137900834, -7.558074471359667, 0.0], [-70.40231519618932, -7.559112708084971, 0.0], [-70.40277511218163, -7.560718948520652, 0.0], [-70.40262756131285, -7.562329404078717, 0.0], [-70.4022237189494, -7.563846503713169, 0.0], [-70.40020380835905, -7.566509545579038, 0.0], [-70.39771546699517, -7.5694498880019125, 0.0], [-70.39702460420214, -7.571098594424498, 0.0], [-70.39685282739603, -7.572718001834268, 0.0], [-70.39787002717999, -7.574939734680942, 0.0], [-70.40033339437058, -7.57747236046097, 0.0], [-70.40331811653786, -7.5793498553114915, 0.0], [-70.4050311415739, -7.57993486700045, 0.0], [-70.40677214092153, -7.579699914619344, 0.0], [-70.40835911967758, -7.578577398827825, 0.0], [-70.40881306956753, -7.576844765873204, 0.0], [-70.40997682107336, -7.572473075072285, 0.0], [-70.41122968999814, -7.568870756979752, 0.0], [-70.41104624808581, -7.566686200307839, 0.0], [-70.40823264262227, -7.56174939801625, 0.0], [-70.40657037622182, -7.5558435690254235, 0.0], [-70.4067406277777, -7.552944966836751, 0.0], [-70.40739895939438, -7.551856511968381, 0.0], [-70.40817567506733, -7.551375240674719, 0.0], [-70.40903064524802, -7.551856812341974, 0.0], [-70.40969584768516, -7.5526865772236675, 0.0], [-70.4102359481304, -7.5564931754197, 0.0], [-70.41064792755974, -7.5578766277041645, 0.0], [-70.41163896966269, -7.558836155763927, 0.0], [-70.4129529736008, -7.559286379762543, 0.0], [-70.41536374574022, -7.558787791123635, 0.0], [-70.41771910165515, -7.558702950880448, 0.0], [-70.4199985691786, -7.559089465106673, 0.0], [-70.42098767504115, -7.560102979468887, 0.0], [-70.42111873953819, -7.561417274787331, 0.0], [-70.42036026211642, -7.563115784765596, 0.0], [-70.41720555639124, -7.56448033509939, 0.0], [-70.41622008109184, -7.5654251502504835, 0.0], [-70.41603395470322, -7.566976461894161, 0.0], [-70.41660512852381, -7.568291364255021, 0.0], [-70.4192534358973, -7.570128631531116, 0.0], [-70.42006216024053, -7.570907542449103, 0.0], [-70.42063353550922, -7.571951449399851, 0.0], [-70.42053945473201, -7.573873492167905, 0.0], [-70.41977506786506, -7.576008551053771, 0.0], [-70.41816560515848, -7.577850252886854, 0.0], [-70.41732897125499, -7.579251812121392, 0.0], [-70.4176626916798, -7.580485123489623, 0.0], [-70.41860812556449, -7.5816406435008545, 0.0], [-70.42263912529539, -7.582083724184464, 0.0], [-70.42475647113413, -7.58287725897825, 0.0], [-70.42871965928477, -7.583970911028683, 0.0], [-70.43036061535011, -7.583735752702715, 0.0], [-70.43166168343991, -7.582839907435769, 0.0], [-70.43267600988995, -7.581442209890067, 0.0], [-70.43323100220897, -7.578801408258386, 0.0], [-70.43396653432809, -7.574083161009039, 0.0], [-70.43482899766005, -7.571917708635269, 0.0], [-70.43574337345788, -7.570524933079138, 0.0], [-70.43629359667207, -7.570283459713835, 0.0], [-70.43717887400574, -7.5698949408987595, 0.0], [-70.43823760448183, -7.57022217271507, 0.0], [-70.43881985255408, -7.570682071620251, 0.0], [-70.43928415454009, -7.571872425971694, 0.0], [-70.44071755247306, -7.577886529739487, 0.0], [-70.44269388191707, -7.58150148240745, 0.0], [-70.44379726103473, -7.585844966871637, 0.0], [-70.44462539634493, -7.588361222292551, 0.0], [-70.4458187454387, -7.590806690276487, 0.0], [-70.44697249288615, -7.593025431078772, 0.0], [-70.4483985496533, -7.593710857470061, 0.0], [-70.4498816000557, -7.593948318060363, 0.0], [-70.45156833880775, -7.593657609511041, 0.0], [-70.45320018024412, -7.592949510311588, 0.0], [-70.45394018738973, -7.591944564689847, 0.0], [-70.45435322172375, -7.590660568430486, 0.0], [-70.45413331410116, -7.589423075214675, 0.0], [-70.45229387226435, -7.5874851414261215, 0.0], [-70.45077195226375, -7.585144696270664, 0.0], [-70.45030775639782, -7.583242184978779, 0.0], [-70.45077522669531, -7.579703679181428, 0.0], [-70.45046928003318, -7.576711113127356, 0.0], [-70.4510375454464, -7.575475411361111, 0.0], [-70.4517217262766, -7.57484166720911, 0.0], [-70.45280982861071, -7.574462622751778, 0.0], [-70.45382832881427, -7.57448508331985, 0.0], [-70.45470835770456, -7.574989619175522, 0.0], [-70.45566400249169, -7.576427209747884, 0.0], [-70.4569403841913, -7.579932526065182, 0.0], [-70.45781443258994, -7.583390734095076, 0.0], [-70.4579281338762, -7.585888119940755, 0.0], [-70.45740073905283, -7.589113971032869, 0.0], [-70.45570361043323, -7.592675789056415, 0.0], [-70.45442152523319, -7.595173321491501, 0.0], [-70.45470293299392, -7.5971618088703465, 0.0], [-70.45526381677165, -7.598512421511007, 0.0], [-70.45659330343818, -7.60014585025074, 0.0], [-70.45947810553007, -7.602570329856796, 0.0], [-70.46374372039637, -7.605767042914614, 0.0], [-70.46759832710113, -7.607377450808674, 0.0], [-70.4699330858432, -7.608311482189091, 0.0], [-70.47130525073673, -7.609292185685813, 0.0], [-70.47557613473074, -7.613726351489859, 0.0], [-70.4795400288492, -7.615476962791558, 0.0], [-70.48083069987685, -7.616272869097575, 0.0], [-70.48212161102354, -7.618710287249865, 0.0], [-70.48314338296065, -7.620028010784065, 0.0], [-70.48415320290795, -7.620412276705192, 0.0], [-70.48555203629743, -7.620405087524741, 0.0], [-70.48661995065011, -7.620079517655544, 0.0], [-70.49111036814892, -7.618206890835356, 0.0], [-70.49272135610565, -7.617861468431965, 0.0], [-70.49446337888182, -7.618100909329385, 0.0], [-70.49575933792305, -7.618741821977405, 0.0], [-70.49929551357704, -7.62140973637019, 0.0], [-70.50317936533546, -7.623674656460157, 0.0], [-70.50493606954396, -7.62359726710017, 0.0], [-70.50600372399263, -7.623078441916466, 0.0], [-70.50680483467531, -7.621856390959593, 0.0], [-70.50707365282678, -7.6207555910975735, 0.0], [-70.50610462882557, -7.619436470916398, 0.0], [-70.50352967555406, -7.6167596181617405, 0.0], [-70.50344829680144, -7.615707596628209, 0.0], [-70.50365361472251, -7.6140241529922505, 0.0], [-70.50482224145327, -7.612996372684368, 0.0], [-70.50659200022062, -7.612838393277212, 0.0], [-70.51080745450041, -7.615156626976706, 0.0], [-70.51644331510687, -7.616176002220655, 0.0], [-70.51879010048268, -7.616018195483289, 0.0], [-70.52157961400792, -7.616286356230319, 0.0], [-70.52328870900668, -7.617269755894508, 0.0], [-70.52436961496574, -7.6187763091792995, 0.0], [-70.52486898421621, -7.620973392507992, 0.0], [-70.52458107255842, -7.622747887105298, 0.0], [-70.5237551055137, -7.6244415731200235, 0.0], [-70.51993747533416, -7.627588764110062, 0.0], [-70.51879034869559, -7.628768766365436, 0.0], [-70.51831467568172, -7.630708256880471, 0.0], [-70.51894063170474, -7.633323453914244, 0.0], [-70.51990065888828, -7.634839061573352, 0.0], [-70.52111305472364, -7.635292540218565, 0.0], [-70.5224886640206, -7.634849887612173, 0.0], [-70.52418628366999, -7.6335864318683235, 0.0], [-70.52582084375692, -7.631803953989248, 0.0], [-70.53053059421153, -7.627942995372873, 0.0], [-70.53262233635174, -7.627249418425887, 0.0], [-70.5349239227008, -7.627334343205362, 0.0], [-70.53658021040832, -7.6283424661318335, 0.0], [-70.53747342875569, -7.629262337686672, 0.0], [-70.53770704384492, -7.630792468497617, 0.0], [-70.53656639322439, -7.6330008446132815, 0.0], [-70.5358867773529, -7.633730255047201, 0.0], [-70.53562516097234, -7.634909326504115, 0.0], [-70.53621454966166, -7.63549349642766, 0.0], [-70.53700326139136, -7.635664281281475, 0.0], [-70.53791965256985, -7.635040289377816, 0.0], [-70.53935066370212, -7.634254583182422, 0.0], [-70.54078202467062, -7.633789172332385, 0.0], [-70.54209070821953, -7.63394306701889, 0.0], [-70.54351334036832, -7.634792842715456, 0.0], [-70.54454693839043, -7.635855223539657, 0.0], [-70.54462887022615, -7.637743783648666, 0.0], [-70.54329373311923, -7.642683440388399, 0.0], [-70.54337999788861, -7.644432742277164, 0.0], [-70.54407165388366, -7.645544843020037, 0.0], [-70.5454418339734, -7.6467719499654265, 0.0], [-70.54747045449786, -7.647752733501857, 0.0], [-70.54935573747727, -7.64780191382718, 0.0], [-70.55158123758396, -7.6476457600437655, 0.0], [-70.55344096093155, -7.64700289047099, 0.0], [-70.55570825703042, -7.646029449899196, 0.0], [-70.55746237209073, -7.645633366886319, 0.0], [-70.55846744002032, -7.645836639749039, 0.0], [-70.55986467981113, -7.646642654434878, 0.0], [-70.56089002115753, -7.647251359662434, 0.0], [-70.56161474072766, -7.648548186549554, 0.0], [-70.56164284004502, -7.650041291372446, 0.0], [-70.56098644916524, -7.651960122661507, 0.0], [-70.55873040268592, -7.653456091825163, 0.0], [-70.5542338814884, -7.656904542210764, 0.0], [-70.55164498153061, -7.658229526871153, 0.0], [-70.55002820283924, -7.659501179036145, 0.0], [-70.5492334476654, -7.661182169321602, 0.0], [-70.54934319912931, -7.6625495489224384, 0.0], [-70.5502309397061, -7.663514503491488, 0.0], [-70.55158066921248, -7.6637672633484435, 0.0], [-70.55519140675797, -7.662965776749132, 0.0], [-70.55800069547571, -7.66325726591003, 0.0], [-70.55938718746866, -7.663828189719148, 0.0], [-70.56045547234211, -7.664961991102949, 0.0], [-70.5612465429935, -7.666802947398089, 0.0], [-70.56130789744142, -7.671958698634963, 0.0], [-70.56196752228328, -7.674004378399303, 0.0], [-70.56277180487483, -7.6757044882714744, 0.0], [-70.56475974366717, -7.67785744906201, 0.0], [-70.56715920773122, -7.680116439921715, 0.0], [-70.57032145067437, -7.6828847231513855, 0.0], [-70.57169646462009, -7.683186203780203, 0.0], [-70.57303422055278, -7.68323280844735, 0.0], [-70.57415552765542, -7.682791765627396, 0.0], [-70.57504416845362, -7.682908607346274, 0.0], [-70.57567485131334, -7.683581793964546, 0.0], [-70.57618674811988, -7.684549952817989, 0.0], [-70.57642244334109, -7.685224204233577, 0.0], [-70.57651269570427, -7.686704292269177, 0.0], [-70.57628464561985, -7.687662344541536, 0.0], [-70.57569757268479, -7.6886263026617065, 0.0], [-70.57338162865916, -7.689789431836726, 0.0], [-70.5693681180442, -7.690713495131675, 0.0], [-70.56731512769092, -7.691696544959527, 0.0], [-70.56587195772464, -7.692987535246555, 0.0], [-70.56527111437036, -7.694494512111984, 0.0], [-70.56530984187566, -7.695861889914259, 0.0], [-70.56589443987642, -7.69672890291654, 0.0], [-70.56694706935174, -7.697261367218257, 0.0], [-70.56825733031147, -7.697466359584805, 0.0], [-70.56975505405241, -7.697267425051603, 0.0], [-70.57469867860115, -7.696438902133597, 0.0], [-70.57662894476992, -7.696177812755835, 0.0], [-70.57819899828513, -7.696485940273913, 0.0], [-70.579198113602, -7.6971595477748025, 0.0], [-70.58017248227415, -7.698086579731779, 0.0], [-70.58077471238305, -7.69938550203927, 0.0], [-70.58128568828384, -7.701328989141455, 0.0], [-70.5814995992271, -7.7033074823543615, 0.0], [-70.58014332175686, -7.7044607279802015, 0.0], [-70.57611789062808, -7.703245049619291, 0.0], [-70.57274107753867, -7.702926248047838, 0.0], [-70.5704157320004, -7.7032381050544565, 0.0], [-70.56854229489096, -7.704085371642545, 0.0], [-70.56703899895061, -7.705553183932214, 0.0], [-70.56592114254663, -7.707116267701565, 0.0], [-70.56596443501064, -7.7091218691789045, 0.0], [-70.56638636363975, -7.711065222282144, 0.0], [-70.56686536954109, -7.711955878460998, 0.0], [-70.56792295158286, -7.712595332408657, 0.0], [-70.56957497650389, -7.712759277018989, 0.0], [-70.57062457616317, -7.7125474255231765, 0.0], [-70.57303663523244, -7.710677466991424, 0.0], [-70.57515132087673, -7.708944366389371, 0.0], [-70.5766738722014, -7.708229999814588, 0.0], [-70.57845712619537, -7.70782573656842, 0.0], [-70.581412438733, -7.70793932274151, 0.0], [-70.58243148752305, -7.708006073121755, 0.0], [-70.5840735821301, -7.707661915165222, 0.0], [-70.58539292894048, -7.7078948899371404, 0.0], [-70.58699416914554, -7.709431684724478, 0.0], [-70.58784673184118, -7.710836957259705, 0.0], [-70.587994277314, -7.711936411735966, 0.0], [-70.58724422564042, -7.713103944891099, 0.0], [-70.58596154508923, -7.71357929864568, 0.0], [-70.58264626091618, -7.712346616802947, 0.0], [-70.58102468524102, -7.711951564413123, 0.0], [-70.57793387095136, -7.71223768192343, 0.0], [-70.57480793993447, -7.713604476065651, 0.0], [-70.57274474227597, -7.715684143908032, 0.0], [-70.57178257920268, -7.717020134471543, 0.0], [-70.57165645288298, -7.7184347086948115, 0.0], [-70.57231722076303, -7.719624715907848, 0.0], [-70.57345135309738, -7.720134719641582, 0.0], [-70.57554927268077, -7.720161233454149, 0.0], [-70.58018434703, -7.720448082113286, 0.0], [-70.58157396866368, -7.720806401694048, 0.0], [-70.58306273875435, -7.72201934971314, 0.0], [-70.58395418453793, -7.72268190094897, 0.0], [-70.58444381592928, -7.723657034944122, 0.0], [-70.58428286875937, -7.724719434654194, 0.0], [-70.58385856232272, -7.725749888646462, 0.0], [-70.58111587199987, -7.726782249201371, 0.0], [-70.57905320584075, -7.727727094030147, 0.0], [-70.57679629601222, -7.729486328031555, 0.0], [-70.57496930349059, -7.73094602214114, 0.0], [-70.57427410686445, -7.7324861363261235, 0.0], [-70.57403556978565, -7.7338550132981645, 0.0], [-70.57430744383346, -7.734885210983634, 0.0], [-70.57483285834971, -7.735658055075113, 0.0], [-70.57563794223718, -7.73617635235674, 0.0], [-70.5766336248419, -7.7363548138235, 0.0], [-70.57767700119264, -7.7361343261382345, 0.0], [-70.57924148340771, -7.735223449602437, 0.0], [-70.58191875524633, -7.733721004420747, 0.0], [-70.58446644646929, -7.733306973637845, 0.0], [-70.5864791382016, -7.733873797437742, 0.0], [-70.58950887683322, -7.734768143534922, 0.0], [-70.59060363145235, -7.735535794940919, 0.0], [-70.59119816876046, -7.73686288311556, 0.0], [-70.59124262674574, -7.738589126386998, 0.0], [-70.59084603921333, -7.740132955671321, 0.0], [-70.59002062884892, -7.740863692605306, 0.0], [-70.5889896388607, -7.740974832622406, 0.0], [-70.58591296371226, -7.7388062712923436, 0.0], [-70.58491643484555, -7.738237743277189, 0.0], [-70.58371942461177, -7.737909593253146, 0.0], [-70.58224011808694, -7.737945633584133, 0.0], [-70.58127861511592, -7.738429351033695, 0.0], [-70.58045395748414, -7.739389127306286, 0.0], [-70.57919749936508, -7.741716365917529, 0.0], [-70.57887599802886, -7.744491746596761, 0.0], [-70.57866419779444, -7.748874073679492, 0.0], [-70.5784904811508, -7.750434967599652, 0.0], [-70.57857057747015, -7.751667092762084, 0.0], [-70.57899654045796, -7.752686508475527, 0.0], [-70.57986441141342, -7.753755850052414, 0.0], [-70.58098623292821, -7.754335471205, 0.0], [-70.5854907850716, -7.754971726264127, 0.0], [-70.58720777252061, -7.755231753542503, 0.0], [-70.58923679234405, -7.755617285709139, 0.0], [-70.59038774739656, -7.75549643751058, 0.0], [-70.5946339557924, -7.751153158990988, 0.0], [-70.59606481044263, -7.7496904395620305, 0.0], [-70.59766260174767, -7.748761326573884, 0.0], [-70.59944076557888, -7.7484208522404465, 0.0], [-70.60086964351919, -7.748566917429191, 0.0], [-70.60236321598961, -7.749333483353528, 0.0], [-70.60305997473799, -7.7501385645430645, 0.0], [-70.60371876500895, -7.7510236287374426, 0.0], [-70.60407134961304, -7.7521761782879075, 0.0], [-70.60361313603734, -7.753397971139421, 0.0], [-70.60101078042314, -7.754799792076707, 0.0], [-70.59886959985207, -7.75595314562111, 0.0], [-70.59788993597174, -7.757116598552173, 0.0], [-70.59780800053872, -7.758419306106003, 0.0], [-70.59835717064686, -7.759950469338651, 0.0], [-70.59922048833478, -7.760979600428154, 0.0], [-70.60164242645675, -7.762948775765345, 0.0], [-70.60256548970561, -7.764047065619518, 0.0], [-70.60354309863506, -7.765705937079272, 0.0], [-70.60454768362865, -7.767483317600966, 0.0], [-70.60590057695002, -7.768060637388409, 0.0], [-70.60706958589265, -7.7678523741876795, 0.0], [-70.60787053379806, -7.7670924983201175, 0.0], [-70.60825166108522, -7.765611553230535, 0.0], [-70.60870355692357, -7.7602865513832455, 0.0], [-70.60902182699564, -7.757316430608764, 0.0], [-70.60956788904677, -7.75585782557814, 0.0], [-70.61074141798206, -7.75466069933174, 0.0], [-70.61216643693147, -7.7534420208325585, 0.0], [-70.61339751618236, -7.75332354594488, 0.0], [-70.613966777145, -7.753929256430027, 0.0], [-70.61448254823092, -7.755186707400576, 0.0], [-70.61543680806217, -7.758581001511956, 0.0], [-70.61694417073686, -7.761014109213672, 0.0], [-70.61749005472224, -7.763812796723148, 0.0], [-70.61735386229087, -7.765288401638383, 0.0], [-70.61613766681987, -7.766822680122555, 0.0], [-70.61217474396919, -7.768757644349801, 0.0], [-70.6074112644183, -7.771961987255839, 0.0], [-70.60696510625463, -7.772536546124677, 0.0], [-70.60679571265203, -7.773229809208239, 0.0], [-70.60688571230571, -7.773855922612739, 0.0], [-70.60764092698717, -7.774780559675033, 0.0], [-70.60977252618103, -7.7765710747952035, 0.0], [-70.61029000687826, -7.777191585423239, 0.0], [-70.61063644011956, -7.7782358557001565, 0.0], [-70.61063903286504, -7.779593778030382, 0.0], [-70.60987114943399, -7.78078589685164, 0.0], [-70.60935850291443, -7.781537673061369, 0.0]]}}, {"id": "3", "type": "Feature", "properties": {"id_snv": 25, "Nome": "Rio Envira", "Codigo": "HF-145", "Sequencia_": "145", "Trecho": "Da foz, no rio Tarauaca, afluente do rio Jurua, tributario do rio Solimoes, ate a BR-364/AC.", "Extensao_k": 0.0, "Administra": null, "Regiao_Hid": "Amazonica", "dt_ini": "2013-01-01", "dt_fim": "2029-10-30", "Shape_Leng": 1.68138202517}, "geometry": {"type": "LineString", "coordinates": [[-70.0680786360202, -7.494718480573383, 0.0], [-70.0670201699448, -7.495296245525264, 0.0], [-70.06601032481656, -7.497353375457884, 0.0], [-70.06399865111686, -7.501623956380467, 0.0], [-70.06347409455378, -7.503974700571948, 0.0], [-70.06346799894897, -7.508315109354825, 0.0], [-70.06373538178244, -7.510747816858178, 0.0], [-70.06578237365756, -7.513467971969291, 0.0], [-70.06841158572605, -7.515302920793111, 0.0], [-70.07100507492422, -7.5167595697982605, 0.0], [-70.07367163493798, -7.517585517957194, 0.0], [-70.076732299456, -7.517680700403918, 0.0], [-70.0783453747392, -7.517119094470516, 0.0], [-70.07981340646347, -7.516366557070921, 0.0], [-70.08173957801907, -7.514946566230986, 0.0], [-70.08282118544926, -7.514467893078759, 0.0], [-70.08366854646617, -7.514418086825149, 0.0], [-70.08433829047966, -7.515009677954211, 0.0], [-70.0849477286547, -7.516875085916443, 0.0], [-70.08537298117812, -7.517982944557179, 0.0], [-70.08582466387709, -7.51915964180402, 0.0], [-70.08710271022186, -7.520154658010959, 0.0], [-70.08841118602733, -7.520504389066275, 0.0], [-70.0898527965693, -7.520473621460479, 0.0], [-70.09228849791587, -7.520378778058102, 0.0], [-70.09426678788193, -7.521093043009465, 0.0], [-70.0950134311249, -7.52150464742153, 0.0], [-70.09532588078473, -7.522332815107248, 0.0], [-70.09516969372633, -7.5239144330046095, 0.0], [-70.09434889328672, -7.5256073563943495, 0.0], [-70.09280054490912, -7.528595465408351, 0.0], [-70.09041143833717, -7.533674772472722, 0.0], [-70.08922164246476, -7.5346038881588875, 0.0], [-70.08679557465598, -7.536042509354303, 0.0], [-70.08401642581737, -7.537660453567042, 0.0], [-70.08335468756873, -7.538708605317858, 0.0], [-70.0832050664606, -7.5399367743626335, 0.0], [-70.08404789759233, -7.540416059953138, 0.0], [-70.08537129674792, -7.54009549031457, 0.0], [-70.08875559039814, -7.538057250641529, 0.0], [-70.09144394548166, -7.537030897557852, 0.0], [-70.09404890733117, -7.537122197631309, 0.0], [-70.09561072125771, -7.537572188705489, 0.0], [-70.09712429914705, -7.538699952041096, 0.0], [-70.09795792571767, -7.54022097991426, 0.0], [-70.0979218233334, -7.541714485834795, 0.0], [-70.09728517706924, -7.543582846271292, 0.0], [-70.0959403048012, -7.544687566278142, 0.0], [-70.09445544856004, -7.544776334760041, 0.0], [-70.09226945117418, -7.544645815252128, 0.0], [-70.09006539989828, -7.544417614081546, 0.0], [-70.08845174994826, -7.544166793162933, 0.0], [-70.08708830757931, -7.5446944532863505, 0.0], [-70.0858832511111, -7.545563811720481, 0.0], [-70.0851485049995, -7.546911274935354, 0.0], [-70.08506155045016, -7.548223672684319, 0.0], [-70.08558378046708, -7.5493719657436245, 0.0], [-70.08686686031727, -7.5505808227467455, 0.0], [-70.09013221862696, -7.552420207026923, 0.0], [-70.09238594755338, -7.554383457630433, 0.0], [-70.09369078380257, -7.557035784074152, 0.0], [-70.09392893237427, -7.559911200841242, 0.0], [-70.09351365063443, -7.563265378894059, 0.0], [-70.09269320722566, -7.5649214867371875, 0.0], [-70.09152851952551, -7.5652678660191555, 0.0], [-70.08755873484765, -7.5624037546295, 0.0], [-70.08586179148848, -7.5611794139987545, 0.0], [-70.08432880802805, -7.561436833243164, 0.0], [-70.08266766308209, -7.562467729701851, 0.0], [-70.08157302267684, -7.564217132314756, 0.0], [-70.0824202937615, -7.565416263150006, 0.0], [-70.08557643750252, -7.566881683243011, 0.0], [-70.08814325011086, -7.56833578806614, 0.0], [-70.08898630067719, -7.569506158582286, 0.0], [-70.08981692980738, -7.571031499603954, 0.0], [-70.08936719504, -7.573377320007214, 0.0], [-70.08844978672819, -7.575355490363535, 0.0], [-70.08672806884526, -7.576388663006352, 0.0], [-70.08379135878418, -7.576673302930516, 0.0], [-70.08023145451796, -7.577061284850352, 0.0], [-70.07734492842567, -7.578102505526164, 0.0], [-70.07549434578735, -7.58006154820189, 0.0], [-70.0722547179808, -7.584465683844201, 0.0], [-70.0718896993501, -7.586640562012249, 0.0], [-70.0723256367187, -7.588205861711085, 0.0], [-70.0729820455849, -7.58930899081728, 0.0], [-70.07639615176097, -7.591184969410815, 0.0], [-70.07765068353216, -7.591945563836656, 0.0], [-70.07882378349085, -7.593951687820123, 0.0], [-70.07912997566778, -7.596097055634544, 0.0], [-70.07912021532566, -7.597581955942502, 0.0], [-70.07817866741154, -7.598757263736701, 0.0], [-70.07661675725751, -7.5998940976344755, 0.0], [-70.074129394356, -7.60088090213188, 0.0], [-70.07238333542256, -7.602123030453502, 0.0], [-70.07195017066384, -7.603544614892023, 0.0], [-70.07189500265217, -7.6058969697693115, 0.0], [-70.07260775494385, -7.610860518797814, 0.0], [-70.0720858109114, -7.614701591605101, 0.0], [-70.07119437412106, -7.617893003159505, 0.0], [-70.06959621049668, -7.620214630001122, 0.0], [-70.06834190535463, -7.621458057843057, 0.0], [-70.06640446979047, -7.621550307600579, 0.0], [-70.0653946957086, -7.620729024225049, 0.0], [-70.06547224694665, -7.6182138318028905, 0.0], [-70.06603548874679, -7.6141864311587995, 0.0], [-70.06509365574756, -7.610544414293287, 0.0], [-70.06330379263588, -7.60699757717639, 0.0], [-70.06195230405554, -7.60442857651752, 0.0], [-70.06002814698134, -7.602422274468314, 0.0], [-70.05861301248055, -7.601682847385462, 0.0], [-70.05683026210683, -7.601613335187242, 0.0], [-70.05613936603883, -7.602770696110696, 0.0], [-70.05641258007644, -7.604705111751432, 0.0], [-70.05685566615601, -7.606970703635042, 0.0], [-70.05696314323444, -7.608900079475024, 0.0], [-70.0562504592912, -7.611075964883852, 0.0], [-70.0553211727339, -7.61335070377195, 0.0], [-70.05423678370057, -7.6154288310756115, 0.0], [-70.05384926223357, -7.617688984758754, 0.0], [-70.0542259010045, -7.6197648232879125, 0.0], [-70.05544712638373, -7.621607600710124, 0.0], [-70.05641093791439, -7.622759036899986, 0.0], [-70.05628203089103, -7.623863969146839, 0.0], [-70.05508509080425, -7.6239743780151095, 0.0], [-70.05285723897039, -7.622295779926315, 0.0], [-70.05028078562967, -7.620814779078756, 0.0], [-70.04787551194526, -7.620109224960782, 0.0], [-70.04642362934695, -7.619673075352086, 0.0], [-70.04509253379334, -7.620528467314859, 0.0], [-70.04416358358246, -7.621592434543135, 0.0], [-70.0438374993011, -7.625409023307718, 0.0], [-70.04384684685449, -7.630089009799924, 0.0], [-70.04374331959849, -7.631650650157308, 0.0], [-70.04275211831556, -7.6330529738156585, 0.0], [-70.0418895425683, -7.634211373456047, 0.0], [-70.04051749908325, -7.634427217042429, 0.0], [-70.03862774287599, -7.6334756093118585, 0.0], [-70.03599740035966, -7.6309679702956, 0.0], [-70.03393522702908, -7.629775426094966, 0.0], [-70.03214580908175, -7.630035198865283, 0.0], [-70.03025372452969, -7.630744068783692, 0.0], [-70.0295124682258, -7.632033364747905, 0.0], [-70.02926514656922, -7.636591323131071, 0.0], [-70.02876123394373, -7.638014085681423, 0.0], [-70.02726864892894, -7.639327438510403, 0.0], [-70.02393873818225, -7.6408342040351975, 0.0], [-70.0196418817674, -7.641940048194641, 0.0], [-70.01734370115082, -7.642815466260679, 0.0], [-70.01560501575881, -7.6447158596491995, 0.0], [-70.01448321762638, -7.646725950542134, 0.0], [-70.01394869927297, -7.649199006129205, 0.0], [-70.0141918121024, -7.651159810576726, 0.0], [-70.01558957349997, -7.653216068166969, 0.0], [-70.01663190753646, -7.654458859288894, 0.0], [-70.01864917681804, -7.655772632101211, 0.0], [-70.02053818478933, -7.656218989914411, 0.0], [-70.02148880686292, -7.656156632722379, 0.0], [-70.02267473834847, -7.6551490844626215, 0.0], [-70.02439883134093, -7.651806189304157, 0.0], [-70.02763129514813, -7.6493553631594615, 0.0], [-70.03117397559846, -7.648195621730526, 0.0], [-70.03374996039229, -7.648419265136898, 0.0], [-70.03626035942806, -7.649784712094711, 0.0], [-70.03719204447725, -7.6514074335062645, 0.0], [-70.03764926520138, -7.652804915214663, 0.0], [-70.03674503915222, -7.653876645390824, 0.0], [-70.03497241514482, -7.653770488517221, 0.0], [-70.03155656788121, -7.653408223610615, 0.0], [-70.02910670580978, -7.653898780404379, 0.0], [-70.02706761178077, -7.6551202036344925, 0.0], [-70.02506421813912, -7.657051234226987, 0.0], [-70.0239787157451, -7.659874593737438, 0.0], [-70.02384625460093, -7.661366382852254, 0.0], [-70.02644048304178, -7.665252276970914, 0.0], [-70.02679121504256, -7.667113006659822, 0.0], [-70.02660181152436, -7.668859866889267, 0.0], [-70.0257535520847, -7.670620071259261, 0.0], [-70.02439203336559, -7.672809870978682, 0.0], [-70.02415397832343, -7.675004232059614, 0.0], [-70.02448101948345, -7.677358088804688, 0.0], [-70.02557104546732, -7.678854866458863, 0.0], [-70.02705169557926, -7.6783734971391695, 0.0], [-70.02833452991455, -7.676446851640829, 0.0], [-70.03031577595227, -7.673956242186776, 0.0], [-70.0323317286263, -7.672622965777144, 0.0], [-70.03384297367425, -7.6723408925181715, 0.0], [-70.03541144438259, -7.672457635311559, 0.0], [-70.03665367162961, -7.673100024646352, 0.0], [-70.03781590867719, -7.673998832280272, 0.0], [-70.03838590798325, -7.675769719696714, 0.0], [-70.0379385600165, -7.677814198866141, 0.0], [-70.03672217748642, -7.681446151418715, 0.0], [-70.03646349379515, -7.683727030877709, 0.0], [-70.03667929871061, -7.686131357575977, 0.0], [-70.03797034565488, -7.688442638616845, 0.0], [-70.04013544819232, -7.689891633492042, 0.0], [-70.0421140340354, -7.690054039362394, 0.0], [-70.04380119367006, -7.689448468272143, 0.0], [-70.04440093625419, -7.687932327315007, 0.0], [-70.04452554092096, -7.685345976935277, 0.0], [-70.04508477893934, -7.683324334250553, 0.0], [-70.04577076111165, -7.681930135966976, 0.0], [-70.04763805854948, -7.680654327135418, 0.0], [-70.04991564648986, -7.680501633043914, 0.0], [-70.05203316319992, -7.680722829395016, 0.0], [-70.05483337955675, -7.681681107397122, 0.0], [-70.0566871952578, -7.6828312791401245, 0.0], [-70.05777480566265, -7.684336263108062, 0.0], [-70.05844948155824, -7.685646390968127, 0.0], [-70.05862770650336, -7.687288925343573, 0.0], [-70.05830717913292, -7.688908878641744, 0.0], [-70.05754230573275, -7.6909407322289915, 0.0], [-70.05663186356968, -7.691659939854269, 0.0], [-70.05559257104031, -7.6920626229915925, 0.0], [-70.05398848358162, -7.6916930160198085, 0.0], [-70.05167032002922, -7.691331934620983, 0.0], [-70.04953227629348, -7.691493708267995, 0.0], [-70.04704422810858, -7.691972368829759, 0.0], [-70.04574043327435, -7.693022901985248, 0.0], [-70.0448329157065, -7.694006218911888, 0.0], [-70.04422696420303, -7.695240631050261, 0.0], [-70.04272458197383, -7.69792311715808, 0.0], [-70.04126186074622, -7.6990779312015825, 0.0], [-70.04000195372716, -7.699721272019001, 0.0], [-70.03824744206577, -7.700776802707278, 0.0], [-70.03699398588373, -7.701835571854122, 0.0], [-70.03563988926942, -7.703725368530868, 0.0], [-70.03531908400849, -7.705779331051289, 0.0], [-70.03518646008705, -7.707943603514401, 0.0], [-70.03538735963888, -7.710191342956087, 0.0], [-70.03560426082798, -7.712617940465506, 0.0], [-70.03579841186713, -7.714789880548491, 0.0], [-70.03599732751465, -7.717014981356275, 0.0], [-70.03634364654205, -7.7193069809323624, 0.0], [-70.03703142645917, -7.722088491390679, 0.0], [-70.03735830933842, -7.724328132437343, 0.0], [-70.03742607685197, -7.72586490833881, 0.0], [-70.03711740344541, -7.727592915180782, 0.0], [-70.03776614379245, -7.729474385934111, 0.0], [-70.03875130432915, -7.730329820165029, 0.0], [-70.04113253014212, -7.730939194488208, 0.0], [-70.04255570548139, -7.731354473530118, 0.0], [-70.04373448645734, -7.732245801502437, 0.0], [-70.04447665287516, -7.733305916035128, 0.0], [-70.04683742450749, -7.735841450222715, 0.0], [-70.04820255940061, -7.736799109491223, 0.0], [-70.04968749388266, -7.7377488043637435, 0.0], [-70.05180774093445, -7.7387809185044745, 0.0], [-70.05311062025888, -7.739677512906841, 0.0], [-70.05336163722973, -7.740651987699078, 0.0], [-70.05298786279957, -7.7418235309311925, 0.0], [-70.05160335920762, -7.744703623273587, 0.0], [-70.05034733725975, -7.746635617939347, 0.0], [-70.05019195869195, -7.747734883557968, 0.0], [-70.05044213659524, -7.749386796063774, 0.0], [-70.05121613901358, -7.751918272510196, 0.0], [-70.0519447364604, -7.753723575182793, 0.0], [-70.05228682058026, -7.755611985105006, 0.0], [-70.0522824219962, -7.757302250998034, 0.0], [-70.0517894685091, -7.758664614180567, 0.0], [-70.05111256229482, -7.7599990687020295, 0.0], [-70.05025783852838, -7.760752196956279, 0.0], [-70.04913268052873, -7.760918848525979, 0.0], [-70.04792370211712, -7.760539661975731, 0.0], [-70.0467959504727, -7.7596161814415545, 0.0], [-70.0456592820502, -7.758445382848102, 0.0], [-70.04460936403083, -7.757135618314027, 0.0], [-70.04326107973498, -7.755745235853929, 0.0], [-70.04221063651164, -7.755061878802628, 0.0], [-70.04122146230057, -7.754718710999654, 0.0], [-70.04034548755422, -7.754564870272475, 0.0], [-70.03937715153424, -7.754762313729792, 0.0], [-70.03856824103147, -7.755501391875676, 0.0], [-70.03787725862854, -7.756289471381951, 0.0], [-70.03749473469423, -7.757273424129142, 0.0], [-70.037185210529, -7.758173127487801, 0.0], [-70.0367699090041, -7.759586365318473, 0.0], [-70.0364154205352, -7.760852303191225, 0.0], [-70.03603528789819, -7.762049158741625, 0.0], [-70.03550485606418, -7.76341035640279, 0.0], [-70.03494498492309, -7.7646849052841596, 0.0], [-70.03408766301523, -7.766464716673273, 0.0], [-70.03340480418832, -7.768182319258589, 0.0], [-70.03306383342914, -7.770294137864177, 0.0], [-70.03297267005264, -7.771860085974115, 0.0], [-70.03340570440973, -7.773305408018118, 0.0], [-70.03424916866416, -7.774529410503796, 0.0], [-70.03544858458444, -7.775005724734342, 0.0], [-70.03637818050859, -7.775131681981463, 0.0], [-70.03784644785523, -7.774934359932718, 0.0], [-70.03926821845346, -7.774988848956145, 0.0], [-70.04063268245231, -7.775332235294442, 0.0], [-70.04145770610819, -7.776049249473228, 0.0], [-70.04206716226973, -7.776840687947363, 0.0], [-70.04224836756805, -7.7781501898793195, 0.0], [-70.04218439069705, -7.78008755889369, 0.0], [-70.04199770403075, -7.781512412367832, 0.0], [-70.04151276440247, -7.782934102027163, 0.0], [-70.04096475262118, -7.784784433754556, 0.0], [-70.04071253685407, -7.7865358202718795, 0.0], [-70.04020528684443, -7.787769650548938, 0.0], [-70.03956075622382, -7.788671201114962, 0.0], [-70.03868841204053, -7.789448540018075, 0.0], [-70.0375851048686, -7.7896123695151545, 0.0], [-70.03639571548987, -7.789366831214263, 0.0], [-70.03452656185125, -7.788728402493707, 0.0], [-70.03324931590313, -7.788132891219902, 0.0], [-70.03173279723072, -7.7872072514134985, 0.0], [-70.03070645673759, -7.786810680068847, 0.0], [-70.0292803280247, -7.786858591450731, 0.0], [-70.02815655318236, -7.787127456367017, 0.0], [-70.02712321956093, -7.78753039940835, 0.0], [-70.02641366256049, -7.7880651264044545, 0.0], [-70.02604507631914, -7.789001281084186, 0.0], [-70.02585311602844, -7.789936982505687, 0.0], [-70.02600283786063, -7.79125891306839, 0.0], [-70.0267232424836, -7.792165971981969, 0.0], [-70.02890187442192, -7.793020513186079, 0.0], [-70.03122129432722, -7.793147939026181, 0.0], [-70.0331066735341, -7.793377348885468, 0.0], [-70.03465985396905, -7.794056081622859, 0.0], [-70.03559864546114, -7.794633423893384, 0.0], [-70.03633497437951, -7.795869980015503, 0.0], [-70.03678848090358, -7.796852635041031, 0.0], [-70.03664816957738, -7.7978250944525165, 0.0], [-70.035922536296, -7.798792767672026, 0.0], [-70.03515356918184, -7.79928758725227, 0.0], [-70.03396562231555, -7.800089400305556, 0.0], [-70.03187441617129, -7.801037993508565, 0.0], [-70.02787215247777, -7.802933045823369, 0.0], [-70.02653854511776, -7.803935127104435, 0.0], [-70.02543029527182, -7.805077314666299, 0.0], [-70.02475602586982, -7.806344761601437, 0.0], [-70.02423447394177, -7.80743650439112, 0.0], [-70.0243426731758, -7.808980689806923, 0.0], [-70.02479986332295, -7.810741061450756, 0.0], [-70.02566841416593, -7.811644948455555, 0.0], [-70.02657225350664, -7.811750511776662, 0.0], [-70.02749264576896, -7.811104514361812, 0.0], [-70.02831774406859, -7.809815612300643, 0.0], [-70.02946414225626, -7.808111199172497, 0.0], [-70.0306859306112, -7.806982222651428, 0.0], [-70.03184428438614, -7.80658259451107, 0.0], [-70.03303884576609, -7.806909061004287, 0.0], [-70.03379916679809, -7.807519968671585, 0.0], [-70.0342519313815, -7.808205239480216, 0.0], [-70.03530341242251, -7.809796663585157, 0.0], [-70.0365266226055, -7.811647967479608, 0.0], [-70.03790622759026, -7.813160420317068, 0.0], [-70.03976580884492, -7.81529117234966, 0.0], [-70.04062146251044, -7.816809468981813, 0.0], [-70.04128973703168, -7.817995257475076, 0.0], [-70.04164872301013, -7.819331174294199, 0.0], [-70.04252214637985, -7.821003112003989, 0.0], [-70.04331807247102, -7.822458849995918, 0.0], [-70.04447032974186, -7.823437497642395, 0.0], [-70.04532574688565, -7.8238536975900566, 0.0], [-70.04638954684009, -7.823811973543705, 0.0], [-70.04964373287193, -7.823380644301249, 0.0], [-70.05094848638348, -7.8234997325265745, 0.0], [-70.05225059498895, -7.823618574337633, 0.0], [-70.05358009064864, -7.823980383287989, 0.0], [-70.05485221675629, -7.824784669476838, 0.0], [-70.05585105778005, -7.825919549147876, 0.0], [-70.05628737736052, -7.826889788133119, 0.0], [-70.0562754820278, -7.828214721532113, 0.0], [-70.05612683668411, -7.829399854419673, 0.0], [-70.05585996646424, -7.829868648519302, 0.0], [-70.05533549533682, -7.830635965377443, 0.0], [-70.05455561854693, -7.8309183542985785, 0.0], [-70.05341854273155, -7.830945905029431, 0.0], [-70.05166026201151, -7.831120134286763, 0.0], [-70.04969276930578, -7.831116890432067, 0.0], [-70.04817867610491, -7.831448862574909, 0.0], [-70.04686675769464, -7.8317309960885275, 0.0], [-70.04590926569998, -7.83217501386574, 0.0], [-70.04520986654201, -7.833090351938189, 0.0], [-70.04485007027448, -7.834207208295986, 0.0], [-70.04524037963975, -7.835094353521534, 0.0], [-70.0461821317, -7.835523712349403, 0.0], [-70.04734675285036, -7.835946315470078, 0.0], [-70.04949314679125, -7.83631716800285, 0.0], [-70.05195287622419, -7.837066400394001, 0.0], [-70.05324096260024, -7.837821020623593, 0.0], [-70.05400340693164, -7.838924522948311, 0.0], [-70.05404511479023, -7.840041560069867, 0.0], [-70.05394640610172, -7.840966091911618, 0.0], [-70.0537742965465, -7.84257815635684, 0.0], [-70.05326387103077, -7.8444612323999365, 0.0], [-70.05271736292534, -7.8470791696366184, 0.0]]}}, {"id": "4", "type": "Feature", "properties": {"id_snv": 119, "Nome": "Rio Purus", "Codigo": "HF-134", "Sequencia_": "134", "Trecho": "Da foz, no Rio Solimoes, formador do Rio Amazonas, ate o Rio Iaco", "Extensao_k": 0.0, "Administra": null, "Regiao_Hid": "Amazonica", "dt_ini": "2013-01-01", "dt_fim": "2029-10-30", "Shape_Leng": 22.0755576793}, "geometry": {"type": "LineString", "coordinates": [[-61.48035155907712, -3.6689609640772147, 0.0], [-61.47938275630915, -3.678136935770894, 0.0], [-61.46817420617463, -3.699473052739201, 0.0], [-61.43694276329788, -3.748744582896144, 0.0], [-61.434287334193094, -3.756848377450659, 0.0], [-61.42137154166329, -3.787788394119005, 0.0], [-61.41127071617056, -3.810802106432, 0.0], [-61.40520506686036, -3.829076416743206, 0.0], [-61.392379422372386, -3.84832711380524, 0.0], [-61.374172323793715, -3.863648053215094, 0.0], [-61.36984422583032, -3.873736638934723, 0.0], [-61.36984422583032, -3.8819160367956087, 0.0], [-61.373710850175556, -3.8909877311987486, 0.0], [-61.38397227569996, -3.897828681548411, 0.0], [-61.39616701339694, -3.9064542276804204, 0.0], [-61.41059249514748, -3.912997746149003, 0.0], [-61.42204365179307, -3.9190951145479005, 0.0], [-61.43408967309991, -3.9306949866842444, 0.0], [-61.44568954523626, -3.939617965596618, 0.0], [-61.45803299932338, -3.953448582685901, 0.0], [-61.471120034461975, -3.970848391340155, 0.0], [-61.481381459986295, -3.9860174550414698, 0.0], [-61.49075058806916, -3.9970224625166395, 0.0], [-61.50237257903122, -4.006817354836976, 0.0], [-61.51023242528622, -4.014570987561029, 0.0], [-61.523914325985274, -4.028104171869948, 0.0], [-61.534919332561074, -4.0401501931767925, 0.0], [-61.54681663837707, -4.053534661095668, 0.0], [-61.55767292856274, -4.064093519400345, 0.0], [-61.56897536881818, -4.079560015881931, 0.0], [-61.574180439775446, -4.095918810704511, 0.0], [-61.579534227122856, -4.114805782360932, 0.0], [-61.58399571612936, -4.127595385618541, 0.0], [-61.59024180091839, -4.142020867369091, 0.0], [-61.597380184048234, -4.1525797256737675, 0.0], [-61.60600573018024, -4.165518045321512, 0.0], [-61.614036411651085, -4.175779470845832, 0.0], [-61.624743986345806, -4.190056237105608, 0.0], [-61.63679000765265, -4.208199626811258, 0.0], [-61.64987704279126, -4.221881527510405, 0.0], [-61.66326151071013, -4.236158293770188, 0.0], [-61.67515881562675, -4.2496914780792, 0.0], [-61.68348692987786, -4.253706818814571, 0.0], [-61.69404578728326, -4.254301683475923, 0.0], [-61.7032661989759, -4.251178641081367, 0.0], [-61.712635327058685, -4.247609449516489, 0.0], [-61.72185573785196, -4.245527420953685, 0.0], [-61.731671015105235, -4.24478383990229, 0.0], [-61.7440869608445, -4.2452484224766565, 0.0], [-61.75629946195053, -4.247116121911496, 0.0], [-61.76438860385094, -4.251773506641996, 0.0], [-61.777178206209186, -4.2601016199937405, 0.0], [-61.786844767072324, -4.268281016955342, 0.0], [-61.80409585933635, -4.284193662607336, 0.0], [-61.81108552607615, -4.2914807621274065, 0.0], [-61.82090080243006, -4.294901237302241, 0.0], [-61.8322032426855, -4.294603804521877, 0.0], [-61.840680072427375, -4.290291031905511, 0.0], [-61.84766973916709, -4.286721840340547, 0.0], [-61.85480812229693, -4.284788528167972, 0.0], [-61.86224393730786, -4.285978258389868, 0.0], [-61.869084887657344, -4.289250017174474, 0.0], [-61.87205921456105, -4.296834549474816, 0.0], [-61.87235664644204, -4.302783201483486, 0.0], [-61.87072076704973, -4.309772868223284, 0.0], [-61.86979225480869, -4.319372049180679, 0.0], [-61.872654079222315, -4.329105989050106, 0.0], [-61.87830529934999, -4.334162343617244, 0.0], [-61.88588983165042, -4.339069981794154, 0.0], [-61.893474363051396, -4.345910932143724, 0.0], [-61.895853824394464, -4.352008301441899, 0.0], [-61.893028214780266, -4.360187698403507, 0.0], [-61.88826929209412, -4.368664528145381, 0.0], [-61.88529496608979, -4.37877723727965, 0.0], [-61.889012874044894, -4.390079677535006, 0.0], [-61.89927429956921, -4.402423131622214, 0.0], [-61.90799232568524, -4.409564500501219, 0.0], [-61.91188822745968, -4.410971329763015, 0.0], [-61.92321762579276, -4.410156379413323, 0.0], [-61.936602093711635, -4.405397457626549, 0.0], [-61.95266345575385, -4.395582181272552, 0.0], [-61.962330015717626, -4.387848932582159, 0.0], [-61.977103438872575, -4.379846311757838, 0.0], [-61.98344773232698, -4.378033656228162, 0.0], [-61.994452739802064, -4.380859265842361, 0.0], [-62.00337571871435, -4.387700216192023, 0.0], [-62.01006795267388, -4.396474478714175, 0.0], [-62.01839606602553, -4.409858947532328, 0.0], [-62.02598059832596, -4.422945982670932, 0.0], [-62.03326769694657, -4.4327612590248435, 0.0], [-62.04129837841732, -4.436925316150351, 0.0], [-62.051113654771314, -4.4404945077153215, 0.0], [-62.057805888730755, -4.443171400939384, 0.0], [-62.064498122690196, -4.449566203017831, 0.0], [-62.06881089620584, -4.4592327629816, 0.0], [-62.07044677559814, -4.466817295281857, 0.0], [-62.068364747035346, -4.474401826682914, 0.0], [-62.0642006908092, -4.47990433042046, 0.0], [-62.05825203790116, -4.484217103936103, 0.0], [-62.04947777537902, -4.484514535817098, 0.0], [-62.04248810863922, -4.482283791763528, 0.0], [-62.035944591070006, -4.477227437196397, 0.0], [-62.03073952011273, -4.470089054066548, 0.0], [-62.02434471893356, -4.461017358764039, 0.0], [-62.015421740021196, -4.455663571416636, 0.0], [-62.00516031449688, -4.453878975634197, 0.0], [-61.99326300958017, -4.454176408414469, 0.0], [-61.985381044499555, -4.456853301638532, 0.0], [-61.979878540762016, -4.461760940714811, 0.0], [-61.97825874394587, -4.4708885846403845, 0.0], [-61.97794522858935, -4.475145408633594, 0.0], [-61.98032468993242, -4.482581223644523, 0.0], [-61.989098952454654, -4.485704266938363, 0.0], [-62.002185987593265, -4.488083727382062, 0.0], [-62.013488427848614, -4.490463188725137, 0.0], [-62.02092424375883, -4.494478529460508, 0.0], [-62.02984722177183, -4.497899004635343, 0.0], [-62.03936506624474, -4.49894001846701, 0.0], [-62.04709831403594, -4.500278465079042, 0.0], [-62.056021292948316, -4.504591238594777, 0.0], [-62.06598528659164, -4.513216784726794, 0.0], [-62.0698519100376, -4.524073075811742, 0.0], [-62.07104164115877, -4.540431869734952, 0.0], [-62.069405761766475, -4.551288160819901, 0.0], [-62.06791859786493, -4.561995735514714, 0.0], [-62.06732373320367, -4.57255459381939, 0.0], [-62.07113287738038, -4.5885856460107135, 0.0], [-62.069554478156604, -4.599323529657141, 0.0], [-62.068216030645296, -4.61017982074209, 0.0], [-62.0670263004234, -4.6177643521430625, 0.0], [-62.0698519100376, -4.62728219661598, 0.0], [-62.07327238521234, -4.633676997795234, 0.0], [-62.078031307898485, -4.638584635972144, 0.0], [-62.08457482546778, -4.645276869931493, 0.0], [-62.09052347747645, -4.653158835012192, 0.0], [-62.095728548433726, -4.662974111366104, 0.0], [-62.09885159172748, -4.669517628935317, 0.0], [-62.10554382568701, -4.686025140148033, 0.0], [-62.113425789868245, -4.700450622797945, 0.0], [-62.12457951373356, -4.709224885320182, 0.0], [-62.135584520309365, -4.717106849501519, 0.0], [-62.14569723034291, -4.724542665411633, 0.0], [-62.15387662730443, -4.729747736368907, 0.0], [-62.16339447087806, -4.734060508985273, 0.0], [-62.17157386873904, -4.737183551379744, 0.0], [-62.17990198209078, -4.740306594673584, 0.0], [-62.184512187487414, -4.74461936728995, 0.0], [-62.19031212400532, -4.749824438247131, 0.0], [-62.196260776013986, -4.753691062592367, 0.0], [-62.202060712531804, -4.754137211762867, 0.0], [-62.20771193265957, -4.7520551832000635, 0.0], [-62.21351186827802, -4.747891126074556, 0.0], [-62.21856822284515, -4.7429834878976465, 0.0], [-62.224665592143324, -4.738968147162183, 0.0], [-62.231952691663395, -4.738373282500916, 0.0], [-62.23983465584464, -4.7398604455030835, 0.0], [-62.24994736497891, -4.742537338727146, 0.0], [-62.26154723801463, -4.7443219345095855, 0.0], [-62.26853690475424, -4.743429637068054, 0.0], [-62.27701373449621, -4.738373282500916, 0.0], [-62.28325981928524, -4.7300451682498945, 0.0], [-62.28861360663265, -4.72335293429046, 0.0], [-62.29441354315046, -4.716511983940883, 0.0], [-62.2981314502062, -4.7129427923759195, 0.0], [-62.30303908928248, -4.710563331932214, 0.0], [-62.30854159212073, -4.711604345763888, 0.0], [-62.311069769853944, -4.714578671768223, 0.0], [-62.31002875602228, -4.720081175505854, 0.0], [-62.30794672745947, -4.725881112023664, 0.0], [-62.3039313867241, -4.733911792595137, 0.0], [-62.3034852375536, -4.741198892115115, 0.0], [-62.30497240055577, -4.749229572686588, 0.0], [-62.31017747151304, -4.75681410498693, 0.0], [-62.31924916681555, -4.760383296551808, 0.0], [-62.32787471294765, -4.7615730267737035, 0.0], [-62.334120798635965, -4.7599371473814, 0.0], [-62.33724384103034, -4.756219239426294, 0.0], [-62.338731004032596, -4.7493782890767235, 0.0], [-62.34066431620518, -4.7443219345095855, 0.0], [-62.34378735859964, -4.740306594673584, 0.0], [-62.35018215977881, -4.739414296332676, 0.0], [-62.35464364968468, -4.7422399059468745, 0.0], [-62.35776669207907, -4.748485991635185, 0.0], [-62.36074101808349, -4.753691062592367, 0.0], [-62.362823046646284, -4.759342282720134, 0.0], [-62.36802811760347, -4.763506338946364, 0.0], [-62.376504947345346, -4.765885800289439, 0.0], [-62.38334589769501, -4.765142218338667, 0.0], [-62.39226887660729, -4.762465325114604, 0.0], [-62.40267901852184, -4.757855118818597, 0.0], [-62.40937125248127, -4.75636795581643, 0.0], [-62.41650963561112, -4.75458336003399, 0.0], [-62.42439159979245, -4.7550295092044905, 0.0], [-62.4340581606555, -4.758301267989097, 0.0], [-62.439560664393134, -4.760978162112437, 0.0], [-62.448929791576546, -4.763060189775871, 0.0], [-62.45458101170431, -4.761870459553975, 0.0], [-62.460232231831995, -4.7575576869376945, 0.0], [-62.46409885617723, -4.752501332370564, 0.0], [-62.46677574940129, -4.745362949240629, 0.0], [-62.472276061490994, -4.737346884451078, 0.0], [-62.47480642997267, -4.7349528073260885, 0.0], [-62.481647380322336, -4.733465644324006, 0.0], [-62.48938062901273, -4.734506658155681, 0.0], [-62.49503184914049, -4.7373322677698795, 0.0], [-62.49874975619632, -4.743280920677918, 0.0], [-62.50142665031957, -4.748485991635185, 0.0], [-62.49949333814699, -4.756219239426294, 0.0], [-62.49473441636022, -4.762762757894876, 0.0], [-62.48655501939852, -4.769901140125441, 0.0], [-62.48134994844135, -4.775403643862987, 0.0], [-62.46677574940129, -4.786111218557799, 0.0], [-62.46052966461227, -4.7908701403446585, 0.0], [-62.45651432387689, -4.7975623743041, 0.0], [-62.45636560748675, -4.807080218777017, 0.0], [-62.46157067844402, -4.8160031976893904, 0.0], [-62.47108852201766, -4.8203159703057565, 0.0], [-62.47968882597847, -4.819065724703329, 0.0], [-62.485419263787904, -4.8146464912424705, 0.0], [-62.49473441636022, -4.805146906604442, 0.0], [-62.5015753667097, -4.793844467248363, 0.0], [-62.507226586837476, -4.779716417378722, 0.0], [-62.51213422501447, -4.772280601468516, 0.0], [-62.51852902619355, -4.769454991854317, 0.0], [-62.525072543762846, -4.768860126293774, 0.0], [-62.53414423906527, -4.772578034248873, 0.0], [-62.53920059363249, -4.7788241190378145, 0.0], [-62.54113390580507, -4.78804453073046, 0.0], [-62.5400928919734, -4.799644402866896, 0.0], [-62.5396467428029, -4.811095559512388, 0.0], [-62.54291850158759, -4.821208268646572, 0.0], [-62.551097898549116, -4.829090232827902, 0.0], [-62.55823628167896, -4.832064559731606, 0.0], [-62.56537466480889, -4.832064559731606, 0.0], [-62.56968743832463, -4.831469694170977, 0.0], [-62.57459507650154, -4.829536381998402, 0.0], [-62.58098987768071, -4.825223608482666, 0.0], [-62.587533395250006, -4.8179365098619655, 0.0], [-62.59452306198963, -4.807972516218641, 0.0], [-62.6018101615097, -4.797859807084372, 0.0], [-62.60671779968669, -4.792506019736962, 0.0], [-62.61400489920668, -4.783583041723958, 0.0], [-62.623076594509186, -4.774957495591856, 0.0], [-62.63318930364336, -4.76900884268391, 0.0], [-62.64285586360714, -4.765737083899211, 0.0], [-62.65832236008882, -4.765290934728803, 0.0], [-62.669178651173766, -4.767372963291606, 0.0], [-62.67527601957257, -4.771090871246621, 0.0], [-62.68033237503899, -4.776742091374388, 0.0], [-62.682414402702506, -4.783731757214724, 0.0], [-62.681075956090474, -4.789531693732627, 0.0], [-62.67557345235293, -4.796818793252697, 0.0], [-62.668881218393494, -4.803957176382546, 0.0], [-62.663527431046084, -4.8102032611714876, 0.0], [-62.659363374819854, -4.81659806235065, 0.0], [-62.658471076478946, -4.82388516187072, 0.0], [-62.659958239481114, -4.8331055735633655, 0.0], [-62.66233770082419, -4.843069566307413, 0.0], [-62.66189155165378, -4.8516951124394225, 0.0], [-62.65787621181769, -4.857792481737597, 0.0], [-62.65218947476434, -4.861048437635205, 0.0], [-62.64791221817427, -4.863443700965995, 0.0], [-62.638543090990865, -4.870135935824713, 0.0], [-62.6357174804773, -4.8766794533940185, 0.0], [-62.63512261581603, -4.883966552914089, 0.0], [-62.63779950904009, -4.892443382655962, 0.0], [-62.64240971443673, -4.897797170003372, 0.0], [-62.652076275299784, -4.9003253468372066, 0.0], [-62.6627838499946, -4.902704808180282, 0.0], [-62.67081453056607, -4.90508426862398, 0.0], [-62.68048109052984, -4.910735488751747, 0.0], [-62.68464514765535, -4.918320021052089, 0.0], [-62.68702460899842, -4.926648134403834, 0.0], [-62.68776819004991, -4.936314694367603, 0.0], [-62.689701502222576, -4.944791524109483, 0.0], [-62.692824544616954, -4.951781190849189, 0.0], [-62.69847576474472, -4.961001602541927, 0.0], [-62.70606029704506, -4.968437418452041, 0.0], [-62.71706530362078, -4.973196340238907, 0.0], [-62.72762416192555, -4.975575801581975, 0.0], [-62.737736871059724, -4.974088637680438, 0.0], [-62.74353680757754, -4.971560460846511, 0.0], [-62.74665984997201, -4.966206673499109, 0.0], [-62.74948546048558, -4.959663155929803, 0.0], [-62.75127005626802, -4.950591460627386, 0.0], [-62.745767552530474, -4.936612127147875, 0.0], [-62.7372907227886, -4.932299354531509, 0.0], [-62.722567807358324, -4.923822524789635, 0.0], [-62.7155781406187, -4.9177251554914605, 0.0], [-62.711265368002245, -4.911627787092655, 0.0], [-62.70561414787457, -4.902109942619646, 0.0], [-62.70397826848227, -4.893186963707365, 0.0], [-62.7062090134352, -4.882330672622416, 0.0], [-62.7081423247085, -4.873853842880536, 0.0], [-62.7118602326636, -4.86478214847731, 0.0], [-62.714537126786944, -4.856007885955158, 0.0], [-62.71751145279128, -4.848423353654816, 0.0], [-62.72197294269715, -4.842028552475654, 0.0], [-62.72955747409812, -4.838459360910775, 0.0], [-62.73937275045203, -4.836972197908516, 0.0], [-62.74680856636223, -4.8395003747424425, 0.0], [-62.75201363731951, -4.846638757872292, 0.0], [-62.755285396104114, -4.854223290172719, 0.0], [-62.76316736118473, -4.862105254353963, 0.0], [-62.7679262829715, -4.867012892530873, 0.0], [-62.7793774387178, -4.869541070264084, 0.0], [-62.79424907053812, -4.867161608921101, 0.0], [-62.810905297241604, -4.8644847156970386, 0.0], [-62.81834111315181, -4.862848836304735, 0.0], [-62.82681794289369, -4.862105254353963, 0.0], [-62.83797166585963, -4.8618078215736915, 0.0], [-62.846151063720605, -4.860618091351796, 0.0], [-62.857007353906184, -4.861064240522204, 0.0], [-62.863253439594494, -4.861510389692704, 0.0], [-62.870540539114565, -4.863146269085007, 0.0], [-62.878719936076166, -4.865971878699206, 0.0], [-62.88630446837642, -4.869987219434577, 0.0], [-62.89121210655342, -4.875043574001623, 0.0], [-62.89299670233586, -4.879951212178625, 0.0], [-62.89284798594572, -4.88485885035562, 0.0], [-62.89240183677531, -4.891402367924925, 0.0], [-62.89225312038509, -4.898689467444903, 0.0], [-62.89240183677531, -4.904786836743078, 0.0], [-62.893145418726085, -4.909843191310216, 0.0], [-62.895524879169784, -4.915940559709021, 0.0], [-62.899094070734755, -4.919509751273985, 0.0], [-62.905340156423065, -4.924268673060759, 0.0], [-62.915304149167106, -4.928730162966545, 0.0], [-62.926606588523185, -4.931258339800472, 0.0], [-62.93329882248262, -4.934530098585164, 0.0], [-62.940585922002604, -4.937653141879004, 0.0], [-62.94698072318177, -4.942858212836185, 0.0], [-62.94742687235227, -4.949253014015355, 0.0], [-62.94698072318177, -4.955796531584568, 0.0], [-62.94326281612604, -4.958919573979124, 0.0], [-62.93597571660597, -4.956986261806463, 0.0], [-62.92883733347612, -4.9546068013627576, 0.0], [-62.92050922012438, -4.954458084972622, 0.0], [-62.91381698616494, -4.95535038241416, 0.0], [-62.908463198817536, -4.958175992927728, 0.0], [-62.90474529086243, -4.96263748193423, 0.0], [-62.9034068442504, -4.9669502554498735, 0.0], [-62.89849920517412, -4.972898907458543, 0.0], [-62.891955687604906, -4.982119319151188, 0.0], [-62.88511473725524, -4.991637162724828, 0.0], [-62.88124811291001, -5.0001139924667015, 0.0], [-62.880653248248834, -5.007549808376908, 0.0], [-62.884668588084836, -5.0175138011209555, 0.0], [-62.89018542341856, -5.027868828083868, 0.0], [-62.89879663795439, -5.036103340896467, 0.0], [-62.90608373747446, -5.040564829902884, 0.0], [-62.9120323903825, -5.044431454248212, 0.0], [-62.91872462434194, -5.046067333640515, 0.0], [-62.92363226251885, -5.046067333640515, 0.0], [-62.928391184305625, -5.046067333640515, 0.0], [-62.92987834910653, -5.049413451069874, 0.0], [-62.92853990069576, -5.054098014211981, 0.0], [-62.92853990069576, -5.057667205776859, 0.0], [-62.929729630917656, -5.06079024817133, 0.0], [-62.93686801404759, -5.063020993124269, 0.0], [-62.945642276569735, -5.065995319128604, 0.0], [-62.95426782270184, -5.068672213252036, 0.0], [-62.965124113786786, -5.075215730821334, 0.0], [-62.96884202174189, -5.07923107155662, 0.0], [-62.97196506413636, -5.082948979511727, 0.0], [-62.9749393901407, -5.0883027659598525, 0.0], [-62.976575269533, -5.097077028481998, 0.0], [-62.977318851483766, -5.107933319567039, 0.0], [-62.97940088004648, -5.117599880430092, 0.0], [-62.98430851822348, -5.1248869790507925, 0.0], [-62.99085203579278, -5.130092050008059, 0.0], [-62.99694940509095, -5.134404823523795, 0.0], [-63.001410894097454, -5.140204759142243, 0.0], [-63.00319548987989, -5.146153412050282, 0.0], [-63.00364163905039, -5.152845646009716, 0.0], [-63.00245190792921, -5.1568609867450945, 0.0], [-62.99828785170298, -5.162214774092497, 0.0], [-62.994421227357655, -5.165189100096832, 0.0], [-62.98758027700817, -5.165040383706696, 0.0], [-62.97850858170566, -5.165337816486968, 0.0], [-62.96438053183602, -5.16489166731656, 0.0], [-62.95382167443071, -5.165337816486968, 0.0], [-62.94489869551834, -5.165337816486968, 0.0], [-62.93761159599827, -5.1663788303187275, 0.0], [-62.92913476625639, -5.168609575271667, 0.0], [-62.92288868056808, -5.172178766836545, 0.0], [-62.91887334073208, -5.177532554183948, 0.0], [-62.91619644660873, -5.186009383925828, 0.0], [-62.91664259577914, -5.192850334275491, 0.0], [-62.920211787344016, -5.199542568234925, 0.0], [-62.92675530491332, -5.206383518584502, 0.0], [-62.93612443299619, -5.210696292100145, 0.0], [-62.945790992959964, -5.213373185324208, 0.0], [-62.95218579413904, -5.219767987402655, 0.0], [-62.95397038992148, -5.228244817144535, 0.0], [-62.95307809247994, -5.235531915765236, 0.0], [-62.946832007690915, -5.240885703112639, 0.0], [-62.937462879608134, -5.240885703112639, 0.0], [-62.92913476625639, -5.241480568673275, 0.0], [-62.92199638312655, -5.245049760238238, 0.0], [-62.917088744949545, -5.247875369852437, 0.0], [-62.91426313443607, -5.252783008029347, 0.0], [-62.91247853865363, -5.259623958378924, 0.0], [-62.91381698616494, -5.268249504511026, 0.0], [-62.91768360961081, -5.2764289023719115, 0.0], [-62.921252801175775, -5.284459582943292, 0.0], [-62.92392969529912, -5.290854384122454, 0.0], [-62.92690402130354, -5.299331214763704, 0.0], [-62.92735017047395, -5.304833717601966, 0.0], [-62.92586300747178, -5.311079803290184, 0.0], [-62.92288868056808, -5.318218186420118, 0.0], [-62.919468205393336, -5.32491042037956, 0.0], [-62.91589901382837, -5.331305221558722, 0.0], [-62.91545286555724, -5.335766710565139, 0.0], [-62.915750298337606, -5.339484618520238, 0.0], [-62.91939384494994, -5.3466973611942095, 0.0], [-62.92645787213305, -5.348258881042476, 0.0], [-62.93181165948045, -5.346325568869901, 0.0], [-62.9382064615589, -5.342458945423942, 0.0], [-62.94460126273807, -5.338294888298435, 0.0], [-62.9512934966975, -5.335469278684236, 0.0], [-62.957242149605456, -5.333238533731297, 0.0], [-62.96348823439448, -5.331007788778365, 0.0], [-62.971518914965955, -5.331305221558722, 0.0], [-62.977318851483766, -5.332494951780532, 0.0], [-62.98282135522131, -5.335617995074372, 0.0], [-62.98713412783768, -5.3397820513006025, 0.0], [-62.98981102196102, -5.346028136988913, 0.0], [-62.991744334133685, -5.3543562503406505, 0.0], [-62.990554603012505, -5.362833080082531, 0.0], [-62.99010845474138, -5.3711611934342685, 0.0], [-62.98877000722998, -5.380232888736778, 0.0], [-62.98758027700817, -5.386330257135583, 0.0], [-62.985498248445374, -5.391089179821726, 0.0], [-62.98178034049027, -5.392576342823894, 0.0], [-62.97612912126196, -5.390791747041455, 0.0], [-62.9692881709123, -5.388709718478658, 0.0], [-62.961406205831686, -5.387371271866627, 0.0], [-62.9541191063117, -5.387519988256848, 0.0], [-62.948170996594136, -5.3904714409042, 0.0], [-62.939396191780794, -5.3949558032675995, 0.0], [-62.937016730437726, -5.399268576783335, 0.0], [-62.93433983721366, -5.406704391794257, 0.0], [-62.93419112082353, -5.414883789655143, 0.0], [-62.93657058126732, -5.425293931569598, 0.0], [-62.94415511356757, -5.4318374491388965, 0.0], [-62.95025248286574, -5.433175895750928, 0.0], [-62.958243928714275, -5.4335374349046575, 0.0], [-62.96482668100643, -5.4304990025269575, 0.0], [-62.973303510748394, -5.424401633228783, 0.0], [-62.98103675943887, -5.418601697610157, 0.0], [-62.98713412783768, -5.414140207704378, 0.0], [-62.99382636179711, -5.411760747260672, 0.0], [-63.00319548987989, -5.4126530447022105, 0.0], [-63.00914414278793, -5.4151812224354146, 0.0], [-63.0162825250185, -5.421576023614492, 0.0], [-63.020297865753875, -5.4273759601323945, 0.0], [-63.023123475368074, -5.4294579877958284, 0.0], [-63.03130287322896, -5.433473328531292, 0.0], [-63.03695409245736, -5.432432314699533, 0.0], [-63.03903612102007, -5.430647718917001, 0.0], [-63.04096943319273, -5.428119541183797, 0.0], [-63.04260531258503, -5.423509335787159, 0.0], [-63.04320017814567, -5.4197914278320525, 0.0], [-63.0437950437063, -5.413842774924106, 0.0], [-63.04438990836756, -5.409232569527468, 0.0], [-63.0454309230986, -5.40417621496033, 0.0], [-63.04617450415, -5.39733526461076, 0.0], [-63.049743695714966, -5.389602015920282, 0.0], [-63.054353901111604, -5.385586676084188, 0.0], [-63.061938433411946, -5.38097646978818, 0.0], [-63.067887086319985, -5.380827753398044, 0.0], [-63.076958780723125, -5.382612349180569, 0.0], [-63.081866419799404, -5.386330257135583, 0.0], [-63.08484074580374, -5.3933199238753815, 0.0], [-63.0858817596355, -5.400755739785502, 0.0], [-63.08424588024311, -5.411314598090179, 0.0], [-63.085286894974146, -5.420981158053948, 0.0], [-63.08707149075668, -5.42856569035429, 0.0], [-63.091384263373044, -5.438529683098338, 0.0], [-63.09882007928316, -5.445965499008544, 0.0], [-63.10729690902504, -5.4496834069636435, 0.0], [-63.11443529215497, -5.449534690573422, 0.0], [-63.11964036311224, -5.448196243961391, 0.0], [-63.12529158234055, -5.443734754055605, 0.0], [-63.131240235248676, -5.439273265049103, 0.0], [-63.13852733476866, -5.436001506264496, 0.0], [-63.144178554896335, -5.434663058753095, 0.0], [-63.15220923546781, -5.435257924313731, 0.0], [-63.16113221438009, -5.437934817537794, 0.0], [-63.16603985255709, -5.442545023833802, 0.0], [-63.17050134156359, -5.448493675842471, 0.0], [-63.17540897974059, -5.457267938364616, 0.0], [-63.17585512891109, -5.462026861050759, 0.0], [-63.175557696130724, -5.469760108841868, 0.0], [-63.17302951929689, -5.47466774701887, 0.0], [-63.16529627060632, -5.480170250756409, 0.0], [-63.15845532025675, -5.483144576760743, 0.0], [-63.15161436990717, -5.485524038103819, 0.0], [-63.14179909355327, -5.4880522149377455, 0.0], [-63.13287611464098, -5.491175258231493, 0.0], [-63.125737731511045, -5.4951905980675875, 0.0], [-63.119789079502375, -5.498611073242422, 0.0], [-63.11503015681623, -5.504411009760233, 0.0], [-63.11265069637253, -5.508723783275883, 0.0], [-63.11086610059, -5.514077569724009, 0.0], [-63.10908150480756, -5.520472371802455, 0.0], [-63.10610717880323, -5.527313322152025, 0.0], [-63.1043225830207, -5.53489785355309, 0.0], [-63.1043225830207, -5.540697790070901, 0.0], [-63.1083379228568, -5.547687456810614, 0.0], [-63.1141378593747, -5.550959215595306, 0.0], [-63.12097880972427, -5.551107931985442, 0.0], [-63.12558901512091, -5.549620768983189, 0.0], [-63.12945563946615, -5.5466464429788545, 0.0], [-63.13495814320369, -5.540251640900493, 0.0], [-63.13986578138069, -5.534154272501603, 0.0], [-63.14670673173026, -5.528651768764057, 0.0], [-63.15250666824808, -5.525677442759722, 0.0], [-63.16157836265122, -5.52270311585611, 0.0], [-63.16916289495165, -5.521513385634215, 0.0], [-63.17823459025407, -5.521959534804623, 0.0], [-63.18641398721567, -5.523595414196926, 0.0], [-63.19295750478498, -5.524933860808957, 0.0], [-63.198162575742245, -5.527908186813292, 0.0], [-63.20277278203817, -5.533261974160695, 0.0], [-63.20400611409083, -5.53999795923842, 0.0], [-63.20455737782069, -5.5469438748599345, 0.0], [-63.202475349257895, -5.554528407160184, 0.0], [-63.19741899469076, -5.565384698245133, 0.0], [-63.192065207343354, -5.576240989330174, 0.0], [-63.188942164948884, -5.585163967343178, 0.0], [-63.18626527082554, -5.592897216033656, 0.0], [-63.187157569166445, -5.601968911336165, 0.0], [-63.188942164948884, -5.611486754909798, 0.0], [-63.19280878839484, -5.618625138039647, 0.0], [-63.19608054807882, -5.623235343436285, 0.0], [-63.20098818625573, -5.6245737909475935, 0.0], [-63.204854809701686, -5.623086627046149, 0.0], [-63.211547044560405, -5.6218968968242535, 0.0], [-63.21987515791214, -5.620112301041814, 0.0], [-63.226716108261805, -5.619071287210055, 0.0], [-63.23861341317843, -5.620558450212307, 0.0], [-63.24679281014003, -5.621153315772851, 0.0], [-63.25512092349177, -5.618030272479011, 0.0], [-63.25973112978778, -5.615055946474676, 0.0], [-63.26211059023148, -5.611189322129441, 0.0], [-63.262705455792116, -5.606132967562395, 0.0], [-63.261961873841344, -5.602861208777696, 0.0], [-63.256013221832674, -5.598994584432461, 0.0], [-63.2515517319268, -5.597061272259886, 0.0], [-63.24485949796737, -5.5930459324237916, 0.0], [-63.24024929257073, -5.589625457248957, 0.0], [-63.236977533786124, -5.586056265684078, 0.0], [-63.23400320778179, -5.581892208558571, 0.0], [-63.23355705861129, -5.577728152332341, 0.0], [-63.23430063966278, -5.572820513256062, 0.0], [-63.236531384615624, -5.569102606200239, 0.0], [-63.24024929257073, -5.568359024249467, 0.0], [-63.243223618575065, -5.569697470861591, 0.0], [-63.24575179630827, -5.57415896076737, 0.0], [-63.248726122312604, -5.5789178825542365, 0.0], [-63.25274146304807, -5.583379371560646, 0.0], [-63.25526963988191, -5.586651131244622, 0.0], [-63.260474710839176, -5.589179308078549, 0.0], [-63.264638767964776, -5.59051775469058, 0.0], [-63.270587419973445, -5.5903690383004445, 0.0], [-63.27564377543986, -5.589625457248957, 0.0], [-63.28159242744853, -5.587543428686246, 0.0], [-63.28724364757621, -5.585907549293857, 0.0], [-63.292894867703886, -5.585163967343178, 0.0], [-63.30137169744585, -5.585758832903721, 0.0], [-63.30880751245669, -5.587692145076382, 0.0], [-63.31639204475703, -5.5924510668631555, 0.0], [-63.326504753891214, -5.602861208777696, 0.0], [-63.33438671897183, -5.612527769640749, 0.0], [-63.343755846155325, -5.619220003600191, 0.0], [-63.35044808011477, -5.623532776216642, 0.0], [-63.361304371199715, -5.628440414393552, 0.0], [-63.37007863372186, -5.630819875736627, 0.0], [-63.37706830046166, -5.633942918131098, 0.0], [-63.38435539998173, -5.637363393305925, 0.0], [-63.38866817259801, -5.640040287429272, 0.0], [-63.39149378311158, -5.644799209216131, 0.0], [-63.396103988508216, -5.650004280173313, 0.0], [-63.398483449851284, -5.655209351130587, 0.0], [-63.40086291029499, -5.66100928764849, 0.0], [-63.40145777585562, -5.667701521607924, 0.0], [-63.40235007329724, -5.673798890006729, 0.0], [-63.40532440020086, -5.6785578117935955, 0.0], [-63.409339740036955, -5.680193691185899, 0.0], [-63.41469352738427, -5.68227571974861, 0.0], [-63.420493463902176, -5.683019301699375, 0.0], [-63.42554981846931, -5.684209031921185, 0.0], [-63.43016002386604, -5.682424436138746, 0.0], [-63.43209333603861, -5.679896259304904, 0.0], [-63.43358049904078, -5.676475784130076, 0.0], [-63.43402664821119, -5.672906592565106, 0.0], [-63.43298563437943, -5.6690399682199555, 0.0], [-63.42911901003428, -5.6641323300429605, 0.0], [-63.42168319412407, -5.656696514132754, 0.0], [-63.417965286168965, -5.650599145733949, 0.0], [-63.414842243774494, -5.642568464263107, 0.0], [-63.413801229942734, -5.633794201740962, 0.0], [-63.41350379716246, -5.624276358167322, 0.0], [-63.41499096016463, -5.616840542257208, 0.0], [-63.41781656977883, -5.611486754909798, 0.0], [-63.42317035712624, -5.608958578075871, 0.0], [-63.42867286086378, -5.608661145295599, 0.0], [-63.43343178265055, -5.610148308297767, 0.0], [-63.438488137217774, -5.613717499862645, 0.0], [-63.442800910733425, -5.6198148682615425, 0.0], [-63.446518818688524, -5.627250684171749, 0.0], [-63.4533597690381, -5.633199337079695, 0.0], [-63.46213403156025, -5.635876230303758, 0.0], [-63.47180059152402, -5.636024946693894, 0.0], [-63.48280559899919, -5.633942918131098, 0.0], [-63.49410803835527, -5.631117308516899, 0.0], [-63.50674892522266, -5.6296301455147315, 0.0], [-63.5167129179667, -5.630373726566219, 0.0], [-63.524148733876906, -5.634389067301591, 0.0], [-63.52727177627138, -5.640189003819408, 0.0], [-63.52816407461237, -5.647922251610602, 0.0], [-63.526974343491105, -5.655209351130587, 0.0], [-63.52266157087474, -5.66517334387472, 0.0], [-63.5171590671372, -5.670675847612259, 0.0], [-63.51150784700952, -5.676029634959669, 0.0], [-63.50585662778112, -5.684209031921185, 0.0], [-63.50332845004792, -5.6928345780532865, 0.0], [-63.50392331560846, -5.700270393963493, 0.0], [-63.50541047861063, -5.7075574934834705, 0.0], [-63.507938655444555, -5.713654861882368, 0.0], [-63.51150784700952, -5.718562500059278, 0.0], [-63.5155231877449, -5.719900947570679, 0.0], [-63.5225128544846, -5.719603514790315, 0.0], [-63.52905637205391, -5.716480471496567, 0.0], [-63.535451173232985, -5.711721549709701, 0.0], [-63.54184597531143, -5.706219045972162, 0.0], [-63.54660489709829, -5.704583166579859, 0.0], [-63.551809968055565, -5.705178032140488, 0.0], [-63.5564201734522, -5.7099369539272615, 0.0], [-63.55998936501717, -5.716926620666975, 0.0], [-63.56445085492295, -5.7248085857475886, 0.0], [-63.57129180527252, -5.736557174274161, 0.0], [-63.57872762028345, -5.745480153186442, 0.0], [-63.58809674836614, -5.751428805195111, 0.0], [-63.59761459283915, -5.753956982928408, 0.0], [-63.60728115280292, -5.754403132098815, 0.0], [-63.617840011107596, -5.753213400977643, 0.0], [-63.62765528746151, -5.755295429540439, 0.0], [-63.635983400813245, -5.7587159047151815, 0.0], [-63.64267563477269, -5.760946649668121, 0.0], [-63.64832685490036, -5.760946649668121, 0.0], [-63.65293706119637, -5.760500500497621, 0.0], [-63.65769598298314, -5.759162053885589, 0.0], [-63.66334720311091, -5.75470056397981, 0.0], [-63.667502035890244, -5.748953073225728, 0.0], [-63.66684203243383, -5.741985320266316, 0.0], [-63.66423950055245, -5.736111025103661, 0.0], [-63.65814213215364, -5.730757237756258, 0.0], [-63.65100374902371, -5.728080344532195, 0.0], [-63.64148590455079, -5.730013656704855, 0.0], [-63.62899373407354, -5.732244400758425, 0.0], [-63.62051690433166, -5.731946968877523, 0.0], [-63.61144520992843, -5.7273367625815155, 0.0], [-63.604752975069715, -5.721834258843884, 0.0], [-63.6027016736433, -5.716297149193984, 0.0], [-63.60207608184565, -5.711275400539208, 0.0], [-63.60311709567732, -5.7050293157502665, 0.0], [-63.60638885446202, -5.698931947351461, 0.0], [-63.610552911587526, -5.695214039396355, 0.0], [-63.618583592159, -5.693132010833644, 0.0], [-63.62646555723961, -5.695957620447757, 0.0], [-63.63315779119905, -5.701162691405024, 0.0], [-63.64594739445666, -5.7099369539272615, 0.0], [-63.65784469937337, -5.714101011052776, 0.0], [-63.67033686895134, -5.715439457664807, 0.0], [-63.682977755818726, -5.714547160223184, 0.0], [-63.69026485533871, -5.711424116929344, 0.0], [-63.69889040147081, -5.707854925364465, 0.0], [-63.705136486259754, -5.703393436357963, 0.0], [-63.711382571948064, -5.696552486008386, 0.0], [-63.71569534456443, -5.691347415051119, 0.0], [-63.716587642905424, -5.684803897481814, 0.0], [-63.71405946517213, -5.679003960964003, 0.0], [-63.70989540894598, -5.674245039177137, 0.0], [-63.70632621738102, -5.670824564002395, 0.0], [-63.70008013169271, -5.667998953488826, 0.0], [-63.69323918134313, -5.668742535439598, 0.0], [-63.68714181294424, -5.6732040244461, 0.0], [-63.680300862594756, -5.676773216011064, 0.0], [-63.67524450802753, -5.6769219324012, 0.0], [-63.66914713872944, -5.676773216011064, 0.0], [-63.662603621160144, -5.674542471957501, 0.0], [-63.655465238030295, -5.670229698441766, 0.0], [-63.65011145068289, -5.666065642215621, 0.0], [-63.64550124528616, -5.659522123746953, 0.0], [-63.64074232349939, -5.6519375923459805, 0.0], [-63.63761928020555, -5.644055627265367, 0.0], [-63.63672698276402, -5.637214676915704, 0.0], [-63.635983400813245, -5.627994266122428, 0.0], [-63.63866029493668, -5.620409733822086, 0.0], [-63.64386536589386, -5.614163649033145, 0.0], [-63.65144989729483, -5.610891889349169, 0.0], [-63.65784469937337, -5.610891889349169, 0.0], [-63.66423950055245, -5.613122634302101, 0.0], [-63.66721382655678, -5.616245676696572, 0.0], [-63.674054776906445, -5.624127641777186, 0.0], [-63.67732653569105, -5.630522442956263, 0.0], [-63.681639309206695, -5.637065960525568, 0.0], [-63.68758796211473, -5.643460762604015, 0.0], [-63.69398276329381, -5.647178670559114, 0.0], [-63.703351890477315, -5.650004280173313, 0.0], [-63.712423585779824, -5.64836840078101, 0.0], [-63.72342859325491, -5.6462863722182135, 0.0], [-63.735028465391345, -5.642419747873063, 0.0], [-63.74588475647629, -5.642865897043471, 0.0], [-63.76268969956991, -5.641824883211797, 0.0], [-63.77012551548012, -5.641081301261032, 0.0], [-63.77354599065486, -5.637512109696061, 0.0], [-63.775628019217656, -5.630968592126763, 0.0], [-63.778899778002355, -5.6223430459947465, 0.0], [-63.78291511783836, -5.616096960306436, 0.0], [-63.787971473304864, -5.6126764851316935, 0.0], [-63.796002153876245, -5.61178418769007, 0.0], [-63.80165337400401, -5.613271350692237, 0.0], [-63.809535338185256, -5.616989258647344, 0.0], [-63.81250966418959, -5.623235343436285, 0.0], [-63.815483991093295, -5.636024946693894, 0.0], [-63.81756601875672, -5.646435088608435, 0.0], [-63.82128392671183, -5.655358067520723, 0.0], [-63.82619156488874, -5.661604152309749, 0.0], [-63.83248246919058, -5.6645594234786, 0.0], [-63.84136062948942, -5.664875911094356, 0.0], [-63.848499012619264, -5.6633887480921885, 0.0], [-63.8584630053634, -5.661455435919613, 0.0], [-63.866196253154506, -5.6568452305229755, 0.0], [-63.87065774306038, -5.652086308736116, 0.0], [-63.87288848711395, -5.648517117171238, 0.0], [-63.87556538123729, -5.644353060045638, 0.0], [-63.87541666484715, -5.640040287429272, 0.0], [-63.87422693462535, -5.633794201740962, 0.0], [-63.86961672832934, -5.626655818611113, 0.0], [-63.86143733136773, -5.6174354078177515, 0.0], [-63.854001515457526, -5.607025265903211, 0.0], [-63.84864772811012, -5.597061272259886, 0.0], [-63.8449298210543, -5.586056265684078, 0.0], [-63.84418623910362, -5.576092272940038, 0.0], [-63.848052863448856, -5.5673180104178, 0.0], [-63.85459638101816, -5.561369357509847, 0.0], [-63.86545267210311, -5.557651449554747, 0.0], [-63.876308962288775, -5.557502733164519, 0.0], [-63.88419092736939, -5.561220641119625, 0.0], [-63.8883549844949, -5.566723144857164, 0.0], [-63.89251904072113, -5.574753825428637, 0.0], [-63.89891384190021, -5.589030591688413, 0.0], [-63.90486249480825, -5.600184315553726, 0.0], [-63.915123920332654, -5.6153533792550405, 0.0], [-63.9259802114176, -5.627845549732292, 0.0], [-63.938472381894854, -5.6392967054785, 0.0], [-63.95007225403129, -5.6467325213887065, 0.0], [-63.958549083773164, -5.650152996563541, 0.0], [-63.96598489968337, -5.6511940103952085, 0.0], [-63.97267713364281, -5.650004280173313, 0.0], [-63.97936936760216, -5.64569150665767, 0.0], [-63.984277005779155, -5.641230017651168, 0.0], [-63.98941036209847, -5.631191330815234, 0.0], [-63.994687147693696, -5.626507102220977, 0.0], [-64.00093323248264, -5.624127641777186, 0.0], [-64.01119465890632, -5.62130203126371, 0.0], [-64.0199689205292, -5.618030272479011, 0.0], [-64.0290406158317, -5.61223033686057, 0.0], [-64.03335338934735, -5.606132967562395, 0.0], [-64.03751744557358, -5.598697152551466, 0.0], [-64.03974819052651, -5.592153634082884, 0.0], [-64.03781487835394, -5.583825520731146, 0.0], [-64.03722001279331, -5.574456393547642, 0.0], [-64.03692258091232, -5.5682103078593315, 0.0], [-64.03855846030471, -5.560923208339354, 0.0], [-64.04123535352868, -5.554677123550412, 0.0], [-64.04554812704441, -5.54976948537341, 0.0], [-64.05015833244106, -5.545754144638039, 0.0], [-64.05536340339833, -5.543225967804112, 0.0], [-64.06131205630628, -5.542184953073068, 0.0], [-64.06696327553468, -5.542333669463204, 0.0], [-64.07142476544054, -5.5435233996851, 0.0], [-64.07558882166677, -5.545902861028175, 0.0], [-64.07841443218025, -5.550066918153682, 0.0], [-64.08049645984369, -5.555569420991944, 0.0], [-64.08005031157256, -5.560625776458359, 0.0], [-64.07886058045138, -5.565682131025497, 0.0], [-64.0741016586646, -5.568656457029832, 0.0], [-64.06904530409747, -5.572374364984931, 0.0], [-64.06398894953034, -5.578471733383736, 0.0], [-64.05923002774357, -5.584271669901639, 0.0], [-64.05744543196104, -5.588881875298277, 0.0], [-64.05699928279063, -5.596168974818262, 0.0], [-64.05759414835117, -5.604050938999592, 0.0], [-64.06086590713586, -5.609999591907545, 0.0], [-64.06562482892274, -5.617286691427616, 0.0], [-64.07082989987991, -5.626655818611113, 0.0], [-64.07291192844271, -5.633645485350826, 0.0], [-64.07573753805691, -5.640783868480668, 0.0], [-64.07960416240215, -5.6455427902674415, 0.0], [-64.08361950313753, -5.650004280173313, 0.0], [-64.09090660175822, -5.653424755348148, 0.0], [-64.09774755300717, -5.654019620908777, 0.0], [-64.10235775840381, -5.653276038958012, 0.0], [-64.10637309913918, -5.6519375923459805, 0.0], [-64.10879480343735, -5.648023134859734, 0.0], [-64.11202431836757, -5.641230017651168, 0.0], [-64.11366019775988, -5.636322379474166, 0.0], [-64.11722938932476, -5.631712173178158, 0.0], [-64.12258317667217, -5.628291698003416, 0.0], [-64.130911290024, -5.625912237559625, 0.0], [-64.13760352398334, -5.625614804779353, 0.0], [-64.14652650289581, -5.626209670339989, 0.0], [-64.15321873685515, -5.62933271273446, 0.0], [-64.15782894315116, -5.632901904299423, 0.0], [-64.16184428298718, -5.638553124427105, 0.0], [-64.16630577289304, -5.644501776435774, 0.0], [-64.17389030519338, -5.648665833561282, 0.0], [-64.18206970215499, -5.650450429343813, 0.0], [-64.1890593688947, -5.649855563783177, 0.0], [-64.19738748224644, -5.647327386049973, 0.0], [-64.20660789393908, -5.6442043436555025, 0.0], [-64.21285397872812, -5.64033771931026, 0.0], [-64.21686931946348, -5.635727513913622, 0.0], [-64.2180590496853, -5.630671159346491, 0.0], [-64.21939749629742, -5.625614804779353, 0.0], [-64.21686931946348, -5.618178988869239, 0.0], [-64.21315141150839, -5.615502095645084, 0.0], [-64.20660789393908, -5.613717499862645, 0.0], [-64.19545417007386, -5.61223033686057, 0.0], [-64.18519274454945, -5.609404726347002, 0.0], [-64.17582361646667, -5.608809861685735, 0.0], [-64.16957753167773, -5.609702159127359, 0.0], [-64.16377759515983, -5.611040605739305, 0.0], [-64.15857252420265, -5.6126764851316935, 0.0], [-64.15292130497417, -5.612527769640749, 0.0], [-64.14712136845635, -5.61074317385831, 0.0], [-64.14161886471881, -5.606430400342667, 0.0], [-64.13834710593412, -5.600035599163498, 0.0], [-64.1373501193125, -5.594895692182398, 0.0], [-64.1379009567637, -5.585163967343178, 0.0], [-64.13983426893637, -5.578620449773872, 0.0], [-64.14831109867825, -5.570143620031999, 0.0], [-64.1542597515862, -5.564343683514181, 0.0], [-64.16214171576753, -5.558543747895648, 0.0], [-64.16957753167773, -5.556164286552487, 0.0], [-64.17731078036822, -5.5566104357229875, 0.0], [-64.18251585132539, -5.559733478117458, 0.0], [-64.1853414609396, -5.562112939460526, 0.0], [-64.18816707055389, -5.5673180104178, 0.0], [-64.18980294994618, -5.5732666624264695, 0.0], [-64.19129011294827, -5.581892208558571, 0.0], [-64.19500802090337, -5.59170748581176, 0.0], [-64.19694133307603, -5.597061272259886, 0.0], [-64.20199768764317, -5.601225329385393, 0.0], [-64.20794634055112, -5.6031586415580605, 0.0], [-64.21270526233789, -5.602861208777696, 0.0], [-64.21820776607552, -5.600184315553726, 0.0], [-64.22103337568963, -5.59587154203799, 0.0], [-64.22534614920536, -5.588435726127784, 0.0], [-64.23144351760418, -5.5804050455563114, 0.0], [-64.23560757472968, -5.573564095206827, 0.0], [-64.24036649651654, -5.569697470861591, 0.0], [-64.24527413469355, -5.56791287507906, 0.0], [-64.25226380143326, -5.5688051734199675, 0.0], [-64.25806373795106, -5.572523081375067, 0.0], [-64.26163292951604, -5.578620449773872, 0.0], [-64.26798890426451, -5.586266675566577, 0.0], [-64.27159692226017, -5.589328024468685, 0.0], [-64.27977631922168, -5.593343365204063, 0.0], [-64.28795571708265, -5.593343365204063, 0.0], [-64.29598639765403, -5.59170748581176, 0.0], [-64.30371964544524, -5.590220321910309, 0.0], [-64.31145289413571, -5.587840861466518, 0.0], [-64.32216046883053, -5.586056265684078, 0.0], [-64.33004243301185, -5.585163967343178, 0.0], [-64.33866797914388, -5.5854614001234495, 0.0], [-64.34833454000702, -5.587097279515753, 0.0], [-64.35577035501785, -5.589476740858821, 0.0], [-64.35770366719042, -5.594681811816095, 0.0], [-64.35606778779812, -5.600184315553726, 0.0], [-64.35398575923533, -5.6046458045601355, 0.0], [-64.34892940466828, -5.611338038519577, 0.0], [-64.34550892949345, -5.615055946474676, 0.0], [-64.33747824892207, -5.62130203126371, 0.0], [-64.3294475683505, -5.627994266122428, 0.0], [-64.32513479483487, -5.631712173178158, 0.0], [-64.32067330582836, -5.6389992726982285, 0.0], [-64.31899178854019, -5.646544576570953, 0.0], [-64.31576566765145, -5.653424755348148, 0.0], [-64.31264262435761, -5.66100928764849, 0.0], [-64.30996573113354, -5.668891251829734, 0.0], [-64.30832985174125, -5.677070648791336, 0.0], [-64.30788370257075, -5.684357748311406, 0.0], [-64.31070931218504, -5.691198698660983, 0.0], [-64.31457593653019, -5.696255053228029, 0.0], [-64.32126817048962, -5.700419110353629, 0.0], [-64.32885270278996, -5.701608840575524, 0.0], [-64.33569365313954, -5.700865259524036, 0.0], [-64.34134487326722, -5.698188365400689, 0.0], [-64.34550892949345, -5.691942280611748, 0.0], [-64.34818582361679, -5.683465450869782, 0.0], [-64.34669866061462, -5.675732202179304, 0.0], [-64.34491406483218, -5.66472719470422, 0.0], [-64.34729352527589, -5.655358067520723, 0.0], [-64.351011433231, -5.651045294005073, 0.0], [-64.35472934118609, -5.648517117171238, 0.0], [-64.36067799409413, -5.646881237778842, 0.0], [-64.36677536249293, -5.646583804998571, 0.0], [-64.37554962501517, -5.647624818830245, 0.0], [-64.38409754796348, -5.650588351171457, 0.0], [-64.3895289584946, -5.653424755348148, 0.0], [-64.39577504328362, -5.656993946913111, 0.0], [-64.40083139785067, -5.662496450650657, 0.0], [-64.4042518730255, -5.669337401000227, 0.0], [-64.40930822759255, -5.676475784130076, 0.0], [-64.41272870276738, -5.68123470591685, 0.0], [-64.41644661072247, -5.686588493264345, 0.0], [-64.41882607206556, -5.692090997001884, 0.0], [-64.41882607206556, -5.697296067959158, 0.0], [-64.41629789433235, -5.701013975014888, 0.0], [-64.41272870276738, -5.70250113891634, 0.0], [-64.40826721376088, -5.702352422526204, 0.0], [-64.4051441713664, -5.701162691405024, 0.0], [-64.40053396596967, -5.699378095622585, 0.0], [-64.3953288950125, -5.69714735156893, 0.0], [-64.38923152571432, -5.6953627557864905, 0.0], [-64.38075469597244, -5.6955114721766265, 0.0], [-64.37257529901083, -5.696106336837978, 0.0], [-64.36558563227103, -5.69759349984006, 0.0], [-64.35859596553134, -5.698634514571189, 0.0], [-64.35398575923533, -5.702649854407191, 0.0], [-64.35294474540365, -5.709490805656138, 0.0], [-64.35428319201569, -5.716480471496567, 0.0], [-64.35948826297296, -5.724065003796817, 0.0], [-64.36692407888307, -5.731649536097159, 0.0], [-64.37614449057571, -5.740869946890527, 0.0], [-64.38268800814502, -5.749495493022536, 0.0], [-64.38819051188256, -5.755890295100983, 0.0], [-64.39042125593622, -5.760649216887849, 0.0], [-64.39027253954599, -5.766597869795795, 0.0], [-64.38872588998778, -5.771118845358423, 0.0], [-64.38753615976599, -5.775699307476998, 0.0], [-64.38694129420534, -5.780993608268368, 0.0], [-64.38694129420534, -5.784681772945412, 0.0], [-64.38729821354165, -5.787239693956678, 0.0], [-64.38848794376355, -5.791641696407147, 0.0], [-64.39027253954599, -5.79699548375455, 0.0], [-64.3928899471133, -5.803301055099531, 0.0], [-64.3954478672252, -5.8081194643418, 0.0], [-64.39776784201233, -5.811153276902168, 0.0], [-64.40050422269171, -5.812461980236137, 0.0], [-64.40371649492027, -5.812937872684607, 0.0], [-64.40722619992911, -5.812818899572534, 0.0], [-64.41085487805012, -5.812164547455865, 0.0], [-64.41376971749841, -5.810617897897572, 0.0], [-64.41704147628312, -5.808952275227298, 0.0], [-64.42126501996466, -5.808297923110629, 0.0], [-64.4245962653054, -5.808892788671173, 0.0], [-64.42757059130973, -5.810260978561267, 0.0], [-64.42989056609676, -5.812640439904335, 0.0], [-64.43125875598676, -5.8161501449131805, 0.0], [-64.43203208031623, -5.822217770034008, 0.0], [-64.4325079727647, -5.827571557381418, 0.0], [-64.43221053998442, -5.831200235502422, 0.0], [-64.43209156687226, -5.834353021174955, 0.0], [-64.43244848620857, -5.8401827009708285, 0.0], [-64.4335192433184, -5.846190840434907, 0.0], [-64.43512538033201, -5.853924088226016, 0.0], [-64.43744535421968, -5.8608245251317115, 0.0], [-64.44150909107167, -5.86548943808701, 0.0], [-64.44571398101537, -5.866832664595698, 0.0], [-64.44833138858269, -5.8668921511518235, 0.0], [-64.45201955325972, -5.865940366254883, 0.0], [-64.45463695992775, -5.863977310804245, 0.0], [-64.45844409771686, -5.861359904136222, 0.0], [-64.46254866828643, -5.858861469680988, 0.0], [-64.46564196740283, -5.857017387342509, 0.0], [-64.47010345640933, -5.856244063013051, 0.0], [-64.47408905386665, -5.85642252268125, 0.0], [-64.4784910563172, -5.857136360454582, 0.0], [-64.48265511344272, -5.85796917223945, 0.0], [-64.48664071090012, -5.858385577232603, 0.0], [-64.49086425368229, -5.8595158217976575, 0.0], [-64.49413601246698, -5.86100298479991, 0.0], [-64.49490933769573, -5.864512689808755, 0.0], [-64.49395755369815, -5.867724962037322, 0.0], [-64.49134014613085, -5.868795719147059, 0.0], [-64.48830633357039, -5.869212125039489, 0.0], [-64.48479662856155, -5.868676746934263, 0.0], [-64.4792048949899, -5.868498287266064, 0.0], [-64.47444597320305, -5.869569044375886, 0.0], [-64.47147164719871, -5.870520828373458, 0.0], [-64.46843783373906, -5.872483883824188, 0.0], [-64.46701015729283, -5.8754582107278, 0.0], [-64.4662963195195, -5.8784920232881746, 0.0], [-64.46653426484446, -5.884202729971975, 0.0], [-64.46695067073681, -5.887355515644423, 0.0], [-64.46843783373906, -5.893780060101648, 0.0], [-64.46873526651925, -5.899371793673289, 0.0], [-64.46861629340717, -5.904963527244931, 0.0], [-64.4676645094095, -5.909960395256029, 0.0], [-64.46552299429077, -5.914897776711001, 0.0], [-64.46290558672345, -5.92150078083634, 0.0], [-64.45618360948595, -5.928817623634387, 0.0], [-64.44987803814088, -5.933160139528724, 0.0], [-64.44363195335194, -5.934647302530983, 0.0], [-64.43851611222877, -5.934349870649989, 0.0], [-64.4349469206638, -5.931910922750795, 0.0], [-64.4335192433184, -5.9289365967464605, 0.0], [-64.4334002711056, -5.923701782511216, 0.0], [-64.43292437865713, -5.918645427944078, 0.0], [-64.4319725937602, -5.914481370818571, 0.0], [-64.42935518709217, -5.90984142214387, 0.0], [-64.42644034764386, -5.904963527244931, 0.0], [-64.42251423674259, -5.901394335679967, 0.0], [-64.41829069306104, -5.897825144115089, 0.0], [-64.41573277294906, -5.893899033213721, 0.0], [-64.41353177127418, -5.890091895424611, 0.0], [-64.41008155282138, -5.8872960290883825, 0.0], [-64.40633390158821, -5.884678621521076, 0.0], [-64.40312162935965, -5.884024270303776, 0.0], [-64.39854116814034, -5.884262218326661, 0.0], [-64.39532890040836, -5.886240145866019, 0.0], [-64.39334900335379, -5.890073021352791, 0.0], [-64.39283046055726, -5.894166722716022, 0.0], [-64.39425813700339, -5.896992332330221, 0.0], [-64.39820249245108, -5.899448904243485, 0.0], [-64.40506092652045, -5.905108703004167, 0.0], [-64.40868622229132, -5.908839018905589, 0.0], [-64.41014103937741, -5.913291640596675, 0.0], [-64.41043847215778, -5.917753129603263, 0.0], [-64.40794003770255, -5.92197667328481, 0.0], [-64.4032406024718, -5.924177674060402, 0.0], [-64.39705400423881, -5.925783811074012, 0.0], [-64.39193816311573, -5.926676108515551, 0.0], [-64.38533515809102, -5.927865838737446, 0.0], [-64.37950547919442, -5.930423759748713, 0.0], [-64.37673935973365, -5.932773479612372, 0.0], [-64.37498450273252, -5.937621629434595, 0.0], [-64.37587680107342, -5.942023631885064, 0.0], [-64.37807780274838, -5.94594974278634, 0.0], [-64.37998137074361, -5.951541476357981, 0.0], [-64.38111161530875, -5.955943478808443, 0.0], [-64.38075469597244, -5.961237779599813, 0.0], [-64.37956496575055, -5.965044917389015, 0.0], [-64.37807780274838, -5.968733082066059, 0.0], [-64.37653115229081, -5.971826381182467, 0.0], [-64.37444912462738, -5.974979166855, 0.0], [-64.3718912036161, -5.97723965508591, 0.0], [-64.36867893138754, -5.978429385307805, 0.0], [-64.3653476860468, -5.978607844976004, 0.0], [-64.36267079192346, -5.978131952527534, 0.0], [-64.3599938986994, -5.9764068433011275, 0.0], [-64.35928006002669, -5.9730755979603956, 0.0], [-64.35907185887918, -5.969536149673495, 0.0], [-64.36100516925309, -5.964747484608658, 0.0], [-64.36296822470374, -5.961773158604323, 0.0], [-64.36487179359834, -5.958203967039445, 0.0], [-64.3667158759369, -5.955051181366819, 0.0], [-64.36766766083385, -5.952136341019333, 0.0], [-64.36850047171934, -5.949340474683105, 0.0], [-64.36921431039204, -5.946068715898498, 0.0], [-64.36963071538511, -5.9428564436698395, 0.0], [-64.3707014733943, -5.938930332768656, 0.0], [-64.37248606917674, -5.934468843762062, 0.0], [-64.37450861118342, -5.930483246304753, 0.0], [-64.37510347584468, -5.926557135403385, 0.0], [-64.37492501617648, -5.923761269067249, 0.0], [-64.37450861118342, -5.920667969051472, 0.0], [-64.37254555573277, -5.917991075827409, 0.0], [-64.36957122882907, -5.916325453157043, 0.0], [-64.36496102702974, -5.9166823751914634, 0.0], [-64.36296822470374, -5.920786942163637, 0.0], [-64.36148106170165, -5.924950999289145, 0.0], [-64.36064825081607, -5.928758137078347, 0.0], [-64.36011287181157, -5.932981679860617, 0.0], [-64.35803084324876, -5.935956006764229, 0.0], [-64.35565138190569, -5.937621629434595, 0.0], [-64.35095194667495, -5.938989819324689, 0.0], [-64.34773967444639, -5.937681115990635, 0.0], [-64.34434894254962, -5.936015493320355, 0.0], [-64.3408987240968, -5.934290384093956, 0.0], [-64.33584236952967, -5.931910922750795, 0.0], [-64.33132139396713, -5.930423759748713, 0.0], [-64.32852552673162, -5.930423759748713, 0.0], [-64.32525376794702, -5.931970409306828, 0.0], [-64.3231122528281, -5.933576545421161, 0.0], [-64.32027611305217, -5.93684228054677, 0.0], [-64.31835333104132, -5.940952874775327, 0.0], [-64.31662822181492, -5.944224633559934, 0.0], [-64.31609284281042, -5.947377419232467, 0.0], [-64.31567643781734, -5.9503517452368015, 0.0], [-64.31502208570068, -5.954277856138077, 0.0], [-64.31282108402571, -5.960642914039184, 0.0], [-64.30859754124354, -5.966829513171454, 0.0], [-64.30687243201704, -5.971647921514354, 0.0], [-64.30562321433983, -5.976168897076896, 0.0], [-64.30633705301254, -5.9813442247561, 0.0], [-64.30812164879498, -5.985865201218012, 0.0], [-64.31210724625238, -5.989910284332076, 0.0], [-64.31936459709844, -5.994223061445112, 0.0], [-64.32424249739333, -5.996632262468857, 0.0], [-64.32894193262406, -5.99889274980049, 0.0], [-64.33429571997146, -6.000974778363286, 0.0], [-64.33661569385913, -6.003294753150236, 0.0], [-64.3386382358659, -6.004900889264562, 0.0], [-64.34030385853617, -6.008291621161334, 0.0], [-64.34113667032105, -6.011146974053595, 0.0], [-64.34256434676718, -6.015846409284329, 0.0], [-64.34262383332322, -6.01983200674173, 0.0], [-64.34262383332322, -6.02256838742111, 0.0], [-64.34214794087474, -6.0258401462057165, 0.0], [-64.34137461834393, -6.030093433165327, 0.0], [-64.34131512998916, -6.03434671922566, 0.0], [-64.34149358965735, -6.037202072117921, 0.0], [-64.34214794087474, -6.040533317458561, 0.0], [-64.34339715585402, -6.044905577530336, 0.0], [-64.3445274022178, -6.048980403922464, 0.0], [-64.34428945599349, -6.0549290568305025, 0.0], [-64.3422669139869, -6.060104384509714, 0.0], [-64.33857874930978, -6.063435629850446, 0.0], [-64.33429571997146, -6.065993550861627, 0.0], [-64.33054806873831, -6.066647902078927, 0.0], [-64.326562471281, -6.065993550861627, 0.0], [-64.3217440629381, -6.064446900404143, 0.0], [-64.31912665627016, -6.0624243592966565, 0.0], [-64.31543849159303, -6.059450032393045, 0.0], [-64.31335646303032, -6.056832625725107, 0.0], [-64.30806216223894, -6.053144461047978, 0.0], [-64.3041955378937, -6.050467566924631, 0.0], [-64.29925815643874, -6.0481475930369655, 0.0], [-64.29366642286709, -6.047136321583899, 0.0], [-64.28896698763636, -6.047374267808138, 0.0], [-64.28411883961279, -6.049277840300036, 0.0], [-64.28016298183606, -6.052728055155541, 0.0], [-64.27855684572181, -6.055167003054649, 0.0], [-64.2775841129164, -6.059646587320131, 0.0], [-64.27784300704911, -6.064446900404143, 0.0], [-64.27909222472633, -6.069503254971188, 0.0], [-64.28188809106254, -6.072656041542999, 0.0], [-64.28486241706688, -6.0746190969936364, 0.0], [-64.28831263551969, -6.076284719664002, 0.0], [-64.29307155820574, -6.077474449885898, 0.0], [-64.29681920853963, -6.078902126332032, 0.0], [-64.30235145555523, -6.080210829666001, 0.0], [-64.30609910678831, -6.081816965780327, 0.0], [-64.30913291934868, -6.083304129681778, 0.0], [-64.31270211091365, -6.085088724564933, 0.0], [-64.31769897892465, -6.089609701026845, 0.0], [-64.32103022426539, -6.092821973255411, 0.0], [-64.32239841505476, -6.097342948817953, 0.0], [-64.32382609150089, -6.104005440398694, 0.0], [-64.32275533349178, -6.1102515251876355, 0.0], [-64.3200189537117, -6.115367366310899, 0.0], [-64.31597386969825, -6.11857963853938, 0.0], [-64.31169084035994, -6.1209590998825405, 0.0], [-64.30550424122768, -6.120483207433978, 0.0], [-64.30163761778181, -6.117687341097842, 0.0], [-64.29985302199937, -6.113344824304136, 0.0], [-64.29907969677053, -6.109656659627092, 0.0], [-64.29812791277297, -6.105611576513027, 0.0], [-64.29348795870231, -6.10091214308094, 0.0], [-64.28944288008482, -6.098413706827053, 0.0], [-64.28682547251752, -6.098116274046781, 0.0], [-64.28352397405214, -6.099395235901341, 0.0], [-64.28072810771593, -6.10263725140797, 0.0], [-64.27921119783848, -6.106950023125059, 0.0], [-64.27855684752046, -6.112006377692104, 0.0], [-64.27814043982939, -6.115248393198733, 0.0], [-64.27718865583172, -6.1182822057591935, 0.0], [-64.27689122305145, -6.121137559550647, 0.0], [-64.27689122305145, -6.125242129220844, 0.0], [-64.27587995249775, -6.128930293897881, 0.0], [-64.27546354660532, -6.133034864467355, 0.0], [-64.27623687093478, -6.1370204610253865, 0.0], [-64.27635584404695, -6.142671681153068, 0.0], [-64.27659379027118, -6.147490089495967, 0.0], [-64.27576097938568, -6.154033607964635, 0.0], [-64.27421432982739, -6.15748382641744, 0.0], [-64.27207281470855, -6.159863286861146, 0.0], [-64.26790875758304, -6.163016072533679, 0.0], [-64.26380418791294, -6.164919641428277, 0.0], [-64.2588668055586, -6.166228345661615, 0.0], [-64.25500018211264, -6.167893968331981, 0.0], [-64.25220431757515, -6.170332916231089, 0.0], [-64.25015203229042, -6.174467229179257, 0.0], [-64.24934896198495, -6.17836359680247, 0.0], [-64.24851615020017, -6.181278436250771, 0.0], [-64.24789461884153, -6.185300956274062, 0.0], [-64.24869460986828, -6.190379874831343, 0.0], [-64.25083612498712, -6.196625959620285, 0.0], [-64.25309661321803, -6.203883315862292, 0.0], [-64.25428634343993, -6.209594022546092, 0.0], [-64.25571401988606, -6.215364214886563, 0.0], [-64.25708220977616, -6.220004164460548, 0.0], [-64.25815296778516, -6.225595897132905, 0.0], [-64.25848014294422, -6.233091199599151, 0.0], [-64.25845040056552, -6.238682933170793, 0.0], [-64.25845040056552, -6.242549556616751, 0.0], [-64.25845040056552, -6.247130019634696, 0.0], [-64.25886680375994, -6.252156630923679, 0.0], [-64.26136524001383, -6.255815052322745, 0.0], [-64.26410161979392, -6.256826322876442, 0.0], [-64.26773029791484, -6.258075540553744, 0.0], [-64.27296511215017, -6.259205784219514, 0.0], [-64.27677224993937, -6.259443730443749, 0.0], [-64.28040092806029, -6.260455000997446, 0.0], [-64.2835239650589, -6.26304266798471, 0.0], [-64.2853977960714, -6.266939032010711, 0.0], [-64.2862900944123, -6.270448737019553, 0.0], [-64.28664701284931, -6.277170714257053, 0.0], [-64.28700393218563, -6.2806209327098586, 0.0], [-64.28700393218563, -6.284547043611134, 0.0], [-64.28623060785625, -6.289543911622143, 0.0], [-64.28486241706688, -6.2922208057455755, 0.0], [-64.28147168517012, -6.298288430866407, 0.0], [-64.2789137650582, -6.302571461103991, 0.0], [-64.27712916927568, -6.306319112337157, 0.0], [-64.27593943905387, -6.310245222339152, 0.0], [-64.27582046594172, -6.313576467679795, 0.0], [-64.2762963574909, -6.31750257858107, 0.0], [-64.27796198016118, -6.319882039924142, 0.0], [-64.28135271205795, -6.321785608818743, 0.0], [-64.28515984984715, -6.321726122262707, 0.0], [-64.28700393218563, -6.318454363478011, 0.0], [-64.28926442041663, -6.312148791233664, 0.0], [-64.29009723130213, -6.307925248451397, 0.0], [-64.2933095035307, -6.304356056886519, 0.0], [-64.29705715476386, -6.302690434216153, 0.0], [-64.30050737321666, -6.302155055211557, 0.0], [-64.30437399756191, -6.302452487991918, 0.0], [-64.30877599551579, -6.30643808724788, 0.0], [-64.3105011083395, -6.311048290845957, 0.0], [-64.30948983868508, -6.3154205500182705, 0.0], [-64.3072888370102, -6.317443092025034, 0.0], [-64.30544475467164, -6.320774337365677, 0.0], [-64.3024704286673, -6.324759934823078, 0.0], [-64.30015045477964, -6.328983478504714, 0.0], [-64.29985302199937, -6.333563940623289, 0.0], [-64.3000909682236, -6.338501322078262, 0.0], [-64.30187556400604, -6.341297188414487, 0.0], [-64.30431451100587, -6.344212028762065, 0.0], [-64.30687243201704, -6.346591489205856, 0.0], [-64.31240467813338, -6.348673517768567, 0.0], [-64.31799641170501, -6.3515288715601095, 0.0], [-64.32192252260629, -6.353670385779665, 0.0], [-64.32596760661973, -6.356228306790847, 0.0], [-64.32959628474073, -6.360987228577709, 0.0], [-64.33114293429894, -6.363604636145016, 0.0], [-64.33233266452083, -6.367471259590886, 0.0], [-64.33257061074507, -6.372289668833066, 0.0], [-64.33066704185046, -6.375620914173798, 0.0], [-64.32775220240217, -6.3782978073978605, 0.0], [-64.3253727410591, -6.3800824031803, 0.0], [-64.32144663015782, -6.381153160290033, 0.0], [-64.31644976214672, -6.381985972074901, 0.0], [-64.31079854201904, -6.3834136485210315, 0.0], [-64.3050878362346, -6.384603378742927, 0.0], [-64.29997199511143, -6.3866259207496014, 0.0], [-64.29533204553736, -6.389838192978171, 0.0], [-64.2924766926452, -6.391801248428809, 0.0], [-64.28700393218563, -6.397987847561083, 0.0], [-64.28474344395472, -6.40125960634569, 0.0], [-64.28283987595948, -6.403995986125878, 0.0], [-64.28153117172614, -6.408992854136798, 0.0], [-64.28123373894587, -6.413156911262398, 0.0], [-64.28194757761858, -6.416428670047004, 0.0], [-64.28331576750858, -6.42017632128017, 0.0], [-64.28545728262752, -6.422853214504144, 0.0], [-64.28807469019473, -6.424518837174599, 0.0], [-64.2934879631989, -6.426541379181273, 0.0], [-64.2988417505463, -6.427969055627404, 0.0], [-64.30306529422793, -6.429218273304617, 0.0], [-64.30711037824129, -6.431240814412011, 0.0], [-64.31109597479931, -6.433263356418685, 0.0], [-64.31430824702798, -6.435047952201124, 0.0], [-64.31781795203682, -6.439896104721456, 0.0], [-64.31876973693376, -6.443257093340161, 0.0], [-64.31793692514898, -6.446409879012695, 0.0], [-64.31686616803924, -6.450217015902528, 0.0], [-64.314367733584, -6.455689776362007, 0.0], [-64.31157186724788, -6.463601484720684, 0.0], [-64.30794318912687, -6.471572678736116, 0.0], [-64.30716986389804, -6.474487518184414, 0.0], [-64.3066344857929, -6.478354142529653, 0.0], [-64.3064560261247, -6.481328469433269, 0.0], [-64.30681294546102, -6.484600228217875, 0.0], [-64.30859754124354, -6.48757455422221, 0.0], [-64.31276159746969, -6.490786826450869, 0.0], [-64.31674719492709, -6.492511935677271, 0.0], [-64.32079227894043, -6.494653450796108, 0.0], [-64.32465890238639, -6.497330344020082, 0.0], [-64.32799014772712, -6.499888265031352, 0.0], [-64.32935833851641, -6.503397970040194, 0.0], [-64.330191149402, -6.50649126915669, 0.0], [-64.33054806873831, -6.50952508171715, 0.0], [-64.33054806873831, -6.514224516947888, 0.0], [-64.32995320317777, -6.517853195068803, 0.0], [-64.32953679818469, -6.521541359745932, 0.0], [-64.32935833851641, -6.526538227756941, 0.0], [-64.3298342300656, -6.530107419321908, 0.0], [-64.33084550151867, -6.53409301677922, 0.0], [-64.33340342163056, -6.537067342783555, 0.0], [-64.33649672164634, -6.538495019229686, 0.0], [-64.34090092024122, -6.538487661876026, 0.0], [-64.34631199800025, -6.537067342783555, 0.0], [-64.35350986768623, -6.534568909227779, 0.0], [-64.36052927770399, -6.532843800001288, 0.0], [-64.36629947004447, -6.532367907552818, 0.0], [-64.3722481229525, -6.5327843134452515, 0.0], [-64.37788441343493, -6.535487992077162, 0.0], [-64.38039777663604, -6.536888883115445, 0.0], [-64.38521618497886, -6.540636534348522, 0.0], [-64.38777410599013, -6.545276483922503, 0.0], [-64.39259251433303, -6.552950245157664, 0.0], [-64.3968755445707, -6.560148114843546, 0.0], [-64.40056370924773, -6.56746495764159, 0.0], [-64.40401392770055, -6.572461825652688, 0.0], [-64.4080590108147, -6.5750792323206255, 0.0], [-64.41228255449624, -6.5762689634418905, 0.0], [-64.4171081007582, -6.575043884467714, 0.0], [-64.41971836950708, -6.569963391197543, 0.0], [-64.42156245184565, -6.5645501172940115, 0.0], [-64.42489369718638, -6.559731708951201, 0.0], [-64.42751110475369, -6.55687635605894, 0.0], [-64.43066389042613, -6.554853814052265, 0.0], [-64.43488743410776, -6.553723570386406, 0.0], [-64.43905149033391, -6.554437408159831, 0.0], [-64.44196632528563, -6.55726301957268, 0.0], [-64.44345349368375, -6.560980925729133, 0.0], [-64.44333452057158, -6.564014739188785, 0.0], [-64.44268016845491, -6.56681060552501, 0.0], [-64.44101454578464, -6.570915176094484, 0.0], [-64.44006276178698, -6.574543854215488, 0.0], [-64.43964635589454, -6.578588937329556, 0.0], [-64.44000327523094, -6.5829314541232655, 0.0], [-64.44077659956041, -6.586143726351835, 0.0], [-64.44226376256258, -6.589177538912207, 0.0], [-64.44494065668592, -6.592092379259874, 0.0], [-64.44761754990998, -6.593639028818078, 0.0], [-64.45237647259611, -6.594352866591503, 0.0], [-64.45630258259811, -6.5934605691498795, 0.0], [-64.4596933144948, -6.5913785405871685, 0.0], [-64.46254866828643, -6.5890585658001335, 0.0], [-64.46480915561806, -6.586738591912379, 0.0], [-64.46784296907771, -6.584299644013271, 0.0], [-64.47051986230177, -6.581801209558126, 0.0], [-64.47361316141817, -6.579957128118931, 0.0], [-64.47697415093626, -6.578707914938299, 0.0], [-64.48213460113088, -6.5797191863912765, 0.0], [-64.48479662856155, -6.582812481011192, 0.0], [-64.48598635878345, -6.586203212907872, 0.0], [-64.48681917056822, -6.589950864141038, 0.0], [-64.48723557556129, -6.594055433811143, 0.0], [-64.48729506211733, -6.598457437160977, 0.0], [-64.48741403522949, -6.605298387510551, 0.0], [-64.48812787390219, -6.611128067306428, 0.0], [-64.48860376635066, -6.615054177308334, 0.0], [-64.49026938902102, -6.6202295049876305, 0.0], [-64.49211347135959, -6.6239771562207075, 0.0], [-64.49407652591086, -6.627248915005403, 0.0], [-64.49627752758582, -6.629985295684783, 0.0], [-64.49824058303646, -6.632543215796684, 0.0], [-64.50097696281657, -6.634684730915609, 0.0], [-64.50341590621909, -6.638432383047967, 0.0], [-64.50508153158738, -6.64405385899839, 0.0], [-64.50454615438153, -6.648247658502594, 0.0], [-64.50353488382783, -6.65104352483873, 0.0], [-64.5009174771598, -6.653066066845405, 0.0], [-64.49788366370007, -6.655029122296131, 0.0], [-64.49562317636844, -6.656278339074063, 0.0], [-64.49206439445616, -6.6580663297972755, 0.0], [-64.48902017134381, -6.6607993155359715, 0.0], [-64.48699763023642, -6.663773641540306, 0.0], [-64.48556995289093, -6.666093616327252, 0.0], [-64.48497508822966, -6.668829996107352, 0.0], [-64.48479662856155, -6.671387917118622, 0.0], [-64.48479662856155, -6.676801191022065, 0.0], [-64.48509406134183, -6.681084220360457, 0.0], [-64.48568892600308, -6.6856646824790325, 0.0], [-64.48693814368029, -6.689531306824271, 0.0], [-64.48913914445589, -6.69274357905293, 0.0], [-64.49128065957473, -6.695063553839876, 0.0], [-64.49508779646456, -6.696253288558353, 0.0], [-64.49904365424119, -6.6949743249051465, 0.0], [-64.50044158471134, -6.692624605940768, 0.0], [-64.50127439559684, -6.689471820268235, 0.0], [-64.50186926115747, -6.685962115259393, 0.0], [-64.502761558599, -6.682095490914154, 0.0], [-64.50359437038387, -6.678883218685584, 0.0], [-64.50484980417511, -6.676440328158563, 0.0], [-64.50615229139514, -6.674183783454758, 0.0], [-64.5084722652828, -6.671982781779885, 0.0], [-64.51097069973795, -6.670495618777718, 0.0], [-64.51471835276968, -6.669216664117673, 0.0], [-64.51912035342158, -6.669246401999786, 0.0], [-64.52209467942592, -6.670019726329247, 0.0], [-64.52477157354926, -6.671685349898983, 0.0], [-64.52639251700099, -6.674138031345013, 0.0], [-64.52727000620575, -6.678199124190222, 0.0], [-64.52676437317724, -6.682898559420959, 0.0], [-64.52566387278944, -6.687419535882867, 0.0], [-64.52441465421286, -6.691315902606799, 0.0], [-64.52444439749092, -6.694766121059605, 0.0], [-64.52581258558237, -6.697829677797319, 0.0], [-64.52798384577783, -6.700119908407011, 0.0], [-64.5303633071209, -6.701785531077377, 0.0], [-64.53351609279343, -6.70285628818711, 0.0], [-64.53613349946137, -6.703153720967382, 0.0], [-64.53869142047265, -6.702558856306119, 0.0], [-64.54160625992094, -6.701369125184943, 0.0], [-64.54565134393428, -6.69964401595854, 0.0], [-64.5491015623871, -6.697859420176012, 0.0], [-64.55213537494755, -6.695123040396002, 0.0], [-64.55362253794972, -6.692803065608967, 0.0], [-64.55510970095189, -6.6901856589409405, 0.0], [-64.55594251273675, -6.685724169035158, 0.0], [-64.55528816062008, -6.680132436362797, 0.0], [-64.55403894384216, -6.674481216235119, 0.0], [-64.55409843039818, -6.669603321336183, 0.0], [-64.55564507995639, -6.665617723878782, 0.0], [-64.55844094629262, -6.6624649382063375, 0.0], [-64.56218859752569, -6.661810586089668, 0.0], [-64.56623518970216, -6.662632398266467, 0.0], [-64.5701597924404, -6.664249533988777, 0.0], [-64.5749782007833, -6.667521292773383, 0.0], [-64.58042107497262, -6.67274351110413, 0.0], [-64.5852069521391, -6.677238262435793, 0.0], [-64.5921698064913, -6.682749843030734, 0.0], [-64.59609591739266, -6.685724169035158, 0.0], [-64.60204456940133, -6.690483091721301, 0.0], [-64.60686297774414, -6.694409201723296, 0.0], [-64.61055114242127, -6.700714773967643, 0.0], [-64.61412033398615, -6.708448021758752, 0.0], [-64.61709465999049, -6.716835621666618, 0.0], [-64.61786798521932, -6.722486841794208, 0.0], [-64.61703517343445, -6.72724576358107, 0.0], [-64.61584544321263, -6.731052901370273, 0.0], [-64.61417982054228, -6.733491849269381, 0.0], [-64.6121572785356, -6.735514391276055, 0.0], [-64.60930192654261, -6.73631746068223, 0.0], [-64.60501889540566, -6.734443633267041, 0.0], [-64.60329378617926, -6.731112387926309, 0.0], [-64.6014497038407, -6.724747330025206, 0.0], [-64.59841589128033, -6.717311514115, 0.0], [-64.59359748293743, -6.71409924188643, 0.0], [-64.58943342581192, -6.712136186435792, 0.0], [-64.5857078952031, -6.711190953099923, 0.0], [-64.57964083305798, -6.709724700234666, 0.0], [-64.57450231103277, -6.711035689645296, 0.0], [-64.57140901191636, -6.7137125801713395, 0.0], [-64.57075465710167, -6.716597676341664, 0.0], [-64.57111157643807, -6.719453029233836, 0.0], [-64.57206336043573, -6.722070435901863, 0.0], [-64.57366949654997, -6.725699114022866, 0.0], [-64.57378846966213, -6.728911386251436, 0.0], [-64.57366949654997, -6.73254006437244, 0.0], [-64.57301514533268, -6.736763608054076, 0.0], [-64.57164695544257, -6.740630232399226, 0.0], [-64.57021927809717, -6.7458650466345595, 0.0], [-64.5696244134359, -6.748898859194931, 0.0], [-64.5706356839896, -6.75324137508936, 0.0], [-64.57200387387961, -6.756691593542165, 0.0], [-64.57515666045141, -6.760022838882897, 0.0], [-64.57932071667764, -6.763116138898585, 0.0], [-64.58538834269775, -6.766328411127244, 0.0], [-64.59145596781859, -6.769421710243741, 0.0], [-64.59653287549179, -6.7717118518204735, 0.0], [-64.6006168929552, -6.773645253925288, 0.0], [-64.60513786851774, -6.773645253925288, 0.0], [-64.60995627776, -6.773347821144927, 0.0], [-64.61423930709832, -6.773109874920781, 0.0], [-64.61763003899507, -6.7741806320305145, 0.0], [-64.62066385155545, -6.776798039597821, 0.0], [-64.62215101455762, -6.779831852158193, 0.0], [-64.62286485323033, -6.783638989947395, 0.0], [-64.62238896078185, -6.787208181512273, 0.0], [-64.62054487844338, -6.790004047848498, 0.0], [-64.61739209277084, -6.792680941971842, 0.0], [-64.61394187431804, -6.79398964530581, 0.0], [-64.60829065419027, -6.793454266301303, 0.0], [-64.60376967862773, -6.7924429957476065, 0.0], [-64.59918921650907, -6.7924429957476065, 0.0], [-64.59431132161014, -6.7925917139363925, 0.0], [-64.5902662375967, -6.793870672193737, 0.0], [-64.5871729384803, -6.795000915859507, 0.0], [-64.58479347713721, -6.7965475654178, 0.0], [-64.57949917634585, -6.799402919209253, 0.0], [-64.57414538899853, -6.801960839321243, 0.0], [-64.57055234741284, -6.804378803339052, 0.0], [-64.56795879076553, -6.806779247664142, 0.0], [-64.5654603563104, -6.809932034235956, 0.0], [-64.56224808408173, -6.814631469466693, 0.0], [-64.56022554207506, -6.820044743370136, 0.0], [-64.55933324463344, -6.825220071049344, 0.0], [-64.56010656896298, -6.830692831508912, 0.0], [-64.56129630008417, -6.8342620230738795, 0.0], [-64.56230757063777, -6.836998402853979, 0.0], [-64.56575778909067, -6.842054757421025, 0.0], [-64.56902954787527, -6.847349058212483, 0.0], [-64.5718849016669, -6.8503828707728545, 0.0], [-64.57548383650985, -6.850918252475292, 0.0], [-64.57946943756446, -6.849431090372494, 0.0], [-64.5820570982564, -6.846635220438969, 0.0], [-64.58217607046927, -6.84306602797481, 0.0], [-64.58140274524045, -6.837533781858486, 0.0], [-64.58009404190648, -6.831168723058013, 0.0], [-64.57985609568225, -6.824506232376638, 0.0], [-64.58134325868441, -6.819152445029232, 0.0], [-64.58520988302965, -6.814453009798495, 0.0], [-64.58973085859219, -6.813263279576599, 0.0], [-64.59603643083662, -6.814393523242458, 0.0], [-64.6000815139507, -6.81695144425364, 0.0], [-64.60400762485197, -6.820818067699598, 0.0], [-64.60793373575325, -6.825933908822769, 0.0], [-64.61072960208938, -6.832715372616306, 0.0], [-64.61191933231127, -6.840091701970476, 0.0], [-64.61169328411769, -6.846825577238537, 0.0], [-64.61262127385261, -6.854035344055788, 0.0], [-64.61297819318901, -6.861602029310156, 0.0], [-64.61469140438476, -6.866741665595345, 0.0], [-64.6167615358162, -6.869597018487607, 0.0], [-64.61997380804476, -6.870525008222529, 0.0], [-64.62340023223483, -6.870525008222529, 0.0], [-64.62725495854951, -6.869811170449104, 0.0], [-64.63175213984931, -6.86795519007989, 0.0], [-64.63839083626803, -6.865028453500223, 0.0], [-64.64360185624064, -6.8631010903429726, 0.0], [-64.64759935082931, -6.862030332333958, 0.0], [-64.65380974332496, -6.862030332333958, 0.0], [-64.65878732987136, -6.863480386610522, 0.0], [-64.66387486393374, -6.866099210610045, 0.0], [-64.66872896457004, -6.869811170449104, 0.0], [-64.67165570114962, -6.873808665037785, 0.0], [-64.67436828666706, -6.877306472015977, 0.0], [-64.67551042836357, -6.881446733979558, 0.0], [-64.67472520600337, -6.885158693818617, 0.0], [-64.67336891324473, -6.887799895648662, 0.0], [-64.6707990951021, -6.8904410965793375, 0.0], [-64.66794374220993, -6.893010914721888, 0.0], [-64.66394624762115, -6.894438591168019, 0.0], [-64.66066259170518, -6.895580732864438, 0.0], [-64.65523742067036, -6.895794883926744, 0.0], [-64.6513826934565, -6.895580732864438, 0.0], [-64.6461716734839, -6.8959376522008355, 0.0], [-64.64046096769947, -6.897079792997975, 0.0], [-64.63517856403946, -6.900220681539139, 0.0], [-64.63110968576338, -6.904146792440503, 0.0], [-64.62918232260604, -6.907644600317976, 0.0], [-64.62696942379979, -6.9137122254388075, 0.0], [-64.62432822196985, -6.918423558700194, 0.0], [-64.62090179777968, -6.920707841193842, 0.0], [-64.61611908173018, -6.921635830928853, 0.0], [-64.61026560767165, -6.922278285014784, 0.0], [-64.60062879008657, -6.922278285014784, 0.0], [-64.5916344274868, -6.922349668702189, 0.0], [-64.58252034443835, -6.923848730634376, 0.0], [-64.57621552042987, -6.927774840636371, 0.0], [-64.57171833913007, -6.931915102599863, 0.0], [-64.56893436992522, -6.936412283899752, 0.0], [-64.56957682401115, -6.941337768223356, 0.0], [-64.57457368932423, -6.9446571209293, 0.0], [-64.5783570355487, -6.945049727163134, 0.0], [-64.58221176186329, -6.943764818091815, 0.0], [-64.5867803268505, -6.942551292707989, 0.0], [-64.59156304379938, -6.942337141645773, 0.0], [-64.59536383147562, -6.9426541589622595, 0.0], [-64.5981303565307, -6.945049727163134, 0.0], [-64.59920111364043, -6.948047848329487, 0.0], [-64.59863004324191, -6.952116726605574, 0.0], [-64.59677406377197, -6.9559714529201635, 0.0], [-64.59327625589451, -6.959897563821439, 0.0], [-64.59149166011198, -6.963538139073812, 0.0], [-64.58970706432955, -6.967963936686296, 0.0], [-64.58977844801694, -6.972104198649788, 0.0], [-64.5912775081504, -6.975816157589566, 0.0], [-64.59349040695663, -6.977814905333592, 0.0], [-64.59720236589641, -6.979313965467128, 0.0], [-64.6016995471963, -6.980313338889456, 0.0], [-64.6071961028179, -6.9810271775621615, 0.0], [-64.6121929708289, -6.98088441018735, 0.0], [-64.61704707146518, -6.980027804139834, 0.0], [-64.62282916093703, -6.979599501116031, 0.0], [-64.62789741353473, -6.980384723476142, 0.0], [-64.63339396825702, -6.983739763079523, 0.0], [-64.63610655377438, -6.987237570957085, 0.0], [-64.63831945258063, -6.9908781462093685, 0.0], [-64.63967574533936, -6.995946397907872, 0.0], [-64.63953297796455, -7.001799871966487, 0.0], [-64.63760561390792, -7.0060829022041595, 0.0], [-64.63417919061705, -7.0100090122061545, 0.0], [-64.62725495854951, -7.0138637394200245, 0.0], [-64.62054487844338, -7.0160766382262665, 0.0], [-64.61369203096244, -7.017932617696111, 0.0], [-64.60994520440764, -7.019640729735833, 0.0], [-64.60793682312583, -7.021363230028989, 0.0], [-64.60619672849619, -7.02371470806732, 0.0], [-64.60284168889281, -7.027640818968596, 0.0], [-64.59827312390551, -7.0310672422593825, 0.0], [-64.59300772282815, -7.032767213635939, 0.0], [-64.58962263237859, -7.032566922925167, 0.0], [-64.58199761080108, -7.031923848306899, 0.0], [-64.57543029806976, -7.031995231994305, 0.0], [-64.57121865241886, -7.034136747113141, 0.0], [-64.56665008743157, -7.037634554990703, 0.0], [-64.56343781430363, -7.0432738770877314, 0.0], [-64.56229567350648, -7.04748552363791, 0.0], [-64.5627239765303, -7.0526965427112245, 0.0], [-64.563152279554, -7.058621401356525, 0.0], [-64.5630808958666, -7.0636182693675345, 0.0], [-64.56472272337494, -7.0695431271136435, 0.0], [-64.5672925415175, -7.072541247380627, 0.0], [-64.56993374334755, -7.074254459475661, 0.0], [-64.57303894319261, -7.073576314894993, 0.0], [-64.57478784398374, -7.069400358839463, 0.0], [-64.57471645939705, -7.064903177539573, 0.0], [-64.57521614700754, -7.058835552418742, 0.0], [-64.57707212647739, -7.054766674142655, 0.0], [-64.57992747936964, -7.051697169288897, 0.0], [-64.58249729751229, -7.049983957193863, 0.0], [-64.58663755947578, -7.049983957193863, 0.0], [-64.59034951841547, -7.0504836439049825, 0.0], [-64.59484669971536, -7.0515544019140854, 0.0], [-64.59905834626562, -7.0526965427112245, 0.0], [-64.60434074902635, -7.052482391649008, 0.0], [-64.60748163756752, -7.051839936663708, 0.0], [-64.61069390979608, -7.049983957193863, 0.0], [-64.61604769714349, -7.046914452340015, 0.0], [-64.62054487844338, -7.04363079642404, 0.0], [-64.62646973708868, -7.040204373133253, 0.0], [-64.63103830207588, -7.038205625389228, 0.0], [-64.63881913929184, -7.0365637969816, 0.0], [-64.64467261335037, -7.036278262231978, 0.0], [-64.65002640069777, -7.0372062519669, 0.0], [-64.65423804634875, -7.038633928413031, 0.0], [-64.65816415725003, -7.041132362868176, 0.0], [-64.6617333488149, -7.044630169846457, 0.0], [-64.66423178327014, -7.048699048122543, 0.0], [-64.66466008629395, -7.053553148758741, 0.0], [-64.66358932828484, -7.0583358657076225, 0.0], [-64.6608767427674, -7.063689653055029, 0.0], [-64.65787862160104, -7.065902551861271, 0.0], [-64.65466634937248, -7.066830541596193, 0.0], [-64.64859872425164, -7.065331480563287, 0.0], [-64.64088927072318, -7.062119208334806, 0.0], [-64.63268012958432, -7.05933523912995, 0.0], [-64.62197255578879, -7.0566940372999944, 0.0], [-64.61076529438286, -7.055837431252389, 0.0], [-64.60448575031714, -7.0576767642711715, 0.0], [-64.60134262875927, -7.0609770675375785, 0.0], [-64.59962941666416, -7.06497456212626, 0.0], [-64.60027187075018, -7.068400985417135, 0.0], [-64.6016995471963, -7.070970803559685, 0.0], [-64.60491182032425, -7.073183702365927, 0.0], [-64.61047975873386, -7.074611378812058, 0.0], [-64.61383479833725, -7.075682135921792, 0.0], [-64.616904303191, -7.077252580642014, 0.0], [-64.61947412133364, -7.08067900483217, 0.0], [-64.6216870201398, -7.084747883108257, 0.0], [-64.62439960565725, -7.089316448095552, 0.0], [-64.62825433287112, -7.0923145683626245, 0.0], [-64.63303704892063, -7.093742245708036, 0.0], [-64.63817668520582, -7.09302840703533, 0.0], [-64.64260248191893, -7.090244437830474, 0.0], [-64.64738519886772, -7.086318326929199, 0.0], [-64.652524835153, -7.083034671013223, 0.0], [-64.65809277356263, -7.080964539581792, 0.0], [-64.66337517722263, -7.080107933534276, 0.0], [-64.66937141865597, -7.080464852870584, 0.0], [-64.67236953982231, -7.082178064965618, 0.0], [-64.6764384180985, -7.084819266795662, 0.0], [-64.68022176072567, -7.089530599157769, 0.0], [-64.68200635650811, -7.093742245708036, 0.0], [-64.68193497282071, -7.097454204647725, 0.0], [-64.68043591268717, -7.100666476876384, 0.0], [-64.67808024560675, -7.102522456346229, 0.0], [-64.67372583258104, -7.104663971465065, 0.0], [-64.66708713616241, -7.107019637646118, 0.0], [-64.65780723791373, -7.110731596585897, 0.0], [-64.6519537638551, -7.113444182103258, 0.0], [-64.64303078494274, -7.116442303269611, 0.0], [-64.63947171704608, -7.117504434082335, 0.0], [-64.63510718035207, -7.119154888787062, 0.0], [-64.6320376754983, -7.123580686399546, 0.0], [-64.63060999905217, -7.12943416045816, 0.0], [-64.63053861536477, -7.135144867141875, 0.0], [-64.63182352353671, -7.139356512792773, 0.0], [-64.63460749364086, -7.142283250271721, 0.0], [-64.63760561390792, -7.145281370538793, 0.0], [-64.64238833085672, -7.14678043157161, 0.0], [-64.64588613873428, -7.146494895922707, 0.0], [-64.64974086504887, -7.144281997116465, 0.0], [-64.65352420857533, -7.141997714622818, 0.0], [-64.65823554093744, -7.139642048441676, 0.0], [-64.6618047325024, -7.137857452659237, 0.0], [-64.66687298420082, -7.137072230299125, 0.0], [-64.67358306430695, -7.137500533322928, 0.0], [-64.6811497504606, -7.138785442394159, 0.0], [-64.68593246740939, -7.140427269902506, 0.0], [-64.6916431740931, -7.141854947248007, 0.0], [-64.69628312276781, -7.142354633959126, 0.0], [-64.70192244486492, -7.142497401333937, 0.0], [-64.7055630201173, -7.142997088045146, 0.0], [-64.70917672542554, -7.144688504171061, 0.0], [-64.71177341351213, -7.145709673562507, 0.0], [-64.71455738271699, -7.148993329478483, 0.0], [-64.71677028152322, -7.153776046427364, 0.0], [-64.71726996913372, -7.158558763376156, 0.0], [-64.71548537335129, -7.163983934411057, 0.0], [-64.71220171653593, -7.171978923588419, 0.0], [-64.71120234311361, -7.178617619107776, 0.0], [-64.71248725218493, -7.184328325791579, 0.0], [-64.71384354494356, -7.189039659052966, 0.0], [-64.7149143020533, -7.1924660823438415, 0.0], [-64.7213388474099, -7.204958252821093, 0.0], [-64.72769200817963, -7.221662068949243, 0.0], [-64.73147535080672, -7.229228755102891, 0.0], [-64.73632945144301, -7.234939461786695, 0.0], [-64.73961310735899, -7.236010218896428, 0.0], [-64.74275399590015, -7.235153612848912, 0.0], [-64.74582350075391, -7.233369017066384, 0.0], [-64.74974961165519, -7.229942593775686, 0.0], [-64.75203389414884, -7.226087866561727, 0.0], [-64.7548178633537, -7.220948231175907, 0.0], [-64.75817290295707, -7.213096009373267, 0.0], [-64.76202763017093, -7.204030263086082, 0.0], [-64.76509713502479, -7.199318929824695, 0.0], [-64.76916601330088, -7.196749112581426, 0.0], [-64.77302073961538, -7.1943220618135975, 0.0], [-64.77673269945453, -7.192965769054961, 0.0], [-64.78023050733199, -7.193822375102478, 0.0], [-64.78396973371625, -7.196697374584161, 0.0], [-64.78586982942902, -7.201603212318343, 0.0], [-64.78594121311643, -7.204244414148299, 0.0], [-64.7849418396941, -7.207813605713266, 0.0], [-64.78358554693537, -7.211953868576128, 0.0], [-64.78280032457526, -7.217164887649442, 0.0], [-64.7821807339537, -7.223303383844083, 0.0], [-64.78258617351305, -7.229014603141394, 0.0], [-64.78437076929558, -7.23758066361674, 0.0], [-64.78851103125898, -7.245218732558424, 0.0], [-64.79286544518415, -7.251571894227439, 0.0], [-64.79607771741271, -7.255283853167306, 0.0], [-64.8000752155987, -7.2559620031439245, 0.0], [-64.80357301897959, -7.252785418712072, 0.0], [-64.80664252383335, -7.249216227147105, 0.0], [-64.8094264930382, -7.246860560966052, 0.0], [-64.81320983656467, -7.244790430433991, 0.0], [-64.81706456287925, -7.243648288737482, 0.0], [-64.81999130035821, -7.243719672424888, 0.0], [-64.8244170979706, -7.2447190458473045, 0.0], [-64.82834320887197, -7.246717793591241, 0.0], [-64.83241208714806, -7.249430379108691, 0.0], [-64.83569574306402, -7.253070954361064, 0.0], [-64.8381941766199, -7.257425368286054, 0.0], [-64.83883663160519, -7.262279468022971, 0.0], [-64.83876524791779, -7.267347720620755, 0.0], [-64.83748804783511, -7.2730545943939475, 0.0], [-64.83548159110254, -7.27962573913651, 0.0], [-64.83298315754666, -7.28619305186783, 0.0], [-64.83084164242783, -7.292831747387186, 0.0], [-64.83077025874043, -7.296472322639559, 0.0], [-64.83141271282645, -7.300683969189738, 0.0], [-64.83248347083546, -7.305323917864527, 0.0], [-64.8351246726655, -7.309678331789517, 0.0], [-64.83790864187027, -7.311891230595759, 0.0], [-64.84197752014636, -7.31267645295587, 0.0], [-64.84476148935121, -7.31267645295587, 0.0], [-64.84747407486857, -7.3128906040180865, 0.0], [-64.85054358152107, -7.310998933154135, 0.0], [-64.85097188274614, -7.30239718128486, 0.0], [-64.84947282261268, -7.296472322639559, 0.0], [-64.84790237789238, -7.290047778182419, 0.0], [-64.84861621656508, -7.284693990834924, 0.0], [-64.84975835736222, -7.281124799270046, 0.0], [-64.85311339786497, -7.277341456642862, 0.0], [-64.85753919457808, -7.274486103750601, 0.0], [-64.86146530547946, -7.272772891655567, 0.0], [-64.86624802242824, -7.272059052982861, 0.0], [-64.87331502187068, -7.272201820357672, 0.0], [-64.88102447539914, -7.273558114015678, 0.0], [-64.88673518118358, -7.2761993149463535, 0.0], [-64.89073267577234, -7.279839890198726, 0.0], [-64.89387356431351, -7.283837384787407, 0.0], [-64.89729998850358, -7.2884773343614775, 0.0], [-64.90129748309235, -7.294544959482309, 0.0], [-64.90472390638314, -7.298970757094704, 0.0], [-64.90922108768302, -7.300327049853429, 0.0], [-64.91293304752209, -7.30046981722824, 0.0], [-64.91817976338537, -7.297650160226667, 0.0], [-64.92085665211276, -7.295044646193428, 0.0], [-64.92278401616937, -7.292974515661367, 0.0], [-64.92399754065393, -7.2896194751586165, 0.0], [-64.92456861195181, -7.286621354891544, 0.0], [-64.92478276301404, -7.282481092028682, 0.0], [-64.92456861195181, -7.278554982026776, 0.0], [-64.92192741012187, -7.2750571741492145, 0.0], [-64.91885790526801, -7.272915659030378, 0.0], [-64.91321858227171, -7.271844901920645, 0.0], [-64.9080789468858, -7.271059679560533, 0.0], [-64.90158301784197, -7.270345840887828, 0.0], [-64.89344526128971, -7.269846154176619, 0.0], [-64.8880200902549, -7.269132316403194, 0.0], [-64.8835229089551, -7.268347094043083, 0.0], [-64.88038202041393, -7.266919417597041, 0.0], [-64.8784546572566, -7.264635135103305, 0.0], [-64.87795497054547, -7.261851164999168, 0.0], [-64.87824050529501, -7.25892442841959, 0.0], [-64.88052478868802, -7.255141085792406, 0.0], [-64.8842367476278, -7.253356490009967, 0.0], [-64.88873740031069, -7.252781020127909, 0.0], [-64.89437325102463, -7.25235711568827, 0.0], [-64.90001257402103, -7.252928186986164, 0.0], [-64.90665127043975, -7.252714035024667, 0.0], [-64.9130758148969, -7.251286358578536, 0.0], [-64.91650223908705, -7.249358995421197, 0.0], [-64.9209280349008, -7.249002080581558, 0.0], [-64.92606767208535, -7.2507866718674165, 0.0], [-64.92935132800133, -7.253285105423192, 0.0], [-64.9325636002299, -7.255212469479812, 0.0], [-64.93591864073265, -7.2567829133007535, 0.0], [-64.93941644861022, -7.257496751973459, 0.0], [-64.94255733715137, -7.25763951934827, 0.0], [-64.94541269004355, -7.257425368286054, 0.0], [-64.9480538918736, -7.256568762238537, 0.0], [-64.95119478041475, -7.254712782768692, 0.0], [-64.95319352725942, -7.252642651337261, 0.0], [-64.95562057802724, -7.250358368843614, 0.0], [-64.95704825447328, -7.248145470037372, 0.0], [-64.95861869829423, -7.2451473488710185, 0.0], [-64.96104574906197, -7.2417923092676375, 0.0], [-64.96318726328153, -7.239079723750187, 0.0], [-64.96525739471295, -7.237152360592937, 0.0], [-64.96939765847519, -7.235760380037405, 0.0], [-64.97424224338478, -7.236981053232995, 0.0], [-64.97496559598544, -7.240079097172515, 0.0], [-64.9737094814074, -7.24275628717287, 0.0], [-64.97260993250231, -7.246360875154213, 0.0], [-64.97161055548268, -7.250643904492605, 0.0], [-64.97096810139675, -7.2538561767210865, 0.0], [-64.97153917179529, -7.256425993964356, 0.0], [-64.97260992890502, -7.259067195794401, 0.0], [-64.97450580320017, -7.261494191703534, 0.0], [-64.97682157545528, -7.264206832079591, 0.0], [-64.97889170598744, -7.266848033909547, 0.0], [-64.98089045373146, -7.269632003114403, 0.0], [-64.9818898271537, -7.273058426405189, 0.0], [-64.9826750495139, -7.2762706995331285, 0.0], [-64.9822824414815, -7.2799112747854124, 0.0], [-64.98039076702025, -7.283980153061588, 0.0], [-64.97753541322871, -7.288334566087297, 0.0], [-64.97486736843427, -7.291989016979507, 0.0], [-64.9723243941554, -7.294901878818617, 0.0], [-64.97046841468554, -7.297543080648573, 0.0], [-64.96954042495062, -7.300898120251954, 0.0], [-64.96861243431633, -7.304395928129516, 0.0], [-64.96882658627791, -7.307822352319672, 0.0], [-64.96982595970024, -7.3116770786341725, 0.0], [-64.97139640442047, -7.3151035028243285, 0.0], [-64.97396622166374, -7.319029613725693, 0.0], [-64.97832063558882, -7.323312643063996, 0.0], [-64.98338888728723, -7.327595673301669, 0.0], [-64.9880288368613, -7.332021470914153, 0.0], [-64.9919549468632, -7.33530512683004, 0.0], [-64.99566690670235, -7.339159853144718, 0.0], [-64.99966440129104, -7.340016459192235, 0.0], [-65.00273390524542, -7.340016459192235, 0.0], [-65.00616032943559, -7.339374005106215, 0.0], [-65.01080027811028, -7.338160479722301, 0.0], [-65.01586853070806, -7.337018338925162, 0.0], [-65.01979464071006, -7.33530512683004, 0.0], [-65.0218647721415, -7.333591914735095, 0.0], [-65.02472012503367, -7.331664551577756, 0.0], [-65.02743271055111, -7.33145039961617, 0.0], [-65.03107328580349, -7.3324497730385865, 0.0], [-65.03414279065716, -7.334448520782612, 0.0], [-65.03592738643968, -7.337018338925162, 0.0], [-65.03664122511239, -7.3401592274663265, 0.0], [-65.03642707315089, -7.343157347733399, 0.0], [-65.03585600275228, -7.3462982362745635, 0.0], [-65.03535631604107, -7.350010196113622, 0.0], [-65.03571323537747, -7.353936306115617, 0.0], [-65.03785474510036, -7.357898110209561, 0.0], [-65.0417808604982, -7.360325162776039, 0.0], [-65.04542143575058, -7.358647639377004, 0.0], [-65.04749156718202, -7.355863670172237, 0.0], [-65.05006138532465, -7.3527941653183895, 0.0], [-65.05255981888052, -7.350438498238056, 0.0], [-65.05491548506157, -7.348868054417114, 0.0], [-65.05855606031386, -7.346869307572458, 0.0], [-65.06548029238158, -7.345013327203244, 0.0], [-65.06940640328285, -7.3440853374683215, 0.0], [-65.07368943262115, -7.342729044709596, 0.0], [-65.07697308853713, -7.341372751950871, 0.0], [-65.0804708964147, -7.339231237731404, 0.0], [-65.08432562362864, -7.336447267627268, 0.0], [-65.08982217835077, -7.333020844336392, 0.0], [-65.09303445057944, -7.330665178155428, 0.0], [-65.0968891777933, -7.329594420146325, 0.0], [-65.10302818660145, -7.329665803833731, 0.0], [-65.10845335763626, -7.328595046723997, 0.0], [-65.11337884195996, -7.326239380542944, 0.0], [-65.1166624987753, -7.321956350305271, 0.0], [-65.11923231601857, -7.317102249669073, 0.0], [-65.1201603057535, -7.310606321524439, 0.0], [-65.12187351784853, -7.302325796698085, 0.0], [-65.12337257888134, -7.297400313273762, 0.0], [-65.1265134674226, -7.293117283036089, 0.0], [-65.12963110399221, -7.289950160371607, 0.0], [-65.13247994669219, -7.28830088467808, 0.0], [-65.13693550646842, -7.287549344626466, 0.0], [-65.1413613040809, -7.287692112001277, 0.0], [-65.14400250591086, -7.288834252798505, 0.0], [-65.14703631667267, -7.291868066258157, 0.0], [-65.14664370684153, -7.297186161312265, 0.0], [-65.14592986906811, -7.300969503939449, 0.0], [-65.1452874140829, -7.307108513646966, 0.0], [-65.14635817209191, -7.31267645295587, 0.0], [-65.14878522196037, -7.316459795583054, 0.0], [-65.150427050368, -7.320385906484418, 0.0], [-65.15164057575191, -7.3239550980492965, 0.0], [-65.15228302983793, -7.32695321831628, 0.0], [-65.1509267370792, -7.330451026193842, 0.0], [-65.14821415156185, -7.33209285460147, 0.0], [-65.14421665697317, -7.333020844336392, 0.0], [-65.1409330010571, -7.3329494606490755, 0.0], [-65.13522229347402, -7.33209285999742, 0.0], [-65.1299398943106, -7.333270692188666, 0.0], [-65.12551409759749, -7.336375885738512, 0.0], [-65.12387226559255, -7.340587530490129, 0.0], [-65.12260686641369, -7.3451148732527685, 0.0], [-65.12322981060726, -7.3497246604647195, 0.0], [-65.12472887164007, -7.354007689803023, 0.0], [-65.12644208283582, -7.358790406751815, 0.0], [-65.12687038585963, -7.361859911605574, 0.0], [-65.12679900217213, -7.36578602250685, 0.0], [-65.1254427094134, -7.369069678422914, 0.0], [-65.12237320455974, -7.372139183276673, 0.0], [-65.11958923535488, -7.374780385106629, 0.0], [-65.11823294259615, -7.377849889061107, 0.0], [-65.11787602325985, -7.381633232587571, 0.0], [-65.11873262930736, -7.384845504816141, 0.0], [-65.12144521482473, -7.3878436259824944, 0.0], [-65.12437195230368, -7.389342686116031, 0.0], [-65.12865498164207, -7.3907703625621615, 0.0], [-65.1351509106859, -7.392198039008203, 0.0], [-65.13982967679813, -7.394127023643161, 0.0], [-65.14464495999688, -7.396623836620776, 0.0], [-65.14628678840451, -7.399978877123438, 0.0], [-65.14785723222545, -7.404904361447041, 0.0], [-65.14700062617793, -7.408973239723217, 0.0], [-65.14493049564587, -7.412471046701409, 0.0], [-65.14250344487805, -7.4152550168055456, 0.0], [-65.14036192975921, -7.418538672721521, 0.0], [-65.13879148593827, -7.421179874551477, 0.0], [-65.13707827384323, -7.4256770558513665, 0.0], [-65.13750657686704, -7.4308166912372755, 0.0], [-65.13857733397677, -7.434814185825957, 0.0], [-65.14000501132217, -7.437598155030813, 0.0], [-65.14286036421444, -7.440596276197166, 0.0], [-65.14728616182684, -7.442166720018108, 0.0], [-65.15106950445401, -7.442023952643208, 0.0], [-65.15442454495668, -7.441238730283185, 0.0], [-65.15792235193496, -7.439596902774749, 0.0], [-65.16099185678873, -7.43716985200701, 0.0], [-65.16277645257117, -7.434742802138551, 0.0], [-65.16484658400259, -7.431030843198773, 0.0], [-65.16634564413613, -7.428104105719825, 0.0], [-65.16791608885634, -7.422964470334005, 0.0], [-65.16891546227876, -7.418110369697718, 0.0], [-65.1694865326773, -7.412970734311898, 0.0], [-65.1695579163647, -7.408188017363017, 0.0], [-65.16905822965357, -7.403548068688405, 0.0], [-65.16891546227876, -7.398122897653504, 0.0], [-65.16970068463878, -7.394268170439634, 0.0], [-65.17198496713243, -7.391055898211064, 0.0], [-65.17591107713443, -7.388486080068514, 0.0], [-65.18040825843433, -7.3867728679733915, 0.0], [-65.18340637960067, -7.386558716911264, 0.0], [-65.18747525787686, -7.3878436259824944, 0.0], [-65.1903306116683, -7.389485453490842, 0.0], [-65.19318596456057, -7.391484201234867, 0.0], [-65.19596993376543, -7.393768483728515, 0.0], [-65.19761176217305, -7.396552452933282, 0.0], [-65.20018157941632, -7.40090686685836, 0.0], [-65.20339385254417, -7.404832976860355, 0.0], [-65.20603505347493, -7.407188643940778, 0.0], [-65.2091759420161, -7.409544310121742, 0.0], [-65.21238821514395, -7.411471673279081, 0.0], [-65.21545771909842, -7.412970734311898, 0.0], [-65.22190354870973, -7.415013630674462, 0.0], [-65.22652221312964, -7.418038986010313, 0.0], [-65.22766435572534, -7.422464783622885, 0.0], [-65.22645082944214, -7.425891206913583, 0.0], [-65.2244520816982, -7.429603166752731, 0.0], [-65.22259610222827, -7.432744055293895, 0.0], [-65.22123980946955, -7.4368843172573875, 0.0], [-65.22123980946955, -7.4408104272593825, 0.0], [-65.22238195116606, -7.4446651544732525, 0.0], [-65.22545145601981, -7.446592517630592, 0.0], [-65.22859234456106, -7.446378366568286, 0.0], [-65.23301814127419, -7.445450376833364, 0.0], [-65.23658733283915, -7.444022700387322, 0.0], [-65.24108451413903, -7.441952568955891, 0.0], [-65.24715214015906, -7.440025205798552, 0.0], [-65.25193485710794, -7.438240610016024, 0.0], [-65.25457605803862, -7.437098468319604, 0.0], [-65.2590732393385, -7.434457266489648, 0.0], [-65.26535501642084, -7.431530529909981, 0.0], [-65.27095864982178, -7.429603170350031, 0.0], [-65.27463491287087, -7.429638859945399, 0.0], [-65.27699058085057, -7.432387135957498, 0.0], [-65.28055977241554, -7.436812933569982, 0.0], [-65.2836292772693, -7.438954447789538, 0.0], [-65.28634186278666, -7.440739043571977, 0.0], [-65.28991105435162, -7.441524265932088, 0.0], [-65.29417008618053, -7.443120770307278, 0.0], [-65.29790604352908, -7.4446651544732525, 0.0], [-65.30097554838284, -7.446592517630592, 0.0], [-65.30290291154009, -7.448734032749339, 0.0], [-65.3035453656261, -7.45144661826679, 0.0], [-65.30388805498974, -7.454005214668914, 0.0], [-65.30371061605207, -7.457304876718641, 0.0], [-65.30211656592675, -7.4620828074755465, 0.0], [-65.30037974572869, -7.466058105896835, 0.0], [-65.2994275858144, -7.473492823734741, 0.0], [-65.30292500158757, -7.480695756603829, 0.0], [-65.30575826443234, -7.482998271053333, 0.0], [-65.30897053666092, -7.482926887365927, 0.0], [-65.3125397282258, -7.481427827232391, 0.0], [-65.31568061676695, -7.479857382512169, 0.0], [-65.31817905122219, -7.478286938691227, 0.0], [-65.32067748477806, -7.477358948956304, 0.0], [-65.32581712106325, -7.476716493971004, 0.0], [-65.32974323196453, -7.476859262245096, 0.0], [-65.33341949591298, -7.4777872537786685, 0.0], [-65.33638192748388, -7.479857382512169, 0.0], [-65.33788098851679, -7.483283806702236, 0.0], [-65.33861787321618, -7.486589653389743, 0.0], [-65.33883034434487, -7.491834434811263, 0.0], [-65.33966334318873, -7.497663796247135, 0.0], [-65.34249732998774, -7.501604419508258, 0.0], [-65.34461579997908, -7.503522117651563, 0.0], [-65.34980044553409, -7.503867261265075, 0.0], [-65.35572694544216, -7.500844228877991, 0.0], [-65.36329363159581, -7.498488562697027, 0.0], [-65.36857603525581, -7.497417804687835, 0.0], [-65.37250214615709, -7.497988875985818, 0.0], [-65.37564303469826, -7.4985599463843435, 0.0], [-65.38021164645028, -7.499894026787825, 0.0], [-65.38527985138396, -7.501343915589199, 0.0], [-65.38834935623781, -7.502914360309422, 0.0], [-65.39118081863987, -7.505944342657202, 0.0], [-65.39431560528088, -7.510302018423388, 0.0], [-65.39453333924214, -7.514761296896268, 0.0], [-65.39524773549452, -7.5188696931817525, 0.0], [-65.39627296172776, -7.522687681291419, 0.0], [-65.39874834565964, -7.525176396773205, 0.0], [-65.4030544255213, -7.525614417871086, 0.0], [-65.40569562645197, -7.527256246278714, 0.0], [-65.40840821286862, -7.528826690099567, 0.0], [-65.41162048509727, -7.531182356280709, 0.0], [-65.41490414101325, -7.532395881664534, 0.0], [-65.42025792836066, -7.5343232448218735, 0.0], [-65.42653970544299, -7.5369644466518295, 0.0], [-65.4317507245163, -7.538749042434269, 0.0], [-65.43710451186371, -7.5402481034671744, 0.0], [-65.44395736024393, -7.5416043962259, 0.0], [-65.44706255379378, -7.543032074470592, 0.0], [-65.44838315605777, -7.5463514208813045, 0.0], [-65.4470268641984, -7.549456617129081, 0.0], [-65.44431427868096, -7.55074152620049, 0.0], [-65.4419586124999, -7.5525975056703345, 0.0], [-65.43910325960765, -7.555167323812885, 0.0], [-65.43753281488742, -7.557237454345035, 0.0], [-65.43689035990212, -7.5609137218907065, 0.0], [-65.43810388618532, -7.564875524186089, 0.0], [-65.44045955236638, -7.567516726016045, 0.0], [-65.44431427868096, -7.571514220604726, 0.0], [-65.44738378353472, -7.575154795857099, 0.0], [-65.45095297509968, -7.580080280180791, 0.0], [-65.45387971257864, -7.583792239120481, 0.0], [-65.45759167151841, -7.58828942042037, 0.0], [-65.46094671112179, -7.590859238563009, 0.0], [-65.46415898424974, -7.594000127104174, 0.0], [-65.46644326674338, -7.597283783020149, 0.0], [-65.46672880329156, -7.6008172831910095, 0.0], [-65.46530112504688, -7.604564934424175, 0.0], [-65.46323099361544, -7.606849216917823, 0.0], [-65.46013307378225, -7.611518612993574, 0.0], [-65.45644952982191, -7.6164860336035325, 0.0], [-65.45387971257864, -7.622268123974742, 0.0], [-65.45138127812349, -7.629120971455595, 0.0], [-65.45009636905218, -7.634903061826805, 0.0], [-65.4510243587871, -7.639614395088191, 0.0], [-65.45288033825703, -7.644111576388081, 0.0], [-65.45623537875969, -7.646824161905531, 0.0], [-65.45944765098825, -7.649179828086584, 0.0], [-65.46351652926434, -7.650750271907526, 0.0], [-65.46847770857936, -7.650643201322595, 0.0], [-65.47229674080191, -7.648109070077481, 0.0], [-65.47379580093545, -7.645753403896428, 0.0], [-65.4757231640927, -7.642755283629445, 0.0], [-65.47736499250041, -7.638043950367969, 0.0], [-65.47843574961014, -7.633975072091882, 0.0], [-65.47900682090804, -7.630976950925529, 0.0], [-65.48043449735408, -7.626836688961948, 0.0], [-65.48193356018564, -7.624017028363163, 0.0], [-65.48443199194286, -7.620126608855816, 0.0], [-65.4857169001148, -7.617128488588833, 0.0], [-65.48693042549871, -7.6142731347972905, 0.0], [-65.48764426417142, -7.611275014530218, 0.0], [-65.48750149589723, -7.606849216917823, 0.0], [-65.48650212247492, -7.6030658733912695, 0.0], [-65.48493167865396, -7.597854854318044, 0.0], [-65.48514582971619, -7.593928743416679, 0.0], [-65.4862879714127, -7.58893187540567, 0.0], [-65.48935747626645, -7.582792865698153, 0.0], [-65.49178452613491, -7.578581220047255, 0.0], [-65.49428296059014, -7.576225553866113, 0.0], [-65.49906567394173, -7.5761184805833395, 0.0], [-65.50246815727965, -7.577506649811973, 0.0], [-65.5064895954184, -7.5820076433380414, 0.0], [-65.50834557488834, -7.58557683490292, 0.0], [-65.51005878698338, -7.5892887947420675, 0.0], [-65.51055847369459, -7.593214904743974, 0.0], [-65.50998740239669, -7.597569318669052, 0.0], [-65.50877387791215, -7.601067126546614, 0.0], [-65.50748896884082, -7.603922479438875, 0.0], [-65.50527479119862, -7.607941886009208, 0.0], [-65.50320593860314, -7.6124885390147625, 0.0], [-65.50006505006199, -7.618984468058766, 0.0], [-65.49828045427945, -7.6246951738432, 0.0], [-65.49720969716972, -7.631262486574432, 0.0], [-65.4965672430837, -7.636759041296649, 0.0], [-65.49806630321724, -7.64204144495665, 0.0], [-65.49963674703818, -7.644397111137703, 0.0], [-65.50320593860314, -7.645753403896428, 0.0], [-65.50606129239469, -7.645967555857926, 0.0], [-65.50920218093586, -7.645824787583834, 0.0], [-65.51209322971872, -7.644218653268155, 0.0], [-65.51298552356305, -7.6394716268141, 0.0], [-65.5114864634295, -7.633118466044365, 0.0], [-65.50927356462326, -7.627407759360562, 0.0], [-65.50920218093586, -7.621411517927225, 0.0], [-65.50991601870928, -7.6164860336035325, 0.0], [-65.51248583685184, -7.613416528749774, 0.0], [-65.51555534170559, -7.611060862568721, 0.0], [-65.51976698735658, -7.609490418747779, 0.0], [-65.52462108799277, -7.608633812700262, 0.0], [-65.5297607233786, -7.608491044426081, 0.0], [-65.53262066281329, -7.6084706612919675, 0.0], [-65.53782709624345, -7.609775953497401, 0.0], [-65.54153905608251, -7.611132246256126, 0.0], [-65.5453937823971, -7.611489165592435, 0.0], [-65.55010511565858, -7.611489165592435, 0.0], [-65.55460229695838, -7.611560549279929, 0.0], [-65.56045577101699, -7.611917468616237, 0.0], [-65.56274005351055, -7.613273761374963, 0.0], [-65.56302558826026, -7.61605773057973, 0.0], [-65.56259728523655, -7.620197992543311, 0.0], [-65.5605985383918, -7.623553033045972, 0.0], [-65.55838563958557, -7.6254803962033115, 0.0], [-65.55560167038071, -7.626265618563423, 0.0], [-65.55281770117594, -7.625123476866914, 0.0], [-65.54974819632218, -7.623338881084475, 0.0], [-65.54739253014112, -7.62198258832575, 0.0], [-65.54358632764688, -7.62285430478228, 0.0], [-65.54146767149582, -7.6254803962033115, 0.0], [-65.54089660109722, -7.628621284744476, 0.0], [-65.54125352043361, -7.631405253949243, 0.0], [-65.54211012648112, -7.634474758803002, 0.0], [-65.54339503555245, -7.638615020766583, 0.0], [-65.54375195488875, -7.641613141932936, 0.0], [-65.54325226727826, -7.644468494825109, 0.0], [-65.54339503555245, -7.647466615991462, 0.0], [-65.54368057030207, -7.651606877955043, 0.0], [-65.54560793435869, -7.656460978591241, 0.0], [-65.54896297396206, -7.658316958061086, 0.0], [-65.55288908486334, -7.659244947796097, 0.0], [-65.55574443775552, -7.658673877397483, 0.0], [-65.55802872024917, -7.656603745966052, 0.0], [-65.56145514443932, -7.653819776761196, 0.0], [-65.56466741666789, -7.652106564666163, 0.0], [-65.56909321428037, -7.650893040181618, 0.0], [-65.57251963757116, -7.652392100315154, 0.0], [-65.57701681887104, -7.653677009386385, 0.0], [-65.58015770741221, -7.655889908192627, 0.0], [-65.58322721226597, -7.660101553843525, 0.0], [-65.5857256467212, -7.663742129095898, 0.0], [-65.58865238330078, -7.668239310395787, 0.0], [-65.59229295855316, -7.672950643657263, 0.0], [-65.59700429181454, -7.676234299573238, 0.0], [-65.60143008942703, -7.678233046417894, 0.0], [-65.60706941152405, -7.679018268778005, 0.0], [-65.61163797651135, -7.678518582066886, 0.0], [-65.61670622910914, -7.677804744293461, 0.0], [-65.62141756147125, -7.6760201485110215, 0.0], [-65.62769933855357, -7.673521714055788, 0.0], [-65.63519464101981, -7.66980975511601, 0.0], [-65.63862106431068, -7.666668866574845, 0.0], [-65.64090534770362, -7.662956906735786, 0.0], [-65.6446886903308, -7.6576031202877495, 0.0], [-65.64768681149715, -7.653391473737482, 0.0], [-65.64947140727959, -7.649893665859921, 0.0], [-65.65204122452286, -7.645539252834212, 0.0], [-65.65361166924309, -7.643254970340564, 0.0], [-65.65646702213526, -7.641755909307747, 0.0], [-65.65975067805132, -7.640399616549022, 0.0], [-65.66374817264, -7.63882917272808, 0.0], [-65.66724598051748, -7.6385436370790885, 0.0], [-65.67075447234103, -7.638252026509708, 0.0], [-65.67278779272243, -7.640778128607696, 0.0], [-65.6706353112706, -7.644171894816999, 0.0], [-65.66843477724316, -7.645704148027978, 0.0], [-65.66588968775883, -7.647323848616651, 0.0], [-65.66381955722677, -7.649322595461307, 0.0], [-65.66239188168002, -7.65214225695955, 0.0], [-65.66125788874055, -7.65524930491145, 0.0], [-65.65939375961429, -7.663456594346275, 0.0], [-65.65818023423039, -7.667097169598648, 0.0], [-65.65546764871301, -7.671522967211132, 0.0], [-65.65218399279705, -7.675163542463416, 0.0], [-65.6488289522943, -7.678518582066886, 0.0], [-65.64704435651177, -7.682016389944447, 0.0], [-65.64647328611323, -7.686085268220534, 0.0], [-65.64747265953557, -7.690296913871432, 0.0], [-65.64947140727959, -7.692509812677674, 0.0], [-65.65289783416767, -7.693187963553573, 0.0], [-65.65568179977524, -7.690225530184026, 0.0], [-65.65875130462899, -7.68615665190794, 0.0], [-65.66089281974783, -7.68280161230447, 0.0], [-65.66439062762531, -7.677804744293461, 0.0], [-65.66766842265955, -7.674860162466469, 0.0], [-65.67317083826359, -7.67187988564816, 0.0], [-65.67652587876624, -7.67059497657684, 0.0], [-65.68095167637873, -7.6703808255146235, 0.0], [-65.68559162505343, -7.670880512225832, 0.0], [-65.68894666465681, -7.671808501960754, 0.0], [-65.69101679608825, -7.673878633392185, 0.0], [-65.69315831120709, -7.677162289308161, 0.0], [-65.69487152330211, -7.682087773631764, 0.0], [-65.69465737403854, -7.6857283497834175, 0.0], [-65.69230170515957, -7.6882267833393705, 0.0], [-65.68923220030571, -7.688298167026776, 0.0], [-65.68580577611564, -7.687227409017673, 0.0], [-65.68145136308985, -7.686228035595345, 0.0], [-65.67609757574245, -7.685014511110712, 0.0], [-65.67231423221598, -7.683943753101698, 0.0], [-65.6688164252378, -7.6838009857268865, 0.0], [-65.66523901027202, -7.685308140658055, 0.0], [-65.66282018290508, -7.686656338619059, 0.0], [-65.66124973908414, -7.68872647005049, 0.0], [-65.66032174934922, -7.69143905556794, 0.0], [-65.6608214333624, -7.695472242450009, 0.0], [-65.66396232460158, -7.698363286736289, 0.0], [-65.66795981919027, -7.698006367399891, 0.0], [-65.67238561680276, -7.697292529626466, 0.0], [-65.67759663587599, -7.697006993977563, 0.0], [-65.68088029179195, -7.6976494489628635, 0.0], [-65.68430671058616, -7.7001835766106765, 0.0], [-65.68744760452327, -7.70507336684242, 0.0], [-65.68866112990719, -7.708856710368796, 0.0], [-65.68987465439173, -7.712996972332377, 0.0], [-65.69180201844836, -7.717351385358086, 0.0], [-65.69515705805173, -7.7226337890180865, 0.0], [-65.69858348224189, -7.725917445833431, 0.0], [-65.70229544118158, -7.727916192678087, 0.0], [-65.70664985510666, -7.728986949787821, 0.0], [-65.71093288444506, -7.728701415038287, 0.0], [-65.71471622797152, -7.727916192678087, 0.0], [-65.71785711651268, -7.7266312836068565, 0.0], [-65.72149769176505, -7.7248466878243285, 0.0], [-65.72470996399353, -7.722491021643275, 0.0], [-65.72727978213618, -7.7192787494147055, 0.0], [-65.73070620542696, -7.71471018442741, 0.0], [-65.73448954895352, -7.709713315517032, 0.0], [-65.73720213447088, -7.7032173873724865, 0.0], [-65.73998610367565, -7.697006993977563, 0.0], [-65.74269868919309, -7.689939995434404, 0.0], [-65.74355529524061, -7.683515450077895, 0.0], [-65.74391221457701, -7.679375188114403, 0.0], [-65.7431269922169, -7.675591845487219, 0.0], [-65.74426913301403, -7.672736491695677, 0.0], [-65.74626788075805, -7.669524219467107, 0.0], [-65.74955153667403, -7.667168553286054, 0.0], [-65.7533348802005, -7.665598108565831, 0.0], [-65.7583317482116, -7.664598735143414, 0.0], [-65.76382830293382, -7.664384584081198, 0.0], [-65.76846825160851, -7.664455967768692, 0.0], [-65.77346511961953, -7.665169805542028, 0.0], [-65.77731984683348, -7.666668866574845, 0.0], [-65.77889029065433, -7.669024532755898, 0.0], [-65.77967551301445, -7.6721654212971515, 0.0], [-65.77914013850652, -7.675841689742104, 0.0], [-65.7770343111845, -7.680017642200333, 0.0], [-65.77360788789362, -7.683872369414203, 0.0], [-65.76696919147498, -7.690154146496621, 0.0], [-65.76140125306536, -7.6964359235789495, 0.0], [-65.75818897993742, -7.700504801855036, 0.0], [-65.75626161678017, -7.703859841458506, 0.0], [-65.75597608113127, -7.708000104321279, 0.0], [-65.75676130349129, -7.710712689838729, 0.0], [-65.75933112163392, -7.713568042730902, 0.0], [-65.76354276728482, -7.713782194692488, 0.0], [-65.76618396911478, -7.71342527535618, 0.0], [-65.76889655463224, -7.712068982597454, 0.0], [-65.77175190842377, -7.70942778076741, 0.0], [-65.77582078669995, -7.70493059946752, 0.0], [-65.78024658341306, -7.700647569229847, 0.0], [-65.78481514929963, -7.698006367399891, 0.0], [-65.78974063362332, -7.694936863445413, 0.0], [-65.79509442007136, -7.693437802412596, 0.0], [-65.80051959200554, -7.692295661615457, 0.0], [-65.80558784370396, -7.690368297558837, 0.0], [-65.80815766184661, -7.6882267833393705, 0.0], [-65.80958533829265, -7.685157278485612, 0.0], [-65.80937118633115, -7.682087773631764, 0.0], [-65.80915703526892, -7.678875501403283, 0.0], [-65.80844319659623, -7.67459247116561, 0.0], [-65.80851458208228, -7.670202365846514, 0.0], [-65.81044194434016, -7.665598108565831, 0.0], [-65.81294037789611, -7.664313200393881, 0.0], [-65.81608126643728, -7.663527978033681, 0.0], [-65.82029291298745, -7.663242442384778, 0.0], [-65.82678884113209, -7.66274275567357, 0.0], [-65.83121463874457, -7.661886149626053, 0.0], [-65.83599735479409, -7.659316331483502, 0.0], [-65.84149391041558, -7.656389594903835, 0.0], [-65.84670492948881, -7.654747766496207, 0.0], [-65.8510593434139, -7.654176696097593, 0.0], [-65.85505683800257, -7.654747766496207, 0.0], [-65.85784080720742, -7.6565323622786465, 0.0], [-65.8619096854836, -7.658102806998869, 0.0], [-65.86540749336108, -7.660458473180011, 0.0], [-65.86890530123864, -7.662814139360975, 0.0], [-65.87268864386581, -7.665883644214734, 0.0], [-65.87411632031186, -7.669595603154512, 0.0], [-65.87475877529725, -7.673593097743193, 0.0], [-65.87375940097556, -7.676377066948049, 0.0], [-65.87154650216931, -7.679089652465411, 0.0], [-65.86726347283101, -7.681373934959058, 0.0], [-65.86319459455483, -7.682516076655567, 0.0], [-65.85741250418371, -7.682658844030378, 0.0], [-65.85127349447619, -7.683372682703084, 0.0], [-65.84727600078679, -7.684015136789103, 0.0], [-65.84342127357283, -7.685799732571542, 0.0], [-65.84085145543028, -7.687655712041387, 0.0], [-65.83967362233976, -7.690439682145524, 0.0], [-65.83863855662405, -7.69465132779651, 0.0], [-65.84070868805547, -7.700718952917253, 0.0], [-65.84384957659664, -7.704859215780115, 0.0], [-65.84813260593494, -7.708499791032487, 0.0], [-65.85427161564255, -7.71199759890996, 0.0], [-65.86076754468637, -7.715138487451213, 0.0], [-65.86762039216731, -7.718636294429405, 0.0], [-65.87354524991333, -7.720849193235647, 0.0], [-65.88118331975438, -7.722491021643275, 0.0], [-65.88560911736678, -7.721563031908353, 0.0], [-65.88982076301777, -7.7192787494147055, 0.0], [-65.89324718720783, -7.716780314959561, 0.0], [-65.89588838903788, -7.713282507081999, 0.0], [-65.89838682259375, -7.706786578937365, 0.0], [-65.89888650930496, -7.701218640527742, 0.0], [-65.89902927757905, -7.695079630820224, 0.0], [-65.89860097455525, -7.688583701776398, 0.0], [-65.89838682259375, -7.682230541006575, 0.0], [-65.89952896429025, -7.675377693525633, 0.0], [-65.9011707917986, -7.669095916443304, 0.0], [-65.90259846914401, -7.6641704321197, 0.0], [-65.905596589411, -7.659316331483502, 0.0], [-65.9113786797822, -7.654676382808802, 0.0], [-65.92237179012592, -7.649965050446696, 0.0], [-65.92529852670559, -7.6497508984851095, 0.0], [-65.92948016737577, -7.652015823971027, 0.0], [-65.93225123310785, -7.656225712346711, 0.0], [-65.93555519661498, -7.658890198523828, 0.0], [-65.93779336457209, -7.661021787825163, 0.0], [-65.94221649479533, -7.663670745408492, 0.0], [-65.94541379600987, -7.665924442858664, 0.0], [-65.95239475011763, -7.668961957028632, 0.0], [-65.96127597710462, -7.6721654212971515, 0.0], [-65.96848824853376, -7.675463303588494, 0.0], [-65.97808039949085, -7.677808051999925, 0.0], [-65.98369049991658, -7.67830443100458, 0.0], [-65.98704553952004, -7.677804744293461, 0.0], [-65.99375561962609, -7.677661976019369, 0.0], [-65.99910940697349, -7.6781616627304885, 0.0], [-66.00374935654756, -7.679303804426997, 0.0], [-66.00681886050195, -7.681159783896842, 0.0], [-66.01020529363933, -7.687376332251862, 0.0], [-66.01124465811444, -7.688869237425301, 0.0], [-66.01452831403041, -7.694080257397896, 0.0], [-66.01716951586046, -7.699291276471211, 0.0], [-66.0193824146667, -7.7032173873724865, 0.0], [-66.02252330320786, -7.707500417610159, 0.0], [-66.02694910082035, -7.710498537877143, 0.0], [-66.03058967607272, -7.713068356019782, 0.0], [-66.03544377670883, -7.71471018442741, 0.0], [-66.0391557356486, -7.715709557849738, 0.0], [-66.04286769458838, -7.716066477186136, 0.0], [-66.04650827074003, -7.716137860873541, 0.0], [-66.05036299705462, -7.716423395623163, 0.0], [-66.0544318753307, -7.7154240222008355, 0.0], [-66.05714446084816, -7.7148529518022215, 0.0], [-66.05971427899071, -7.714139113129516, 0.0], [-66.06185579410955, -7.713853578379894, 0.0], [-66.0637117735794, -7.713924962067299, 0.0], [-66.06506806633811, -7.713924962067299, 0.0], [-66.06728096514436, -7.713068356019782, 0.0], [-66.06828033856678, -7.711569295886246, 0.0], [-66.0694938639506, -7.70942778076741, 0.0], [-66.07042185368553, -7.705644437240945, 0.0], [-66.07113569145895, -7.701789710926356, 0.0], [-66.07156399448276, -7.698363286736289, 0.0], [-66.07306305551558, -7.694794095171321, 0.0], [-66.0733485902652, -7.691724590317563, 0.0], [-66.0738482769764, -7.687941247690379, 0.0], [-66.07470488302391, -7.6815880869206445, 0.0], [-66.07598979209514, -7.677233672995566, 0.0], [-66.07713193379166, -7.672379572359279, 0.0], [-66.07863099392519, -7.668310694083193, 0.0], [-66.08120081206775, -7.6653839575036145, 0.0], [-66.08512692206973, -7.66224306896245, 0.0], [-66.08976687164372, -7.660672624242139, 0.0], [-66.0935502142709, -7.660601240554733, 0.0], [-66.09640556806254, -7.6609581598911305, 0.0], [-66.10018891068962, -7.662314452649767, 0.0], [-66.1032584155434, -7.664241815807106, 0.0], [-66.10639930408455, -7.666311947238537, 0.0], [-66.11075371711026, -7.6688103816937705, 0.0], [-66.11346630352708, -7.669881138803504, 0.0], [-66.12010499904643, -7.673093411031985, 0.0], [-66.1243880292841, -7.674235552728494, 0.0], [-66.12988458400633, -7.67509215787673, 0.0], [-66.13523837135374, -7.67523492615091, 0.0], [-66.14608871342335, -7.675306309838316, 0.0], [-66.15094281405956, -7.675020774189324, 0.0], [-66.15322709655321, -7.674521087478205, 0.0], [-66.15422646997563, -7.6737358651180045, 0.0], [-66.15501169233565, -7.672736491695677, 0.0], [-66.15543999535944, -7.66980975511601, 0.0], [-66.15508307602313, -7.6665260983007535, 0.0], [-66.15522584339786, -7.663813512783392, 0.0], [-66.15479754037415, -7.660886776203725, 0.0], [-66.1540123189134, -7.658031423311552, 0.0], [-66.15222772313088, -7.65567575623113, 0.0], [-66.15051451103575, -7.654462231746585, 0.0], [-66.14851576329181, -7.653248706362671, 0.0], [-66.14351889528072, -7.652891787026274, 0.0], [-66.14044939132624, -7.6543194634724045, 0.0], [-66.13673743148728, -7.6558185245052215, 0.0], [-66.1335251592587, -7.658673877397483, 0.0], [-66.1280999882238, -7.661243695540033, 0.0], [-66.12331727127501, -7.66288552304847, 0.0], [-66.1186059389129, -7.663670745408492, 0.0], [-66.1133949189403, -7.663527978033681, 0.0], [-66.10589961737334, -7.661029543578536, 0.0], [-66.10261596055808, -7.6588880284597, 0.0], [-66.10140243607346, -7.655604372543724, 0.0], [-66.10061721371343, -7.652392100315154, 0.0], [-66.10075998108825, -7.649465362836207, 0.0], [-66.10261596055808, -7.64539648456012, 0.0], [-66.10475758359557, -7.642897138192296, 0.0], [-66.10689899079576, -7.64089930326023, 0.0], [-66.11025403039915, -7.640328232861616, 0.0], [-66.11425152498782, -7.640542384823203, 0.0], [-66.1185345552255, -7.641184838909133, 0.0], [-66.12238928154008, -7.641042071534322, 0.0], [-66.12503048337013, -7.640542384823203, 0.0], [-66.12760030151269, -7.6393288594392885, 0.0], [-66.12909936164621, -7.637544263656849, 0.0], [-66.13081257374125, -7.634903061826805, 0.0], [-66.13147921239566, -7.630337560829727, 0.0], [-66.13152641241396, -7.626908072649353, 0.0], [-66.13216886649998, -7.622268123974742, 0.0], [-66.13431038161882, -7.617271255963644, 0.0], [-66.13609497740126, -7.615129740844807, 0.0], [-66.13916448225501, -7.614558670446193, 0.0], [-66.14087769345076, -7.615914963204919, 0.0], [-66.1430192085696, -7.619341386495794, 0.0], [-66.14430411764091, -7.622910578060672, 0.0], [-66.14544625933733, -7.62583731553962, 0.0], [-66.14701670315829, -7.628692668431881, 0.0], [-66.14894406631554, -7.6315480222234235, 0.0], [-66.15414983784476, -7.6356811228854085, 0.0], [-66.1570818228678, -7.636544890234433, 0.0], [-66.15972302469775, -7.63690180957083, 0.0], [-66.16329221626272, -7.636616273921838, 0.0], [-66.16500542835784, -7.636045203523313, 0.0], [-66.1677180138752, -7.635045829201616, 0.0], [-66.16978814530663, -7.633332618005863, 0.0], [-66.1727862655737, -7.630691416175907, 0.0], [-66.17507054896663, -7.627407759360562, 0.0], [-66.1779972855463, -7.622410891349464, 0.0], [-66.17977795219075, -7.618400299034501, 0.0], [-66.18142370973636, -7.6153438928063935, 0.0], [-66.18349384026843, -7.611774701241426, 0.0], [-66.18549258801245, -7.6102756402085205, 0.0], [-66.1880624052558, -7.606278145619839, 0.0], [-66.19041807233614, -7.601566813257733, 0.0], [-66.19148882944587, -7.597712086043863, 0.0], [-66.19191713246968, -7.593928743416679, 0.0], [-66.19163159682068, -7.589645713179095, 0.0], [-66.19056083971095, -7.583863623707167, 0.0], [-66.18913316326483, -7.579223674133274, 0.0], [-66.18899039499074, -7.575297564131191, 0.0], [-66.18949008260122, -7.571371453229915, 0.0], [-66.19077499077318, -7.56887301877477, 0.0], [-66.1924168191808, -7.5664459689063115, 0.0], [-66.19455833429964, -7.564518605748972, 0.0], [-66.19713719962199, -7.562707154411598, 0.0], [-66.20069734310788, -7.562234322356044, 0.0], [-66.20462345400915, -7.562734009966533, 0.0], [-66.20705050477689, -7.5642330701000695, 0.0], [-66.20926340358322, -7.567017039304837, 0.0], [-66.20904925162164, -7.570229311533495, 0.0], [-66.20726465583911, -7.573512968348751, 0.0], [-66.20512314072036, -7.575797250842399, 0.0], [-66.20283885822671, -7.578652603734572, 0.0], [-66.20055457573307, -7.582578714635936, 0.0], [-66.1980561421772, -7.5858623705519115, 0.0], [-66.1969853841681, -7.589645713179095, 0.0], [-66.1964856974569, -7.594428430127888, 0.0], [-66.19584324337096, -7.598925611427777, 0.0], [-66.19634293008208, -7.603280025352856, 0.0], [-66.19712815244227, -7.606849216917823, 0.0], [-66.19834167692682, -7.6102756402085205, 0.0], [-66.20069734310788, -7.612774074663754, 0.0], [-66.20340992952461, -7.613987600047668, 0.0], [-66.20562282743148, -7.614487286758877, 0.0], [-66.2069077365028, -7.614558670446193, 0.0], [-66.20904925162164, -7.6142731347972905, 0.0], [-66.21090523109147, -7.6135592970238655, 0.0], [-66.2129039788355, -7.612631307288943, 0.0], [-66.21461719003126, -7.611132246256126, 0.0], [-66.2174011601354, -7.607563054691159, 0.0], [-66.21982821000385, -7.603993863126192, 0.0], [-66.22225525987231, -7.599639450100483, 0.0], [-66.22503922997645, -7.594999500526413, 0.0], [-66.22853703695463, -7.588860491718265, 0.0], [-66.23239176416851, -7.583578088058264, 0.0], [-66.23631787506987, -7.577581846624838, 0.0], [-66.24045813703337, -7.571228684955823, 0.0], [-66.24317072255073, -7.566588736281123, 0.0], [-66.24602607544298, -7.562734009966533, 0.0], [-66.24873866096036, -7.560663878535102, 0.0], [-66.25216508515051, -7.559593121425369, 0.0], [-66.25516320631687, -7.5598072724875855, 0.0], [-66.25694780209939, -7.5603783428861995, 0.0], [-66.25901793263145, -7.562162938668639, 0.0], [-66.26030284170277, -7.564375837474881, 0.0], [-66.26144498339919, -7.567373958641234, 0.0], [-66.26023145801527, -7.569658241134881, 0.0], [-66.25808994289653, -7.570943150206201, 0.0], [-66.25473490329314, -7.572442210339737, 0.0], [-66.25159401475199, -7.5732274326998485, 0.0], [-66.24916696398415, -7.574369573496988, 0.0], [-66.24638299477938, -7.575583098880902, 0.0], [-66.24460964322046, -7.5780815333360465, 0.0], [-66.2431459938925, -7.580722734266722, 0.0], [-66.24192066490676, -7.584135007624461, 0.0], [-66.24201003413575, -7.587347283450331, 0.0], [-66.24240854801604, -7.590784784590067, 0.0], [-66.24338431333534, -7.59380198847094, 0.0], [-66.2448479626633, -7.595803803802482, 0.0], [-66.2466685304283, -7.597426551294241, 0.0], [-66.24838174252332, -7.598283157341758, 0.0], [-66.25088017607928, -7.59935391445158, 0.0], [-66.25437798395674, -7.599639450100483, 0.0], [-66.25801855920912, -7.597569318669052, 0.0], [-66.26151636708668, -7.595142268800593, 0.0], [-66.26744122483261, -7.591002005937732, 0.0], [-66.2711531837724, -7.588360805007056, 0.0], [-66.2765783548072, -7.585648219489695, 0.0], [-66.28086138504479, -7.5829356339722445, 0.0], [-66.28550133371958, -7.58300701765965, 0.0], [-66.28921329265927, -7.583435320683453, 0.0], [-66.29242556488784, -7.58429192673097, 0.0], [-66.29463846369417, -7.58557683490292, 0.0], [-66.29563783801578, -7.586861743974239, 0.0], [-66.29742243379822, -7.588860491718265, 0.0], [-66.29906426130657, -7.590645087500704, 0.0], [-66.29992086735407, -7.591715844610526, 0.0], [-66.3027762211457, -7.595213652487999, 0.0], [-66.30441804865397, -7.596998248270527, 0.0], [-66.30677371483502, -7.59806900538026, 0.0], [-66.30991460337619, -7.599996368537511, 0.0], [-66.31291272454254, -7.601209893921425, 0.0], [-66.31612499677111, -7.60128127760883, 0.0], [-66.31748128952984, -7.601209893921425, 0.0], [-66.31840927926484, -7.6004246715613135, 0.0], [-66.31919450162486, -7.598425924716569, 0.0], [-66.31983695571088, -7.59664132893413, 0.0], [-66.32019387504728, -7.594785349464285, 0.0], [-66.32119324846961, -7.592001380259429, 0.0], [-66.32226400647872, -7.589502945804284, 0.0], [-66.32333476358845, -7.586933127661645, 0.0], [-66.32476244003449, -7.584934380816989, 0.0], [-66.3258331980436, -7.58300701765965, 0.0], [-66.32697533884082, -7.581936259650636, 0.0], [-66.32797471316243, -7.580794118853497, 0.0], [-66.32904547027216, -7.579509209782177, 0.0], [-66.33083006605469, -7.5780815333360465, 0.0], [-66.33182943947702, -7.576939391639538, 0.0], [-66.33347126788465, -7.575725867154993, 0.0], [-66.335113095393, -7.5736557357235625, 0.0], [-66.33639800446431, -7.571656987979537, 0.0], [-66.33696907576221, -7.569015787048862, 0.0], [-66.3356841666909, -7.567159806679648, 0.0], [-66.33311434854825, -7.5660176658825975, 0.0], [-66.32954515698337, -7.565660746546111, 0.0], [-66.3260473491059, -7.56616043325732, 0.0], [-66.32112186478221, -7.566089049569914, 0.0], [-66.31612499677111, -7.566517352593717, 0.0], [-66.31341241125375, -7.56680288824262, 0.0], [-66.30984321968879, -7.5676594942902256, 0.0], [-66.3060598770616, -7.568801635087365, 0.0], [-66.30042055406528, -7.570372079807587, 0.0], [-66.29570922170318, -7.572299442964926, 0.0], [-66.29114065671588, -7.57337020007466, 0.0], [-66.28778561621314, -7.573941271372554, 0.0], [-66.28357397056224, -7.573869886785779, 0.0], [-66.27879125361345, -7.573798503098374, 0.0], [-66.27386576928976, -7.573084665324949, 0.0], [-66.27123884419728, -7.571771202778756, 0.0], [-66.26946103649756, -7.569604410415177, 0.0], [-66.26915443692765, -7.566231816944725, 0.0], [-66.26965412363886, -7.562805393653939, 0.0], [-66.27074476835632, -7.5611300412184015, 0.0], [-66.27251354326536, -7.560067461644028, 0.0], [-66.27465099164986, -7.559878656174991, 0.0], [-66.27900540557503, -7.560449727472886, 0.0], [-66.28250344637685, -7.5614909184711045, 0.0], [-66.28642932345441, -7.5642330701000695, 0.0], [-66.2909265047543, -7.565446595483895, 0.0], [-66.2955751273902, -7.565827204761678, 0.0], [-66.29927841326806, -7.565803513921011, 0.0], [-66.3016340794492, -7.564375837474881, 0.0], [-66.30341867523164, -7.563305080365147, 0.0], [-66.30498911905258, -7.5620201712938275, 0.0], [-66.30727340244552, -7.5574516063065325, 0.0], [-66.30741616982033, -7.554382101452774, 0.0], [-66.30684509942179, -7.551598132247918, 0.0], [-66.30498911905258, -7.542104082937019, 0.0], [-66.30384697825545, -7.535893689542096, 0.0], [-66.3016340794492, -7.528327003388448, 0.0], [-66.30042055406528, -7.521831075243902, 0.0], [-66.30099162536318, -7.51433577277766, 0.0], [-66.30234791812191, -7.510409661876295, 0.0], [-66.30363282629386, -7.510266894501484, 0.0], [-66.30520327101408, -7.5103382781889785, 0.0], [-66.30627402812391, -7.511551803572804, 0.0], [-66.30884384626646, -7.516120368560099, 0.0], [-66.31162781547123, -7.519903711187283, 0.0], [-66.31448316926286, -7.523758438401153, 0.0], [-66.31926588531228, -7.526542407606009, 0.0], [-66.32440552159747, -7.528612539037439, 0.0], [-66.3301876110693, -7.529469145084956, 0.0], [-66.33389957090846, -7.52939776049827, 0.0], [-66.33704045944961, -7.528255619701042, 0.0], [-66.33911058998167, -7.5260427208948, 0.0], [-66.34089518576421, -7.5231873680026276, 0.0], [-66.34389330693047, -7.517976348030032, 0.0], [-66.34839048823036, -7.514478540152471, 0.0], [-66.35224521544423, -7.512051490284012, 0.0], [-66.35774177016654, -7.510266894501484, 0.0], [-66.36366662791247, -7.509624439516273, 0.0], [-66.36859211223616, -7.509981358852581, 0.0], [-66.37208992011372, -7.51112350054909, 0.0], [-66.37423143433318, -7.513550550417548, 0.0], [-66.37494931905579, -7.516914002279375, 0.0], [-66.37430281891996, -7.519832327499877, 0.0], [-66.37208992011372, -7.524829195510886, 0.0], [-66.36909179894737, -7.529326376810776, 0.0], [-66.36602229409361, -7.53517985086939, 0.0], [-66.36438046658517, -7.539891184130777, 0.0], [-66.36388077897469, -7.543388992008339, 0.0], [-66.3647373850222, -7.548671394769059, 0.0], [-66.36673613276632, -7.55316857606886, 0.0], [-66.36937733459627, -7.557808525642841, 0.0], [-66.37316067722345, -7.561092181558905, 0.0], [-66.37808616154706, -7.564161686412664, 0.0], [-66.3841537866679, -7.566731503655934, 0.0], [-66.3895075740153, -7.568587484025059, 0.0], [-66.39207739215784, -7.570015160471279, 0.0], [-66.39893023963879, -7.571942523628529, 0.0], [-66.4050692493464, -7.573013280738262, 0.0], [-66.40978058170842, -7.571728372566312, 0.0], [-66.4153485210174, -7.570514847182398, 0.0], [-66.4195601666683, -7.56887301877477, 0.0], [-66.42327212560808, -7.567088422992331, 0.0], [-66.4291255996666, -7.565303827209803, 0.0], [-66.4343366196392, -7.565232443522397, 0.0], [-66.44040424565931, -7.565517979171389, 0.0], [-66.44818508287527, -7.5660176658825975, 0.0], [-66.45603730377844, -7.5660176658825975, 0.0], [-66.46010730440857, -7.565857645014219, 0.0], [-66.46574494297468, -7.565626242257263, 0.0], [-66.4685750114276, -7.567664400991227, 0.0], [-66.46876499051189, -7.572141853863425, 0.0], [-66.46936023108978, -7.577315992638901, 0.0], [-66.46962384306585, -7.580840896190345, 0.0], [-66.47231281688298, -7.5844888539773905, 0.0], [-66.47473986765071, -7.586076522513409, 0.0], [-66.47759522054298, -7.586647592912023, 0.0], [-66.48194963446805, -7.586647592912023, 0.0], [-66.48858833088669, -7.586718976599428, 0.0], [-66.4934435511789, -7.588355871326392, 0.0], [-66.49793961282286, -7.590716471188198, 0.0], [-66.50050943006613, -7.594642582089385, 0.0], [-66.50236540953598, -7.598211773654352, 0.0], [-66.50343616754499, -7.603494176415072, 0.0], [-66.50450692465482, -7.60834827705127, 0.0], [-66.50514937964012, -7.610846711506504, 0.0], [-66.50686259083587, -7.614058983735074, 0.0], [-66.50729089385968, -7.617199872276238, 0.0], [-66.5077905805708, -7.621839820950939, 0.0], [-66.50681749702984, -7.624968092903174, 0.0], [-66.50500661136594, -7.627479143947337, 0.0], [-66.50250817781007, -7.6307627998632235, 0.0], [-66.4983679149473, -7.635688284186916, 0.0], [-66.49472733969493, -7.640827919572736, 0.0], [-66.49265720916277, -7.646038939545331, 0.0], [-66.49287136022508, -7.650607504532715, 0.0], [-66.49465595600752, -7.656104059254844, 0.0], [-66.49722577415017, -7.660744008828914, 0.0], [-66.49979559229271, -7.664598735143414, 0.0], [-66.50315063189609, -7.666811633949656, 0.0], [-66.50629152043726, -7.6681679267083815, 0.0], [-66.50986071200222, -7.6681679267083815, 0.0], [-66.51300160054339, -7.667097169598648, 0.0], [-66.51478619632583, -7.665241190128803, 0.0], [-66.51557141868594, -7.6625999882987585, 0.0], [-66.51514311566223, -7.660172937531019, 0.0], [-66.51335851987979, -7.657817271349966, 0.0], [-66.51000347937703, -7.6536056256989795, 0.0], [-66.50679120714847, -7.648251838351573, 0.0], [-66.50457830834222, -7.643040818378978, 0.0], [-66.50536353070234, -7.63882917272808, 0.0], [-66.50629152043726, -7.63611658721063, 0.0], [-66.50793334884489, -7.634331991428191, 0.0], [-66.51028901502603, -7.633832304717071, 0.0], [-66.5137154392161, -7.634046455779199, 0.0], [-66.51735601446846, -7.634617526177902, 0.0], [-66.52135350905715, -7.634831678139399, 0.0], [-66.52456578128572, -7.6341892240533795, 0.0], [-66.52763528613947, -7.632832931294654, 0.0], [-66.52906296258561, -7.630405880526915, 0.0], [-66.52934849733523, -7.627836062384365, 0.0], [-66.52813497285068, -7.623981336069775, 0.0], [-66.52692144746678, -7.616628800978344, 0.0], [-66.52663591181786, -7.613416528749774, 0.0], [-66.5275639015528, -7.610703943232323, 0.0], [-66.52920572996042, -7.607206136254131, 0.0], [-66.53213246743937, -7.603494176415072, 0.0], [-66.53513058770643, -7.600567439835494, 0.0], [-66.53869977927141, -7.59856869209138, 0.0], [-66.5432683442586, -7.598140389067666, 0.0], [-66.54755137449628, -7.597926238005449, 0.0], [-66.55140610081088, -7.5987114603655606, 0.0], [-66.55447560566463, -7.600781590897711, 0.0], [-66.55626020144707, -7.602780338641647, 0.0], [-66.55697404011987, -7.605707075221314, 0.0], [-66.55747372683099, -7.60913349941147, 0.0], [-66.55704542380718, -7.612345771639951, 0.0], [-66.55618881775966, -7.616914336627335, 0.0], [-66.55561774736114, -7.620769063841205, 0.0], [-66.55654573709606, -7.622767810685861, 0.0], [-66.5576878778932, -7.625551779890628, 0.0], [-66.56161398879456, -7.630976950925529, 0.0], [-66.5678957658769, -7.6371159606330465, 0.0], [-66.5726784828257, -7.641898677581839, 0.0], [-66.57460584598294, -7.644968181536317, 0.0], [-66.57781811821151, -7.646681393631351, 0.0], [-66.58110177412757, -7.6475379996788675, 0.0], [-66.58452819831764, -7.647252464929245, 0.0], [-66.58802600619521, -7.645967555857926, 0.0], [-66.59066720802515, -7.643826040739178, 0.0], [-66.5929514905188, -7.641827293894433, 0.0], [-66.59495023736355, -7.6394716268141, 0.0], [-66.59816250959211, -7.634546142490407, 0.0], [-66.60101786338366, -7.629834810128301, 0.0], [-66.60351629693953, -7.624909325804698, 0.0], [-66.60658580179329, -7.620626295567025, 0.0], [-66.60972669033445, -7.616557417290938, 0.0], [-66.61358141754832, -7.614344518484696, 0.0], [-66.61643677044059, -7.614415903071382, 0.0], [-66.61893520489572, -7.6153438928063935, 0.0], [-66.62050564871667, -7.617057104002146, 0.0], [-66.62050564871667, -7.61941277108248, 0.0], [-66.61957765898174, -7.621839820950939, 0.0], [-66.61786444688671, -7.623410265671161, 0.0], [-66.61579431635457, -7.6242668708193975, 0.0], [-66.61301034625042, -7.62583731553962, 0.0], [-66.61001222598335, -7.6276932950095535, 0.0], [-66.60851316495054, -7.629192355143001, 0.0], [-66.6076565598024, -7.630976950925529, 0.0], [-66.60687133744219, -7.633546769068079, 0.0], [-66.60615749876948, -7.636544890234433, 0.0], [-66.60679995375487, -7.640256849174211, 0.0], [-66.6077279434897, -7.642184212331461, 0.0], [-66.60958392295964, -7.643112202066472, 0.0], [-66.61215374110228, -7.644040191801395, 0.0], [-66.61829274991042, -7.64539648456012, 0.0], [-66.62321823423403, -7.646467242569134, 0.0], [-66.62714434513539, -7.64860875768797, 0.0], [-66.63164152643529, -7.652820403338957, 0.0], [-66.63342612221773, -7.655604372543724, 0.0], [-66.63378304155403, -7.659030796733791, 0.0], [-66.63321400452267, -7.661626893066632, 0.0], [-66.63114183972408, -7.6648128871050005, 0.0], [-66.62621635540047, -7.66659748288744, 0.0], [-66.61922073964534, -7.668382078669968, 0.0], [-66.61301034625042, -7.670023906178315, 0.0], [-66.60887008428693, -7.6721654212971515, 0.0], [-66.60465843863604, -7.67509215787673, 0.0], [-66.60308799391572, -7.6777333597067745, 0.0], [-66.6031593785025, -7.681445319545745, 0.0], [-66.60480120601076, -7.684015136789103, 0.0], [-66.6073710241534, -7.685799732571542, 0.0], [-66.61051191269456, -7.685728348884137, 0.0], [-66.61243927585181, -7.685228662172928, 0.0], [-66.61400972057213, -7.684300672438006, 0.0], [-66.61622261937836, -7.6815880869206445, 0.0], [-66.61893520489572, -7.678732734028383, 0.0], [-66.62186194147539, -7.676448450635455, 0.0], [-66.62550251672776, -7.674878006814513, 0.0], [-66.62914309198014, -7.673664481430688, 0.0], [-66.63349750590513, -7.673878633392185, 0.0], [-66.63613870773517, -7.674521087478205, 0.0], [-66.63970789930005, -7.6759487639242465, 0.0], [-66.64270601956713, -7.677876127980866, 0.0], [-66.64584690810828, -7.681088400209436, 0.0], [-66.64820257518862, -7.685085894798117, 0.0], [-66.64870226189983, -7.687512944666576, 0.0], [-66.64913056492364, -7.690154146496621, 0.0], [-66.64963025163475, -7.693437802412596, 0.0], [-66.65077239243189, -7.697506680688683, 0.0], [-66.65327082688712, -7.703360154747298, 0.0], [-66.65626894805348, -7.708499791032487, 0.0], [-66.65948122028205, -7.709927467478618, 0.0], [-66.66376424962036, -7.710355770502332, 0.0], [-66.66797589617062, -7.708713942094704, 0.0], [-66.66990325932787, -7.707857336047187, 0.0], [-66.67054571341389, -7.706715195250048, 0.0], [-66.67104540102437, -7.705644437240945, 0.0], [-66.6712595520866, -7.703431539333984, 0.0], [-66.67118816839918, -7.700647569229847, 0.0], [-66.66990325932787, -7.696721459227852, 0.0], [-66.66983187564055, -7.693152267662974, 0.0], [-66.67033156235168, -7.690511065833018, 0.0], [-66.67040294603908, -7.687084641642862, 0.0], [-66.67058726029379, -7.683361066160245, 0.0], [-66.6714737031488, -7.680755275135777, 0.0], [-66.67213995239685, -7.676710192021709, 0.0], [-66.67309173729379, -7.674283141253881, 0.0], [-66.67371039711708, -7.671332609512284, 0.0], [-66.6743766463651, -7.668286899820544, 0.0], [-66.67499530618839, -7.666050206751564, 0.0], [-66.67509048413845, -7.663623155983824, 0.0], [-66.67585019273217, -7.660242758196624, 0.0], [-66.6763278037851, -7.6592925372207645, 0.0], [-66.67732717720743, -7.658007628149445, 0.0], [-66.67894521135231, -7.657388968326163, 0.0], [-66.68084878024692, -7.6569606653023605, 0.0], [-66.68285902402467, -7.65713695760445, 0.0], [-66.68637099442583, -7.657613157621114, 0.0], [-66.68912961623876, -7.658603839095836, 0.0], [-66.69287930803361, -7.661560326148077, 0.0], [-66.69522640187688, -7.665712876448051, 0.0], [-66.69612912965555, -7.671129245818044, 0.0], [-66.69685131223817, -7.676996979526919, 0.0], [-66.69856649564726, -7.680517619392603, 0.0], [-66.70100386253814, -7.684218805353517, 0.0], [-66.70506613979042, -7.687197808731895, 0.0], [-66.70957978048247, -7.6918017233708404, 0.0], [-66.71291987515202, -7.696676455354069, 0.0], [-66.72041252012164, -7.706064829827998, 0.0], [-66.72826625548325, -7.713286655654596, 0.0], [-66.73530753611381, -7.716987841615509, 0.0], [-66.7420779985008, -7.719605753702531, 0.0], [-66.74577918446172, -7.720598754528808, 0.0], [-66.74884845998834, -7.720418209332859, 0.0], [-66.75164691817068, -7.719786298898569, 0.0], [-66.75417455721, -7.718341933733232, 0.0], [-66.75625083191035, -7.716536477276538, 0.0], [-66.75850765270602, -7.713467201749914, 0.0], [-66.7614866560843, -7.708682741914931, 0.0], [-66.76383374992758, -7.703446917740976, 0.0], [-66.7657294785326, -7.697398637936782, 0.0], [-66.7663613889669, -7.691891995519175, 0.0], [-66.76655321975522, -7.680969618652934, 0.0], [-66.7655956306338, -7.673108721090539, 0.0], [-66.7656392063842, -7.670407063235331, 0.0], [-66.76554893333658, -7.66462960257407, 0.0], [-66.76672248025825, -7.659574324495434, 0.0], [-66.76843766366724, -7.657407775848103, 0.0], [-66.7705139383675, -7.656595321117145, 0.0], [-66.7723193948242, -7.656505048069441, 0.0], [-66.77406497531831, -7.657327905258583, 0.0], [-66.77854821982443, -7.658671595817491, 0.0], [-66.78224940578544, -7.659845142739087, 0.0], [-66.78622140999009, -7.660477052274096, 0.0], [-66.79217941674666, -7.660477052274096, 0.0], [-66.79696387658156, -7.659393778400116, 0.0], [-66.80093588078621, -7.657949413234778, 0.0], [-66.80472733979484, -7.656505048069441, 0.0], [-66.80851879880355, -7.655692592439113, 0.0], [-66.81339353078677, -7.655241228100142, 0.0], [-66.81700444459935, -7.655782865486817, 0.0], [-66.81899044625199, -7.657949413234778, 0.0], [-66.81998344707836, -7.661921417439434, 0.0], [-66.82224026787402, -7.6663447859830605, 0.0], [-66.82476790691334, -7.668691879826341, 0.0], [-66.82711500075662, -7.670045971943974, 0.0], [-66.82973291284364, -7.670407063235331, 0.0], [-66.83271191622194, -7.670316790187627, 0.0], [-66.83596173784387, -7.669504334557388, 0.0], [-66.83975319685258, -7.668511333731022, 0.0], [-66.84137810721379, -7.668059969391962, 0.0], [-66.8439057462531, -7.668240515487369, 0.0], [-66.8452598392701, -7.66932378936135, 0.0], [-66.84616256704876, -7.6714903371093115, 0.0], [-66.8464333852925, -7.674559613535305, 0.0], [-66.8476069322141, -7.680246801148861, 0.0], [-66.84959293476602, -7.685211807079252, 0.0], [-66.85194002771003, -7.689725447771124, 0.0], [-66.8549190310884, -7.6927947241971175, 0.0], [-66.86042567350601, -7.695683454527703, 0.0], [-66.86593231592362, -7.698662457906082, 0.0], [-66.8719805957278, -7.700738732606428, 0.0], [-66.87559150864111, -7.701099823897696, 0.0], [-66.87802887463282, -7.700197096119034, 0.0], [-66.8810078780111, -7.698662457906082, 0.0], [-66.88371606314574, -7.697127819693129, 0.0], [-66.88497988221576, -7.694870998897464, 0.0], [-66.88470906397211, -7.6927947241971175, 0.0], [-66.88380633529407, -7.690176812110185, 0.0], [-66.88127869625484, -7.687107536583472, 0.0], [-66.87784832943677, -7.683767441913826, 0.0], [-66.8743276886719, -7.681059256779278, 0.0], [-66.8725222322152, -7.6783510716446415, 0.0], [-66.87143895834123, -7.675281796117929, 0.0], [-66.87161950443654, -7.6714903371093115, 0.0], [-66.8738763252322, -7.667698878100694, 0.0], [-66.87622341817612, -7.6661642407870225, 0.0], [-66.87938296764982, -7.6655323303527325, 0.0], [-66.88154951539778, -7.666886423369736, 0.0], [-66.88276994038036, -7.670876327680322, 0.0], [-66.88443824572836, -7.674920704826572, 0.0], [-66.88786861254643, -7.68151062111825, 0.0], [-66.89202116284632, -7.685031260983845, 0.0], [-66.89707644092495, -7.686656172244501, 0.0], [-66.90294417463392, -7.68728808177951, 0.0], [-66.90989518221686, -7.68728808177951, 0.0], [-66.91612400721709, -7.687017263535857, 0.0], [-66.92090846705207, -7.687558900023163, 0.0], [-66.92406801652568, -7.686656172244501, 0.0], [-66.92596374602999, -7.68557289837052, 0.0], [-66.92794974768263, -7.6843090784012205, 0.0], [-66.93065793281737, -7.682503621944527, 0.0], [-66.93408829963525, -7.679344073370288, 0.0], [-66.93851166817888, -7.675372068266352, 0.0], [-66.94275449152647, -7.672844429226945, 0.0], [-66.94717786007018, -7.671219518865659, 0.0], [-66.95304559377915, -7.6706778814789836, 0.0], [-66.9581008718577, -7.67103897277034, 0.0], [-66.96225683868207, -7.671654193586143, 0.0], [-66.9653226976843, -7.67338606661362, 0.0], [-66.96992661232323, -7.676726161283266, 0.0], [-66.97326670699289, -7.680427347244269, 0.0], [-66.97462079911053, -7.683767441913826, 0.0], [-66.9745305260629, -7.68728808177951, 0.0], [-66.97335697914122, -7.6894546295274715, 0.0], [-66.97155152268462, -7.6918017233708404, 0.0], [-66.96974606622793, -7.69432936241007, 0.0], [-66.96794060977132, -7.696586183205735, 0.0], [-66.96595460811868, -7.6995651865840244, 0.0], [-66.96318361073503, -7.7041944324270375, 0.0], [-66.9618923308664, -7.7072383767495936, 0.0], [-66.9599063283143, -7.71572402164621, 0.0], [-66.96080905699233, -7.720689027576512, 0.0], [-66.962343694306, -7.725473487411495, 0.0], [-66.96451024205396, -7.729896855955033, 0.0], [-66.9666767907013, -7.732243948899033, 0.0], [-66.97059596962829, -7.733749391521151, 0.0], [-66.97353752523654, -7.733417495820717, 0.0], [-66.97741925639357, -7.731612039364023, 0.0], [-66.98166207974117, -7.7287233090334375, 0.0], [-66.98734926735482, -7.7233972127111485, 0.0], [-66.99276563672471, -7.720779300624216, 0.0], [-66.99736955136366, -7.718973844167522, 0.0], [-67.00079991908102, -7.719876571946184, 0.0], [-67.00179291990729, -7.722313938837168, 0.0], [-67.00197346510323, -7.72556376045911, 0.0], [-67.00197346510323, -7.728452490789785, 0.0], [-67.00134155556823, -7.731973130655469, 0.0], [-67.00079991908102, -7.736306226151392, 0.0], [-66.99899446172495, -7.7395560486727035, 0.0], [-66.99565436795467, -7.743889144168627, 0.0], [-66.99105045331572, -7.74695841969525, 0.0], [-66.98635626652845, -7.749395786586234, 0.0], [-66.98166207974117, -7.750749878703957, 0.0], [-66.97660680076316, -7.751472061286581, 0.0], [-66.97362779828424, -7.752916426451829, 0.0], [-66.97191261397589, -7.75508297419988, 0.0], [-66.97128070444087, -7.757791159334516, 0.0], [-66.97290561570153, -7.7625756191695, 0.0], [-66.97471107215823, -7.7661865320827985, 0.0], [-66.97859280331518, -7.772866721422002, 0.0], [-66.98202317103252, -7.777741453405319, 0.0], [-66.98680763086742, -7.779998274200896, 0.0], [-66.99168236285074, -7.779546910761294, 0.0], [-66.99502245752038, -7.778553909035647, 0.0], [-66.99863337043368, -7.777199816918014, 0.0], [-67.0018831929549, -7.775665178704973, 0.0], [-67.00459137719027, -7.775123542217667, 0.0], [-67.00865365444263, -7.774672177878607, 0.0], [-67.0121742952075, -7.773769449200664, 0.0], [-67.01425056990784, -7.7721445388393775, 0.0], [-67.01632684460819, -7.769436353704652, 0.0], [-67.01894475669512, -7.764832439965076, 0.0], [-67.02084048619943, -7.760770162712806, 0.0], [-67.02264594265613, -7.757700886286813, 0.0], [-67.02535412779068, -7.755805156782504, 0.0], [-67.02743040249102, -7.7541802464212175, 0.0], [-67.03122186149963, -7.75273588125588, 0.0], [-67.03654795782192, -7.750659605656253, 0.0], [-67.04160323590057, -7.749847150025925, 0.0], [-67.04530442186156, -7.749756877877591, 0.0], [-67.04778520082631, -7.750962773413196, 0.0], [-67.04990833650051, -7.752555335160562, 0.0], [-67.05126242861814, -7.754902429003842, 0.0], [-67.05189433815315, -7.757791159334516, 0.0], [-67.05270679378349, -7.761402072247815, 0.0], [-67.05360952246143, -7.764110257382452, 0.0], [-67.0558663423578, -7.770519627578722, 0.0], [-67.05849399769974, -7.780417344784642, 0.0], [-67.05902589183141, -7.781984276752908, 0.0], [-67.0589356187837, -7.78631737224892, 0.0], [-67.05759086522623, -7.78945513114936, 0.0], [-67.05550525106645, -7.792004560761846, 0.0], [-67.05261652073578, -7.793448925927095, 0.0], [-67.0473806974612, -7.79507383628847, 0.0], [-67.04322814716122, -7.796247383210154, 0.0], [-67.03907559686124, -7.798413930958116, 0.0], [-67.03600632133463, -7.800670751753692, 0.0], [-67.03438141007396, -7.8047330290060515, 0.0], [-67.03293704490862, -7.808163395824032, 0.0], [-67.03338840924769, -7.811503490493678, 0.0], [-67.03618686653057, -7.81538522254991, 0.0], [-67.04033941683063, -7.818454498076534, 0.0], [-67.04476278537417, -7.8208918649676065, 0.0], [-67.05035969994012, -7.821614047550231, 0.0], [-67.05397061375278, -7.821072410163556, 0.0], [-67.05631770669677, -7.819808591093537, 0.0], [-67.05749125361847, -7.818093406785266, 0.0], [-67.05857452749235, -7.815656040793652, 0.0], [-67.05965780136643, -7.812947855659015, 0.0], [-67.06001889265778, -7.810781307910965, 0.0], [-67.06110216653177, -7.8065384854626565, 0.0], [-67.06182434911439, -7.802927572549358, 0.0], [-67.06335898732733, -7.79850420400582, 0.0], [-67.0648936255403, -7.7946224719494985, 0.0], [-67.06733099153199, -7.791553196422875, 0.0], [-67.07067108620164, -7.788574193044585, 0.0], [-67.07392090782358, -7.786678463540188, 0.0], [-67.07735127554085, -7.78631737224892, 0.0], [-67.08087191540653, -7.786407645296535, 0.0], [-67.08421201007617, -7.787220100926863, 0.0], [-67.0872399626541, -7.789002120151668, 0.0], [-67.08962837944617, -7.7920948329101805, 0.0], [-67.09035056202879, -7.795705745823479, 0.0], [-67.09134356375444, -7.798323657910412, 0.0], [-67.09405174798971, -7.801212388241087, 0.0], [-67.09603775054171, -7.805274665493357, 0.0], [-67.09612802358933, -7.807170394997666, 0.0], [-67.09549611315504, -7.809427215793331, 0.0], [-67.09396147584137, -7.811232672249936, 0.0], [-67.09068464757833, -7.814018510245958, 0.0], [-67.08917701600639, -7.814933858210939, 0.0], [-67.08719101345446, -7.8178225885415245, 0.0], [-67.08773265084113, -7.821162683211259, 0.0], [-67.08953810729774, -7.825586051754797, 0.0], [-67.09332956540707, -7.830280238542077, 0.0], [-67.09793348004602, -7.836960427881458, 0.0], [-67.10280821202934, -7.840932432086024, 0.0], [-67.10705103537693, -7.844453072850989, 0.0], [-67.11210631345557, -7.847973712716584, 0.0], [-67.11484804689975, -7.85074268752496, 0.0], [-67.11824486540819, -7.852577626456249, 0.0], [-67.12113359573877, -7.851945716921239, 0.0], [-67.12293905309484, -7.849688896125574, 0.0], [-67.12320987133849, -7.847432075329909, 0.0], [-67.12221687051212, -7.84382116241661, 0.0], [-67.11977950362113, -7.839397793873072, 0.0], [-67.11761295587317, -7.834884153181022, 0.0], [-67.11607831766023, -7.830821875928752, 0.0], [-67.1152658620298, -7.825947143046154, 0.0], [-67.11544640812521, -7.82242650318047, 0.0], [-67.11680050024285, -7.819086408510913, 0.0], [-67.12086277749512, -7.818183679832881, 0.0], [-67.1256472373301, -7.818905862415594, 0.0], [-67.12943869633872, -7.821704320597846, 0.0], [-67.13241769971701, -7.825134687415826, 0.0], [-67.134132883126, -7.829106691620481, 0.0], [-67.13395233792995, -7.832898150629099, 0.0], [-67.13106360670001, -7.837592337416378, 0.0], [-67.12934842329102, -7.841835160763967, 0.0], [-67.12799433117338, -7.8458071649686225, 0.0], [-67.13097333455167, -7.852938717747605, 0.0], [-67.13368151878703, -7.854383083812223, 0.0], [-67.13675079521302, -7.855195538543271, 0.0], [-67.14189634633927, -7.854834447251914, 0.0], [-67.1468613513702, -7.855014993347233, 0.0], [-67.15218744859186, -7.856820449803838, 0.0], [-67.15462481458347, -7.86052163576484, 0.0], [-67.15796490925312, -7.868194825930409, 0.0], [-67.15769409100947, -7.874333377883026, 0.0], [-67.15697190842675, -7.879478929009366, 0.0], [-67.15381235895315, -7.882819023678923, 0.0], [-67.15002090084381, -7.884443934939579, 0.0], [-67.14740298875688, -7.8840828436483115, 0.0], [-67.1450558949136, -7.882819023678923, 0.0], [-67.14180607329156, -7.878756746426653, 0.0], [-67.139549252496, -7.8750555604656505, 0.0], [-67.13557724829134, -7.870903010165765, 0.0], [-67.13160524408669, -7.868285098978113, 0.0], [-67.12817487636941, -7.868104552882794, 0.0], [-67.12573751037772, -7.870090555434718, 0.0], [-67.12537641908645, -7.872979285765393, 0.0], [-67.12582778342542, -7.874875015269701, 0.0], [-67.12736242073909, -7.876770743874641, 0.0], [-67.12970951458237, -7.880471929835643, 0.0], [-67.13178578928272, -7.883992570600608, 0.0], [-67.13332042749568, -7.888145120001212, 0.0], [-67.13350097359098, -7.892117125105148, 0.0], [-67.13332042749568, -7.895728038018447, 0.0], [-67.13395233792995, -7.89942922397945, 0.0], [-67.1359383395827, -7.9032206820887865, 0.0], [-67.13927843425225, -7.905116411593095, 0.0], [-67.14225743763053, -7.905116411593095, 0.0], [-67.14613916878758, -7.904303955962767, 0.0], [-67.14965980955255, -7.901956863018768, 0.0], [-67.1535415407095, -7.899158404836427, 0.0], [-67.1572427266705, -7.896269674505842, 0.0], [-67.16148554911881, -7.893200398979129, 0.0], [-67.16428400730106, -7.891846305962215, 0.0], [-67.16672137329267, -7.892749034640158, 0.0], [-67.16735328282768, -7.894373945001533, 0.0], [-67.16681164634038, -7.89645022060116, 0.0], [-67.16500618988377, -7.898887586592863, 0.0], [-67.16175636826173, -7.900602770901134, 0.0], [-67.1590481831271, -7.90285959079743, 0.0], [-67.15688163537914, -7.905567775932067, 0.0], [-67.15399290504847, -7.90863705235806, 0.0], [-67.15146526600915, -7.911796600932387, 0.0], [-67.14975008170087, -7.915136695601944, 0.0], [-67.14929871826119, -7.918747608515243, 0.0], [-67.1499306277962, -7.921997430137274, 0.0], [-67.15182635730051, -7.923532068350227, 0.0], [-67.15462481458347, -7.923983432689198, 0.0], [-67.15733299971811, -7.923080704011255, 0.0], [-67.16049254829244, -7.921365520602265, 0.0], [-67.16292991518343, -7.920643338019641, 0.0], [-67.16536728117504, -7.920191973680581, 0.0], [-67.16744355587538, -7.919018426758985, 0.0], [-67.16870737584469, -7.918115698980234, 0.0], [-67.17015174101002, -7.91612969642831, 0.0], [-67.17105446878868, -7.914504786066935, 0.0], [-67.17168637922298, -7.91161605483698, 0.0], [-67.17367238087562, -7.9089981436493275, 0.0], [-67.17556811037993, -7.906289958514691, 0.0], [-67.17782493117559, -7.902949863845134, 0.0], [-67.18116502584523, -7.899790315270806, 0.0], [-67.18468566571083, -7.896901584940132, 0.0], [-67.18965067164113, -7.894644764144555, 0.0], [-67.19389349408944, -7.894283672853199, 0.0], [-67.19750440700274, -7.8945544910968515, 0.0], [-67.20174723035034, -7.896089129309804, 0.0], [-67.20535814326362, -7.899609769175488, 0.0], [-67.21014260309862, -7.905928867223423, 0.0], [-67.21248969604261, -7.90990087142799, 0.0], [-67.2163500026505, -7.914190694245139, 0.0], [-67.22016288710746, -7.91739351639761, 0.0], [-67.22196834356416, -7.919740609341609, 0.0], [-67.22142670617748, -7.922087703184889, 0.0], [-67.22007261405984, -7.924976433515564, 0.0], [-67.2185379758469, -7.929399802059191, 0.0], [-67.2190796123342, -7.933281533216142, 0.0], [-67.2203434323035, -7.9371632652724635, 0.0], [-67.22386407216909, -7.942669907690071, 0.0], [-67.22819716856448, -7.946551638847023, 0.0], [-67.23207889972143, -7.94799600401236, 0.0], [-67.23632172216965, -7.9494403691776085, 0.0], [-67.23957154469096, -7.950704189146997, 0.0], [-67.24092563680868, -7.952780463847255, 0.0], [-67.24092563680868, -7.955578922029595, 0.0], [-67.23921045339969, -7.958648197556219, 0.0], [-67.23659254131267, -7.96081474530418, 0.0], [-67.23207889972143, -7.962168838321183, 0.0], [-67.22837771376042, -7.964064567825492, 0.0], [-67.2234127087295, -7.967675480738791, 0.0], [-67.2203434323035, -7.97065448411708, 0.0], [-67.21790606631188, -7.973633486596089, 0.0], [-67.21619088200353, -7.976070853487073, 0.0], [-67.21176751345999, -7.9835634975573235, 0.0], [-67.20978151180735, -7.989882595605259, 0.0], [-67.2095106935636, -7.995930875409542, 0.0], [-67.21194805955521, -7.997646058818532, 0.0], [-67.21465624468985, -7.998729332692513, 0.0], [-67.2186282488945, -7.998548786597194, 0.0], [-67.22332243568188, -7.997104421431857, 0.0], [-67.2276555311778, -7.994125418952848, 0.0], [-67.23343299183907, -7.98925068607025, 0.0], [-67.2362314500214, -7.987084138322288, 0.0], [-67.23875908906072, -7.98627168269196, 0.0], [-67.24200891068257, -7.986993865274584, 0.0], [-67.24327273065197, -7.98861877653524, 0.0], [-67.24363382194323, -7.990424232991934, 0.0], [-67.24270755171213, -7.99285198702956, 0.0], [-67.24038399942201, -7.995660056266519, 0.0], [-67.23902990730429, -7.999270970079188, 0.0], [-67.23839799776937, -8.00315270123614, 0.0], [-67.23912018035199, -8.008749616701362, 0.0], [-67.24166327334133, -8.01171770500805, 0.0], [-67.24480736796563, -8.016603352062969, 0.0], [-67.24968210084823, -8.022290540575984, 0.0], [-67.25230001293525, -8.028248547332563, 0.0], [-67.25311246856549, -8.034116281041438, 0.0], [-67.25293192247027, -8.04016455994644, 0.0], [-67.2510741830271, -8.043963558871127, 0.0], [-67.24814746263527, -8.045310111072691, 0.0], [-67.24616146098255, -8.043594927663701, 0.0], [-67.24549551210819, -8.04051131874234, 0.0], [-67.24399491323467, -8.036914738324498, 0.0], [-67.2416478193913, -8.033935734946208, 0.0], [-67.23704390475235, -8.0296929124979, 0.0], [-67.23334271969073, -8.027797182993503, 0.0], [-67.22846798680804, -8.025359816102608, 0.0], [-67.22476680084712, -8.024457088323945, 0.0], [-67.22146596967873, -8.023980559155465, 0.0], [-67.21808661150793, -8.024908452662917, 0.0], [-67.21528815422487, -8.026443089976588, 0.0], [-67.21411460730327, -8.027797182993503, 0.0], [-67.2131216064769, -8.030054003789168, 0.0], [-67.21230915084658, -8.031678914150543, 0.0], [-67.21167724131156, -8.033664916702467, 0.0], [-67.21176751345999, -8.037456374811804, 0.0], [-67.21339242472064, -8.041157560772806, 0.0], [-67.21573951856392, -8.044317110246325, 0.0], [-67.21898934018587, -8.047296113624704, 0.0], [-67.22232943485551, -8.050726480442684, 0.0], [-67.22684307554748, -8.054247121207649, 0.0], [-67.23216917276913, -8.057767761073244, 0.0], [-67.23830772472166, -8.06110785574289, 0.0], [-67.24381436713927, -8.064177132168883, 0.0], [-67.24850855392654, -8.067607498986863, 0.0], [-67.25383465114821, -8.072933596208433, 0.0], [-67.2597926570055, -8.079252693357088, 0.0], [-67.26277166038379, -8.083405243656973, 0.0], [-67.26385493425778, -8.086745338326619, 0.0], [-67.26376466210944, -8.089092432169899, 0.0], [-67.26304247952673, -8.090717342531274, 0.0], [-67.26159811436148, -8.091529798161602, 0.0], [-67.25961211180946, -8.09171034425692, 0.0], [-67.25645256323514, -8.09125897991795, 0.0], [-67.25365410505289, -8.091529798161602, 0.0], [-67.25148755730484, -8.092161707696611, 0.0], [-67.24995291909188, -8.093515800713615, 0.0], [-67.24877937306957, -8.095862893657525, 0.0], [-67.2490345503042, -8.098157048908629, 0.0], [-67.25220973988755, -8.102633356044521, 0.0], [-67.25428601458789, -8.108862181044842, 0.0], [-67.25428601458789, -8.114278550414745, 0.0], [-67.25383465114821, -8.123396105745652, 0.0], [-67.25329301376154, -8.130798477667568, 0.0], [-67.25509847021813, -8.136666211376532, 0.0], [-67.25961211180946, -8.144068583298449, 0.0], [-67.2647576629358, -8.150387681346384, 0.0], [-67.26864171164557, -8.153871964319638, 0.0], [-67.27622231211, -8.157519234125278, 0.0], [-67.28497877614954, -8.1614009661816, 0.0], [-67.29499906015839, -8.164470241708223, 0.0], [-67.30249170422873, -8.167810336377869, 0.0], [-67.3052901615117, -8.17042824846489, 0.0], [-67.30817889274165, -8.17467107091311, 0.0], [-67.30890107532437, -8.178191711678075, 0.0], [-67.3078178014503, -8.180538804622074, 0.0], [-67.30519988936337, -8.181170715056364, 0.0], [-67.30149870340236, -8.180358259426125, 0.0], [-67.29915160955909, -8.178913894260788, 0.0], [-67.29499906015839, -8.176295982173766, 0.0], [-67.29084650985851, -8.172594796212852, 0.0], [-67.28669395955853, -8.168983883299553, 0.0], [-67.28236086406261, -8.166456244260235, 0.0], [-67.27947213373193, -8.166365971212532, 0.0], [-67.27694449469261, -8.167268699890563, 0.0], [-67.27527939902505, -8.169922837568823, 0.0], [-67.273153035684, -8.173678070086833, 0.0], [-67.2719794887624, -8.17810143863046, 0.0], [-67.2701740323057, -8.183517808000364, 0.0], [-67.27053512359707, -8.186135720087385, 0.0], [-67.2719794887624, -8.188843905222022, 0.0], [-67.27459740084933, -8.190649361678627, 0.0], [-67.27775695032294, -8.192364545087617, 0.0], [-67.28163868147989, -8.194621365883282, 0.0], [-67.28299277359761, -8.19669764058354, 0.0], [-67.28434686661453, -8.199766917009622, 0.0], [-67.28452741181057, -8.203648648166485, 0.0], [-67.28615232307122, -8.20653737939644, 0.0], [-67.28867996211055, -8.20870392714449, 0.0], [-67.29102705505446, -8.209877473166806, 0.0], [-67.29292278455885, -8.20996774621451, 0.0], [-67.29481851406317, -8.209696927970768, 0.0], [-67.29824888178042, -8.207891471514163, 0.0], [-67.30104733906339, -8.20653737939644, 0.0], [-67.30492907022044, -8.205363832474845, 0.0], [-67.30853998403302, -8.205544377670794, 0.0], [-67.31097735002463, -8.206266560253507, 0.0], [-67.31675481068598, -8.20825256280543, 0.0], [-67.32377893944648, -8.211610009894045, 0.0], [-67.32704591293847, -8.213217567836452, 0.0], [-67.33246228230838, -8.216016026018703, 0.0], [-67.33580237697802, -8.218904756349378, 0.0], [-67.339954927278, -8.222244851019024, 0.0], [-67.3404965637654, -8.224050307475629, 0.0], [-67.33959383598673, -8.226487673467332, 0.0], [-67.33751756128639, -8.227661220388928, 0.0], [-67.3345385579081, -8.229105585554265, 0.0], [-67.33128873628615, -8.230549950719602, 0.0], [-67.32821945986016, -8.232174861980258, 0.0], [-67.32671924499707, -8.234359153352212, 0.0], [-67.3258723660168, -8.237410685254844, 0.0], [-67.3258723660168, -8.240660506876875, 0.0], [-67.32632373035585, -8.245174148468116, 0.0], [-67.32767782247349, -8.251764064759794, 0.0], [-67.32812918681246, -8.258173435855344, 0.0], [-67.32858055115143, -8.263228713933891, 0.0], [-67.33119846323845, -8.266749353799575, 0.0], [-67.33544128568676, -8.26918672069056, 0.0], [-67.34022574552175, -8.272526815360205, 0.0], [-67.34311447585233, -8.275866910029851, 0.0], [-67.34519075145195, -8.281012460256733, 0.0], [-67.34491993230903, -8.284352554926468, 0.0], [-67.34374638628671, -8.288505105226353, 0.0], [-67.34103820115199, -8.293289565061336, 0.0], [-67.33887165340403, -8.298976753574262, 0.0], [-67.33805919777369, -8.302768211683599, 0.0], [-67.33805919777369, -8.306920761983484, 0.0], [-67.3400452003257, -8.31026085665313, 0.0], [-67.34311447585233, -8.311885767014505, 0.0], [-67.34591293403467, -8.312517677448795, 0.0], [-67.34807948178263, -8.312246858305773, 0.0], [-67.3508779390656, -8.310802493140525, 0.0], [-67.35340557810493, -8.308635945392474, 0.0], [-67.35891222052253, -8.305205578574583, 0.0], [-67.36270367953115, -8.303129302974956, 0.0], [-67.36577295595706, -8.302587666487561, 0.0], [-67.37173096181444, -8.303039029927252, 0.0], [-67.37552242082306, -8.303580667313927, 0.0], [-67.37913333373635, -8.30493475943156, 0.0], [-67.38111933628828, -8.30683048893587, 0.0], [-67.38211233711465, -8.308726218440178, 0.0], [-67.38202206406694, -8.310351129700834, 0.0], [-67.38066797194931, -8.311434403574815, 0.0], [-67.37759869552332, -8.311885767014505, 0.0], [-67.37498078343638, -8.312337131353477, 0.0], [-67.37136987052308, -8.312878768740152, 0.0], [-67.36884223148377, -8.314142587810082, 0.0], [-67.36694650197946, -8.316850772944719, 0.0], [-67.36622431939684, -8.319197865888718, 0.0], [-67.3661340472485, -8.32289905184972, 0.0], [-67.36649513853976, -8.326148873471752, 0.0], [-67.36748813936613, -8.329759787284331, 0.0], [-67.3697449601618, -8.33291933585857, 0.0], [-67.37082823403577, -8.335898339236948, 0.0], [-67.37127959837474, -8.340321707780575, 0.0], [-67.37055741579204, -8.344654803276498, 0.0], [-67.36866168628772, -8.34727271536352, 0.0], [-67.36351613516148, -8.348987898772421, 0.0], [-67.35802748188276, -8.351485075076116, 0.0], [-67.35364865586071, -8.355816651617122, 0.0], [-67.35042657472663, -8.362619095694658, 0.0], [-67.34591293403467, -8.369570103277603, 0.0], [-67.34157983853866, -8.373722653577577, 0.0], [-67.33724674214336, -8.376430837812844, 0.0], [-67.33291364664744, -8.379229295995184, 0.0], [-67.32912218763883, -8.382388844569423, 0.0], [-67.32686536774244, -8.386270576625744, 0.0], [-67.32731673118222, -8.38961067039602, 0.0], [-67.32840000505611, -8.39475622152236, 0.0], [-67.33074709889948, -8.397825497948265, 0.0], [-67.33399692052143, -8.3999017726487, 0.0], [-67.33679537870367, -8.400623955231325, 0.0], [-67.34076738290842, -8.400623955231325, 0.0], [-67.34464911406528, -8.399721227452662, 0.0], [-67.34753784439596, -8.398186589239621, 0.0], [-67.34862111826993, -8.395749223248007, 0.0], [-67.34862111826993, -8.392770219869718, 0.0], [-67.34771839049128, -8.38852739652204, 0.0], [-67.34699620790856, -8.384104027978502, 0.0], [-67.3471767531046, -8.380944479404175, 0.0], [-67.34744757224762, -8.378326567317153, 0.0], [-67.34943357390027, -8.376701656955866, 0.0], [-67.35250285032626, -8.375528110034182, 0.0], [-67.35557212585289, -8.375528110034182, 0.0], [-67.35828031098752, -8.375979474373153, 0.0], [-67.36234258823978, -8.377062748247134, 0.0], [-67.36812004890113, -8.378326567317153, 0.0], [-67.37003123775143, -8.379284449617654, 0.0], [-67.37588351211433, -8.381937480230452, 0.0], [-67.3782306059576, -8.384735938412792, 0.0], [-67.37931387983167, -8.388076033082438, 0.0], [-67.378772242445, -8.39304103811337, 0.0], [-67.377057059036, -8.396561677979054, 0.0], [-67.37224663487424, -8.401423634193307, 0.0], [-67.36694650197946, -8.407394417618232, 0.0], [-67.36532159161808, -8.41163724006654, 0.0], [-67.36550213681411, -8.416060608610167, 0.0], [-67.36712704807478, -8.420122885862437, 0.0], [-67.36730759327072, -8.423462980532083, 0.0], [-67.3679395037051, -8.427344712588404, 0.0], [-67.36902277757908, -8.430504261162731, 0.0], [-67.37091850708339, -8.432129172423299, 0.0], [-67.37380723741407, -8.43321244629728, 0.0], [-67.37669596774465, -8.43321244629728, 0.0], [-67.38066797194931, -8.432038899375595, 0.0], [-67.38500106744523, -8.432309717619336, 0.0], [-67.38888279950154, -8.432851355006012, 0.0], [-67.39249371241485, -8.43474708361104, 0.0], [-67.39565326098918, -8.4394412712976, 0.0], [-67.39748551544417, -8.445134818017376, 0.0], [-67.39754899049349, -8.450274010037496, 0.0], [-67.39502135145416, -8.457134744572738, 0.0], [-67.39409425924264, -8.466637436368586, 0.0], [-67.39462456157419, -8.46985356039346, 0.0], [-67.39700735310682, -8.475460128282254, 0.0], [-67.4006182669194, -8.482952773251874, 0.0], [-67.40459027112405, -8.486834504408826, 0.0], [-67.40892336662006, -8.490716236465147, 0.0], [-67.41154127870699, -8.493604966795733, 0.0], [-67.41322966231903, -8.497664396794459, 0.0], [-67.41325646211598, -8.49911160921334, 0.0], [-67.41244400648566, -8.502000339544015, 0.0], [-67.41063855002905, -8.505159888118254, 0.0], [-67.4066665458244, -8.507777800205275, 0.0], [-67.40350699725006, -8.511659532261508, 0.0], [-67.40306696886549, -8.513906814847573, 0.0], [-67.40422917983268, -8.516895355536182, 0.0], [-67.40567354499811, -8.518429993749134, 0.0], [-67.4085622753287, -8.520235450205828, 0.0], [-67.41181437133612, -8.522194529753659, 0.0], [-67.41533273681632, -8.527005912592735, 0.0], [-67.41659655678562, -8.531700099380014, 0.0], [-67.415874374203, -8.535852649679988, 0.0], [-67.41443000903766, -8.54036629037195, 0.0], [-67.41262455258097, -8.545241023254547, 0.0], [-67.41127046046334, -8.549935210041827, 0.0], [-67.40973582225038, -8.554448851633158, 0.0], [-67.40747900145472, -8.555802943750791, 0.0], [-67.4050416354631, -8.554900215972129, 0.0], [-67.40242372337609, -8.552192030837492, 0.0], [-67.4013404495021, -8.547497844050213, 0.0], [-67.39980581128916, -8.542984202458882, 0.0], [-67.40016690258042, -8.537658106136593, 0.0], [-67.40079881211543, -8.53269310020638, 0.0], [-67.40115990340678, -8.528540550805687, 0.0], [-67.3995349930454, -8.525290729183745, 0.0], [-67.39781980873714, -8.524929637892477, 0.0], [-67.39547271579313, -8.525290729183745, 0.0], [-67.39214272140943, -8.527034100043597, 0.0], [-67.38852170821028, -8.529353005536734, 0.0], [-67.38509134049293, -8.53034600726238, 0.0], [-67.38021660761034, -8.531248735041043, 0.0], [-67.37588351211433, -8.532151463718986, 0.0], [-67.37245314439706, -8.532873646301699, 0.0], [-67.36911304972742, -8.534047193223294, 0.0], [-67.3678492306574, -8.53630401401896, 0.0], [-67.36694650197946, -8.538741380010574, 0.0], [-67.36676595678351, -8.541359292097596, 0.0], [-67.36712704807478, -8.543796658089299, 0.0], [-67.36884223148377, -8.545872932789557, 0.0], [-67.37317532697969, -8.547136752758856, 0.0], [-67.37895278854032, -8.547949208389184, 0.0], [-67.3854524317842, -8.549303300506907, 0.0], [-67.39058991329384, -8.551931342557374, 0.0], [-67.39547984831633, -8.554341498661223, 0.0], [-67.39989608433676, -8.557969491498753, 0.0], [-67.40106963035917, -8.560767949681093, 0.0], [-67.40269454161974, -8.566725956437672, 0.0], [-67.40350699725006, -8.569704958916681, 0.0], [-67.40440972502873, -8.574218600507923, 0.0], [-67.40386808854142, -8.578371150807897, 0.0], [-67.40170154079345, -8.582704246303908, 0.0], [-67.39818090002849, -8.583336155838918, 0.0], [-67.39393807758019, -8.582162609816514, 0.0], [-67.38879252645384, -8.577829513421221, 0.0], [-67.38283451969727, -8.572954781437904, 0.0], [-67.378772242445, -8.570156323255652, 0.0], [-67.37624460340568, -8.567628684216334, 0.0], [-67.37353641827104, -8.564288589546688, 0.0], [-67.37173096181444, -8.561309586168399, 0.0], [-67.37001577840536, -8.560226312294418, 0.0], [-67.36802977585343, -8.560858222728797, 0.0], [-67.36649513853976, -8.563205315672707, 0.0], [-67.36487022727911, -8.568892504185634, 0.0], [-67.36333558906615, -8.573135326633942, 0.0], [-67.36035658568787, -8.576565694351203, 0.0], [-67.35466939807422, -8.580627971603562, 0.0], [-67.35069739386957, -8.584148611469157, 0.0], [-67.35015575648289, -8.586495705312526, 0.0], [-67.34952384694797, -8.59254398421744, 0.0], [-67.35051684777424, -8.597779808391394, 0.0], [-67.34916275565661, -8.601029630013425, 0.0], [-67.34654484356959, -8.606355727234995, 0.0], [-67.34672538876563, -8.6081611836916, 0.0], [-67.34798920873493, -8.609966640148293, 0.0], [-67.35042657472663, -8.610688822730918, 0.0], [-67.3551207624132, -8.611230459218312, 0.0], [-67.35963440310515, -8.612945643526583, 0.0], [-67.36369263610626, -8.614883927151475, 0.0], [-67.36721732112248, -8.618271739848872, 0.0], [-67.3697449601618, -8.621341016274776, 0.0], [-67.36992550535774, -8.623958928361798, 0.0], [-67.36965468711409, -8.626937930840807, 0.0], [-67.36701318670919, -8.629654285416922, 0.0], [-67.3630647708225, -8.631451572432049, 0.0], [-67.35855112923117, -8.633618120180099, 0.0], [-67.35457912502652, -8.635152758393051, 0.0], [-67.35169039469594, -8.637409579188628, 0.0], [-67.35042657472663, -8.640298309519302, 0.0], [-67.35187093989188, -8.643187039849977, 0.0], [-67.3538569424439, -8.64454113196761, 0.0], [-67.35620403628717, -8.645263315449604, 0.0], [-67.35837058403523, -8.646075770180651, 0.0], [-67.36171067870478, -8.646346589323585, 0.0], [-67.36541186466579, -8.647249317102247, 0.0], [-67.36902277757908, -8.647610408393604, 0.0], [-67.37164068966601, -8.648332590976228, 0.0], [-67.37579323906671, -8.649596410945527, 0.0], [-67.37895278854032, -8.65095050306316, 0.0], [-67.38111933628828, -8.652755959519855, 0.0], [-67.3812096084366, -8.654832234220201, 0.0], [-67.38066797194931, -8.656908509819829, 0.0], [-67.37832087810602, -8.659345875811443, 0.0], [-67.37579323906671, -8.663317880016098, 0.0], [-67.37498078343638, -8.666838520781063, 0.0], [-67.37552242082306, -8.669907796307687, 0.0], [-67.37723760423195, -8.672706254489938, 0.0], [-67.37976524327136, -8.676046349159673, 0.0], [-67.38220261016225, -8.677942077764612, 0.0], [-67.38445943095792, -8.679296170781615, 0.0], [-67.38816061691892, -8.678844806442644, 0.0], [-67.3908688011542, -8.67703934998595, 0.0], [-67.39330616804517, -8.675504711772998, 0.0], [-67.39565326098918, -8.675594984820613, 0.0], [-67.39745871744587, -8.676587985646979, 0.0], [-67.39845171827214, -8.678303169055969, 0.0], [-67.39791008178484, -8.68110162723822, 0.0], [-67.3976392635411, -8.684261175812548, 0.0], [-67.39673653486315, -8.688865090451582, 0.0], [-67.39689607909077, -8.69397607253767, 0.0], [-67.39682680791086, -8.698975646608766, 0.0], [-67.39493107840646, -8.702857378664998, 0.0], [-67.38951470903656, -8.705836381144007, 0.0], [-67.38590379612326, -8.70890565757, 0.0], [-67.38283451969727, -8.71233602528726, 0.0], [-67.3812096084366, -8.715676119956907, 0.0], [-67.38063019502745, -8.71936277826958, 0.0], [-67.38084851714525, -8.722897945783505, 0.0], [-67.38211233711465, -8.725876949161794, 0.0], [-67.38463997615396, -8.728494861248816, 0.0], [-67.3891536177453, -8.72921704383144, 0.0], [-67.39339644019351, -8.728765679492469, 0.0], [-67.39547271579313, -8.727411587374835, 0.0], [-67.39908362870644, -8.725425584822823, 0.0], [-67.40251399552442, -8.723529855318514, 0.0], [-67.40612490933708, -8.724342310948842, 0.0], [-67.40756927450234, -8.726508858696803, 0.0], [-67.40737920998257, -8.72956434401916, 0.0], [-67.40693736406804, -8.732466865453471, 0.0], [-67.40567354499811, -8.735536140980095, 0.0], [-67.40440972502873, -8.738063780918694, 0.0], [-67.40251399552442, -8.741133056445317, 0.0], [-67.40116599991089, -8.745253000025922, 0.0], [-67.4012501764544, -8.748174337075966, 0.0], [-67.4012501764544, -8.751063067406552, 0.0], [-67.40171634723167, -8.752321729764002, 0.0], [-67.40615166057067, -8.756299084035447, 0.0], [-67.41426166044722, -8.759500399823551, 0.0], [-67.41831665948617, -8.761207768123892, 0.0], [-67.41938376534851, -8.762915136424322, 0.0], [-67.42087771193681, -8.764835925537508, 0.0], [-67.42429244853767, -8.765689609687723, 0.0], [-67.43090850092655, -8.765689609687723, 0.0], [-67.43453665923936, -8.76590303050039, 0.0], [-67.43688428997797, -8.76590303050039, 0.0], [-67.4390185008031, -8.766756714650604, 0.0], [-67.4390185008031, -8.768250662138279, 0.0], [-67.4366708691653, -8.7703848729635, 0.0], [-67.43539034338957, -8.772945925414056, 0.0], [-67.43453665923936, -8.775293557051945, 0.0], [-67.43432323752732, -8.777427766977798, 0.0], [-67.43496350086487, -8.77956197780302, 0.0], [-67.43624402753979, -8.780842503578658, 0.0], [-67.44286007902937, -8.782336451066332, 0.0], [-67.45331771054381, -8.78361697684197, 0.0], [-67.46142770952117, -8.783830398554006, 0.0], [-67.46526928864674, -8.784897503516888, 0.0], [-67.46761691938535, -8.785751187667103, 0.0], [-67.46868402524751, -8.787885397592955, 0.0], [-67.46676323523504, -8.79215381834403, 0.0], [-67.46356192034631, -8.796422239095016, 0.0], [-67.46249481448406, -8.798343029107482, 0.0], [-67.46185455204588, -8.800904081558127, 0.0], [-67.46185455204588, -8.801757765708253, 0.0], [-67.46356192034631, -8.801971186521008, 0.0], [-67.46676323523504, -8.801971186521008, 0.0], [-67.46975113021048, -8.797702765770023, 0.0], [-67.47359270933605, -8.794714870794586, 0.0], [-67.47935507667542, -8.792580660868733, 0.0], [-67.48853218151494, -8.791300134193815, 0.0], [-67.49621533886679, -8.789806187605421, 0.0], [-67.50176428629268, -8.78873908174317, 0.0], [-67.5041119170313, -8.78873908174317, 0.0], [-67.50432533874333, -8.790233029230844, 0.0], [-67.50304481206832, -8.793007502494245, 0.0], [-67.50304481206832, -8.7955685549448, 0.0], [-67.5021911279182, -8.79727592324523, 0.0], [-67.50240454873087, -8.799196713257697, 0.0], [-67.50389849621862, -8.80133092318355, 0.0], [-67.50880718030707, -8.802184607333764, 0.0], [-67.51926481092224, -8.801757765708253, 0.0], [-67.52545402168577, -8.799836975695786, 0.0], [-67.53249691570007, -8.797489344957267, 0.0], [-67.53463112562592, -8.795781976656837, 0.0], [-67.54039349386458, -8.795141713319378, 0.0], [-67.54487533542833, -8.795141713319378, 0.0], [-67.5491437561794, -8.7955685549448, 0.0], [-67.55511954523081, -8.79791618658269, 0.0], [-67.55938796688108, -8.800263818220579, 0.0], [-67.5625892817699, -8.80367855482135, 0.0], [-67.56707112423292, -8.809440923060098, 0.0], [-67.57155296579667, -8.81498986958681, 0.0], [-67.57582138654774, -8.819471712049832, 0.0], [-67.57774217566084, -8.822246185313144, 0.0], [-67.58222401722458, -8.82587434272667, 0.0], [-67.5867058596876, -8.82928907932753, 0.0], [-67.59545612200233, -8.831850131778175, 0.0], [-67.60164533186651, -8.833557500078516, 0.0], [-67.6048466476547, -8.834624605041398, 0.0], [-67.60570033180483, -8.835905131716405, 0.0], [-67.60591375261758, -8.83675881586662, 0.0], [-67.60570033180483, -8.837612500016835, 0.0], [-67.60121849024108, -8.839746709942688, 0.0], [-67.59630980615255, -8.84252118410528, 0.0], [-67.59289506955177, -8.846789604856355, 0.0], [-67.59012059628846, -8.853619078057896, 0.0], [-67.58755954383781, -8.8595948671094, 0.0], [-67.5867058596876, -8.863863287860386, 0.0], [-67.5862790171629, -8.869412234387099, 0.0], [-67.58691928050035, -8.874107497662877, 0.0], [-67.58990717457642, -8.878162497601107, 0.0], [-67.59225480621423, -8.8796564441895, 0.0], [-67.59502927947763, -8.880296707527048, 0.0], [-67.59801717445298, -8.880083286714203, 0.0], [-67.59887085860319, -8.876455129300677, 0.0], [-67.5984440160784, -8.87389407685012, 0.0], [-67.5984440160784, -8.869625656099135, 0.0], [-67.60271243682948, -8.864930392823357, 0.0], [-67.6103955950806, -8.860661972072283, 0.0], [-67.61466401583168, -8.857460656284179, 0.0], [-67.61850559405786, -8.857247235471512, 0.0], [-67.62576190978429, -8.859168024584609, 0.0], [-67.62939006719782, -8.859808287922068, 0.0], [-67.63216454046113, -8.85852776124715, 0.0], [-67.63387190876156, -8.8544727622082, 0.0], [-67.63643296121221, -8.84764328900657, 0.0], [-67.63899401366275, -8.845509078181347, 0.0], [-67.64240875026361, -8.843801709880918, 0.0], [-67.64454296108875, -8.843374868255495, 0.0], [-67.64710401353939, -8.843161446543458, 0.0], [-67.65073217095292, -8.844441973218466, 0.0], [-67.65307980259072, -8.846362762331562, 0.0], [-67.65670796000434, -8.84764328900657, 0.0], [-67.66033611741787, -8.84764328900657, 0.0], [-67.66289716986851, -8.846789604856355, 0.0], [-67.66439111735619, -8.845082236555925, 0.0], [-67.66588506484386, -8.843374868255495, 0.0], [-67.66631190646928, -8.84081381580485, 0.0], [-67.66545822231906, -8.83739907920408, 0.0], [-67.66588506484386, -8.833557500078516, 0.0], [-67.66652532818132, -8.831209868440627, 0.0], [-67.66908638063197, -8.828648815989983, 0.0], [-67.67271453804548, -8.827368290214434, 0.0], [-67.6774098004219, -8.827368290214434, 0.0], [-67.68061111621, -8.827154869401678, 0.0], [-67.68765401022439, -8.829502500140197, 0.0], [-67.69320295765029, -8.831423290152664, 0.0], [-67.69640427343839, -8.832703815928301, 0.0], [-67.69811164173882, -8.833557500078516, 0.0], [-67.69939216751446, -8.83505144756619, 0.0], [-67.69875190507638, -8.83739907920408, 0.0], [-67.69661769425115, -8.842094341580577, 0.0], [-67.69683111506382, -8.844655394031133, 0.0], [-67.69704453677595, -8.847003025669022, 0.0], [-67.69853848336433, -8.84828355144466, 0.0], [-67.70109953581489, -8.848496973156696, 0.0], [-67.70366058826554, -8.847003025669022, 0.0], [-67.70792900901652, -8.844015130693673, 0.0], [-67.71177058814209, -8.843374868255495, 0.0], [-67.71518532474286, -8.843161446543458, 0.0], [-67.71838664053097, -8.84358828906825, 0.0], [-67.72052085045691, -8.845082236555925, 0.0], [-67.72222821875724, -8.846576183144318, 0.0], [-67.72414900787034, -8.850631183082637, 0.0], [-67.72500269202055, -8.855539867171082, 0.0], [-67.72457585039513, -8.85852776124715, 0.0], [-67.7247892712078, -8.86258276118538, 0.0], [-67.72521611373269, -8.865570656160816, 0.0], [-67.72585637617077, -8.86877197194892, 0.0], [-67.72884427114612, -8.870906181874773, 0.0], [-67.73353953352262, -8.870906181874773, 0.0], [-67.73844821761115, -8.870265918537225, 0.0], [-67.74293006007417, -8.868985392761587, 0.0], [-67.74527769081269, -8.868345129424128, 0.0], [-67.749332690751, -8.86706460364849, 0.0], [-67.7521071640144, -8.866210919498275, 0.0], [-67.75530847980242, -8.86770486608658, 0.0], [-67.75850979559053, -8.869412234387099, 0.0], [-67.76064400551638, -8.872400129362447, 0.0], [-67.76256479552885, -8.874747761000336, 0.0], [-67.76363190049173, -8.877735655076403, 0.0], [-67.76427216382928, -8.880936970864507, 0.0], [-67.76448558464195, -8.885205391615493, 0.0], [-67.76533926879216, -8.89054091732945, 0.0], [-67.76533926879216, -8.892888548967338, 0.0], [-67.76576611041767, -8.895022758893191, 0.0], [-67.76683321627984, -8.897156969718324, 0.0], [-67.7702479528807, -8.897583811343747, 0.0], [-67.77366268948155, -8.898010653868539, 0.0], [-67.77579689940731, -8.896516706380865, 0.0], [-67.77622374193211, -8.893101969780005, 0.0], [-67.77750426770774, -8.888406707403597, 0.0], [-67.77942505682084, -8.883924864940486, 0.0], [-67.7813458468333, -8.882217496640145, 0.0], [-67.78710821507197, -8.880296707527048, 0.0], [-67.79329742493614, -8.880296707527048, 0.0], [-67.80012689813786, -8.880936970864507, 0.0], [-67.80482216051426, -8.882430918352181, 0.0], [-67.80781005548961, -8.885632233240916, 0.0], [-67.8097308446028, -8.887339601541346, 0.0], [-67.81079794956568, -8.889687233179234, 0.0], [-67.81079794956568, -8.891181180666909, 0.0], [-67.81058452875293, -8.893101969780005, 0.0], [-67.80930400297738, -8.894382496455012, 0.0], [-67.80588926637652, -8.894595917267768, 0.0], [-67.79884637146286, -8.89395565393022, 0.0], [-67.79585847738679, -8.89395565393022, 0.0], [-67.79308400412347, -8.895449601417894, 0.0], [-67.79180347744847, -8.897583811343747, 0.0], [-67.79137663582304, -8.900144863794392, 0.0], [-67.79180347744847, -8.904413284545377, 0.0], [-67.79436452989911, -8.908468284483696, 0.0], [-67.79799268731264, -8.9116696002718, 0.0], [-67.80204768725096, -8.913803811096933, 0.0], [-67.80375505555129, -8.915297757685327, 0.0], [-67.80588926637652, -8.915511179397363, 0.0], [-67.80738321296482, -8.914870916059904, 0.0], [-67.8088771604525, -8.911242758646289, 0.0], [-67.8097308446028, -8.905266968695592, 0.0], [-67.81293216039082, -8.898864338018665, 0.0], [-67.81805426529202, -8.896516706380865, 0.0], [-67.82445689596895, -8.894595917267768, 0.0], [-67.82936558005738, -8.894595917267768, 0.0], [-67.83256689584549, -8.894595917267768, 0.0], [-67.83427426414592, -8.895876443043406, 0.0], [-67.83427426414592, -8.898224074681206, 0.0], [-67.83299373837029, -8.899931442981636, 0.0], [-67.82957900176952, -8.903773022107288, 0.0], [-67.82680452760684, -8.906334074557844, 0.0], [-67.8242434751562, -8.911029336934252, 0.0], [-67.82381663353077, -8.914657495247148, 0.0], [-67.82253610685585, -8.91913933681089, 0.0], [-67.82296294938055, -8.921486968448779, 0.0], [-67.82381663353077, -8.923834599187298, 0.0], [-67.82573742264387, -8.92490170504955, 0.0], [-67.82765821175705, -8.925328546674972, 0.0], [-67.83043268591965, -8.924688283337513, 0.0], [-67.83363400080846, -8.921273546736742, 0.0], [-67.83854268489691, -8.914444073535112, 0.0], [-67.84174400068501, -8.911242758646289, 0.0], [-67.8436647897982, -8.909535390345948, 0.0], [-67.84665268477355, -8.909321968633911, 0.0], [-67.85049426299983, -8.908681706195733, 0.0], [-67.85262847382496, -8.909321968633911, 0.0], [-67.85561636790104, -8.911029336934252, 0.0], [-67.85732373620137, -8.912736705234682, 0.0], [-67.85817742035168, -8.914657495247148, 0.0], [-67.85881768368914, -8.917005125985757, 0.0], [-67.8590311045018, -8.921913810074201, 0.0], [-67.85881768368914, -8.92831644165041, 0.0], [-67.85924452531455, -8.938347229740863, 0.0], [-67.85881768368914, -8.94261565049176, 0.0], [-67.85839084116434, -8.946457229617412, 0.0], [-67.85711031538871, -8.950939071181153, 0.0], [-67.8562566312385, -8.953926966156502, 0.0], [-67.85518952627561, -8.955847755269598, 0.0], [-67.85476268375082, -8.95798196609482, 0.0], [-67.85518952627561, -8.960969860170888, 0.0], [-67.85711031538871, -8.964598017584414, 0.0], [-67.85924452531455, -8.966945649222303, 0.0], [-67.86287268362746, -8.968439596709977, 0.0], [-67.86436663021576, -8.968439596709977, 0.0], [-67.86564715689076, -8.967585912559763, 0.0], [-67.86692768266632, -8.96203696513377, 0.0], [-67.86778136681662, -8.955634334456931, 0.0], [-67.86991557764175, -8.948378018730509, 0.0], [-67.8729034726171, -8.943469334642064, 0.0], [-67.87482426173028, -8.937706967302596, 0.0], [-67.87631820921787, -8.93002380995075, 0.0], [-67.87781215580627, -8.924048020899424, 0.0], [-67.8808000507817, -8.920206441773772, 0.0], [-67.88485505072002, -8.917218547697793, 0.0], [-67.88805636560875, -8.91572460021003, 0.0], [-67.8929650496972, -8.914870916059904, 0.0], [-67.89851399712327, -8.915297757685327, 0.0], [-67.90278241787418, -8.915511179397363, 0.0], [-67.90683741691322, -8.915297757685327, 0.0], [-67.91238636433921, -8.915511179397363, 0.0], [-67.91665478509019, -8.917005125985757, 0.0], [-67.91836215339062, -8.91849907347343, 0.0], [-67.91900241672808, -8.921913810074201, 0.0], [-67.91729504842775, -8.925328546674972, 0.0], [-67.9143071534523, -8.927462757500194, 0.0], [-67.9096118910759, -8.928956704088588, 0.0], [-67.90470320698736, -8.93002380995075, 0.0], [-67.9008616278618, -8.93002380995075, 0.0], [-67.89467241799763, -8.930450651576262, 0.0], [-67.89232478635974, -8.932584862401395, 0.0], [-67.89232478635974, -8.934719072327248, 0.0], [-67.89317847050995, -8.936639861440433, 0.0], [-67.89531268133517, -8.938774072265566, 0.0], [-67.89958110208616, -8.940694861378663, 0.0], [-67.90811794358822, -8.944109597979523, 0.0], [-67.91174610100175, -8.946457229617412, 0.0], [-67.91409373263964, -8.948164597917842, 0.0], [-67.91708162761499, -8.950085387030938, 0.0], [-67.91708162761499, -8.95285986119362, 0.0], [-67.9194292583535, -8.955847755269598, 0.0], [-67.92220373251618, -8.958408807720243, 0.0], [-67.92540504740501, -8.959475912683125, 0.0], [-67.93031373149346, -8.958835650245035, 0.0], [-67.9341553106191, -8.958195386907487, 0.0], [-67.93650294135763, -8.959049071057702, 0.0], [-67.93821030965806, -8.960329596833429, 0.0], [-67.9384237313701, -8.96203696513377, 0.0], [-67.93821030965806, -8.965024860109207, 0.0], [-67.93586267891945, -8.970787228347866, 0.0], [-67.93351504728156, -8.975909333249067, 0.0], [-67.93223452060656, -8.980604595625564, 0.0], [-67.93202109979389, -8.985726700526765, 0.0], [-67.93138083645643, -8.989568279652328, 0.0], [-67.93223452060656, -8.99234275291564, 0.0], [-67.9328747839441, -8.994476962841492, 0.0], [-67.93586267891945, -8.996184332041292, 0.0], [-67.93949083633298, -8.996397752853959, 0.0], [-67.9435458362713, -8.993836700403314, 0.0], [-67.94717399368481, -8.991062226240722, 0.0], [-67.95016188776088, -8.98722064801444, 0.0], [-67.95421688769912, -8.98145827977569, 0.0], [-67.95656451933709, -8.972921438273719, 0.0], [-67.95763162429998, -8.968012754185185, 0.0], [-67.95976583512511, -8.962890649283985, 0.0], [-67.96339399253864, -8.960543018545376, 0.0], [-67.96595504498929, -8.960329596833429, 0.0], [-67.96851609743993, -8.960329596833429, 0.0], [-67.9695832024028, -8.960969860170888, 0.0], [-67.9700100449276, -8.963104070996021, 0.0], [-67.96723557166429, -8.969933544197652, 0.0], [-67.9648879400264, -8.975055649098852, 0.0], [-67.96339399253864, -8.980818016438231, 0.0], [-67.96147320342554, -8.99170248957818, 0.0], [-67.96147320342554, -8.997891700341633, 0.0], [-67.96296715091322, -9.002800383530797, 0.0], [-67.96467451921364, -9.005361435981442, 0.0], [-67.96616846580204, -9.005788278506234, 0.0], [-67.97257109737815, -9.004507751831227, 0.0], [-67.97747978146668, -9.003654067681012, 0.0], [-67.98046767554276, -9.004080910205804, 0.0], [-67.9821750438431, -9.004721173543263, 0.0], [-67.98644346459417, -9.006001699318901, 0.0], [-67.99028504371974, -9.006001699318901, 0.0], [-67.995193726909, -9.003440646868256, 0.0], [-68.00052925352223, -8.997678278629596, 0.0], [-68.00629162176088, -8.993623278691278, 0.0], [-68.01120030495005, -8.990848805427966, 0.0], [-68.01653583156329, -8.988501173790077, 0.0], [-68.02336530476501, -8.98658038467698, 0.0], [-68.02891425129162, -8.985940121339432, 0.0], [-68.03168872455494, -8.985726700526765, 0.0], [-68.03296925122994, -8.987007227201683, 0.0], [-68.03296925122994, -8.988928016314869, 0.0], [-68.03104846211686, -9.000452752792278, 0.0], [-68.02998135625451, -9.006215120131657, 0.0], [-68.0304081987793, -9.010483540882642, 0.0], [-68.03275583041719, -9.016672751646094, 0.0], [-68.03489004034304, -9.020941172397169, 0.0], [-68.03574372449326, -9.02606327729837, 0.0], [-68.03510346115571, -9.030971960487534, 0.0], [-68.03617056701805, -9.0328927505, 0.0], [-68.03894504028136, -9.033533012938179, 0.0], [-68.04385372436981, -9.032039066349785, 0.0], [-68.04812214512089, -9.031398803012237, 0.0], [-68.05559188165998, -9.030545118862111, 0.0], [-68.06220793314957, -9.029051171374437, 0.0], [-68.07202530132655, -9.024569329810696, 0.0], [-68.08013530030381, -9.018380119946524, 0.0], [-68.08504398439234, -9.01347143585799, 0.0], [-68.08952582595609, -9.012831172520531, 0.0], [-68.09230030011868, -9.013684856670746, 0.0], [-68.09336740508165, -9.014538540820961, 0.0], [-68.0927271417441, -9.017739856609065, 0.0], [-68.08952582595609, -9.023288803135689, 0.0], [-68.08845872099312, -9.027557223886763, 0.0], [-68.08952582595609, -9.032679328787964, 0.0], [-68.09144661596847, -9.033959855462882, 0.0], [-68.09443451004454, -9.034600118800341, 0.0], [-68.09720898420721, -9.034600118800341, 0.0], [-68.1014774049582, -9.033746434650215, 0.0], [-68.10318477325863, -9.030758539674778, 0.0], [-68.10745319400971, -9.026916961448585, 0.0], [-68.11044108808568, -9.023288803135689, 0.0], [-68.11534977217421, -9.020727750685133, 0.0], [-68.12025845626275, -9.020514329872377, 0.0], [-68.12303292952606, -9.020300909059621, 0.0], [-68.12666108693959, -9.022221698172807, 0.0], [-68.12858187605269, -9.02542301396091, 0.0], [-68.1317831918408, -9.035026960425853, 0.0], [-68.13242345517834, -9.046338276090506, 0.0], [-68.13285029680377, -9.054234854255107, 0.0], [-68.13349056014123, -9.062985116569834, 0.0], [-68.13413082347869, -9.06896090562125, 0.0], [-68.13626503430382, -9.075150115485332, 0.0], [-68.13839924422966, -9.078564852086192, 0.0], [-68.14202740164328, -9.082833272837178, 0.0], [-68.14672266491905, -9.086461431150074, 0.0], [-68.1516313490075, -9.089662746938178, 0.0], [-68.15568634804646, -9.090943272713815, 0.0], [-68.16144871628521, -9.091156693526571, 0.0], [-68.16891845282429, -9.089449325226141, 0.0], [-68.17340029438803, -9.08838222026317, 0.0], [-68.17510766268846, -9.087528536112956, 0.0], [-68.17510766268846, -9.085821167812615, 0.0], [-68.17425397853825, -9.083473536174726, 0.0], [-68.1716929260876, -9.078351431273436, 0.0], [-68.17062582112472, -9.074296431335206, 0.0], [-68.17019897859993, -9.070028010584132, 0.0], [-68.16955871616175, -9.067466958133576, 0.0], [-68.16955871616175, -9.065759589833146, 0.0], [-68.17147950527493, -9.064692484870264, 0.0], [-68.17382713691282, -9.064692484870264, 0.0], [-68.1772418735136, -9.067040116508064, 0.0], [-68.18300424175234, -9.071095116446383, 0.0], [-68.19132766154227, -9.07813801046077, 0.0], [-68.19815713474391, -9.081552747061629, 0.0], [-68.20349266135715, -9.083046694549303, 0.0], [-68.205626871283, -9.083046694549303, 0.0], [-68.20776108210822, -9.083046694549303, 0.0], [-68.21010871284675, -9.081979588687052, 0.0], [-68.21010871284675, -9.078991694610984, 0.0], [-68.2084013445464, -9.075150115485332, 0.0], [-68.20712081877068, -9.071735378884561, 0.0], [-68.20541345047033, -9.069601168958709, 0.0], [-68.20477318713287, -9.066186432357938, 0.0], [-68.20455976632012, -9.061277748269404, 0.0], [-68.20498660794554, -9.057863011668545, 0.0], [-68.20733423958343, -9.055301959217989, 0.0], [-68.21096239699696, -9.053594590917648, 0.0], [-68.2179475914082, -9.051712731657137, 0.0], [-68.22110441503666, -9.051380434859148, 0.0], [-68.22525813085801, -9.05270962385002, 0.0], [-68.22758421204176, -9.055035704134408, 0.0], [-68.23223637350982, -9.057195636469352, 0.0], [-68.23655623728042, -9.057029487620717, 0.0], [-68.24303603428552, -9.055201852983043, 0.0], [-68.2463590067627, -9.054869556184965, 0.0], [-68.24835279024902, -9.054537258487606, 0.0], [-68.2506788705334, -9.05470340733633, 0.0], [-68.25217420837299, -9.057029487620717, 0.0], [-68.25400184301058, -9.06118320344206, 0.0], [-68.25466643750602, -9.0648384736166, 0.0], [-68.25582947854754, -9.06932448623602, 0.0], [-68.25649407304297, -9.071152120873606, 0.0], [-68.25832170768065, -9.072315161915125, 0.0], [-68.26114623451112, -9.072647458713202, 0.0], [-68.2644692069883, -9.072647458713202, 0.0], [-68.26862292280956, -9.070155229580092, 0.0], [-68.27310893542898, -9.065170770414678, 0.0], [-68.27560116456199, -9.059355568804385, 0.0], [-68.27992102923206, -9.054869556184965, 0.0], [-68.28440704185148, -9.053041920648099, 0.0], [-68.28739771753058, -9.05270962385002, 0.0], [-68.29155143245256, -9.053706515143535, 0.0], [-68.29304677029215, -9.054204961689617, 0.0], [-68.2928806223428, -9.056032596327203, 0.0], [-68.29022224346168, -9.058192528662236, 0.0], [-68.28656697418651, -9.060518608946623, 0.0], [-68.28457319070012, -9.06284469013029, 0.0], [-68.28341015055797, -9.064506175919242, 0.0], [-68.28241325836508, -9.06649995940555, 0.0], [-68.28241325836508, -9.068659891740495, 0.0], [-68.28324400170925, -9.071816715369131, 0.0], [-68.2840747450534, -9.073810498855352, 0.0], [-68.28507163634691, -9.077299620181257, 0.0], [-68.28623467648907, -9.081951781649401, 0.0], [-68.28756386547994, -9.087268537612893, 0.0], [-68.28856075767274, -9.090923807787433, 0.0], [-68.28922535216817, -9.093748334617903, 0.0], [-68.29055454115914, -9.095077523608776, 0.0], [-68.29304677029215, -9.095409820406854, 0.0], [-68.29520670262718, -9.095409820406854, 0.0], [-68.29769893176021, -9.094579077062694, 0.0], [-68.29886197280173, -9.09241914562703, 0.0], [-68.29952656729725, -9.088597726603766, 0.0], [-68.29969271524661, -9.08311482179155, 0.0], [-68.30168649873283, -9.076801174534545, 0.0], [-68.30301568772379, -9.072315161915125, 0.0], [-68.30417872876531, -9.069656783933379, 0.0], [-68.30550791775619, -9.06849374289186, 0.0], [-68.30783399804056, -9.068327594043136, 0.0], [-68.31265230835734, -9.069490635084744, 0.0], [-68.31796906432083, -9.071982864217766, 0.0], [-68.32179048244483, -9.075471985543583, 0.0], [-68.3246150092752, -9.078130363525418, 0.0], [-68.32594419826607, -9.08062259265844, 0.0], [-68.32860257624792, -9.083280970640274, 0.0], [-68.33126095422956, -9.086105497470655, 0.0], [-68.33391933221141, -9.08793313210833, 0.0], [-68.3364115622438, -9.08793313210833, 0.0], [-68.34039912921641, -9.086936240814815, 0.0], [-68.34255906155144, -9.085274754126583, 0.0], [-68.34471899298711, -9.08311482179155, 0.0], [-68.34638047967535, -9.076801174534545, 0.0], [-68.34770966866621, -9.068161446093782, 0.0], [-68.34970345215253, -9.06400773027244, 0.0], [-68.35136493794147, -9.062180095634854, 0.0], [-68.35302642462979, -9.060518608946623, 0.0], [-68.35385716797387, -9.060518608946623, 0.0], [-68.35502020811602, -9.06118320344206, 0.0], [-68.35651554595562, -9.062512392432932, 0.0], [-68.35884162624, -9.06400773027244, 0.0], [-68.36216459871727, -9.064672324767876, 0.0], [-68.36515527439629, -9.065336919263313, 0.0], [-68.37213351614882, -9.067496851598346, 0.0], [-68.37977635329607, -9.07131826972233, 0.0], [-68.38293317692452, -9.074308945401434, 0.0], [-68.38459466361284, -9.077133471332623, 0.0], [-68.38559155490627, -9.079625701365014, 0.0], [-68.38476081246148, -9.083447119488909, 0.0], [-68.38177013678238, -9.087766984158886, 0.0], [-68.3799425021447, -9.090591510090075, 0.0], [-68.37861331315382, -9.092086847929671, 0.0], [-68.37778256980967, -9.09408063141598, 0.0], [-68.37877946200256, -9.095409820406854, 0.0], [-68.38442851476412, -9.09607441490229, 0.0], [-68.39406513539758, -9.096572860549003, 0.0], [-68.39954804020981, -9.096406712599649, 0.0], [-68.4038679039805, -9.095409820406854, 0.0], [-68.40569553951745, -9.09408063141598, 0.0], [-68.40652628196233, -9.091754551131594, 0.0], [-68.4068585796597, -9.088930024301124, 0.0], [-68.40552939066882, -9.085274754126583, 0.0], [-68.40187412049418, -9.082117930498036, 0.0], [-68.3965573645307, -9.078961106869578, 0.0], [-68.39522817553983, -9.075471985543583, 0.0], [-68.39472972989311, -9.072813607561926, 0.0], [-68.39472972989311, -9.070321378428815, 0.0], [-68.39622506773262, -9.067330702749711, 0.0], [-68.39938189136117, -9.065835364910114, 0.0], [-68.40220641819164, -9.065336919263313, 0.0], [-68.40552939066882, -9.06649995940555, 0.0], [-68.40852006544864, -9.06932448623602, 0.0], [-68.41051384893495, -9.07214901306649, 0.0], [-68.41300607896734, -9.074308945401434, 0.0], [-68.41499986245366, -9.075970431190385, 0.0], [-68.41649519939388, -9.077133471332623, 0.0], [-68.41965202392171, -9.078462660323407, 0.0], [-68.4239718876924, -9.079625701365014, 0.0], [-68.42962094135335, -9.079957998163003, 0.0], [-68.43510384616556, -9.079127254818932, 0.0], [-68.4392575619868, -9.078794958020854, 0.0], [-68.44507276359711, -9.077465769029981, 0.0], [-68.45221715419827, -9.074641242199512, 0.0], [-68.45720161336378, -9.071484418570964, 0.0], [-68.45985999134543, -9.069822931882733, 0.0], [-68.46102303148767, -9.068659891740495, 0.0], [-68.46035843699224, -9.06683225710291, 0.0], [-68.45886309915264, -9.06566921606148, 0.0], [-68.45271559984498, -9.063675432575081, 0.0], [-68.44906033056972, -9.06118320344206, 0.0], [-68.4465681014367, -9.056863339671363, 0.0], [-68.44573735809254, -9.053041920648099, 0.0], [-68.44573735809254, -9.048057462381966, 0.0], [-68.44573735809254, -9.044402192207336, 0.0], [-68.44690039823469, -9.042740706418474, 0.0], [-68.44922647941844, -9.041411517427512, 0.0], [-68.45138641085411, -9.041577665376867, 0.0], [-68.45554012667546, -9.044402192207336, 0.0], [-68.46118918033639, -9.04622982684501, 0.0], [-68.46650593629988, -9.047226719037806, 0.0], [-68.4724872867588, -9.047725164684518, 0.0], [-68.47481336794257, -9.047725164684518, 0.0], [-68.47896708286454, -9.04622982684501, 0.0], [-68.48162546084629, -9.044236043358701, 0.0], [-68.48245620419044, -9.042740706418474, 0.0], [-68.48295464983715, -9.041245368578878, 0.0], [-68.48195775854364, -9.039251585092568, 0.0], [-68.47963167735998, -9.03725780160617, 0.0], [-68.47713944822695, -9.03443327477579, 0.0], [-68.47614255693344, -9.031774896793955, 0.0], [-68.475477962438, -9.029116518812298, 0.0], [-68.475477962438, -9.0271227353259, 0.0], [-68.47564411038736, -9.024796654142232, 0.0], [-68.47863478606646, -9.021141384866972, 0.0], [-68.48062856955278, -9.017486114692431, 0.0], [-68.48262235303908, -9.013000102073011, 0.0], [-68.48378539318132, -9.010674020889343, 0.0], [-68.48478228537411, -9.006520305967282, 0.0], [-68.48627762321371, -9.00037280665963, 0.0], [-68.48827140670002, -8.995056050696139, 0.0], [-68.49059748698441, -8.99023774037936, 0.0], [-68.49225897367263, -8.986914767902178, 0.0], [-68.49425275715895, -8.985253281213858, 0.0], [-68.49691113514078, -8.985087132365223, 0.0], [-68.50023410761797, -8.985253281213858, 0.0], [-68.50422167459058, -8.98741321354889, 0.0], [-68.5062154580769, -8.988576253691129, 0.0], [-68.50887383605864, -8.99106848372352, 0.0], [-68.51053532184758, -8.996551387636366, 0.0], [-68.51335984867806, -9.002200441297305, 0.0], [-68.51618437550853, -9.005689562623122, 0.0], [-68.51917505118763, -9.00768334610952, 0.0], [-68.5213349826233, -9.008846386251669, 0.0], [-68.52299646931162, -9.00934483189847, 0.0], [-68.5248241039492, -9.009510980747105, 0.0], [-68.52648559063744, -9.009510980747105, 0.0], [-68.5298085631147, -9.008181791756233, 0.0], [-68.532134643399, -9.005191116976409, 0.0], [-68.53512531907819, -9.00120354910442, 0.0], [-68.53745139936258, -8.998212874324597, 0.0], [-68.53927903489945, -8.996219090838377, 0.0], [-68.5409405206884, -8.994889901847415, 0.0], [-68.54276815532607, -8.994889901847415, 0.0], [-68.54575883100527, -8.995056050696139, 0.0], [-68.54808491128956, -8.997049834182448, 0.0], [-68.54825106013828, -8.999708212164194, 0.0], [-68.54825106013828, -9.001701995650503, 0.0], [-68.54758646564285, -9.003861927086255, 0.0], [-68.54559268215645, -9.00685260276536, 0.0], [-68.54409734431695, -9.0105078729399, 0.0], [-68.54110666953713, -9.014661587861962, 0.0], [-68.53927903489945, -9.01864915483458, 0.0], [-68.53828214270665, -9.023633614000083, 0.0], [-68.53745139936258, -9.030113410105724, 0.0], [-68.53695295371578, -9.034100977078342, 0.0], [-68.53678680486715, -9.036593207110823, 0.0], [-68.53662065691779, -9.03808854495033, 0.0], [-68.53678680486715, -9.039916179588005, 0.0], [-68.53811599385801, -9.041245368578878, 0.0], [-68.53977748054625, -9.042076111922949, 0.0], [-68.54210356083064, -9.041577665376867, 0.0], [-68.54725416884477, -9.040746922932076, 0.0], [-68.55306937045506, -9.040414625234718, 0.0], [-68.56121065324903, -9.041245368578878, 0.0], [-68.56802274705211, -9.042408408721027, 0.0], [-68.5751671376532, -9.043405300913822, 0.0], [-68.58048389361677, -9.043405300913822, 0.0], [-68.5826438259518, -9.043405300913822, 0.0], [-68.5844714605894, -9.043405300913822, 0.0], [-68.58679754177307, -9.042408408721027, 0.0], [-68.58928977090618, -9.040414625234718, 0.0], [-68.59012051425033, -9.03609476056474, 0.0], [-68.59111740554376, -9.033768680280353, 0.0], [-68.59061895989704, -9.030611856651806, 0.0], [-68.58962206860353, -9.02795347867006, 0.0]]}}, {"id": "5", "type": "Feature", "properties": {"id_snv": 18, "Nome": "Rio I\uc048\uaf00", "Codigo": "HF-147", "Sequencia_": "147", "Trecho": "Da foz, no rio Solimoes, formador do rio Amazonas, ate a fronteira do Brasil com a Colombia.", "Extensao_k": 0.0, "Administra": null, "Regiao_Hid": "Amazonica", "dt_ini": "2013-01-01", "dt_fim": "2029-10-30", "Shape_Leng": 3.1114981811}, "geometry": {"type": "LineString", "coordinates": [[-67.96852729939529, -3.1320160572951963, 0.0], [-67.97169608130905, -3.1333235798193115, 0.0], [-67.97462018287517, -3.134267693499261, 0.0], [-67.98098059667721, -3.1359271971823546, 0.0], [-67.98759936142132, -3.1376540429996282, 0.0], [-67.99591743024519, -3.140067387200105, 0.0], [-68.00509352514608, -3.1430292252185055, 0.0], [-68.01385227616157, -3.148036551445678, 0.0], [-68.01941041825614, -3.152220379267021, 0.0], [-68.02319653439248, -3.157677452852127, 0.0], [-68.02763201680406, -3.1609464444228053, 0.0], [-68.03395926990437, -3.1618226224159898, 0.0], [-68.03951190455066, -3.160792205296005, 0.0], [-68.0442728408189, -3.158832559175252, 0.0], [-68.04841119801833, -3.1554526290355724, 0.0], [-68.05211923681327, -3.1502613752622324, 0.0], [-68.05516566776132, -3.1409589013321337, 0.0], [-68.0636108908299, -3.124358791425017, 0.0], [-68.06735239070028, -3.115719044997846, 0.0], [-68.06793159097006, -3.10658972023937, 0.0], [-68.0686770893761, -3.100034109486458, 0.0], [-68.07563014831261, -3.093608700780827, 0.0], [-68.0816971672904, -3.0918524822062565, 0.0], [-68.08911234196096, -3.0918037434478975, 0.0], [-68.0946558215089, -3.0935056933330074, 0.0], [-68.10076870501165, -3.095382401276723, 0.0], [-68.10559259382316, -3.0988347960888873, 0.0], [-68.11180255554348, -3.103279062178963, 0.0], [-68.11908835914045, -3.1080373157694865, 0.0], [-68.12822235587701, -3.11130623539443, 0.0], [-68.13574902309894, -3.111546641264482, 0.0], [-68.14230122452187, -3.1082566118530863, 0.0], [-68.14920790811838, -3.103818919807253, 0.0], [-68.15466585134793, -3.097169524154232, 0.0], [-68.15777444973108, -3.0918165318074244, 0.0], [-68.15831746667769, -3.0855931782825508, 0.0], [-68.15732948586701, -3.079079032571265, 0.0], [-68.15399419537576, -3.073430808984554, 0.0], [-68.14769637169019, -3.0710812959649516, 0.0], [-68.13963284248166, -3.072647771977053, 0.0], [-68.13004610364466, -3.0735613185999355, 0.0], [-68.12371854657364, -3.071793472690544, 0.0], [-68.11888198901252, -3.0654334680800233, 0.0], [-68.1168277953664, -3.058790015147096, 0.0], [-68.11697575272878, -3.050582565632851, 0.0], [-68.11849508088326, -3.0435584467648837, 0.0], [-68.12420351048357, -3.036350423733012, 0.0], [-68.1369411095445, -3.025724738605774, 0.0], [-68.14441522758061, -3.0208187470874037, 0.0], [-68.15281790642116, -3.0170979217316685, 0.0], [-68.16153279839989, -3.0162435981635127, 0.0], [-68.17012513077012, -3.016486809918341, 0.0], [-68.17455833609829, -3.0202258285590844, 0.0], [-68.17952744923232, -3.0264128800503087, 0.0], [-68.18296468147489, -3.0331822056941604, 0.0], [-68.1877870810089, -3.0377922384210123, 0.0], [-68.19280176638838, -3.0408574741930607, 0.0], [-68.1983001917005, -3.0399203905135153, 0.0], [-68.20355554015603, -3.037833639610689, 0.0], [-68.2134005193185, -3.036643769993894, 0.0], [-68.22559350603541, -3.0384269232638275, 0.0], [-68.23721955024196, -3.0405091919455742, 0.0], [-68.25174588196683, -3.04183832068189, 0.0], [-68.25756804343044, -3.040959760384574, 0.0], [-68.26234503709374, -3.0392932716671552, 0.0], [-68.2676402354085, -3.035331043093116, 0.0], [-68.27292007060475, -3.027699840475208, 0.0], [-68.27530750173976, -3.019636720458209, 0.0], [-68.27638902373438, -3.013519260305543, 0.0], [-68.27605502541907, -3.005395444144341, 0.0], [-68.27578424314824, -2.9988072464572113, 0.0], [-68.27901121119835, -2.9899671391720872, 0.0], [-68.29403168621333, -2.9793949484180473, 0.0], [-68.30582060663559, -2.9686719467529556, 0.0], [-68.31487119934634, -2.9622692459288515, 0.0], [-68.31697339970262, -2.959576936526318, 0.0], [-68.32271812144413, -2.9393195230775007, 0.0], [-68.32270261353477, -2.9341015333589695, 0.0], [-68.32384431816072, -2.9304488361448477, 0.0], [-68.32725198878818, -2.9256387483295043, 0.0], [-68.33028616647337, -2.9213558871644096, 0.0], [-68.33520387525853, -2.914414393509425, 0.0], [-68.33801499049939, -2.9104464461465653, 0.0], [-68.34001748931567, -2.9076198895462326, 0.0], [-68.34570540627941, -2.9006735872161826, 0.0], [-68.3500941671121, -2.8968901771399302, 0.0], [-68.35529705721335, -2.8955189916081494, 0.0], [-68.36007226752115, -2.8942605037192237, 0.0], [-68.36819246301174, -2.895506419985203, 0.0], [-68.37502138043234, -2.900319715682244, 0.0], [-68.381059988028, -2.907199871077161, 0.0], [-68.38673265518791, -2.9160616457283197, 0.0], [-68.39162726668499, -2.9246642960204383, 0.0], [-68.394331839243, -2.930714769271127, 0.0], [-68.39864847354819, -2.937993466425283, 0.0], [-68.40312651457694, -2.942769868334736, 0.0], [-68.40743519527805, -2.944059052782997, 0.0], [-68.41283678249148, -2.9446417316305684, 0.0], [-68.41784916200915, -2.943104745287748, 0.0], [-68.42347063616093, -2.9401508959470704, 0.0], [-68.42855043335581, -2.935301111157308, 0.0], [-68.43225818706564, -2.9289510638404437, 0.0], [-68.43567876746111, -2.915320037789435, 0.0], [-68.43867385701286, -2.899840395018103, 0.0], [-68.44276341879664, -2.887162438095956, 0.0], [-68.44589757051641, -2.8829538096705534, 0.0], [-68.44976931470201, -2.879426222542101, 0.0], [-68.45368972659953, -2.8774740803645074, 0.0], [-68.45777867864307, -2.8773497212126387, 0.0], [-68.46079157477129, -2.878848980096258, 0.0], [-68.46282161172796, -2.882244331810355, 0.0], [-68.46519475623296, -2.8964832015384445, 0.0], [-68.47097929635746, -2.906717388396686, 0.0], [-68.4772088021444, -2.9113153558189566, 0.0], [-68.48740207974214, -2.914339597794111, 0.0], [-68.49792984758434, -2.9137281505337356, 0.0], [-68.50728941677309, -2.909182709814182, 0.0], [-68.51903547910405, -2.900339561021923, 0.0], [-68.53193945364282, -2.8930718050197513, 0.0], [-68.53935553123272, -2.8874355864830648, 0.0], [-68.54465726132348, -2.883427282942698, 0.0], [-68.5496684744205, -2.8809890293201335, 0.0], [-68.5531121206278, -2.882148950613548, 0.0], [-68.55337038793303, -2.886024721063997, 0.0], [-68.55184420604523, -2.8900460458882407, 0.0], [-68.54931305155603, -2.900749719324004, 0.0], [-68.54802477722161, -2.918112352702863, 0.0], [-68.55064044729878, -2.926767944285089, 0.0], [-68.55677748029647, -2.9310115806198667, 0.0], [-68.56385993908489, -2.9336278919136163, 0.0], [-68.57368920619189, -2.9329682607766117, 0.0], [-68.58406720094052, -2.9293249794641554, 0.0], [-68.5915677383604, -2.9224813086653825, 0.0], [-68.60041847293417, -2.9086580030643105, 0.0], [-68.60602291482563, -2.9025237174954768, 0.0], [-68.62301979033099, -2.89272963276629, 0.0], [-68.62567993548056, -2.892957100989392, 0.0], [-68.62955663852803, -2.895588022669102, 0.0], [-68.63705317666273, -2.9086354417721907, 0.0], [-68.64188929175734, -2.9251826463619324, 0.0], [-68.64730790403648, -2.9325091901469236, 0.0], [-68.65456716414329, -2.9339716757521686, 0.0], [-68.66286561515595, -2.931171925244115, 0.0], [-68.66715596047915, -2.9282022829089627, 0.0], [-68.67042045723828, -2.9248961979011625, 0.0], [-68.67297471621016, -2.919361966081766, 0.0], [-68.67306587868738, -2.9132815247225565, 0.0], [-68.67432814282948, -2.9033059927772698, 0.0], [-68.67730069896805, -2.891995568340775, 0.0], [-68.68071155949079, -2.8826369991981196, 0.0], [-68.68663883191655, -2.8760148269226917, 0.0], [-68.6918300856898, -2.8724551097154674, 0.0], [-68.69917047183974, -2.8696786012863384, 0.0], [-68.70345499675068, -2.869884443512184, 0.0], [-68.70728418591644, -2.872048131416051, 0.0], [-68.71177474191077, -2.880137086257463, 0.0], [-68.71636855086791, -2.888701754582236, 0.0], [-68.72244666658034, -2.8939617318483357, 0.0], [-68.730034464319, -2.8966840210506675, 0.0], [-68.75088760577839, -2.8988764485892062, 0.0], [-68.75708128257507, -2.8991077542194077, 0.0], [-68.76091154283337, -2.89780493065296, 0.0], [-68.76707308145748, -2.895265895404684, 0.0], [-68.77820760030042, -2.889993020061752, 0.0], [-68.79350910266294, -2.8857624409837612, 0.0], [-68.80251581025645, -2.8807756013128696, 0.0], [-68.8081039006744, -2.8795854106381427, 0.0], [-68.81777773615356, -2.8804182646911514, 0.0], [-68.82353962325496, -2.882985939749325, 0.0], [-68.82870248003536, -2.8883473677367633, 0.0], [-68.83255245343297, -2.8924550355714373, 0.0], [-68.83410217507526, -2.8984675088683645, 0.0], [-68.8320723575532, -2.9033866349852033, 0.0], [-68.82947248586655, -2.9065690668088706, 0.0], [-68.82490623843208, -2.909832140840564, 0.0], [-68.81941527569442, -2.911201389232744, 0.0], [-68.81269991386985, -2.9120804279693004, 0.0], [-68.80216294686248, -2.908611211338261, 0.0], [-68.79406433330226, -2.9049026410439396, 0.0], [-68.78857005566354, -2.9042362389112597, 0.0], [-68.78306739274596, -2.90519771130532, 0.0], [-68.77817724638274, -2.907696163746877, 0.0], [-68.77408628435448, -2.9119144454952206, 0.0], [-68.77033636233323, -2.9161284446719407, 0.0], [-68.76913656510038, -2.9208321462864575, 0.0], [-68.76876660109765, -2.9322488777834366, 0.0], [-68.77236044487863, -2.9417607984220453, 0.0], [-68.78156583879243, -2.947181550188347, 0.0], [-68.79421891417152, -2.952863906643941, 0.0], [-68.80919350397701, -2.953562998233714, 0.0], [-68.82270262692467, -2.9525920559784993, 0.0], [-68.83273970217552, -2.9548516170084227, 0.0], [-68.84186262106304, -2.95782488271211, 0.0], [-68.84928082285163, -2.9638854589467556, 0.0], [-68.85633438282551, -2.9764114133560184, 0.0], [-68.86294555998953, -3.0064743149376696, 0.0], [-68.86795407152313, -3.018549303407582, 0.0], [-68.87159083454932, -3.023238249845285, 0.0], [-68.87527622122063, -3.026908177170604, 0.0], [-68.87992103522755, -3.027064532402214, 0.0], [-68.8832215786129, -3.0247872619225546, 0.0], [-68.88601455992394, -3.018422986431588, 0.0], [-68.88463432451442, -3.0119596802949857, 0.0], [-68.88279309932201, -3.002789388719286, 0.0], [-68.88517283405902, -2.997709925172799, 0.0], [-68.88828321669705, -2.9943635343495956, 0.0], [-68.89402480070395, -2.992804419288454, 0.0], [-68.89883996609151, -2.9943990899460218, 0.0], [-68.902062947447, -2.998522269287264, 0.0], [-68.9072011664007, -3.007187858632733, 0.0], [-68.9113813456725, -3.0113656232248687, 0.0], [-68.91951447701148, -3.0141464304133905, 0.0], [-68.92916278073776, -3.00863039907361, 0.0], [-68.93323772584034, -3.001047499042784, 0.0], [-68.93584027211084, -2.994549292016181, 0.0], [-68.93903548420015, -2.992572294375826, 0.0], [-68.94384878169583, -2.9913905474356994, 0.0], [-68.94698959649261, -2.9902585348035373, 0.0], [-68.95043137300938, -2.989361091441154, 0.0], [-68.95347340267533, -2.9892592675011187, 0.0], [-68.95563113616792, -2.9907877309690036, 0.0], [-68.95898176099946, -2.993589366456071, 0.0], [-68.96137394415219, -2.9945347994413964, 0.0], [-68.96287199524637, -2.9941840503535744, 0.0], [-68.96390009121616, -2.993067600489283, 0.0], [-68.9641415960578, -2.991099852376209, 0.0], [-68.96354975671582, -2.98860710973031, 0.0], [-68.96420889682311, -2.9854354427914487, 0.0], [-68.96589979673821, -2.9833853851273773, 0.0], [-68.9679371235993, -2.9826456297919037, 0.0], [-68.96963779824574, -2.983222876734324, 0.0], [-68.97069401781462, -2.984574593742515, 0.0], [-68.97116570323459, -2.9858057458384337, 0.0], [-68.97124195315358, -2.987673116121371, 0.0], [-68.97015249284327, -2.9901157062748, 0.0], [-68.9686167016994, -2.992446138378533, 0.0], [-68.96781303694209, -2.994034031745109, 0.0], [-68.96749352220822, -2.9954360325467846, 0.0], [-68.96736747862624, -2.996954269823661, 0.0], [-68.96768591597215, -2.9985144352929183, 0.0], [-68.96852735135619, -2.9994759121835557, 0.0], [-68.96990409020161, -2.9997999055412095, 0.0], [-68.97150567214902, -2.999771145222198, 0.0], [-68.97279011806941, -2.999247448410948, 0.0], [-68.97377425247973, -2.998341612575274, 0.0], [-68.9744220944041, -2.9973607867708765, 0.0], [-68.97494572826268, -2.9961690186852366, 0.0], [-68.97536710920464, -2.9944512955907143, 0.0], [-68.97519349328505, -2.993188611465193, 0.0], [-68.97460958416488, -2.9912464616547965, 0.0], [-68.97378249656497, -2.989747826900633, 0.0], [-68.97351939270582, -2.9874135016317283, 0.0], [-68.9754274555126, -2.986003238758407, 0.0], [-68.97832578790472, -2.9862512573896396, 0.0], [-68.97982815214752, -2.995182008243056, 0.0], [-68.98605984508572, -3.0053270749844074, 0.0], [-68.99136764829832, -3.0099819344186685, 0.0], [-68.99872898415529, -3.0125842126911806, 0.0], [-69.00756842774065, -3.010910830670234, 0.0], [-69.01672084708936, -3.005533633969968, 0.0], [-69.0244608236081, -2.9998342542474035, 0.0], [-69.03583957583575, -2.997440726608204, 0.0], [-69.04645694223409, -2.9971534957372015, 0.0], [-69.05617164290696, -2.9956176785129642, 0.0], [-69.06477100437831, -2.9927847753970482, 0.0], [-69.073577365503, -2.9874296300733363, 0.0], [-69.08500319004514, -2.9800324058707375, 0.0], [-69.09230817078544, -2.9729900163761513, 0.0], [-69.09960912436155, -2.968050384817346, 0.0], [-69.11070963264345, -2.9611721872465537, 0.0], [-69.11745007835837, -2.95812121472224, 0.0], [-69.13240350621682, -2.9561582510024067, 0.0], [-69.14348425549397, -2.95823994411807, 0.0], [-69.14907570128248, -2.9603776344202615, 0.0], [-69.15186821494616, -2.9660861485568546, 0.0], [-69.15185430243405, -2.975520594399903, 0.0], [-69.14722557100328, -2.9917229737362305, 0.0], [-69.14620779385459, -3.0014476649777535, 0.0], [-69.14802291802324, -3.0088904029696195, 0.0], [-69.1521852160748, -3.0130508771961786, 0.0], [-69.15894645411554, -3.0177001860147357, 0.0], [-69.16606970525265, -3.020653385145579, 0.0], [-69.17398368350014, -3.0225566500692835, 0.0], [-69.18156914300155, -3.023884169019162, 0.0], [-69.18929976207436, -3.0235456677982455, 0.0], [-69.19470118920854, -3.020531548592018, 0.0], [-69.19868607620137, -3.0157773815208913, 0.0], [-69.20047262890866, -3.0108421287611833, 0.0], [-69.20100610314908, -3.0056746287809943, 0.0], [-69.19843359693286, -3.0000814580927937, 0.0], [-69.19420752525704, -2.9958610692328946, 0.0], [-69.18689533645059, -2.99057155013692, 0.0], [-69.18226458604178, -2.9868054672984456, 0.0], [-69.18015620734303, -2.981464331613516, 0.0], [-69.18060162446534, -2.9773781449853445, 0.0], [-69.18201435597764, -2.971454738745173, 0.0], [-69.18509678858591, -2.968314142483628, 0.0], [-69.18811091138943, -2.9670196862094613, 0.0], [-69.19724072537915, -2.967860973205262, 0.0], [-69.20437118817979, -2.9673306564844992, 0.0], [-69.21119560899012, -2.9645628705799467, 0.0], [-69.21816146887663, -2.958504658663017, 0.0], [-69.22430610294424, -2.9498791143296543, 0.0], [-69.23085773059974, -2.946766550835598, 0.0], [-69.23918669830745, -2.946574306359082, 0.0], [-69.24862311906166, -2.9479071492954603, 0.0], [-69.26604385134256, -2.9463636185860764, 0.0], [-69.27294752041169, -2.9472205070207735, 0.0], [-69.27901488113184, -2.950434058984598, 0.0], [-69.28875700483187, -2.9505494806739563, 0.0], [-69.30460253677762, -2.9438940550665293, 0.0], [-69.31815748288149, -2.9345274145085156, 0.0], [-69.32973546551926, -2.923624658151404, 0.0], [-69.34163073796817, -2.917745360060273, 0.0], [-69.35818604544961, -2.9174096755160264, 0.0], [-69.3737306993123, -2.9213197038412275, 0.0], [-69.3857125845681, -2.928530203605959, 0.0], [-69.39466963339677, -2.93530606822042, 0.0], [-69.40272465142145, -2.946170677134994, 0.0], [-69.41386741614828, -2.9547047190475197, 0.0], [-69.42429195980608, -2.960348479298837, 0.0], [-69.43344427843066, -2.9611505639473137, 0.0], [-69.44155351028618, -2.960523677125927, 0.0], [-69.44894816602503, -2.959288237961708, 0.0], [-69.45103110290303, -2.9555464943751844, 0.0], [-69.44908187452886, -2.9525765120963143, 0.0], [-69.43327871773857, -2.939420180596798, 0.0], [-69.4249618126375, -2.928136114390121, 0.0], [-69.42099907954385, -2.9172355352916526, 0.0], [-69.42348411050325, -2.9048013845761957, 0.0], [-69.42571177527812, -2.896256280103202, 0.0], [-69.43147089966226, -2.88330293458273, 0.0], [-69.43680080641208, -2.8681885064943415, 0.0], [-69.44889008960588, -2.8590733829302195, 0.0], [-69.46357994415902, -2.854707640245344, 0.0], [-69.48011951890064, -2.859765630679213, 0.0], [-69.49051085868918, -2.8693904603014886, 0.0], [-69.50262210062945, -2.890452495386299, 0.0], [-69.51606507754127, -2.9169870337245953, 0.0], [-69.52937218667704, -2.9445821587395926, 0.0], [-69.54019473070225, -2.955984327514706, 0.0], [-69.55382100563483, -2.965388488687779, 0.0], [-69.56348151765788, -2.9696563635502784, 0.0], [-69.57000453518107, -2.971946246122279, 0.0], [-69.57944494802587, -2.9717152930263424, 0.0], [-69.58569796838647, -2.9679597178665986, 0.0], [-69.58934364998939, -2.961165127568556, 0.0], [-69.59339785852433, -2.9502545677940617, 0.0], [-69.59860279098598, -2.930136524081263, 0.0], [-69.60455464188318, -2.919212654340484, 0.0], [-69.61540363586911, -2.9118787514031865, 0.0], [-69.62329293492103, -2.9104156434671324, 0.0], [-69.6314865213858, -2.9126599771761477, 0.0], [-69.64668139113321, -2.9199539601071223, 0.0], [-69.65903965525584, -2.923041221175339, 0.0], [-69.6732065018785, -2.9285387210851255, 0.0], [-69.68026956588771, -2.9302469392447605, 0.0], [-69.69026397550202, -2.928663886928774, 0.0], [-69.69525861319444, -2.9250814591419996, 0.0], [-69.69448633387722, -2.9164169058154457, 0.0], [-69.68901652948922, -2.9111440664454236, 0.0], [-69.6789208148437, -2.906354408529097, 0.0], [-69.66251996232637, -2.9003720472321817, 0.0], [-69.65810674802793, -2.894029058694038, 0.0], [-69.65607021436888, -2.885325772466416, 0.0], [-69.65912873670179, -2.8766426013749324, 0.0], [-69.66448054913795, -2.8717721618557803, 0.0], [-69.67572574394794, -2.868284919213572, 0.0], [-69.6825257121918, -2.8703977225767687, 0.0], [-69.69089598845902, -2.874905453823615, 0.0]]}}, {"id": "6", "type": "Feature", "properties": {"id_snv": 111, "Nome": "Rio Solimoes", "Codigo": "HF-132", "Sequencia_": "132", "Trecho": "Da confluencia com o Rio Negro, formador do rio Amazonas, ate a cidade de Tabatinga (AM).", "Extensao_k": 0.0, "Administra": null, "Regiao_Hid": "Amazonica", "dt_ini": "2013-01-01", "dt_fim": "2029-10-30", "Shape_Leng": 14.1118415101}, "geometry": {"type": "LineString", "coordinates": [[-59.89671902925977, -3.1258335761585556, 0.0], [-59.893174012370665, -3.1614720037299904, 0.0], [-59.89584024862849, -3.1848015723346847, 0.0], [-59.906505194559045, -3.2067980228104176, 0.0], [-59.925168849262974, -3.2154632919972315, 0.0], [-59.94449906348098, -3.2221288826417407, 0.0], [-59.97049486924277, -3.2307941509292704, 0.0], [-59.99182476020444, -3.24345877450277, 0.0], [-59.99715723361945, -3.2627889887207786, 0.0], [-59.99999010346046, -3.2792744269731458, 0.0], [-60.04319935046958, -3.2988137515533325, 0.0], [-60.08054099417146, -3.3103978873525577, 0.0], [-60.11525492317613, -3.3199467755232206, 0.0], [-60.139376062455256, -3.3197253579388644, 0.0], [-60.164470191745956, -3.3112550248994523, 0.0], [-60.19655417393599, -3.2928383950758047, 0.0], [-60.219710158996605, -3.275817454611797, 0.0], [-60.23644976274633, -3.2680041033066445, 0.0], [-60.26407097619453, -3.266607006508039, 0.0], [-60.296156871242616, -3.2735796697659225, 0.0], [-60.33465992461578, -3.2816678619821715, 0.0], [-60.36814081564606, -3.288361417045728, 0.0], [-60.40762016403933, -3.3087053398795376, 0.0], [-60.4236535508707, -3.3161149081764165, 0.0], [-60.44445212056884, -3.330552691753276, 0.0], [-60.473182711612864, -3.336345321279545, 0.0], [-60.49954303058635, -3.3299716784501143, 0.0], [-60.54586868029528, -3.3257344578789017, 0.0], [-60.58911390558226, -3.3221041582802826, 0.0], [-60.61588477945898, -3.3175880408553695, 0.0], [-60.61598885889863, -3.3175924646204535, 0.0], [-60.64798362564376, -3.322657729670432, 0.0], [-60.67811706644939, -3.337163626999704, 0.0], [-60.700439236081834, -3.3625512374496083, 0.0], [-60.715229433391556, -3.402726586462691, 0.0], [-60.7297398498142, -3.4325788380429003, 0.0], [-60.75122517869893, -3.460198537932122, 0.0], [-60.76936236308255, -3.486423473864221, 0.0], [-60.794474670369695, -3.513205890539396, 0.0], [-60.82070246524651, -3.533013142942174, 0.0], [-60.86980953278367, -3.566210826668268, 0.0], [-60.904407697457245, -3.5896444900011772, 0.0], [-60.920032633798996, -3.599687428831686, 0.0], [-60.95546639995435, -3.604427813792519, 0.0], [-60.99508479342841, -3.6035878191225237, 0.0], [-61.02521667840692, -3.59744747841836, 0.0], [-61.07041450542505, -3.588236967362114, 0.0], [-61.12258791759828, -3.585722007864298, 0.0], [-61.161332531571055, -3.5882409153858887, 0.0], [-61.22498241270815, -3.5898993416812033, 0.0], [-61.28879518894674, -3.5941092768216123, 0.0], [-61.34188499139918, -3.592959570028107, 0.0], [-61.37982940840043, -3.592677708109683, 0.0], [-61.40661455721599, -3.6038358188678856, 0.0], [-61.4503906316223, -3.6428591705143134, 0.0], [-61.48035155907712, -3.6689609640772147, 0.0], [-61.495901514443304, -3.682507998845054, 0.0], [-61.56202887043598, -3.7302125673560482, 0.0], [-61.59690620625638, -3.755878235591993, 0.0], [-61.6164377346137, -3.7731749639533163, 0.0], [-61.63066914806264, -3.8030272362179574, 0.0], [-61.638203979330086, -3.826183935340275, 0.0], [-61.64294802183372, -3.8392967288608872, 0.0], [-61.64413502800912, -3.841424777531408, 0.0], [-61.663316622963734, -3.857430404089847, 0.0], [-61.69819273930344, -3.866913885467369, 0.0], [-61.74339203851176, -3.8772335996509213, 0.0], [-61.75762221089629, -3.890624682083356, 0.0], [-61.76376137528719, -3.9051323861505907, 0.0], [-61.773528568488615, -3.9327529691741816, 0.0], [-61.78022571724302, -3.946981628898939, 0.0], [-61.789712940699545, -3.9617680841297442, 0.0], [-61.806039386008834, -3.976493333300688, 0.0], [-61.829332806363894, -3.9804583155987316, 0.0], [-61.86839281437679, -3.974596305175261, 0.0], [-61.9158222892672, -3.9603635679242757, 0.0], [-61.94372149664966, -3.945574295117602, 0.0], [-61.98976912274681, -3.9064784752013892, 0.0], [-62.00427128339303, -3.895634392413214, 0.0], [-62.0206485988537, -3.880780979958196, 0.0], [-62.07847284084886, -3.8498660399856846, 0.0], [-62.135666712948456, -3.8261464569933636, 0.0], [-62.21936460848987, -3.7854056817268145, 0.0], [-62.2567313387802, -3.763244513223597, 0.0], [-62.26881912730082, -3.7606212915393655, 0.0], [-62.2999440131057, -3.7697563260935, 0.0], [-62.34134928933823, -3.790026767121603, 0.0], [-62.39303334351396, -3.8000168815737325, 0.0], [-62.408584705419834, -3.8065559753779468, 0.0], [-62.4581391488026, -3.826281941658273, 0.0], [-62.5092522243107, -3.8376998152941724, 0.0], [-62.54665929459069, -3.849975349882463, 0.0], [-62.57921256370879, -3.8679621127612265, 0.0], [-62.60535198580541, -3.886857095578442, 0.0], [-62.63660909263544, -3.8993675294878827, 0.0], [-62.67261852562447, -3.9023724090594527, 0.0], [-62.718274139040275, -3.895649316662606, 0.0], [-62.755394397533415, -3.8910778306772897, 0.0], [-62.77861989838956, -3.889239395181896, 0.0], [-62.83035085940458, -3.896727414038871, 0.0], [-62.875019475868136, -3.9139620298237787, 0.0], [-62.89963520450108, -3.9359770971652566, 0.0], [-62.928909930348986, -3.9527147367956275, 0.0], [-62.952340226620066, -3.968973795903942, 0.0], [-62.967500959901294, -3.992041474734229, 0.0], [-62.98212473316989, -4.015374740451847, 0.0], [-63.00448448277258, -4.0350544240224195, 0.0], [-63.02398411667358, -4.049826415456671, 0.0], [-63.03953154494479, -4.059912910252507, 0.0], [-63.054363251362936, -4.062725289940126, 0.0], [-63.072931445729544, -4.065235198845286, 0.0], [-63.11524455968858, -4.047047173088515, 0.0], [-63.116177940859245, -4.0466459657386835, 0.0], [-63.138917413008144, -4.031423837540039, 0.0], [-63.13895637343787, -4.030886819970689, 0.0], [-63.1491348661811, -4.007198408379828, 0.0], [-63.149684484151614, -3.997298965374938, 0.0], [-63.14573709618996, -3.9716586957921365, 0.0], [-63.141490152148805, -3.9606587164265363, 0.0], [-63.14404239304192, -3.949655224309069, 0.0], [-63.15116072488749, -3.9387337116914125, 0.0], [-63.171148311145586, -3.9330213439597728, 0.0], [-63.197417803089095, -3.9267374165984705, 0.0], [-63.22854165647218, -3.922166382972101, 0.0], [-63.27308640121636, -3.9224485695457645, 0.0], [-63.30078397430095, -3.921018768001673, 0.0], [-63.34110864314928, -3.92154261140233, 0.0], [-63.35028066591999, -3.9190980508343145, 0.0], [-63.386277051544674, -3.9047469016481386, 0.0], [-63.4124637680884, -3.881849299005914, 0.0], [-63.435432490017355, -3.8722887718093304, 0.0], [-63.471280741113304, -3.860932137508101, 0.0], [-63.50751207911909, -3.8533294784726237, 0.0], [-63.54120502489194, -3.838193155489712, 0.0], [-63.58774861360761, -3.839046278462952, 0.0], [-63.64914179985411, -3.8578874980095392, 0.0], [-63.69026078051059, -3.868163951205318, 0.0], [-63.7081725875948, -3.870254473864833, 0.0], [-63.75165246039272, -3.867017153718656, 0.0], [-63.82589276244097, -3.8550187506147893, 0.0], [-63.887282550149486, -3.8287441604146224, 0.0], [-63.924973507621274, -3.8190328555817956, 0.0], [-63.946037078748134, -3.8087358708636643, 0.0], [-63.97779599019273, -3.7793383848585194, 0.0], [-64.00549141209898, -3.7493542728813978, 0.0], [-64.0431808856893, -3.719940493858651, 0.0], [-64.08429838156505, -3.710514474663249, 0.0], [-64.11913356346312, -3.6962346947752778, 0.0], [-64.17665560447246, -3.6647223909255544, 0.0], [-64.19844282227834, -3.645100632688049, 0.0], [-64.21428009574974, -3.6244543191114786, 0.0], [-64.22242262860136, -3.616853175433711, 0.0], [-64.26249311306664, -3.5914709465269326, 0.0], [-64.32442859680228, -3.557445281274653, 0.0], [-64.35212507271385, -3.541452781220812, 0.0], [-64.38439056057588, -3.5297430838761557, 0.0], [-64.41094488579778, -3.5140362121014803, 0.0], [-64.44263795337876, -3.4846228854377728, 0.0], [-64.45691213948362, -3.4452168623682624, 0.0], [-64.47918232920111, -3.416375330956768, 0.0], [-64.49031756300512, -3.403810595982172, 0.0], [-64.50516520181262, -3.3958142704122096, 0.0], [-64.51715777551091, -3.392672392616767, 0.0], [-64.53628907677943, -3.3915287796294393, 0.0], [-64.55542046438288, -3.3915273380162105, 0.0], [-64.57569426078145, -3.3946667849441425, 0.0], [-64.59625355775547, -3.397235123701904, 0.0], [-64.61281492846611, -3.3955206174825037, 0.0], [-64.62966169183355, -3.3918072879758654, 0.0], [-64.63879855470944, -3.384953565454616, 0.0], [-64.6408469252453, -3.3824786158953657, 0.0], [-64.6451856046319, -3.377236397541651, 0.0], [-64.64993329388635, -3.3658213387836824, 0.0], [-64.65592845163668, -3.3492593871110046, 0.0], [-64.6653502116429, -3.333839349606258, 0.0], [-64.68133933474247, -3.3167055595139416, 0.0], [-64.6959000754281, -3.290720040197627, 0.0], [-64.7041800930368, -3.2810109512942844, 0.0], [-64.7347315270383, -3.258736287449672, 0.0], [-64.75985813624395, -3.243029523593556, 0.0], [-64.77499084485157, -3.2287512293856935, 0.0], [-64.79326457060344, -3.2150437834437398, 0.0], [-64.801544545944, -3.2047636079541064, 0.0], [-64.81096589765806, -3.1839182519256894, 0.0], [-64.8118641639, -3.175378545183669, 0.0], [-64.81210725334705, -3.1730675285435694, 0.0], [-64.81778171285573, -3.164808126993414, 0.0], [-64.83180834977551, -3.154791285589255, 0.0], [-64.86551839076107, -3.136031996979014, 0.0], [-64.88919958709127, -3.115953099855652, 0.0], [-64.90800175807463, -3.091486869123692, 0.0], [-64.93307596918063, -3.071411518027091, 0.0], [-64.95972488149802, -3.06483557180416, 0.0], [-64.99598808068532, -3.054553288303609, 0.0], [-65.01968695319027, -3.038561089522638, 0.0], [-65.03767477007455, -3.0199994323279, 0.0], [-65.04167032932217, -2.9928725375375365, 0.0], [-65.04680918049921, -2.980593796866202, 0.0], [-65.06993668672871, -2.960889580689553, 0.0], [-65.0933504471654, -2.9506082648594756, 0.0], [-65.12475992972693, -2.9471793810235027, 0.0], [-65.14277352567764, -2.936369378044347, 0.0], [-65.15416841623933, -2.91462525215357, 0.0], [-65.16016393911448, -2.9029175333174706, 0.0], [-65.16501640748116, -2.8795026334397136, 0.0], [-65.1651836615966, -2.8680707717486555, 0.0], [-65.15873075971675, -2.830389694229005, 0.0], [-65.15473197280227, -2.8146851247186646, 0.0], [-65.15473072544253, -2.7981236254049335, 0.0], [-65.15444438579969, -2.7875585518856028, 0.0], [-65.15501422502643, -2.7709970094044536, 0.0], [-65.1592964242905, -2.7584327906407538, 0.0], [-65.16843309381217, -2.7490091798296845, 0.0], [-65.18385199097656, -2.7432971565385245, 0.0], [-65.20099807210329, -2.7443231319070094, 0.0], [-65.22068748094246, -2.7490052425978106, 0.0], [-65.23724945419885, -2.7552859431916445, 0.0], [-65.26437695153504, -2.7672767101520535, 0.0], [-65.28893423862412, -2.7749845233171158, 0.0], [-65.31320566091247, -2.778409211815678, 0.0], [-65.33472634574427, -2.7718820987797557, 0.0], [-65.35660700670797, -2.762415529153337, 0.0], [-65.37202558101569, -2.752420358712513, 0.0], [-65.38630183286323, -2.7404264729033656, 0.0], [-65.39458157168214, -2.7270053234368277, 0.0], [-65.3974359910781, -2.7135845822626194, 0.0], [-65.39200854295989, -2.685316224763902, 0.0], [-65.38109967211217, -2.66304186848739, 0.0], [-65.37393582377922, -2.6541302686969317, 0.0], [-65.36859073827186, -2.6419154374474374, 0.0], [-65.362021720426, -2.621642372197698, 0.0], [-65.36202019247783, -2.6013688123207714, 0.0], [-65.36858555457962, -2.5730995510034305, 0.0], [-65.37400863559002, -2.5434026600046877, 0.0], [-65.3811454062355, -2.5194165017700456, 0.0], [-65.39228033966592, -2.5028541633888324, 0.0], [-65.4057004989788, -2.497998919714348, 0.0], [-65.42626007564199, -2.504279319035305, 0.0], [-65.43911117184305, -2.526265169202148, 0.0], [-65.45424719265381, -2.555960511568287, 0.0], [-65.4708105859398, -2.5810870560227883, 0.0], [-65.49051422115433, -2.5965048991816744, 0.0], [-65.51735641306796, -2.6116366617025335, 0.0], [-65.53276203623888, -2.6218158846952235, 0.0], [-65.5510463928767, -2.636061391420043, 0.0], [-65.58895058500146, -2.6565718048448517, 0.0], [-65.59675399070413, -2.659131287079184, 0.0], [-65.61442366791788, -2.6617310265655405, 0.0], [-65.62495488376081, -2.660791208047776, 0.0], [-65.64223135039641, -2.660735904238507, 0.0], [-65.65245777610542, -2.662695187932549, 0.0], [-65.66337197813424, -2.661423330722066, 0.0], [-65.67697061779975, -2.657727617135798, 0.0], [-65.69268258513317, -2.647601883120352, 0.0], [-65.74346658611408, -2.6269053747831705, 0.0], [-65.76463611176715, -2.6033372816901448, 0.0], [-65.7957573409285, -2.563929989677284, 0.0], [-65.81088910255, -2.5370877977635686, 0.0], [-65.82981408225406, -2.511413526612891, 0.0], [-65.85543087953143, -2.4979650377562237, 0.0], [-65.87913052635272, -2.4922523903355156, 0.0], [-65.90198496423466, -2.482037466955468, 0.0], [-65.92830284959676, -2.4709951834809374, 0.0], [-65.96179801826389, -2.4619066627621677, 0.0], [-66.00000163516731, -2.4676725761284857, 0.0], [-66.04702907173427, -2.481674646267926, 0.0], [-66.0704107308705, -2.4861427794656734, 0.0], [-66.10413863778781, -2.4942342398182618, 0.0], [-66.12298487015558, -2.4993725963681968, 0.0], [-66.13212285178811, -2.507367114300827, 0.0], [-66.14297417771607, -2.5165036759038486, 0.0], [-66.15610948306615, -2.520785832899861, 0.0], [-66.17524093452145, -2.521641020716423, 0.0], [-66.18294205223387, -2.5198901567053156, 0.0], [-66.20265212569505, -2.50907505906671, 0.0], [-66.2140738709124, -2.5093597421583027, 0.0], [-66.22806610696523, -2.517639437809706, 0.0], [-66.24234420871824, -2.530202258127602, 0.0], [-66.25433787869018, -2.541623078841994, 0.0], [-66.26433287736032, -2.554757308602852, 0.0], [-66.2791821934035, -2.569033344613082, 0.0], [-66.30431091151934, -2.5813098046037055, 0.0], [-66.32686868733995, -2.57959484692455, 0.0], [-66.35542194286828, -2.5656010838229193, 0.0], [-66.39082760880709, -2.5433260548534875, 0.0], [-66.40510218251966, -2.5090598074640624, 0.0], [-66.4099532308569, -2.466799062826439, 0.0], [-66.40909470925341, -2.4416713348641608, 0.0], [-66.41607886224969, -2.4217206298031826, 0.0], [-66.42131424755445, -2.408775188424137, 0.0], [-66.43878792112564, -2.39826654646388, 0.0], [-66.480477277904, -2.399120035461223, 0.0], [-66.5141716868738, -2.40340064292527, 0.0], [-66.54700983153843, -2.4125355479771216, 0.0], [-66.57670687272397, -2.4199574315901486, 0.0], [-66.61611287420976, -2.4339460748513986, 0.0], [-66.63120725371172, -2.4508094774753033, 0.0], [-66.6229696948955, -2.484201144067434, 0.0], [-66.60669556674695, -2.5084735331269883, 0.0], [-66.59470471435105, -2.534458859089085, 0.0], [-66.58614052986157, -2.5624427277496267, 0.0], [-66.58756962184054, -2.5807173789038274, 0.0], [-66.59214009698786, -2.604417111160693, 0.0], [-66.6137481095876, -2.6501021288101256, 0.0], [-66.6480716491872, -2.6805941679864844, 0.0], [-66.69437201265822, -2.7037784079471194, 0.0], [-66.72378400562727, -2.717767803940916, 0.0], [-66.74600047344308, -2.7243510841351437, 0.0], [-66.7735080782352, -2.724153146050824, 0.0], [-66.78688866468008, -2.71290881728806, 0.0], [-66.8134426886292, -2.6932043430059593, 0.0], [-66.83171594133759, -2.6732149491105375, 0.0], [-66.85198876916631, -2.6635049563885715, 0.0], [-66.87026326923444, -2.660077062706243, 0.0], [-66.89139431919244, -2.6714971945398602, 0.0], [-66.91081329379838, -2.6986223257596933, 0.0], [-66.91465938842, -2.708566894946216, 0.0], [-66.91984461223903, -2.730565228602323, 0.0], [-66.92948757489168, -2.754444922395173, 0.0], [-66.94046468539688, -2.767941723731461, 0.0], [-66.97072375429781, -2.7765423289652347, 0.0], [-66.9981637651456, -2.7735737496287527, 0.0], [-67.02916265143513, -2.758145552575151, 0.0], [-67.04755394106145, -2.7437565841989766, 0.0], [-67.05541362184108, -2.7228420837950864, 0.0], [-67.05600466708175, -2.6928802696087786, 0.0], [-67.053630060279, -2.6743397500793478, 0.0], [-67.05022790339497, -2.6630428100775774, 0.0], [-67.04843639632259, -2.6442300459797465, 0.0], [-67.0537749662416, -2.628952107653646, 0.0], [-67.06489833528995, -2.6150086643183315, 0.0], [-67.07795048482703, -2.608333029145946, 0.0], [-67.09115147306201, -2.608480359680833, 0.0], [-67.11755409884255, -2.6173779066649985, 0.0], [-67.1312010033236, -2.6299845536442135, 0.0], [-67.14766717809778, -2.656978570904265, 0.0], [-67.15408458013918, -2.6711856792756095, 0.0], [-67.16062039411588, -2.677516723018293, 0.0], [-67.17555445597334, -2.684416703967649, 0.0], [-67.19409515536708, -2.6844153073204993, 0.0], [-67.21352553967188, -2.680854029789579, 0.0], [-67.22862253710034, -2.670937955622108, 0.0], [-67.23422243921418, -2.6623239459932293, 0.0], [-67.23814422347712, -2.636206171477582, 0.0], [-67.24006195129793, -2.6006635612743167, 0.0], [-67.24659497198031, -2.5856265081567997, 0.0], [-67.25608709494342, -2.576132955271646, 0.0], [-67.27625823552907, -2.561002225172494, 0.0], [-67.29228786139565, -2.554799593826175, 0.0], [-67.29835815570429, -2.553139303236186, 0.0], [-67.3146739710269, -2.553138074762238, 0.0], [-67.33558818094974, -2.5571412899385706, 0.0], [-67.35205291411069, -2.565001305265966, 0.0], [-67.37118774252026, -2.5759759579240793, 0.0], [-67.38807284128852, -2.5934055449299365, 0.0], [-67.39843738757534, -2.603754812634449, 0.0], [-67.41227789810651, -2.6286284470452017, 0.0], [-67.43096894526062, -2.655473970946929, 0.0], [-67.44328157868189, -2.676831928850433, 0.0], [-67.45218294598612, -2.7011566557550637, 0.0], [-67.46271496852093, -2.7131702349183584, 0.0], [-67.46510322253565, -2.7149297234279146, 0.0], [-67.48422353139078, -2.7311160111949206, 0.0], [-67.51181356624309, -2.7506929103494926, 0.0], [-67.53139292414411, -2.7557345061425167, 0.0], [-67.55097205901323, -2.7578095892411127, 0.0], [-67.57500079295218, -2.757659452821457, 0.0], [-67.60184795991542, -2.760772268125642, 0.0], [-67.6289921693531, -2.769076455913634, 0.0], [-67.64473164604858, -2.7754178526517492, 0.0], [-67.69796698848572, -2.814458890365458, 0.0], [-67.73074828520515, -2.8322554924968912, 0.0], [-67.74795501481199, -2.845010196663246, 0.0], [-67.76058021390573, -2.856244919767157, 0.0], [-67.77205265930277, -2.873589737576289, 0.0], [-67.78771075364834, -2.9044857639068624, 0.0], [-67.80551215995816, -2.935484471231277, 0.0], [-67.81945683356598, -2.962923655602232, 0.0], [-67.82604348172133, -2.97609447158257, 0.0], [-67.8336784093311, -2.9859263035560204, 0.0], [-67.84882814929958, -3.0007444688820897, 0.0], [-67.87033373721219, -3.0133367249098555, 0.0], [-67.87993855871744, -3.021777407301464, 0.0], [-67.88650505126705, -3.029961772118085, 0.0], [-67.89165836084462, -3.0388859192496653, 0.0], [-67.89189342474175, -3.0406439967230483, 0.0], [-67.90504861050498, -3.0679317262680783, 0.0], [-67.91884458930637, -3.0904761768340094, 0.0], [-67.92937648863395, -3.1008581744651167, 0.0], [-67.94287498878964, -3.1124265541421536, 0.0], [-67.9562247392802, -3.1183585722902265, 0.0], [-67.96408516919517, -3.1213811703047725, 0.0], [-67.96809160214572, -3.1291854465510838, 0.0], [-67.96852729939529, -3.1320160572951963, 0.0], [-67.9700061967285, -3.1416240749909576, 0.0], [-67.96899242426093, -3.1472218753891923, 0.0], [-67.96008456834812, -3.163004284819827, 0.0], [-67.9461432591041, -3.1802111034596194, 0.0], [-67.93724519860697, -3.1997907518417037, 0.0], [-67.92686436290003, -3.2257485126836585, 0.0], [-67.92493691250847, -3.236131449207015, 0.0], [-67.92449297477097, -3.24992576246391, 0.0], [-67.9265705831659, -3.26386821204828, 0.0], [-67.92760986850057, -3.2772174364355067, 0.0], [-67.93013272134792, -3.2947196661795886, 0.0], [-67.93547361601453, -3.310293451781341, 0.0], [-67.94600590654731, -3.325866845278611, 0.0], [-67.95861439803596, -3.336693663781496, 0.0], [-67.97671063358885, -3.343515276908491, 0.0], [-67.99599309470548, -3.3452937312206643, 0.0], [-68.00978737468758, -3.345292692503733, 0.0], [-68.02906952284023, -3.3429180299430996, 0.0], [-68.04360529654714, -3.3411370278515165, 0.0], [-68.06318354828207, -3.3314943898541927, 0.0], [-68.08157577590129, -3.3295647711971554, 0.0], [-68.11755070460129, -3.3313461671918745, 0.0], [-68.16983053085428, -3.3432040764069484, 0.0], [-68.2097305398325, -3.3488374431934176, 0.0], [-68.23806077248662, -3.349428611641123, 0.0], [-68.24929960908959, -3.3510410466069374, 0.0], [-68.26204721760494, -3.35683425529659, 0.0], [-68.28329323239669, -3.366489603412468, 0.0], [-68.3114923367019, -3.3773032612364986, 0.0], [-68.3431675068749, -3.3823224881922442, 0.0], [-68.36595729429362, -3.3742089341948756, 0.0], [-68.38333913269477, -3.365323232181403, 0.0], [-68.3987903371043, -3.3664809015722454, 0.0], [-68.42521820325747, -3.376485292762034, 0.0], [-68.45943777942996, -3.390425565087675, 0.0], [-68.4957484880023, -3.3981483888369723, 0.0], [-68.55148663739837, -3.4038474358104267, 0.0], [-68.5647799914034, -3.4021569846570543, 0.0], [-68.57261768285979, -3.396597485485543, 0.0], [-68.59733804491484, -3.3776680037752485, 0.0], [-68.61858283752787, -3.3710996784073757, 0.0], [-68.65566592704084, -3.3765047756748245, 0.0], [-68.69236372900289, -3.395043352668523, 0.0], [-68.74142323949091, -3.4243967799873687, 0.0], [-68.76298329664179, -3.436991489365724, 0.0], [-68.7893233925605, -3.4467972922611736, 0.0], [-68.82581396824001, -3.443960942043809, 0.0], [-68.8681240928526, -3.446791355836311, 0.0], [-68.9164091269796, -3.4506504978221955, 0.0], [-68.93881359716971, -3.455284144947214, 0.0], [-68.95117460782183, -3.4568283258665247, 0.0], [-68.96044539503895, -3.4583727388108088, 0.0], [-68.96456778657401, -3.459134815319466, 0.0], [-68.96901746568345, -3.457947875693854, 0.0], [-68.97203352922396, -3.4556679198385467, 0.0], [-68.98555255910325, -3.4463962306015574, 0.0], [-68.9990717922294, -3.439828487094907, 0.0], [-69.02107793739685, -3.43391520722097, 0.0], [-69.0354652627117, -3.430502635288377, 0.0], [-69.0436029410229, -3.429618605314353, 0.0], [-69.07941711051117, -3.4332557091835483, 0.0], [-69.10684360095134, -3.4432968691551338, 0.0], [-69.13774714561427, -3.46067704920646, 0.0], [-69.15481334356093, -3.471036909125992, 0.0], [-69.16648670110028, -3.4745335325964035, 0.0], [-69.19723522962214, -3.477668796777479, 0.0], [-69.22620587220321, -3.474962668392365, 0.0], [-69.27471046321729, -3.472329236704894, 0.0], [-69.29340672913717, -3.473794274586041, 0.0], [-69.30571792004594, -3.476018231456166, 0.0], [-69.32366580882992, -3.4825432050048377, 0.0], [-69.336571118862, -3.4955948850958407, 0.0], [-69.34829044884508, -3.516952887066047, 0.0], [-69.35081304628498, -3.531043628560546, 0.0], [-69.35200090231977, -3.547656005220432, 0.0], [-69.35200203096885, -3.5626368902801886, 0.0], [-69.34992654497405, -3.576876303198752, 0.0], [-69.3500758540174, -3.5899289437657202, 0.0], [-69.35141137693348, -3.5977900994334746, 0.0], [-69.3580869779316, -3.610397272516117, 0.0], [-69.36906395443793, -3.622114167135102, 0.0], [-69.38790226557705, -3.6348687489935116, 0.0], [-69.4036255158049, -3.6446570528806745, 0.0], [-69.40665210950723, -3.647335840076913, 0.0], [-69.41446882697475, -3.6592612595993756, 0.0], [-69.41846173592037, -3.669686391413819, 0.0], [-69.42376225732225, -3.679581394465771, 0.0], [-69.42796889824604, -3.6920666680421945, 0.0], [-69.42973514426151, -3.7020570900626026, 0.0], [-69.4301806135445, -3.7085833829167427, 0.0], [-69.42958805924154, -3.7185212422615166, 0.0], [-69.42469419777898, -3.7302393320794636, 0.0], [-69.41787211430662, -3.7421058936720186, 0.0], [-69.40986327017376, -3.751895986310636, 0.0], [-69.40437583817439, -3.760054306760864, 0.0], [-69.40066854761531, -3.7713273310914133, 0.0], [-69.39740628926883, -3.7833419498710086, 0.0], [-69.3950339514557, -3.7949115247470147, 0.0], [-69.39266178181569, -3.808705983694125, 0.0], [-69.39236616926321, -3.8225002861592117, 0.0], [-69.39221927400024, -3.8414859727993758, 0.0], [-69.39266569296736, -3.8606199405577613, 0.0], [-69.39251828329205, -3.8727826506986673, 0.0], [-69.3919256516475, -3.8816822301508083, 0.0], [-69.39266829650465, -3.895179803105421, 0.0], [-69.39266935770468, -3.909270734356838, 0.0], [-69.39504360657712, -3.923064836273106, 0.0], [-69.4011262521748, -3.940270145850512, 0.0], [-69.40676377562775, -3.9555472576996777, 0.0], [-69.40958290023067, -3.968006395178989, 0.0], [-69.41344067344826, -3.985360198114627, 0.0], [-69.41418265910242, -3.9901065617683784, 0.0], [-69.42070975595041, -4.000340535487247, 0.0], [-69.42886800985076, -4.004938014577654, 0.0], [-69.4675823301604, -4.02273416884681, 0.0], [-69.49220500425754, -4.03103854639172, 0.0], [-69.51297143578303, -4.042309727112205, 0.0], [-69.52320650487627, -4.050318537970078, 0.0], [-69.5269151704987, -4.057289561763845, 0.0], [-69.52721262576205, -4.067968981383316, 0.0], [-69.527213396481, -4.0782034479307185, 0.0], [-69.52439566852524, -4.08428500894594, 0.0], [-69.5197981903342, -4.092443262846203, 0.0], [-69.51534888084616, -4.098524947967931, 0.0], [-69.50941625925289, -4.103865115982295, 0.0], [-69.50185213436848, -4.110243686197158, 0.0], [-69.4925080578006, -4.116029087872043, 0.0], [-69.47975220250208, -4.117958282048981, 0.0], [-69.46862770480466, -4.116920841223823, 0.0], [-69.4496415819934, -4.110989247555672, 0.0], [-69.43035840591571, -4.099717955319328, 0.0], [-69.41152045270664, -4.091709792872642, 0.0], [-69.39564921184163, -4.086371267020326, 0.0], [-69.38571134170503, -4.085630387532348, 0.0], [-69.37963024923661, -4.089042334436201, 0.0], [-69.3735495371814, -4.097497351121824, 0.0], [-69.36984206765722, -4.106397166196153, 0.0], [-69.3691016800984, -4.122861362461862, 0.0], [-69.37444235173311, -4.135468635369186, 0.0], [-69.38349121774543, -4.148817257210581, 0.0], [-69.39476452176523, -4.15623268728865, 0.0], [-69.40470271655705, -4.161275008834551, 0.0], [-69.41478913580994, -4.164982388426409, 0.0], [-69.43036368043947, -4.1697276342228875, 0.0], [-69.4426748947305, -4.172248241463151, 0.0], [-69.45676602653093, -4.174917040788685, 0.0], [-69.46833618326825, -4.185002309808681, 0.0], [-69.47812702414282, -4.20294896832015, 0.0], [-69.49014324101776, -4.227421785686815, 0.0], [-69.49800571509171, -4.2435886831711045, 0.0], [-69.5091315761613, -4.262721846036278, 0.0], [-69.52248197416368, -4.277256748300275, 0.0], [-69.54295193428433, -4.290901160759887, 0.0], [-69.56238356954607, -4.303952348921726, 0.0], [-69.58255612926187, -4.307658968586523, 0.0], [-69.61370467083388, -4.30988150632642, 0.0], [-69.63881648709113, -4.312579787227357, 0.0], [-69.64478593682149, -4.314376281939815, 0.0], [-69.65531100579821, -4.318988175363948, 0.0], [-69.66532299356132, -4.323375246370418, 0.0], [-69.67986954114637, -4.335495512108132, 0.0], [-69.69350683367335, -4.34962675277243, 0.0], [-69.7102684303438, -4.360304932226775, 0.0], [-69.73414939847586, -4.367571087435671, 0.0], [-69.76470486144022, -4.372760181037414, 0.0], [-69.77968596953188, -4.375725564183384, 0.0], [-69.80974322876695, -4.3901500171095265, 0.0], [-69.87636813648024, -4.401809376701372, 0.0], [-69.90135247743483, -4.399667861582444, 0.0], [-69.93014395527926, -4.393957154898729, 0.0], [-69.95346267356348, -4.390387963333765, 0.0], [-69.97011890026697, -4.385153149098521, 0.0], [-69.99105815720812, -4.377062981971015, 0.0], [-70.0027175159006, -4.373969682854515, 0.0]]}}, {"id": "7", "type": "Feature", "properties": {"id_snv": 197, "Nome": "Rio Jurua", "Codigo": "HF-143", "Sequencia_": "143", "Trecho": "Da foz no rio Solimoes ate a cidade de Cruzeiro do Sul (AC).", "Extensao_k": 0.0, "Administra": null, "Regiao_Hid": "Amazonica", "dt_ini": "2013-01-01", "dt_fim": "2029-10-30", "Shape_Leng": 22.0941245235}, "geometry": {"type": "MultiLineString", "coordinates": [[[-65.74346658611408, -2.6269053747831705, 0.0], [-65.7466782009382, -2.629966622961234, 0.0], [-65.75265140803603, -2.63110437686548, 0.0], [-65.76004680841345, -2.632242130769633, 0.0], [-65.77341541678798, -2.6316732538175103, 0.0], [-65.77881974783307, -2.6291133075330464, 0.0], [-65.78706846363866, -2.621717908054997, 0.0], [-65.79161947925556, -2.61858908481841, 0.0], [-65.79617049487237, -2.6177357693902294, 0.0], [-65.79844600268086, -2.61858908481841, 0.0], [-65.79929931810895, -2.621149031102874, 0.0], [-65.79929931810895, -2.625131168868279, 0.0], [-65.79730824877662, -2.630251061437292, 0.0], [-65.79332611011183, -2.6356553924822848, 0.0], [-65.7913350407795, -2.6467484930484133, 0.0], [-65.79161947925556, -2.652437262569549, 0.0], [-65.79531717944418, -2.659832662946968, 0.0], [-65.79929931810895, -2.66324592465962, 0.0], [-65.80470364915404, -2.6666591863723568, 0.0], [-65.81409011886387, -2.667228063324387, 0.0], [-65.81750338057653, -2.6695035711328785, 0.0], [-65.81949444990896, -2.672632394369465, 0.0], [-65.8192100114329, -2.675761217606052, 0.0], [-65.80214370286957, -2.6894142644566443, 0.0], [-65.78962840992313, -2.7096093953572833, 0.0], [-65.78507739430624, -2.7135915340220507, 0.0], [-65.77227766288382, -2.717858111162883, 0.0], [-65.77000215507533, -2.720418057447347, 0.0], [-65.76886440117109, -2.7235468806839336, 0.0], [-65.76886440117109, -2.7312267195374176, 0.0], [-65.76971771659927, -2.734639981250062, 0.0], [-65.77284653983587, -2.736631050582403, 0.0], [-65.78507739430624, -2.7386221199148366, 0.0], [-65.78849065601888, -2.740328750771205, 0.0], [-65.79019728687526, -2.7443108894359725, 0.0], [-65.79105060230344, -2.7534129206696747, 0.0], [-65.78450851735411, -2.7682037205252286, 0.0], [-65.78308632497381, -2.7750302439505248, 0.0], [-65.78507739430624, -2.7804345749956028, 0.0], [-65.78763734059079, -2.78470115213635, 0.0], [-65.79389498706396, -2.7852700290884727, 0.0], [-65.8132368034357, -2.7619460749513394, 0.0], [-65.82376102615042, -2.7545506745739203, 0.0], [-65.83058754957571, -2.756257305430289, 0.0], [-65.83428524976442, -2.7599550056189983, 0.0], [-65.83570744214474, -2.763083828855585, 0.0], [-65.83485412671655, -2.7701947898575696, 0.0], [-65.83286305738412, -2.777590190235081, 0.0], [-65.83200974195593, -2.7858389060405955, 0.0], [-65.83542300366867, -2.7909587986096085, 0.0], [-65.84025845776162, -2.7960786911786286, 0.0], [-65.84822273509108, -2.794656498798318, 0.0], [-65.85675588937275, -2.787261098420899, 0.0], [-65.87126225165152, -2.7764524363308354, 0.0], [-65.87865765202903, -2.7758835593787126, 0.0], [-65.88519973697827, -2.7815723288998484, 0.0], [-65.8857686139303, -2.792665429465977, 0.0], [-65.8826397906938, -2.7983541989870275, 0.0], [-65.87240000555576, -2.80262077612786, 0.0], [-65.86614235908259, -2.807171791744757, 0.0], [-65.86329797432198, -2.8142827536461112, 0.0], [-65.85931583565721, -2.819971523167254, 0.0], [-65.8547648200404, -2.823100346403841, 0.0], [-65.84338728099821, -2.827082485068523, 0.0], [-65.8405428962377, -2.8293579928770143, 0.0], [-65.83798294995313, -2.833055693065724, 0.0], [-65.83513856519261, -2.8413044079720464, 0.0], [-65.83656075757283, -2.846993177493097, 0.0], [-65.84025845776162, -2.8509753161578644, 0.0], [-65.8487916120432, -2.8555263317747617, 0.0], [-65.85618701242062, -2.85723296263113, 0.0], [-65.86244465889388, -2.8566640856790073, 0.0], [-65.86358241279804, -2.848699808349373, 0.0], [-65.86642679755866, -2.839313339538897, 0.0], [-65.87012449774737, -2.8344778854460273, 0.0], [-65.87723545964872, -2.8313490622094406, 0.0], [-65.88519973697827, -2.832202377637536, 0.0], [-65.88690636783454, -2.8347623239220923, 0.0], [-65.88633749088243, -2.840166654967078, 0.0], [-65.88178647526561, -2.847277615969155, 0.0], [-65.87638214422054, -2.864343924532399, 0.0], [-65.87638214422054, -2.8714548864338454, 0.0], [-65.87751989812479, -2.877712532907019, 0.0], [-65.88320866764583, -2.889658948901328, 0.0], [-65.88633749088243, -2.891934456709734, 0.0], [-65.88918187564303, -2.8927877721379147, 0.0], [-65.8931640143078, -2.892218895185792, 0.0], [-65.90852369111539, -2.882263548523909, 0.0], [-65.91563465301684, -2.881979110047851, 0.0], [-65.92047010710971, -2.884539056332315, 0.0], [-65.92246117644206, -2.8876678795689017, 0.0], [-65.92445224577448, -2.8933566490900375, 0.0], [-65.92445224577448, -2.899898734039276, 0.0], [-65.92246117644206, -2.9081474498448756, 0.0], [-65.92217673796598, -2.9163961647511982, 0.0], [-65.91990123015759, -2.9229382497004366, 0.0], [-65.91620352996888, -2.927204826841269, 0.0], [-65.91307470673229, -2.928627019221487, 0.0], [-65.90767037568722, -2.928627019221487, 0.0], [-65.90368823702254, -2.927489265317327, 0.0], [-65.9031193600704, -2.924360442080655, 0.0], [-65.90425711397457, -2.9129829039378308, 0.0], [-65.90141272921404, -2.9055875035604117, 0.0], [-65.89202626040355, -2.9001831725153338, 0.0], [-65.87097781317546, -2.9004676109913987, 0.0], [-65.86500460517834, -2.9016053648956444, 0.0], [-65.86073802803752, -2.904449749656166, 0.0], [-65.85732476632487, -2.9109918346054897, 0.0], [-65.85874695870508, -2.9175339186553586, 0.0], [-65.86216022041782, -2.9203783034159727, 0.0], [-65.87467551336417, -2.921516057320126, 0.0], [-65.88491529850221, -2.918956111035662, 0.0], [-65.89117294497538, -2.9223693727483138, 0.0], [-65.89458620578866, -2.928342580745422, 0.0], [-65.8957239596929, -2.9334624733144423, 0.0], [-65.89259513735568, -2.9382979274073975, 0.0], [-65.8766665826966, -2.949675466449584, 0.0], [-65.87552882879235, -2.9547953590185116, 0.0], [-65.8766665826966, -2.9613374439678353, 0.0], [-65.88093315983743, -2.9704394752015375, 0.0], [-65.88861299869092, -2.978972629483202, 0.0], [-65.89373289036055, -2.9809636988156285, 0.0], [-65.90198160616616, -2.981248137291601, 0.0], [-65.90596374483093, -2.976697121674796, 0.0], [-65.9190479147294, -2.971577229105783, 0.0], [-65.92473668425055, -2.9678795289170736, 0.0], [-65.92701219205894, -2.961906320919958, 0.0], [-65.93469203091243, -2.951666535781925, 0.0], [-65.93895860805326, -2.949106589497461, 0.0], [-65.9446473775744, -2.948822151021403, 0.0], [-65.95175833947576, -2.9508132203537443, 0.0], [-65.95460272423628, -2.9550797974945766, 0.0], [-65.9551716011884, -2.9633285133001763, 0.0], [-65.95460272423628, -2.96588845958464, 0.0], [-65.95289609338, -2.9681639673931315, 0.0], [-65.9446473775744, -2.9732838599621516, 0.0], [-65.9432251851941, -2.9764126831987383, 0.0], [-65.9432251851941, -2.978688191007137, 0.0], [-65.9446473775744, -2.9809636988156285, 0.0], [-65.94749176233492, -2.981532575767666, 0.0], [-65.95431828576022, -2.979541506435325, 0.0], [-65.96313587851795, -2.9803948218635057, 0.0], [-65.96711801628344, -2.9835236451000924, 0.0], [-65.96882464713971, -2.98807465981762, 0.0], [-65.9665491393313, -2.993763429338756, 0.0], [-65.96285144004189, -2.9968922525753428, 0.0], [-65.96029149375742, -3.0022965836203355, 0.0], [-65.96057593223348, -3.011967491806246, 0.0], [-65.96484250937422, -3.015949630471013, 0.0], [-65.9696779625679, -3.0179406998034466, 0.0], [-65.97394453970873, -3.018225138279419, 0.0], [-65.97707336294532, -3.015949630471013, 0.0], [-65.98077106313403, -3.0096919839978398, 0.0], [-65.98731314808326, -3.003434337524581, 0.0], [-65.99214860217621, -3.003434337524581, 0.0], [-65.99413967150865, -3.0057098453330724, 0.0], [-65.99413967150865, -3.0096919839978398, 0.0], [-65.99101084827197, -3.019362892183665, 0.0], [-65.99101084827197, -3.026758292561084, 0.0], [-65.9930019176044, -3.0301715542737284, 0.0], [-66.00750827988318, -3.031024869701916, 0.0], [-66.01092154159582, -3.031878185130097, 0.0], [-66.01348148788028, -3.0350070083666836, 0.0], [-66.01376592635636, -3.038704708555393, 0.0], [-66.01149041854795, -3.044109039600471, 0.0], [-66.00580164902689, -3.05150443997789, 0.0], [-66.00466389512265, -3.0574776479750057, 0.0], [-66.00494833359872, -3.0620286626925264, 0.0], [-66.0080771568353, -3.0705618169742834, 0.0], [-66.0080771568353, -3.0745439556389655, 0.0], [-66.00551721055083, -3.0771039019234294, 0.0], [-66.00125063340991, -3.0793794097319207, 0.0], [-65.98987309436781, -3.0802327251601014, 0.0], [-65.98589095570296, -3.081654917540412, 0.0], [-65.98304657094243, -3.083361548396688, 0.0], [-65.98162437856222, -3.086205933157217, 0.0], [-65.98162437856222, -3.0904725102980493, 0.0], [-65.99470854846068, -3.1155030961909205, 0.0], [-65.99613074084098, -3.124036250472585, 0.0], [-65.99357079455652, -3.1297250199936357, 0.0], [-65.9893042174157, -3.1320005269027575, 0.0], [-65.98503764027477, -3.1320005269027575, 0.0], [-65.97508229361289, -3.1280183891372673, 0.0], [-65.96996240104387, -3.1274495121852297, 0.0], [-65.96285144004189, -3.129156143041513, 0.0], [-65.95716267052083, -3.137973734899866, 0.0], [-65.95574047814053, -3.142809188992821, 0.0], [-65.95574047814053, -3.1456535737534352, 0.0], [-65.95716267052083, -3.1493512739420595, 0.0], [-65.963420316994, -3.151057904798428, 0.0], [-65.98901977893964, -3.1499201508941823, 0.0], [-65.9930019176044, -3.1519112202265234, 0.0], [-65.99897512560152, -3.1621510053645565, 0.0], [-65.99897512560152, -3.1672708979334843, 0.0], [-65.99641517931705, -3.1721063520265247, 0.0], [-65.99186416370016, -3.1763729291672718, 0.0], [-65.98133994008614, -3.181492821736285, 0.0], [-65.97536673208894, -3.186612714305305, 0.0], [-65.9719534703763, -3.1920170453502905, 0.0], [-65.97252234732842, -3.1991280072516517, 0.0], [-65.97451341666077, -3.2065234067297865, 0.0], [-65.97849555532562, -3.211074422346684, 0.0], [-65.9870287096072, -3.21278105320296, 0.0], [-65.99556186388887, -3.2116432992988067, 0.0], [-66.0103526646437, -3.208230037586155, 0.0], [-66.01604143416485, -3.2062389682537287, 0.0], [-66.01831694197324, -3.2062389682537287, 0.0], [-66.02059244978173, -3.208798914538278, 0.0], [-66.0208768882578, -3.2139188071072056, 0.0], [-66.01746362654507, -3.2167631918677344, 0.0], [-66.0163258726409, -3.2190386996762257, 0.0], [-66.01575699568878, -3.223874153769181, 0.0], [-66.01661031111696, -3.2261496615775798, 0.0], [-66.01831694197324, -3.228140730909921, 0.0], [-66.03339218120415, -3.2287096078620436, 0.0], [-66.04164089611047, -3.2338295004310638, 0.0], [-66.04533859629909, -3.237811639095831, 0.0], [-66.04476971934706, -3.2446381625211274, 0.0], [-66.04249421153865, -3.246344793377496, 0.0], [-66.0285567271112, -3.2446381625211274, 0.0], [-66.02429014997035, -3.2449226009971923, 0.0], [-66.02144576520983, -3.2469136703295334, 0.0], [-66.01973913435356, -3.2497580550901475, 0.0], [-66.017179188069, -3.260851155656276, 0.0], [-66.01006822616765, -3.2730820101266502, 0.0], [-66.00750827988318, -3.2810462865568226, 0.0], [-66.00978378769157, -3.2861661791258356, 0.0], [-66.01205929549998, -3.2875883715061462, 0.0], [-66.01461924178453, -3.2875883715061462, 0.0], [-66.01803250349718, -3.2867350560779585, 0.0], [-66.02144576520983, -3.283321794365314, 0.0], [-66.02599678082673, -3.2804774096047, 0.0], [-66.0390809507252, -3.279055217224389, 0.0], [-66.04562303477515, -3.279055217224389, 0.0], [-66.05102736582023, -3.280192971128635, 0.0], [-66.05387175058084, -3.2821840404610683, 0.0], [-66.05529394296106, -3.2864506176019006, 0.0], [-66.05387175058084, -3.2910016332187055, 0.0], [-66.05102736582023, -3.294983771883473, 0.0], [-66.0390809507252, -3.300672541404616, 0.0], [-66.03680544291679, -3.3069301878777893, 0.0], [-66.03879651224914, -3.3114812034946794, 0.0], [-66.04391640391887, -3.315463342159454, 0.0], [-66.04960517343991, -3.317454411491795, 0.0], [-66.05244955820054, -3.320014357776344, 0.0], [-66.05557838143712, -3.3248498118692993, 0.0], [-66.05614725838925, -3.3473204514776214, 0.0], [-66.05756945076946, -3.351871466195142, 0.0], [-66.06069827400604, -3.3555691663838516, 0.0], [-66.06439597419485, -3.3567069202880973, 0.0], [-66.065533728099, -3.3621112513331752, 0.0], [-66.06496485114688, -3.3663778284739223, 0.0], [-66.06069827400604, -3.367515582378168, 0.0], [-66.05301843515265, -3.367800020854226, 0.0], [-66.04619191172728, -3.3703599671386897, 0.0], [-66.04135645763441, -3.3743421058035494, 0.0], [-66.0390809507252, -3.377755367516201, 0.0], [-66.03794319682103, -3.3805997522766376, 0.0], [-66.03708988139286, -3.387995152654142, 0.0], [-66.0382276352971, -3.3928306067470118, 0.0], [-66.0422097730626, -3.394821676079438, 0.0], [-66.05244955820054, -3.395674991507626, 0.0], [-66.05330287362872, -3.396812745411779, 0.0], [-66.05387175058084, -3.410750230738522, 0.0], [-66.05529394296106, -3.4133101770229857, 0.0], [-66.05813832772158, -3.4161545617835998, 0.0], [-66.06183602791029, -3.418430069592006, 0.0], [-66.06780923590749, -3.4309453616390684, 0.0], [-66.06837811285962, -3.4352119387799007, 0.0], [-66.06496485114688, -3.4482961086784627, 0.0], [-66.06183602791029, -3.452847124295353, 0.0], [-66.0595605201019, -3.4610958401008673, 0.0], [-66.06240490486242, -3.467922363526256, 0.0], [-66.065533728099, -3.470197871334655, 0.0], [-66.06809367438356, -3.467922363526256, 0.0], [-66.06894698981174, -3.454269316675571, 0.0], [-66.07122249762014, -3.4508560549629266, 0.0], [-66.07520463628491, -3.4485805471545206, 0.0], [-66.07947121342575, -3.4482961086784627, 0.0], [-66.08117784428202, -3.4505716164868616, 0.0], [-66.08316891361446, -3.4613802785769323, 0.0], [-66.0874354907552, -3.4710511867627503, 0.0], [-66.09511532960877, -3.4804376564726027, 0.0], [-66.09710639894111, -3.484704233613435, 0.0], [-66.101657414558, -3.489824126182448, 0.0], [-66.10592399169883, -3.4895396877063902, 0.0], [-66.10876837645937, -3.486410864469711, 0.0], [-66.10933725341148, -3.474748886951552, 0.0], [-66.11104388426786, -3.4710511867627503, 0.0], [-66.11644821441357, -3.4662157326698875, 0.0], [-66.12128366850642, -3.4662157326698875, 0.0], [-66.12555024564726, -3.469628994382532, 0.0], [-66.1266879995515, -3.4738955715233644, 0.0], [-66.13038569974022, -3.4784465871402617, 0.0], [-66.14261655421059, -3.4804376564726027, 0.0], [-66.14546093897111, -3.4815754103768484, 0.0], [-66.14659869287536, -3.484704233613435, 0.0], [-66.14659869287536, -3.487264179897899, 0.0], [-66.1335145229768, -3.491815195514789, 0.0], [-66.13266120754871, -3.4946595802754032, 0.0], [-66.13294564602468, -3.4986417180408083, 0.0], [-66.13522115383317, -3.5046149260379167, 0.0], [-66.13522115383317, -3.509734818606937, 0.0], [-66.13237676907265, -3.513716957271704, 0.0], [-66.12782575345575, -3.51485471117595, 0.0], [-66.11331939117689, -3.5057526799421623, 0.0], [-66.10819949950724, -3.5003483488971767, 0.0], [-66.10080409912982, -3.4963662102324022, 0.0], [-66.09255538332421, -3.4963662102324022, 0.0], [-66.09113319094399, -3.4983572795647433, 0.0], [-66.08914212161157, -3.5034771721337634, 0.0], [-66.0888576831355, -3.5074593107984455, 0.0], [-66.08999543703975, -3.5103036955590596, 0.0], [-66.10905281493542, -3.5159924650801955, 0.0], [-66.11218163727273, -3.5202590422209425, 0.0], [-66.11360382965294, -3.5248100578378327, 0.0], [-66.11331939117689, -3.527938881074512, 0.0], [-66.11189719969595, -3.5310677043110985, 0.0], [-66.10876837645937, -3.5339120890716202, 0.0], [-66.10421736084247, -3.534196527547593, 0.0], [-66.10051966065376, -3.5324898966913167, 0.0], [-66.0979597143693, -3.526801127170266, 0.0], [-66.09397757570453, -3.5211123576491232, 0.0], [-66.09027987551582, -3.5205434806970004, 0.0], [-66.08572885989892, -3.521681234601246, 0.0], [-66.07804902104544, -3.5384631046885175, 0.0], [-66.07179137457227, -3.549556205254646, 0.0], [-66.0715069360962, -3.5532539054433556, 0.0], [-66.07463575933279, -3.5543916593476013, 0.0], [-66.07861789799756, -3.5529694669672907, 0.0], [-66.08117784428202, -3.549556205254646, 0.0], [-66.08459110599468, -3.5481340128743355, 0.0], [-66.09170206789604, -3.5481340128743355, 0.0], [-66.09312426027634, -3.5529694669672907, 0.0], [-66.0919865063721, -3.5583737980122834, 0.0], [-66.09027987551582, -3.5623559366770507, 0.0], [-66.08942656008763, -3.573449036343902, 0.0], [-66.08089340580597, -3.5907997833832894, 0.0], [-66.08117784428202, -3.598479622236681, 0.0], [-66.08231559818627, -3.60160844547336, 0.0], [-66.08515998294679, -3.604452830233882, 0.0], [-66.08971099856369, -3.604737268709947, 0.0], [-66.09511532960877, -3.6030306378536636, 0.0], [-66.10080409912982, -3.599332937664869, 0.0], [-66.10592399169883, -3.5976263068085856, 0.0], [-66.10990613036361, -3.5976263068085856, 0.0], [-66.11303495270083, -3.5999018146169917, 0.0], [-66.11417270660507, -3.603883953281759, 0.0], [-66.11189719969595, -3.6075816534704686, 0.0], [-66.10194185303406, -3.6144081768957648, 0.0], [-66.09909746827354, -3.6186747540366895, 0.0], [-66.09852859132141, -3.6326122393633398, 0.0], [-66.1002352221777, -3.6374476934562097, 0.0], [-66.1025107299861, -3.639723201264701, 0.0], [-66.1062084301749, -3.639438762788636, 0.0], [-66.11474158355719, -3.6334655547915276, 0.0], [-66.12213698393461, -3.6300522930787906, 0.0], [-66.12555024564726, -3.6306211700309134, 0.0], [-66.12782575345575, -3.6326122393633398, 0.0], [-66.12782575345575, -3.6360255010759914, 0.0], [-66.1184392837459, -3.6468341622666856, 0.0], [-66.11701709136568, -3.6573583858807837, 0.0], [-66.11872372222196, -3.661056086069493, 0.0], [-66.1229902993628, -3.6619094014975886, 0.0], [-66.1275413149797, -3.661056086069493, 0.0], [-66.14204767725846, -3.6451275314104095, 0.0], [-66.14745200830355, -3.643989777506164, 0.0], [-66.15029639306398, -3.645980846838505, 0.0], [-66.15114970849217, -3.649109670075177, 0.0], [-66.1508652700161, -3.6522384933117635, 0.0], [-66.14944307763588, -3.65479843959632, 0.0], [-66.15001195458801, -3.6604872091173704, 0.0], [-66.16850045553156, -3.66873592492297, 0.0], [-66.18613564014764, -3.6698736788271304, 0.0], [-66.19353104052506, -3.6744246944440206, 0.0], [-66.19353104052506, -3.6809667793933443, 0.0], [-66.1787402406695, -3.68693998739046, 0.0], [-66.17561141743292, -3.690922126055227, 0.0], [-66.17447366352876, -3.696326457100305, 0.0], [-66.17475810200473, -3.698317526432646, 0.0], [-66.17674917133716, -3.701446349669233, 0.0], [-66.1787402406695, -3.7025841035734786, 0.0], [-66.18158462543012, -3.7028685420495435, 0.0], [-66.19381547900112, -3.69149100300735, 0.0], [-66.20263307175884, -3.688362179770678, 0.0], [-66.20917515670808, -3.6900688106270465, 0.0], [-66.21913050336997, -3.6949042647200017, 0.0], [-66.22368151898685, -3.701161911193175, 0.0], [-66.2233970805108, -3.7085573115706794, 0.0], [-66.22197488813057, -3.7105483809030204, 0.0], [-66.21913050336997, -3.7131083271874843, 0.0], [-66.20206419480672, -3.7131083271874843, 0.0], [-66.18898002490816, -3.7301746348515366, 0.0], [-66.18414457171458, -3.7350100889443993, 0.0], [-66.18215350238215, -3.7404144199894773, 0.0], [-66.18215350238215, -3.74581875103447, 0.0], [-66.1864200786237, -3.750654205127425, 0.0], [-66.19068665576454, -3.751791959031671, 0.0], [-66.20206419480672, -3.7421210508457605, 0.0], [-66.22055269575027, -3.7341567735162187, 0.0], [-66.2285169730798, -3.728752442471226, 0.0], [-66.23648125040935, -3.728468003995168, 0.0], [-66.24387665078677, -3.730743511803567, 0.0], [-66.2481432279276, -3.7344412119922765, 0.0], [-66.24928098183184, -3.738707789133109, 0.0], [-66.24842766640367, -3.746387627986593, 0.0], [-66.24501440469102, -3.747809820366811, 0.0], [-66.23050804241215, -3.742974366273941, 0.0], [-66.2248192728911, -3.743258804750006, 0.0], [-66.2233970805108, -3.7472409434147735, 0.0], [-66.22425039593898, -3.750654205127425, 0.0], [-66.24302333535859, -3.7677205136907546, 0.0], [-66.24387665078677, -3.7748314755920234, 0.0], [-66.24103226602615, -3.783933506825811, 0.0], [-66.24103226602615, -3.786777891586425, 0.0], [-66.24387665078677, -3.7921822217321335, 0.0], [-66.24728991249943, -3.7941732910644745, 0.0], [-66.250418735736, -3.7924666602081913, 0.0], [-66.25411643592471, -3.78649345311036, 0.0], [-66.2580985736902, -3.7842179453018687, 0.0], [-66.25952076607042, -3.7822268759695277, 0.0], [-66.26805392035209, -3.781373560541347, 0.0], [-66.2717516205408, -3.7825113144455926, 0.0], [-66.27374268987323, -3.7847868222539915, 0.0], [-66.27573375920556, -3.7901911523997, 0.0], [-66.27345825139717, -3.7936044141123517, 0.0], [-66.27032942816058, -3.7944577295405324, 0.0], [-66.2580985736902, -3.79531104496872, 0.0], [-66.25155648964025, -3.7973021143010612, 0.0], [-66.24586772011911, -3.803275322298262, 0.0], [-66.24615215859518, -3.8115240381037765, 0.0], [-66.25980520454648, -3.8223327001939325, 0.0], [-66.2672006049239, -3.8229015771460553, 0.0], [-66.27118274358877, -3.8143684228643906, 0.0], [-66.2754493207295, -3.8101018457235583, 0.0], [-66.2800003363464, -3.8109551611516537, 0.0], [-66.28312915958298, -3.8143684228643906, 0.0], [-66.28739573672382, -3.8214793847657447, 0.0], [-66.29080899843648, -3.8243237695262735, 0.0], [-66.29621332948155, -3.826030400382642, 0.0], [-66.30076434509844, -3.826030400382642, 0.0], [-66.3033242913829, -3.8240393310502085, 0.0], [-66.31356407652085, -3.8092485302953705, 0.0], [-66.32124391537432, -3.8089640918193126, 0.0], [-66.32494161556313, -3.813230668960145, 0.0], [-66.32607936946728, -3.8240393310502085, 0.0], [-66.32778600032366, -3.82745259276286, 0.0], [-66.33319033046936, -3.830865854475597, 0.0], [-66.33660359218202, -3.830581415999532, 0.0], [-66.34286123865519, -3.818350561529158, 0.0], [-66.34627450036793, -3.8143684228643906, 0.0], [-66.35480765464949, -3.810670722675681, 0.0], [-66.36106530112276, -3.8095329687714354, 0.0], [-66.36703850911987, -3.810386284199616, 0.0], [-66.378131609686, -3.813230668960145, 0.0], [-66.38126043292259, -3.8152217382925713, 0.0], [-66.38325150225502, -3.818919438481281, 0.0], [-66.38239818682683, -3.8248926464783963, 0.0], [-66.37870048663812, -3.831150292951655, 0.0], [-66.36789182454797, -3.842527831993756, 0.0], [-66.36390968588329, -3.851345424751486, 0.0], [-66.36419412435926, -3.855612001892318, 0.0], [-66.36646963216775, -3.8590252636049627, 0.0], [-66.37073620930857, -3.86243852441833, 0.0], [-66.37500278644941, -3.863007401370453, 0.0], [-66.37870048663812, -3.8613007705140845, 0.0], [-66.38808695634798, -3.848785478467022, 0.0], [-66.39889561843803, -3.8419589550417257, 0.0], [-66.4054377024879, -3.8419589550417257, 0.0], [-66.41653080305403, -3.8439500243740667, 0.0], [-66.42193513409912, -3.8521987401796665, 0.0], [-66.42136625714699, -3.856180878844441, 0.0], [-66.41965962629071, -3.8607318935619617, 0.0], [-66.41311754134138, -3.865567347654917, 0.0], [-66.40088668777038, -3.878082640601356, 0.0], [-66.39605123367743, -3.885762479454833, 0.0], [-66.39406016434508, -3.8911668104998256, 0.0], [-66.3954823567253, -3.900553280209671, 0.0], [-66.3954823567253, -3.9062420497307215, 0.0], [-66.40031781081825, -3.915912957916632, 0.0], [-66.40401551010768, -3.9170507118207922, 0.0], [-66.41027315658086, -3.9167662733448196, 0.0], [-66.42563283428782, -3.9110775038236767, 0.0], [-66.43757925028213, -3.910793065347619, 0.0], [-66.44070807351872, -3.9136374501081406, 0.0], [-66.44611240456379, -3.921601727437775, 0.0], [-66.44668128151592, -3.9250149891504194, 0.0], [-66.44582796608773, -3.930134881719347, 0.0], [-66.44269914285105, -3.937245842721424, 0.0], [-66.4355881809498, -3.944925681574908, 0.0], [-66.43018384990471, -3.953174397380508, 0.0], [-66.42819278057229, -3.960854236233992, 0.0], [-66.42904609600046, -3.9659741288029196, 0.0], [-66.43245935771311, -3.9708095828958747, 0.0], [-66.43957031961448, -3.9759294754648877, 0.0], [-66.44924122780039, -3.9844626297465524, 0.0], [-66.45066342018069, -3.988160329935262, 0.0], [-66.45066342018069, -3.9938490994563125, 0.0], [-66.45009454322857, -3.997831238121087, 0.0], [-66.4483879123722, -4.002097815261919, 0.0], [-66.44440577370743, -4.005795515450629, 0.0], [-66.41766855695828, -4.0234307000667116, 0.0], [-66.40600657944003, -4.039928131677826, 0.0], [-66.39747342605773, -4.048461285959583, 0.0], [-66.39377572586902, -4.057847755669343, 0.0], [-66.39377572586902, -4.061545455858052, 0.0], [-66.39775786453379, -4.069794171663652, 0.0], [-66.40458438705981, -4.073491871852362, 0.0], [-66.41795299543433, -4.074060748804484, 0.0], [-66.4273394651441, -4.0763362566128905, 0.0], [-66.43132160380895, -4.0763362566128905, 0.0], [-66.43644149637798, -4.072638556424181, 0.0], [-66.43900144266244, -4.066949786903038, 0.0], [-66.44355245827924, -4.062683209762298, 0.0], [-66.44895678932433, -4.060692140429865, 0.0], [-66.46204095922288, -4.060407701953807, 0.0], [-66.46488534398341, -4.063536525190479, 0.0], [-66.4634631516032, -4.065812032998885, 0.0], [-66.45180117408485, -4.073207433376304, 0.0], [-66.44895678932433, -4.078327325945317, 0.0], [-66.44269914285105, -4.094540318181096, 0.0], [-66.4392858811385, -4.100513526178204, 0.0], [-66.43274379618917, -4.107340049603593, 0.0], [-66.42762390362016, -4.108193365031688, 0.0], [-66.42136625714699, -4.103642349414791, 0.0], [-66.41425529524562, -4.0959625105613995, 0.0], [-66.4054377024879, -4.0928336873247275, 0.0], [-66.39747342605773, -4.094824756657154, 0.0], [-66.39235353348872, -4.099944649226174, 0.0], [-66.39121577958447, -4.104780103319037, 0.0], [-66.39206909501266, -4.11046887284018, 0.0], [-66.39406016434508, -4.114451011504947, 0.0], [-66.39775786453379, -4.117579834741534, 0.0], [-66.40742877182034, -4.119002027121752, 0.0], [-66.431890480761, -4.11615764236123, 0.0], [-66.44582796608773, -4.110753311316238, 0.0], [-66.4498101047525, -4.110753311316238, 0.0], [-66.45407668189334, -4.112175503696548, 0.0], [-66.45777438208205, -4.118148711693657, 0.0], [-66.45748994360599, -4.121846411882366, 0.0], [-66.45549887427356, -4.126966304451386, 0.0], [-66.45066342018069, -4.130664004640003, 0.0], [-66.44469021218349, -4.1337928278766825, 0.0], [-66.4355881809498, -4.138059405017515, 0.0], [-66.42677058819207, -4.1409037897780365, 0.0], [-66.42079738019495, -4.144032613014623, 0.0], [-66.41795299543433, -4.14716143625121, 0.0], [-66.41397085676957, -4.15484127420541, 0.0], [-66.41368641829351, -4.163374428486989, 0.0], [-66.41681524153009, -4.1653654978194155, 0.0], [-66.42250401105123, -4.165934374771538, 0.0], [-66.431890480761, -4.163943305439112, 0.0], [-66.44639684303986, -4.164512182391235, 0.0], [-66.4552144357975, -4.171054267340558, 0.0], [-66.46630753636371, -4.18328512181084, 0.0], [-66.4717118674087, -4.188120575903795, 0.0], [-66.47455625216922, -4.192387153044628, 0.0], [-66.47683175907835, -4.199782553422047, 0.0], [-66.48052945926706, -4.217417738937414, 0.0], [-66.48052945926706, -4.220831000650058, 0.0], [-66.47825395145865, -4.222822069982492, 0.0], [-66.47370293674113, -4.221115439126123, 0.0], [-66.46488534398341, -4.216279985033253, 0.0], [-66.45834325903408, -4.214004477224854, 0.0], [-66.45265448951304, -4.213435600272732, 0.0], [-66.45037898170463, -4.216564423509318, 0.0], [-66.44952566627644, -4.221684316078246, 0.0], [-66.4498101047525, -4.2282264001282, 0.0], [-66.45237005103697, -4.239603939170387, 0.0], [-66.45606775122567, -4.2504126012605425, 0.0], [-66.46004988989046, -4.25553249382947, 0.0], [-66.46516978245947, -4.25923019401818, 0.0], [-66.46886748264818, -4.260083509446368, 0.0], [-66.4748406906453, -4.259514632494245, 0.0], [-66.49844908325858, -4.25098147821258, 0.0], [-66.50925774534863, -4.249559285832362, 0.0], [-66.51665314572605, -4.252119232116826, 0.0], [-66.52291079219923, -4.256101370781593, 0.0], [-66.5268929308641, -4.263212332682954, 0.0], [-66.5268929308641, -4.2725988023928, 0.0], [-66.52262635372317, -4.303887033859475, 0.0], [-66.52035084591476, -4.30872248795243, 0.0], [-66.51409319944159, -4.315264572901668, 0.0], [-66.50726667601622, -4.318393396138255, 0.0], [-66.50243122192335, -4.322944411755145, 0.0], [-66.49873352173464, -4.3277798658481, 0.0], [-66.49844908325858, -4.333184196893093, 0.0], [-66.50072459106697, -4.3371663355578605, 0.0], [-66.50413785277962, -4.338019650986048, 0.0], [-66.51380876096553, -4.3272109888959776, 0.0], [-66.51779089963021, -4.326642111943855, 0.0], [-66.52148859981901, -4.328064304324165, 0.0], [-66.52632405391196, -4.335175266225519, 0.0], [-66.5291684386725, -4.345415051363467, 0.0], [-66.53258170038514, -4.353948205645132, 0.0], [-66.53571052362173, -4.357930344309899, 0.0], [-66.54310592399915, -4.3576459058338415, 0.0], [-66.55875003928288, -4.358783659737995, 0.0], [-66.56443880880394, -4.362196921450732, 0.0], [-66.57098089375317, -4.378694352162569, 0.0], [-66.57268752460955, -4.388649698824544, 0.0], [-66.57240308613348, -4.392631837489226, 0.0], [-66.56955870137296, -4.395476222249748, 0.0], [-66.56756763204052, -4.396329537677936, 0.0], [-66.56529212423213, -4.3946229068216525, 0.0], [-66.55846560080683, -4.384383121683712, 0.0], [-66.55448346214197, -4.382392052351278, 0.0], [-66.54907913199627, -4.38210761387522, 0.0], [-66.54509699333148, -4.382960929303401, 0.0], [-66.53855490838225, -4.388649698824544, 0.0], [-66.53741715447809, -4.392916275965284, 0.0], [-66.53741715447809, -4.398036168534304, 0.0], [-66.5419681700949, -4.404009376531505, 0.0], [-66.5624477394716, -4.405147130435658, 0.0], [-66.5678520705166, -4.408275953672245, 0.0], [-66.57041201680106, -4.411120338432859, 0.0], [-66.5729719630856, -4.420506808142619, 0.0], [-66.57211864765742, -4.425342262235574, 0.0], [-66.56500768575606, -4.4344442934692765, 0.0], [-66.55761228537864, -4.438710870610109, 0.0], [-66.55163907738144, -4.4409863784186, 0.0], [-66.5442436779034, -4.4409863784186, 0.0], [-66.53912378533438, -4.442693009274969, 0.0], [-66.53343501581324, -4.445821831612186, 0.0], [-66.52973731562453, -4.454639424369908, 0.0], [-66.53059063105272, -4.458906001510741, 0.0], [-66.5337194542893, -4.464879209507856, 0.0], [-66.53599496209779, -4.46630140188816, 0.0], [-66.54282148552309, -4.46630140188816, 0.0], [-66.54708806266392, -4.462319263223392, 0.0], [-66.5541990236659, -4.45805268608256, 0.0], [-66.56130998556735, -4.4563460552261915, 0.0], [-66.58776276384044, -4.457768247606495, 0.0], [-66.58918495622075, -4.459759316938836, 0.0], [-66.59032271012491, -4.465163647983914, 0.0], [-66.58975383317288, -4.468861348172624, 0.0], [-66.57638522479826, -4.485927656735868, 0.0], [-66.57069645527712, -4.4896253569246625, 0.0], [-66.56756763204052, -4.493323057113372, 0.0], [-66.56443880880394, -4.504131719203443, 0.0], [-66.56472324728, -4.507260542440029, 0.0], [-66.5669987550884, -4.511242681104797, 0.0], [-66.57069645527712, -4.513518188913203, 0.0], [-66.57354084003772, -4.513518188913203, 0.0], [-66.57723854022643, -4.5047005961555655, 0.0], [-66.58008292498697, -4.502993965299197, 0.0], [-66.5834961866996, -4.502993965299197, 0.0], [-66.58520281755598, -4.503847280727378, 0.0], [-66.59060714860097, -4.510104927200551, 0.0], [-66.60568238783186, -4.517500326678693, 0.0], [-66.61051784192482, -4.520344711439215, 0.0], [-66.61478441906566, -4.524326850103989, 0.0], [-66.61848211925437, -4.5365577045743635, 0.0], [-66.61876655773042, -4.549926312948891, 0.0], [-66.62018875011064, -4.555046205517911, 0.0], [-66.6221798185438, -4.558175028754498, 0.0], [-66.62559308025644, -4.560450536562897, 0.0], [-66.62929078044506, -4.560734975038962, 0.0], [-66.6395305655831, -4.558459467230556, 0.0], [-66.64465045815203, -4.558175028754498, 0.0], [-66.65033922767316, -4.560450536562897, 0.0], [-66.65659687414633, -4.564148236751699, 0.0], [-66.66029457433514, -4.567561498464343, 0.0], [-66.6628545206196, -4.5718280756051755, 0.0], [-66.6628545206196, -4.575525775793885, 0.0], [-66.66086345128717, -4.578654599030472, 0.0], [-66.64635708900839, -4.587756630264174, 0.0], [-66.63668618082257, -4.61051170744927, 0.0], [-66.63896168863097, -4.6184759847788115, 0.0], [-66.64209051186756, -4.622458123443586, 0.0], [-66.64493489662809, -4.6238803158238895, 0.0], [-66.65062366614923, -4.624164754299862, 0.0], [-66.67224099032936, -4.622458123443586, 0.0], [-66.67821419832656, -4.627578016012599, 0.0], [-66.6793519522308, -4.631844593153431, 0.0], [-66.6793519522308, -4.636111170294178, 0.0], [-66.67110323642511, -4.645213201527966, 0.0], [-66.66598334385618, -4.648342024764553, 0.0], [-66.66228564366747, -4.652608601905385, 0.0], [-66.65944125890695, -4.657728494474398, 0.0], [-66.65375248938581, -4.665408332428598, 0.0], [-66.64891703529294, -4.667968278713062, 0.0], [-66.64521933510414, -4.671097101949648, 0.0], [-66.64351270424787, -4.674225925186235, 0.0], [-66.64379714272393, -4.67906137927919, 0.0], [-66.64863259681688, -4.684181271848118, 0.0], [-66.654605804814, -4.68844784898895, 0.0], [-66.65716575109846, -4.692145549177752, 0.0], [-66.66399227452385, -4.698687634126898, 0.0], [-66.66740553623649, -4.699256511079021, 0.0], [-66.67394762118573, -4.696981003270615, 0.0], [-66.67906751375475, -4.692714426129875, 0.0], [-66.70096927551165, -4.684181271848118, 0.0], [-66.70722692198483, -4.679630256231313, 0.0], [-66.7166133916946, -4.678492502327067, 0.0], [-66.72372435359604, -4.67906137927919, 0.0], [-66.72827536921294, -4.6833279564200225, 0.0], [-66.73055087702133, -4.689585602893196, 0.0], [-66.73168863092549, -4.699540949555079, 0.0], [-66.73481745416208, -4.703238649743881, 0.0], [-66.74391948539586, -4.710065173169177, 0.0], [-66.74704830863246, -4.7134784348818215, 0.0], [-66.74676387015639, -4.717745012022654, 0.0], [-66.744488362348, -4.723433781543704, 0.0], [-66.74107510063534, -4.727131481732414, 0.0], [-66.73936846977907, -4.733104689729615, 0.0], [-66.74249729301565, -4.7507398743456974, 0.0], [-66.74050622368321, -4.756144205390775, 0.0], [-66.72770649226081, -4.7658151135766005, 0.0], [-66.7248621075002, -4.7729260754779546, 0.0], [-66.72514654597626, -4.778614844999005, 0.0], [-66.72742205378475, -4.781459229759619, 0.0], [-66.72969756159316, -4.782312545187807, 0.0], [-66.7353863311142, -4.782312545187807, 0.0], [-66.74790162406063, -4.76951281376531, 0.0], [-66.75586590139018, -4.765246236624478, 0.0], [-66.76695900195631, -4.763255167292044, 0.0], [-66.77435440143445, -4.766099552052658, 0.0], [-66.78032760943155, -4.76951281376531, 0.0], [-66.78402530962026, -4.772357198525832, 0.0], [-66.78544750200058, -4.775770460238483, 0.0], [-66.78630081742875, -4.779468160427193, 0.0], [-66.78630081742875, -4.784303614520148, 0.0], [-66.7837408711442, -4.789139068613011, 0.0], [-66.78032760943155, -4.79226789184969, 0.0], [-66.77293220905413, -4.79681890746658, 0.0], [-66.76639012500428, -4.799378853751044, 0.0], [-66.75927916310283, -4.807058692604528, 0.0], [-66.75899472462676, -4.8121785842741716, 0.0], [-66.76127023243525, -4.829529331313566, 0.0], [-66.76809675496118, -4.838346924071203, 0.0], [-66.77236333210202, -4.8403379934036295, 0.0], [-66.78260311723996, -4.84176018578394, 0.0], [-66.78630081742875, -4.8403379934036295, 0.0], [-66.78914520218929, -4.838346924071203, 0.0], [-66.78857632523716, -4.824125000268488, 0.0], [-66.79170514847384, -4.821565053984024, 0.0], [-66.79682504104277, -4.820996177031901, 0.0], [-66.80308268751602, -4.8232716848403, 0.0], [-66.82185562693554, -4.8275382619811325, 0.0], [-66.83749974311857, -4.83294259302621, 0.0], [-66.85029947364178, -4.838346924071203, 0.0], [-66.85143722754603, -4.8426135012120355, 0.0], [-66.8303887812173, -4.8628086330119515, 0.0], [-66.82014899607927, -4.865937456248538, 0.0], [-66.80649594922868, -4.863093071488009, 0.0], [-66.80137605665966, -4.863093071488009, 0.0], [-66.79597172561458, -4.864799702344293, 0.0], [-66.792842902378, -4.869350717961183, 0.0], [-66.79028295609353, -4.874755049006261, 0.0], [-66.79028295609353, -4.878737187671035, 0.0], [-66.79454953323427, -4.884425956292802, 0.0], [-66.81417578808215, -4.895234618382872, 0.0], [-66.81844236522299, -4.8997856339997625, 0.0], [-66.82356225779192, -4.900354510951885, 0.0], [-66.83380204292986, -4.898363441619459, 0.0], [-66.83778418159463, -4.899501195523705, 0.0], [-66.83920637397493, -4.902630018760291, 0.0], [-66.83920637397493, -4.906896595901124, 0.0], [-66.83465535835805, -4.909172103709615, 0.0], [-66.82498445017222, -4.912300926946202, 0.0], [-66.81986455760321, -4.915145311706723, 0.0], [-66.81730461131875, -4.92197183513202, 0.0], [-66.81730461131875, -4.926238412272852, 0.0], [-66.81868096255634, -4.929157710559785, 0.0], [-66.82165528856068, -4.932726901225472, 0.0], [-66.82581934568618, -4.935998660909448, 0.0], [-66.8393525299952, -4.943434475920284, 0.0], [-66.86805477800553, -4.950572859050126, 0.0], [-66.8704342393486, -4.953547185054461, 0.0], [-66.87236755152126, -4.960239419913272, 0.0], [-66.87192140235076, -4.963511178697878, 0.0], [-66.87058295573874, -4.9652957744803174, 0.0], [-66.86627018222309, -4.967377802143837, 0.0], [-66.85615747308891, -4.970649561827813, 0.0], [-66.85422416091625, -4.972731589491239, 0.0], [-66.85273699791408, -4.975854632784994, 0.0], [-66.85288571430421, -4.978382809618921, 0.0], [-66.85496774286702, -4.98120841923312, 0.0], [-66.86240355877722, -4.985521192748855, 0.0], [-66.8655266011717, -4.98923910070387, 0.0], [-66.86701376417386, -5.004854313575677, 0.0], [-66.86954194190706, -5.007828639580012, 0.0], [-66.8725162679114, -5.008869654311056, 0.0], [-66.88129053043363, -5.004854313575677, 0.0], [-66.88500843838865, -5.00455688079532, 0.0], [-66.88887506183461, -5.005151746355949, 0.0], [-66.89184938873822, -5.007679923189876, 0.0], [-66.89541858030319, -5.0122901294858835, 0.0], [-66.9003262184801, -5.027161760406926, 0.0], [-66.90212179048815, -5.0377575340829, 0.0], [-66.90104175147562, -5.042077690133219, 0.0], [-66.8975316246847, -5.046667855936761, 0.0], [-66.89267144912803, -5.049367953468185, 0.0], [-66.88673123365945, -5.05125802174021, 0.0], [-66.88241107760913, -5.055038158284354, 0.0], [-66.87863094106498, -5.063678471284362, 0.0], [-66.88025099958396, -5.070698724866197, 0.0], [-66.88322110686853, -5.074478861410249, 0.0], [-66.88619121415319, -5.076368929682275, 0.0], [-66.89132140036227, -5.077988988201163, 0.0], [-66.89888167345046, -5.077178958941765, 0.0], [-66.90617193678543, -5.074478861410249, 0.0], [-66.91157213184837, -5.073398822397714, 0.0], [-66.91481224888616, -5.073398822397714, 0.0], [-66.91859238543022, -5.074478861410249, 0.0], [-66.92264253172739, -5.077178958941765, 0.0], [-66.92777271793658, -5.079069027213791, 0.0], [-66.93344292275265, -5.077448968694895, 0.0], [-66.9380330885562, -5.074748871163379, 0.0], [-66.94019316658127, -5.071778763878818, 0.0], [-66.94100319584075, -5.05719823630951, 0.0], [-66.94316327386592, -5.047477885196159, 0.0], [-66.94694341041006, -5.042347699886442, 0.0], [-66.95072354695411, -5.0396476023549255, 0.0], [-66.95369365423866, -5.0404576316143235, 0.0], [-66.95666376152332, -5.042887719392709, 0.0], [-66.95855382979543, -5.0472078754430285, 0.0], [-66.95963386880797, -5.056388207050112, 0.0], [-66.9623339663394, -5.059898333840941, 0.0], [-66.96665412328909, -5.062328422518604, 0.0], [-66.97394438662414, -5.063678471284362, 0.0], [-66.98501478650316, -5.063408461531225, 0.0], [-66.9912250108255, -5.069888695606792, 0.0], [-66.99311507909762, -5.073668832150844, 0.0], [-66.99554516687591, -5.076098919929137, 0.0], [-66.99986532292624, -5.077178958941765, 0.0], [-67.00337545061652, -5.077448968694895, 0.0], [-67.0106657139515, -5.076368929682275, 0.0], [-67.0166059285207, -5.0742088516571116, 0.0], [-67.02119609432424, -5.073668832150844, 0.0], [-67.02443621136203, -5.074748871163379, 0.0], [-67.02632627963405, -5.076638939435405, 0.0], [-67.02713630889346, -5.079069027213791, 0.0], [-67.02605626988093, -5.0855492612893585, 0.0], [-67.02389619185575, -5.090679446599168, 0.0], [-67.02227613333687, -5.097429690427781, 0.0], [-67.02281615284313, -5.103639915649495, 0.0], [-67.02389619185575, -5.107420052193632, 0.0], [-67.02794633815294, -5.112550237503356, 0.0], [-67.03064643568446, -5.114170296022245, 0.0], [-67.03415656247537, -5.114980325281735, 0.0], [-67.03631664050054, -5.114710315528605, 0.0], [-67.0376666892662, -5.113090257009709, 0.0], [-67.04225685596903, -5.101749847377469, 0.0], [-67.04765705103206, -5.096619661168376, 0.0], [-67.05278723634179, -5.09472959289635, 0.0], [-67.0571073923922, -5.09472959289635, 0.0], [-67.062237577702, -5.097159680674643, 0.0], [-67.06736776301182, -5.102289866883737, 0.0], [-67.06952784103697, -5.106340013181011, 0.0], [-67.07411800684051, -5.1103901594782855, 0.0], [-67.07627808486568, -5.110660169231416, 0.0], [-67.07924819304961, -5.109580130218795, 0.0], [-67.0851884076189, -5.092839524624324, 0.0], [-67.09139863194125, -5.082579154004705, 0.0], [-67.092748680707, -5.078529007707523, 0.0], [-67.09382871971962, -5.071508754125688, 0.0], [-67.09760885626368, -5.06502852005012, 0.0], [-67.10300905132662, -5.061788402112967, 0.0], [-67.10678918787067, -5.0615183923598295, 0.0], [-67.10813923663643, -5.063408461531225, 0.0], [-67.10813923663643, -5.080689085732679, 0.0], [-67.11029931466159, -5.085279251536136, 0.0], [-67.11353943169938, -5.08851936857392, 0.0], [-67.11839960815533, -5.090949456352298, 0.0], [-67.12730993000919, -5.089869417339678, 0.0], [-67.1408104176666, -5.072858802891446, 0.0], [-67.14405053470438, -5.071778763878818, 0.0], [-67.14972073952046, -5.07123874437255, 0.0], [-67.15269084680511, -5.073398822397714, 0.0], [-67.1705114914122, -5.096889670921513, 0.0], [-67.17024148165898, -5.100669808364934, 0.0], [-67.16619133536179, -5.10255987663696, 0.0], [-67.1594410915331, -5.102289866883737, 0.0], [-67.1499907492736, -5.103369905896358, 0.0], [-67.13190009581274, -5.112820247256579, 0.0], [-67.11677954963645, -5.125240695901354, 0.0], [-67.11407945120564, -5.130100871458033, 0.0], [-67.11272940243988, -5.13496104701462, 0.0], [-67.11272940243988, -5.143061340508446, 0.0], [-67.11866961790847, -5.148731545324523, 0.0], [-67.12352979346514, -5.149541574583928, 0.0], [-67.12730993000919, -5.149271564830791, 0.0], [-67.14135043717286, -5.132800968989457, 0.0], [-67.15269084680511, -5.122270588616708, 0.0], [-67.16349123783037, -5.114710315528605, 0.0], [-67.16997147190584, -5.111740208243951, 0.0], [-67.1780717645003, -5.1120102179970885, 0.0], [-67.18077186203173, -5.114980325281735, 0.0], [-67.18293194005697, -5.119570491085277, 0.0], [-67.18617205709477, -5.129830861704896, 0.0], [-67.18860214487306, -5.145221418533609, 0.0], [-67.1888721546262, -5.156831837918986, 0.0], [-67.1880621253667, -5.162502042734971, 0.0], [-67.1856320375884, -5.169252286563761, 0.0], [-67.18482200832901, -5.174112462120348, 0.0], [-67.18509201808214, -5.177892599563769, 0.0], [-67.18833213511984, -5.181942745860958, 0.0], [-67.19130224240449, -5.184102823886207, 0.0], [-67.19454236034164, -5.184372833639337, 0.0], [-67.19859250663882, -5.1805926970952, 0.0], [-67.2058827699738, -5.171682374342055, 0.0], [-67.21533311133392, -5.170872345082657, 0.0], [-67.21803320886544, -5.1722223938483225, 0.0], [-67.22181334540957, -5.177892599563769, 0.0], [-67.22478345269414, -5.185992892158232, 0.0], [-67.22856358923819, -5.193013145740068, 0.0], [-67.23288374618788, -5.1970632920372495, 0.0], [-67.23531383396626, -5.198683350556145, 0.0], [-67.25367449718026, -5.197873321296655, 0.0], [-67.26231480928098, -5.205163584631713, 0.0], [-67.26366485804674, -5.208403701669496, 0.0], [-67.264204877553, -5.212993867472946, 0.0], [-67.26258481903412, -5.217584034175772, 0.0], [-67.25772464347753, -5.221634180473046, 0.0], [-67.2407140290292, -5.225954336523365, 0.0], [-67.2339637852005, -5.2362147071429845, 0.0], [-67.2347738144599, -5.24350497047795, 0.0], [-67.23774392174455, -5.249715194800295, 0.0], [-67.2407140290292, -5.251335253319191, 0.0], [-67.26150478002158, -5.251065243566053, 0.0], [-67.26663496533129, -5.251875272825544, 0.0], [-67.274465249072, -5.25754547854099, 0.0], [-67.27635531734401, -5.2610556053319115, 0.0], [-67.27662532709715, -5.270775956445171, 0.0], [-67.274465249072, -5.274286083236092, 0.0], [-67.27041510277472, -5.276446161261248, 0.0], [-67.26663496533129, -5.276986180767608, 0.0], [-67.2617747897747, -5.2748261027423595, 0.0], [-67.25502454594601, -5.269425907679505, 0.0], [-67.2447641753264, -5.263755702863335, 0.0], [-67.23828394125091, -5.257815488294128, 0.0], [-67.23423379495364, -5.257005459034637, 0.0], [-67.22991363800395, -5.258085498047258, 0.0], [-67.22802356973192, -5.2597055565661535, 0.0], [-67.22802356973192, -5.262945673603937, 0.0], [-67.22991363800395, -5.268345868666877, 0.0], [-67.23693389248515, -5.275366122248627, 0.0], [-67.2407140290292, -5.280496307558522, 0.0], [-67.24368413631376, -5.286706531880867, 0.0], [-67.24422415582012, -5.292376737596314, 0.0], [-67.242334087548, -5.297236913152993, 0.0], [-67.23720390223829, -5.303447137475338, 0.0], [-67.22991363800395, -5.306687254513122, 0.0], [-67.22289338442211, -5.30830731303201, 0.0], [-67.20561276022066, -5.3056072155005864, 0.0], [-67.19751246762628, -5.305067195994226, 0.0], [-67.19238228141711, -5.3077672935257425, 0.0], [-67.19076222289821, -5.312357459329199, 0.0], [-67.19184226191084, -5.318297673898499, 0.0], [-67.19616241886052, -5.326937985999223, 0.0], [-67.20048257491085, -5.332338181961447, 0.0], [-67.2034526821955, -5.334498259986695, 0.0], [-67.20858286750531, -5.3353082892461, 0.0], [-67.21371305281512, -5.33989845504955, 0.0], [-67.21614314059342, -5.343678591593694, 0.0], [-67.21614314059342, -5.348538767150366, 0.0], [-67.21344304306199, -5.367979470276261, 0.0], [-67.21452308207452, -5.37283964583294, 0.0], [-67.21830321861857, -5.376349772623854, 0.0], [-67.224513442941, -5.379589889661638, 0.0], [-67.22964362825081, -5.381209948180533, 0.0], [-67.23666388273202, -5.382019977439931, 0.0], [-67.24503418507952, -5.370949577560914, 0.0], [-67.25043438014247, -5.365549381598598, 0.0], [-67.26231480928098, -5.365279371845467, 0.0], [-67.26609494582503, -5.370139548301424, 0.0], [-67.27176515154048, -5.374999723858096, 0.0], [-67.27743535635655, -5.383640035958827, 0.0], [-67.2812154929006, -5.392550357812688, 0.0], [-67.28553564895101, -5.400110630900791, 0.0], [-67.2879657367293, -5.406590865875728, 0.0], [-67.28769572697617, -5.411721051185538, 0.0], [-67.29174587327336, -5.422251431558287, 0.0], [-67.29390595129861, -5.423331470570915, 0.0], [-67.29660604883003, -5.423331470570915, 0.0], [-67.30146622438671, -5.409830982913512, 0.0], [-67.30524636093077, -5.407400895135126, 0.0], [-67.31010653738672, -5.407400895135126, 0.0], [-67.32144694701896, -5.4103710024197795, 0.0], [-67.3284672006008, -5.409830982913512, 0.0], [-67.33440741517009, -5.393900406578446, 0.0], [-67.33899758097355, -5.390390279787525, 0.0], [-67.34574782570154, -5.390120270034394, 0.0], [-67.34871793298618, -5.391740328553283, 0.0], [-67.34925795249245, -5.399570611394523, 0.0], [-67.34817791347992, -5.408480934147754, 0.0], [-67.34817791347992, -5.416041207235857, 0.0], [-67.35195805002397, -5.421441402298889, 0.0], [-67.35681822558055, -5.426301577855476, 0.0], [-67.36194841089045, -5.427111607114874, 0.0], [-67.36788862545966, -5.427111607114874, 0.0], [-67.37274880101634, -5.425221538842848, 0.0], [-67.37463886928836, -5.421441402298889, 0.0], [-67.37625892780726, -5.4165812267421245, 0.0], [-67.3757189083009, -5.403620757691797, 0.0], [-67.3765289375604, -5.3976805431224975, 0.0], [-67.38030907410445, -5.385260094477715, 0.0], [-67.384359221301, -5.380669928674173, 0.0], [-67.38894938710453, -5.377699821389612, 0.0], [-67.39947976747729, -5.376079762870724, 0.0], [-67.40379992352761, -5.376079762870724, 0.0], [-67.40812007957801, -5.377699821389612, 0.0], [-67.4121702258752, -5.381479957933664, 0.0], [-67.41406029414723, -5.3847200749714474, 0.0], [-67.41487032340663, -5.389580250528034, 0.0], [-67.41190021612206, -5.396600504109962, 0.0], [-67.39731968945205, -5.4171212462484775, 0.0], [-67.393539552908, -5.4238714900771825, 0.0], [-67.393539552908, -5.429001675386992, 0.0], [-67.39461959192062, -5.434671880203069, 0.0], [-67.40568999179963, -5.4549226125884545, 0.0], [-67.40866009908429, -5.465723002714341, 0.0], [-67.41244023562834, -5.472743256296177, 0.0], [-67.41568035266612, -5.4754433538276, 0.0], [-67.4197304989633, -5.47517334407447, 0.0], [-67.42540070467875, -5.472743256296177, 0.0], [-67.4291808412228, -5.466803041726962, 0.0], [-67.43053088998847, -5.458972758885729, 0.0], [-67.4283708119634, -5.454652602835317, 0.0], [-67.42540070467875, -5.4508724662912655, 0.0], [-67.42459067541927, -5.448172368759749, 0.0], [-67.42459067541927, -5.445472271228326, 0.0], [-67.42540070467875, -5.44385221270943, 0.0], [-67.4283708119634, -5.44304218344994, 0.0], [-67.43296097776685, -5.444662241968835, 0.0], [-67.43863118258302, -5.4487123882661095, 0.0], [-67.44808152394315, -5.453302554069559, 0.0], [-67.45105163122771, -5.4570826906136105, 0.0], [-67.45240167999347, -5.46194286617029, 0.0], [-67.44997159221518, -5.468693109998988, 0.0], [-67.4451114166585, -5.477873441605986, 0.0], [-67.44241131912699, -5.484623686334054, 0.0], [-67.44133128011445, -5.492993988681562, 0.0], [-67.44295133863334, -5.495964095966208, 0.0], [-67.44592144591799, -5.497044134978836, 0.0], [-67.4494315727089, -5.497314144731966, 0.0], [-67.45240167999347, -5.4954240764599405, 0.0], [-67.45942193447468, -5.473823295308797, 0.0], [-67.46239204175933, -5.469503139258478, 0.0], [-67.46698220756278, -5.467613070986367, 0.0], [-67.47292242213207, -5.46734306123323, 0.0], [-67.47508250015724, -5.4697731490116155, 0.0], [-67.47616253916986, -5.472743256296177, 0.0], [-67.47589252941664, -5.476523392840228, 0.0], [-67.46509213929075, -5.4832736375682956, 0.0], [-67.46266205151245, -5.485973735099812, 0.0], [-67.46185202225297, -5.491643939915804, 0.0], [-67.46374209052509, -5.49434403744732, 0.0], [-67.47832261719493, -5.49515406670681, 0.0], [-67.48183274398593, -5.497314144731966, 0.0], [-67.48777295855515, -5.515134788439688, 0.0], [-67.49101307559293, -5.5178348859712045, 0.0], [-67.49614326090274, -5.520264974648782, 0.0], [-67.50208347637133, -5.520264974648782, 0.0], [-67.50829370069367, -5.523235081933429, 0.0], [-67.51342388600348, -5.52701521847748, 0.0], [-67.52098415909167, -5.535655530578211, 0.0], [-67.52692437366088, -5.538895647615995, 0.0], [-67.53340460773644, -5.539435667122262, 0.0], [-67.5382647841924, -5.538085618356504, 0.0], [-67.54150490123018, -5.533495452553048, 0.0], [-67.54582505728051, -5.523505091686566, 0.0], [-67.5517652718498, -5.5164848372054465, 0.0], [-67.55797549617215, -5.51297471041444, 0.0], [-67.56985592531066, -5.510814632389284, 0.0], [-67.57849623831076, -5.511894671401905, 0.0], [-67.586326521152, -5.515404798192826, 0.0], [-67.59064667720232, -5.519454945389377, 0.0], [-67.59280675522747, -5.524315120946056, 0.0], [-67.59226673572121, -5.530525345268401, 0.0], [-67.59415680399323, -5.5407857158880205, 0.0], [-67.59172671621494, -5.544295842678935, 0.0], [-67.58740656016462, -5.547265949963588, 0.0], [-67.5803863065827, -5.545645891444693, 0.0], [-67.57444609201349, -5.542675784160046, 0.0], [-67.57120597407642, -5.542675784160046, 0.0], [-67.56877588629804, -5.546185910951053, 0.0], [-67.5763361602855, -5.558336350741975, 0.0], [-67.57741619929814, -5.564816584817457, 0.0], [-67.57444609201349, -5.578047062721723, 0.0], [-67.57498611151975, -5.584797306550428, 0.0], [-67.5779562188044, -5.591817560132263, 0.0], [-67.57903625781702, -5.597217756094487, 0.0], [-67.58092632608906, -5.600457873132271, 0.0], [-67.58362642362049, -5.602617951157427, 0.0], [-67.58794657967088, -5.603427980416917, 0.0], [-67.59253674547435, -5.602887960910564, 0.0], [-67.59658689177162, -5.5993778341197356, 0.0], [-67.59712691127788, -5.579397111487481, 0.0], [-67.60036702831567, -5.570216779880489, 0.0], [-67.60414716485973, -5.564006555558052, 0.0], [-67.608197311157, -5.560766438520268, 0.0], [-67.61575758514438, -5.55995640926087, 0.0], [-67.62034775094791, -5.561846477532896, 0.0], [-67.6235878679857, -5.564276565311189, 0.0], [-67.6252079265046, -5.567516682348973, 0.0], [-67.62547793625772, -5.57048678963362, 0.0], [-67.6235878679857, -5.576967023709102, 0.0], [-67.62034775094791, -5.583987277291023, 0.0], [-67.61980773144157, -5.5888474528476095, 0.0], [-67.6235878679857, -5.598297795107108, 0.0], [-67.63141815082695, -5.603157970663787, 0.0], [-67.64518864823748, -5.606668097454701, 0.0], [-67.65193889296555, -5.606398087701571, 0.0], [-67.65841912704103, -5.604508019429453, 0.0], [-67.6640893318572, -5.5993778341197356, 0.0], [-67.66462935136346, -5.589657482107015, 0.0], [-67.6616592440788, -5.58344725778467, 0.0], [-67.65868913679417, -5.5737269066714035, 0.0], [-67.66057920506618, -5.566166633583215, 0.0], [-67.66516937086973, -5.561576467779759, 0.0], [-67.67218962445156, -5.55698630107694, 0.0], [-67.6792098780334, -5.5550962328048215, 0.0], [-67.68326002433058, -5.554826223051691, 0.0], [-67.68677015112159, -5.557796331235622, 0.0], [-67.69028027881178, -5.562116487286026, 0.0], [-67.69082029831806, -5.5664366433363455, 0.0], [-67.69028027881178, -5.571836838399378, 0.0], [-67.67461971222994, -5.589387472353877, 0.0], [-67.67326966346418, -5.595867707328814, 0.0], [-67.6740796927236, -5.602347941404297, 0.0], [-67.67704980000823, -5.61071824375189, 0.0], [-67.68055992679916, -5.61611843881483, 0.0], [-67.6859601218621, -5.619358555852614, 0.0], [-67.69136031782442, -5.620168585112104, 0.0], [-67.69514045436837, -5.620168585112104, 0.0], [-67.7029707372097, -5.61530840955534, 0.0], [-67.70351075671597, -5.612068292517648, 0.0], [-67.69784055189989, -5.596137717081952, 0.0], [-67.69865058115938, -5.589657482107015, 0.0], [-67.70027063967828, -5.583987277291023, 0.0], [-67.70702088350689, -5.576697013955965, 0.0], [-67.71377112733559, -5.573996916424541, 0.0], [-67.72241143943631, -5.572916877411913, 0.0], [-67.72862166465812, -5.573456896918273, 0.0], [-67.73402185972097, -5.576427004202834, 0.0], [-67.73807200601824, -5.580207140746886, 0.0], [-67.74158213280917, -5.585067316303558, 0.0], [-67.74212215231543, -5.589927491860237, 0.0], [-67.74131212305603, -5.5942476479105565, 0.0], [-67.7205213711643, -5.609638204739355, 0.0], [-67.708910951779, -5.61611843881483, 0.0], [-67.7081009225195, -5.621518633877862, 0.0], [-67.70918096153214, -5.624218731409293, 0.0], [-67.71917132239854, -5.62988893622537, 0.0], [-67.72349147844893, -5.635019122434549, 0.0], [-67.72430150770843, -5.6385292492254635, 0.0], [-67.72430150770843, -5.642849405275783, 0.0], [-67.72214142968318, -5.6501396686107555, 0.0], [-67.71485116634821, -5.666610263552805, 0.0], [-67.71296109807619, -5.673360508280787, 0.0], [-67.71593120536075, -5.678760703343734, 0.0], [-67.71917132239854, -5.683080859394138, 0.0], [-67.72484152721469, -5.685510947172432, 0.0], [-67.73375184996785, -5.687941034950725, 0.0], [-67.74671231811898, -5.687131005691327, 0.0], [-67.74995243515676, -5.690911142235379, 0.0], [-67.75076246441616, -5.694961288532561, 0.0], [-67.74995243515676, -5.702791571373886, 0.0], [-67.74806236688474, -5.710351845361359, 0.0], [-67.74806236688474, -5.728172489069081, 0.0], [-67.75076246441616, -5.737892840182347, 0.0], [-67.75265253268819, -5.739512898701236, 0.0], [-67.7569726887385, -5.739782908454373, 0.0], [-67.75994279602315, -5.73762283042921, 0.0], [-67.7664230309981, -5.735192742650916, 0.0], [-67.77128320655468, -5.735192742650916, 0.0], [-67.78181358692743, -5.743833054751647, 0.0], [-67.79018388927503, -5.7478832019481985, 0.0], [-67.80827454363525, -5.748693231207604, 0.0], [-67.81637483622971, -5.752743377504785, 0.0], [-67.82852527512127, -5.761113679852379, 0.0], [-67.8323054116654, -5.76489381639643, 0.0], [-67.83365546043107, -5.76975399195311, 0.0], [-67.83284543117168, -5.7759642162754545, 0.0], [-67.8304153433933, -5.7819044308447545, 0.0], [-67.82312508005832, -5.7870346170539335, 0.0], [-67.8128647094388, -5.791624782857383, 0.0], [-67.8053044363506, -5.796484958414062, 0.0], [-67.80098427940091, -5.801615143723872, 0.0], [-67.79855419162261, -5.809715436318328, 0.0], [-67.79909421112889, -5.814035592368647, 0.0], [-67.80125428915404, -5.817815728912699, 0.0], [-67.80476441684434, -5.819165777678457, 0.0], [-67.81016461190728, -5.819705797184724, 0.0], [-67.81610482647649, -5.819165777678457, 0.0], [-67.82069499228002, -5.817005699653301, 0.0], [-67.8228550703052, -5.812955553356026, 0.0], [-67.82339508981154, -5.806475319280544, 0.0], [-67.82582517758983, -5.8008051144643815, 0.0], [-67.83257542141854, -5.795674929154572, 0.0], [-67.83824562623462, -5.794864899895167, 0.0], [-67.84769596849412, -5.790544743844762, 0.0], [-67.85282615380393, -5.790544743844762, 0.0], [-67.85714630985424, -5.792164802363651, 0.0], [-67.85957639763262, -5.795674929154572, 0.0], [-67.85984640738576, -5.79783500717982, 0.0], [-67.85633628059485, -5.8008051144643815, 0.0], [-67.84769596849412, -5.805665290021054, 0.0], [-67.84094572466542, -5.813765582615517, 0.0], [-67.83959567500038, -5.819975806937947, 0.0], [-67.83851563598775, -5.830776197963118, 0.0], [-67.83905565549402, -5.83563637351979, 0.0], [-67.84121573441864, -5.840496549076377, 0.0], [-67.84472586120947, -5.8453567246330564, 0.0], [-67.849316027013, -5.849136861177193, 0.0], [-67.85147610503817, -5.853457017227512, 0.0], [-67.8517461147913, -5.856697134265296, 0.0], [-67.85039606602564, -5.862097330227613, 0.0], [-67.8449958709626, -5.869927613068846, 0.0], [-67.84364582219693, -5.875057798378656, 0.0], [-67.8441858417032, -5.8791079446758445, 0.0], [-67.84634591972836, -5.885318168998275, 0.0], [-67.85903637812628, -5.897198598136789, 0.0], [-67.86065643664516, -5.901248745333341, 0.0], [-67.86227649516405, -5.903138813605281, 0.0], [-67.86227649516405, -5.906918950149333, 0.0], [-67.86092644639838, -5.907728979408823, 0.0], [-67.8568763001011, -5.907458969655686, 0.0], [-67.85039606602564, -5.9039488428647715, 0.0], [-67.83365546043107, -5.890448354307999, 0.0], [-67.82825526536813, -5.889098305542326, 0.0], [-67.82258506055206, -5.889908334801731, 0.0], [-67.82015497277368, -5.891798403073757, 0.0], [-67.81907493376114, -5.895848549371031, 0.0], [-67.82258506055206, -5.910969096446607, 0.0], [-67.82096500203316, -5.920149428053598, 0.0], [-67.82069499228002, -5.927709701141701, 0.0], [-67.818804924008, -5.934189935217269, 0.0], [-67.81556480697022, -5.937430052255053, 0.0], [-67.81070463141354, -5.939320121426448, 0.0], [-67.79909421112889, -5.939050111673318, 0.0], [-67.79423403557222, -5.940400160438983, 0.0], [-67.79207395754705, -5.942020218957879, 0.0], [-67.79072390878129, -5.946340375008283, 0.0], [-67.78991387952189, -5.953900648096386, 0.0], [-67.79099391853443, -5.963350989456515, 0.0], [-67.78775380149673, -5.976041448753797, 0.0], [-67.78694377223724, -5.982791692582502, 0.0], [-67.78856383075613, -5.987381858386044, 0.0], [-67.79126392828756, -5.991972024189494, 0.0], [-67.79423403557222, -5.99467212172101, 0.0], [-67.79909421112889, -5.995752160733545, 0.0], [-67.8053044363506, -5.995752160733545, 0.0], [-67.81340472894506, -5.993322072955252, 0.0], [-67.82015497277368, -5.992242033942631, 0.0], [-67.83257542141854, -5.984951770607658, 0.0], [-67.83770560672835, -5.9830617023356325, 0.0], [-67.8417557539249, -5.984411751101391, 0.0], [-67.84391583195007, -5.991702014436363, 0.0], [-67.83635555796259, -5.999262287524552, 0.0], [-67.83500550919683, -6.003582443574871, 0.0], [-67.83797561648149, -6.01654291262529, 0.0], [-67.83176539215906, -6.026803283244909, 0.0], [-67.82987532388702, -6.031123439295229, 0.0], [-67.82960531413389, -6.0343635563330125, 0.0], [-67.83824562623462, -6.04003376114909, 0.0], [-67.84148574417178, -6.04624398547152, 0.0], [-67.84283579293744, -6.052454210693234, 0.0], [-67.8398656847535, -6.065684688597415, 0.0], [-67.84040570515914, -6.070814873907224, 0.0], [-67.8441858417032, -6.077565117735929, 0.0], [-67.86092644639838, -6.093225684317773, 0.0], [-67.8652466024487, -6.095655772096151, 0.0], [-67.87172683652427, -6.096465801355556, 0.0], [-67.88360726656207, -6.094575733083531, 0.0], [-67.89332761767533, -6.095115752589884, 0.0], [-67.8998078517509, -6.101325976912321, 0.0], [-67.90142791026979, -6.104026074443745, 0.0], [-67.90223793952927, -6.107536201234666, 0.0], [-67.90196792977615, -6.11104632802558, 0.0], [-67.8989978224915, -6.115906503582167, 0.0], [-67.88549733483408, -6.127516922967544, 0.0], [-67.88063715927741, -6.129677001892077, 0.0], [-67.87226685603054, -6.135887226214507, 0.0], [-67.87199684627741, -6.139397353005428, 0.0], [-67.87280687553681, -6.145337567574636, 0.0], [-67.87631700232772, -6.149117704118687, 0.0], [-67.88198720804317, -6.150737762637583, 0.0], [-67.88684738359984, -6.149927733378178, 0.0], [-67.89197756890965, -6.129406992138939, 0.0], [-67.90223793952927, -6.121576708398337, 0.0], [-67.90844816385162, -6.121576708398337, 0.0], [-67.91357834916143, -6.123466776670362, 0.0], [-67.92410873043356, -6.1302170213983445, 0.0], [-67.93517913031258, -6.138587323745938, 0.0], [-67.94597952043846, -6.142907479796257, 0.0], [-67.95191973500776, -6.1464176065872635, 0.0], [-67.95677991146371, -6.150197743131315, 0.0], [-67.96353015529242, -6.1585680454789085, 0.0], [-67.97838069171549, -6.16963844625721, 0.0], [-67.98378088677843, -6.179358797370561, 0.0], [-67.98702100381622, -6.182328904655122, 0.0], [-67.99242119977853, -6.182598914408345, 0.0], [-68.00106151187926, -6.181788885148855, 0.0], [-68.00781175570788, -6.180168826629959, 0.0], [-68.00997183373312, -6.176928709592268, 0.0], [-68.01078186299252, -6.1701784657634775, 0.0], [-68.01267193126455, -6.164238250294986, 0.0], [-68.01456199953667, -6.160998133257202, 0.0], [-68.01888215558698, -6.160188103997797, 0.0], [-68.03400270266256, -6.159648084491444, 0.0], [-68.04237300501015, -6.146957626093531, 0.0], [-68.04993327809825, -6.146687616340394, 0.0], [-68.05236336587663, -6.148307674859289, 0.0], [-68.05263337562977, -6.155057918687902, 0.0], [-68.04669316106047, -6.165858308813874, 0.0], [-68.0461531415542, -6.1707184852698305, 0.0], [-68.04750319031996, -6.1761186803327774, 0.0], [-68.05074330735775, -6.179898816876829, 0.0], [-68.0553334731612, -6.182328904655122, 0.0], [-68.06397378526192, -6.184758992433501, 0.0], [-68.07774428357183, -6.187459089965017, 0.0], [-68.08368449814104, -6.187189080211887, 0.0], [-68.08881468345085, -6.1855690216929915, 0.0], [-68.0993450638236, -6.185839031446129, 0.0], [-68.10312520036766, -6.189349158237043, 0.0], [-68.10528527839281, -6.192859285027872, 0.0], [-68.10447524913342, -6.198259480090904, 0.0], [-68.1017751516019, -6.204739715065756, 0.0], [-68.10042510283623, -6.211219949141324, 0.0], [-68.10150514184876, -6.226070485564392, 0.0], [-68.09961507357674, -6.231470680627339, 0.0], [-68.09475489802006, -6.235790836677744, 0.0], [-68.08719462493195, -6.239840982974933, 0.0], [-68.08179442986902, -6.244161139924621, 0.0], [-68.07504418604032, -6.254151500791107, 0.0], [-68.07369413727456, -6.274942251783479, 0.0], [-68.07423415678082, -6.284392594042888, 0.0], [-68.0774742738187, -6.29195286713108, 0.0], [-68.08557456641307, -6.29708305244089, 0.0], [-68.090974761476, -6.296813042687756, 0.0], [-68.09367485900744, -6.2943829549093735, 0.0], [-68.09475489802006, -6.29195286713108, 0.0], [-68.0950249077732, -6.28898275984643, 0.0], [-68.09313483950118, -6.282772535523996, 0.0], [-68.08908469320399, -6.27575228104288, 0.0], [-68.08908469320399, -6.268192007954777, 0.0], [-68.09313483950118, -6.258471656841426, 0.0], [-68.09556492727955, -6.247401256962405, 0.0], [-68.09988508332987, -6.239570973221795, 0.0], [-68.10447524913342, -6.235520826924613, 0.0], [-68.11203552312088, -6.233630758652588, 0.0], [-68.11959579620898, -6.234710797665123, 0.0], [-68.13606639115105, -6.2403810024812, 0.0], [-68.13876648868246, -6.244701159430889, 0.0], [-68.1398465276951, -6.2484812959749405, 0.0], [-68.13768644966993, -6.254151500791107, 0.0], [-68.13255626436003, -6.260631734866674, 0.0], [-68.13093620584114, -6.265761920176395, 0.0], [-68.13120621559428, -6.271432124992561, 0.0], [-68.13417632287893, -6.275212261536613, 0.0], [-68.13930650818874, -6.276022290796014, 0.0], [-68.14470670415105, -6.2725121640050965, 0.0], [-68.14956687970772, -6.270352085979937, 0.0], [-68.15577710403007, -6.2695420567204465, 0.0], [-68.16036726983361, -6.270892105486205, 0.0], [-68.16522744539029, -6.278452378574308, 0.0], [-68.17170767946577, -6.284122584289754, 0.0], [-68.17332773798466, -6.287092691574404, 0.0], [-68.17440777699728, -6.295462993921998, 0.0], [-68.17251770872525, -6.299513140219183, 0.0], [-68.16900758193425, -6.301403208491209, 0.0], [-68.16468742588403, -6.3016732182444315, 0.0], [-68.15820719180836, -6.30005315972554, 0.0], [-68.15307700649865, -6.30005315972554, 0.0], [-68.150106899214, -6.303023267010101, 0.0], [-68.14038654720136, -6.3092334913325345, 0.0], [-68.12364594250617, -6.313553647382854, 0.0], [-68.12256590349364, -6.315983735161147, 0.0], [-68.12256590349364, -6.3192238530983005, 0.0], [-68.1322862546069, -6.323003989642352, 0.0], [-68.1398465276951, -6.327054135939626, 0.0], [-68.14308664473279, -6.331644301743079, 0.0], [-68.14497671390419, -6.337044496806023, 0.0], [-68.14497671390419, -6.342174682115832, 0.0], [-68.14011653744822, -6.356215189279503, 0.0], [-68.13930650818874, -6.362695424254351, 0.0], [-68.13876648868246, -6.369175658329919, 0.0], [-68.14011653744822, -6.376735931418111, 0.0], [-68.14443669349855, -6.379166019196404, 0.0], [-68.14902686020137, -6.3770059411712445, 0.0], [-68.14875685044824, -6.3697156778361865, 0.0], [-68.14740680168248, -6.362965434007574, 0.0], [-68.15307700649865, -6.35675520968514, 0.0], [-68.15982725032725, -6.355405160020101, 0.0], [-68.1644174161308, -6.3578352486976755, 0.0], [-68.16900758193425, -6.361615385241816, 0.0], [-68.17278771847839, -6.3664755607984915, 0.0], [-68.1762978452693, -6.3726857851208365, 0.0], [-68.18088801107277, -6.383486175246723, 0.0], [-68.18493815826932, -6.38699630203773, 0.0], [-68.21193913358412, -6.389426389816023, 0.0], [-68.22165948559676, -6.398066702816031, 0.0], [-68.22678967090657, -6.399686761334923, 0.0], [-68.23434994399467, -6.398336712569165, 0.0], [-68.24407029510793, -6.401306819853815, 0.0], [-68.25001050967722, -6.4050869563978665, 0.0], [-68.25244059745562, -6.411837200226568, 0.0], [-68.25244059745562, -6.418047424548913, 0.0], [-68.2405601683171, -6.42668773664964, 0.0], [-68.23813008053872, -6.430197863440558, 0.0], [-68.23651002201983, -6.436408088662272, 0.0], [-68.23624001226669, -6.44072824471268, 0.0], [-68.23921011955134, -6.443968361750464, 0.0], [-68.24326026584853, -6.444238371503598, 0.0], [-68.24947049017096, -6.439918215453279, 0.0], [-68.25244059745562, -6.435058039896603, 0.0], [-68.25676075350593, -6.433978000883979, 0.0], [-68.25892083243046, -6.43478803014338, 0.0], [-68.25838081202482, -6.440998254465814, 0.0], [-68.25892083243046, -6.4466684592818915, 0.0], [-68.26783115428432, -6.45908890792667, 0.0], [-68.27053125181575, -6.4644891029897025, 0.0], [-68.27377136885353, -6.476639542780628, 0.0], [-68.27188130058151, -6.485279854881355, 0.0], [-68.26702112502493, -6.495540225500974, 0.0], [-68.2667511152717, -6.4998603815513825, 0.0], [-68.26756114453119, -6.503910527848479, 0.0], [-68.27215131033464, -6.510930782329684, 0.0], [-68.27566143712556, -6.513090860354843, 0.0], [-68.28295170046053, -6.513360870108066, 0.0], [-68.2878118760172, -6.511740811589174, 0.0], [-68.29105199305499, -6.506610625379995, 0.0], [-68.29240204182075, -6.5031004985890775, 0.0], [-68.28727185651094, -6.486629903647113, 0.0], [-68.28457175897942, -6.482849767102973, 0.0], [-68.28403173947315, -6.474749474508602, 0.0], [-68.28835189552356, -6.473399425742844, 0.0], [-68.29186202231439, -6.474479464755468, 0.0], [-68.29510213935217, -6.47906963055901, 0.0], [-68.29861226704246, -6.486629903647113, 0.0], [-68.30212239383337, -6.489870020684897, 0.0], [-68.31022268642775, -6.490680049944299, 0.0], [-68.32237312531939, -6.489059991425407, 0.0], [-68.33128344717325, -6.484469825621865, 0.0], [-68.3361436236293, -6.480149669571546, 0.0], [-68.33776368214819, -6.459358917679893, 0.0], [-68.342893867458, -6.455848790888886, 0.0], [-68.34775404301459, -6.455848790888886, 0.0], [-68.35531431610278, -6.463139054223944, 0.0], [-68.364764657463, -6.476639542780628, 0.0], [-68.36530467696926, -6.4833897866093295, 0.0], [-68.3639546282035, -6.489600010931763, 0.0], [-68.3596344721531, -6.495810235254108, 0.0], [-68.34856407227407, -6.5031004985890775, 0.0], [-68.3461339844957, -6.508770704304524, 0.0], [-68.3461339844957, -6.519031074924143, 0.0], [-68.34829406252095, -6.522811211468195, 0.0], [-68.35855443314047, -6.525781318752845, 0.0], [-68.36341460869724, -6.525511308999711, 0.0], [-68.36935482326645, -6.522541201715061, 0.0], [-68.37475501922867, -6.51660098714585, 0.0], [-68.3817752728106, -6.503910527848479, 0.0], [-68.38582541910779, -6.485009845128221, 0.0], [-68.38528539960143, -6.478529611052654, 0.0], [-68.38204528256374, -6.463949083483346, 0.0], [-68.38258530207, -6.457738859161001, 0.0], [-68.38690545812032, -6.453418703110593, 0.0], [-68.3909556044176, -6.45179864459179, 0.0], [-68.39581577997419, -6.451258625085433, 0.0], [-68.40175599454348, -6.451528634838567, 0.0], [-68.40769620911269, -6.455308771382619, 0.0], [-68.41066631639734, -6.460708966445651, 0.0], [-68.41174635630925, -6.466109161508506, 0.0], [-68.41228637581551, -6.473669435495978, 0.0], [-68.41120633680289, -6.488519971919139, 0.0], [-68.40769620911269, -6.499050352291892, 0.0], [-68.40364606281551, -6.505260576614237, 0.0], [-68.39878588725882, -6.508230683898887, 0.0], [-68.3968958189868, -6.513360870108066, 0.0], [-68.3968958189868, -6.520381123689813, 0.0], [-68.39986592627146, -6.525781318752845, 0.0], [-68.40526612133439, -6.531721533322056, 0.0], [-68.41120633680289, -6.532261552828324, 0.0], [-68.41525648310017, -6.5311815138156994, 0.0], [-68.4174165611254, -6.528751426037406, 0.0], [-68.41228637581551, -6.514170899367468, 0.0], [-68.41282639532187, -6.506880635133129, 0.0], [-68.41417644408754, -6.500940420563918, 0.0], [-68.41714655137218, -6.49662026451351, 0.0], [-68.42119669766937, -6.495000205994618, 0.0], [-68.42686690248554, -6.4939201669820825, 0.0], [-68.43118705853585, -6.49446018648835, 0.0], [-68.44711763397156, -6.507150644886263, 0.0], [-68.45386787869963, -6.509040714057658, 0.0], [-68.45818803474995, -6.508770704304524, 0.0], [-68.46007810302197, -6.505530586367371, 0.0], [-68.46115814203459, -6.502290469329676, 0.0], [-68.45926807376257, -6.499050352291892, 0.0], [-68.45521792746538, -6.496080245007242, 0.0], [-68.44468754619326, -6.49446018648835, 0.0], [-68.43874733162406, -6.492030098710057, 0.0], [-68.43253710730161, -6.487169923153381, 0.0], [-68.42956700001706, -6.4820397378435715, 0.0], [-68.43037702927646, -6.47609952327436, 0.0], [-68.43307712680789, -6.471239347717685, 0.0], [-68.44117741940235, -6.470699328211328, 0.0], [-68.45359786894649, -6.479879659818412, 0.0], [-68.46088813228147, -6.4804196793246795, 0.0], [-68.46520828833178, -6.47906963055901, 0.0], [-68.47060848339473, -6.4715093574708185, 0.0], [-68.47411861018564, -6.469619288299423, 0.0], [-68.47600867845776, -6.470429317558914, 0.0], [-68.47951880524859, -6.475559503768004, 0.0], [-68.48248891253324, -6.477989591546386, 0.0], [-68.48599903932416, -6.477989591546386, 0.0], [-68.48815911824869, -6.47528949401487, 0.0], [-68.49544938158365, -6.462329024964543, 0.0], [-68.49814947911509, -6.460168946939294, 0.0], [-68.50543974245014, -6.459898937186161, 0.0], [-68.50948988874732, -6.461789005458186, 0.0], [-68.51083993751308, -6.464759112742836, 0.0], [-68.50975989850046, -6.480689689077813, 0.0], [-68.51056992775995, -6.485819874387623, 0.0], [-68.5127300057851, -6.4909500596974326, 0.0], [-68.51543010331662, -6.49446018648835, 0.0], [-68.51948024961372, -6.4968902742667325, 0.0], [-68.52650050409493, -6.4968902742667325, 0.0], [-68.53109066989846, -6.4939201669820825, 0.0], [-68.5329807381705, -6.490140030438031, 0.0], [-68.53244071866422, -6.486089884140757, 0.0], [-68.52812056261382, -6.478799620805788, 0.0], [-68.52812056261382, -6.471779367223952, 0.0], [-68.53028064063906, -6.465839151755372, 0.0], [-68.53622085520827, -6.462869044470811, 0.0], [-68.54675123558103, -6.46205901521132, 0.0], [-68.55593156718803, -6.46502912249597, 0.0], [-68.56322183142237, -6.468539249286888, 0.0], [-68.5686220264853, -6.4715093574708185, 0.0], [-68.57159213376987, -6.474749474508602, 0.0], [-68.57240216302935, -6.477989591546386, 0.0], [-68.57159213376987, -6.482579757349839, 0.0], [-68.5686220264853, -6.486089884140757, 0.0], [-68.56376185092863, -6.4877099426597375, 0.0], [-68.55971170373208, -6.4909500596974326, 0.0], [-68.55809164521318, -6.496350254760376, 0.0], [-68.55998171348521, -6.500130391304516, 0.0], [-68.56511189969439, -6.500940420563918, 0.0], [-68.5694320557448, -6.503370508342211, 0.0], [-68.57267217278249, -6.506340615626861, 0.0], [-68.57726233858604, -6.515250938380092, 0.0], [-68.58050245562382, -6.516870996898984, 0.0], [-68.5869826896993, -6.517141006652118, 0.0], [-68.58995279698395, -6.5144409091206015, 0.0], [-68.59319291402173, -6.509310723810792, 0.0], [-68.59508298229376, -6.501750449823319, 0.0], [-68.59697305056578, -6.497970313279268, 0.0], [-68.60615338307214, -6.4893300011786295, 0.0], [-68.60777344159104, -6.484739835375088, 0.0], [-68.60777344159104, -6.480959698830947, 0.0], [-68.60615338307214, -6.4771795622869845, 0.0], [-68.60210323677487, -6.474479464755468, 0.0], [-68.58752270920566, -6.4715093574708185, 0.0], [-68.58212251414271, -6.468539249286888, 0.0], [-68.5794224166112, -6.464759112742836, 0.0], [-68.5794224166112, -6.460168946939294, 0.0], [-68.58131248488321, -6.458278878667269, 0.0], [-68.5837425726615, -6.458008868914135, 0.0], [-68.58590265068676, -6.45908890792667, 0.0], [-68.5961630213063, -6.467999229780531, 0.0], [-68.6031832757875, -6.4690792687931555, 0.0], [-68.6234340072736, -6.463949083483346, 0.0], [-68.63315435838686, -6.462599034717677, 0.0], [-68.64152466163382, -6.463409063977078, 0.0], [-68.64638483719041, -6.465299132249104, 0.0], [-68.6488149249687, -6.466649181014862, 0.0], [-68.64692485669677, -6.471239347717685, 0.0], [-68.64557480793101, -6.479339640312144, 0.0], [-68.64557480793101, -6.484739835375088, 0.0], [-68.64665484694355, -6.489870020684897, 0.0], [-68.65205504200658, -6.4968902742667325, 0.0], [-68.65718522731639, -6.499050352291892, 0.0], [-68.66339545163873, -6.499050352291892, 0.0], [-68.66771560768915, -6.495810235254108, 0.0], [-68.6706857149737, -6.483659796362463, 0.0], [-68.67527588077725, -6.47906963055901, 0.0], [-68.68040606698634, -6.477449572040118, 0.0], [-68.68634628155554, -6.478529611052654, 0.0], [-68.68904637908706, -6.482309747596705, 0.0], [-68.6893163888402, -6.486629903647113, 0.0], [-68.69174647661858, -6.490410040191165, 0.0], [-68.69660665217516, -6.4914900792037, 0.0], [-68.69957675945982, -6.491220069450566, 0.0], [-68.70146682773183, -6.486089884140757, 0.0], [-68.70632700328852, -6.476909552533762, 0.0], [-68.71253722761095, -6.473939445249112, 0.0], [-68.7333279795026, -6.46718920052113, 0.0], [-68.7484485256789, -6.459358917679893, 0.0], [-68.75249867197608, -6.45908890792667, 0.0], [-68.75654881917264, -6.461248985951919, 0.0], [-68.75951892645729, -6.466649181014862, 0.0], [-68.76248903374184, -6.47906963055901, 0.0], [-68.76221902398872, -6.485549864634489, 0.0], [-68.75897890695093, -6.490410040191165, 0.0], [-68.75303869148244, -6.49662026451351, 0.0], [-68.75195865246981, -6.502290469329676, 0.0], [-68.75276868172931, -6.509040714057658, 0.0], [-68.7562788094195, -6.512010821342308, 0.0], [-68.76140899472922, -6.514980928626958, 0.0], [-68.77598952139925, -6.5174110164052514, 0.0], [-68.78192973596846, -6.5174110164052514, 0.0], [-68.78759994078463, -6.5136308798612, 0.0], [-68.79111006757554, -6.509580733563926, 0.0], [-68.79138007732868, -6.505530586367371, 0.0], [-68.78273976522796, -6.495540225500974, 0.0], [-68.77868961893077, -6.486629903647113, 0.0], [-68.77814959942441, -6.480689689077813, 0.0], [-68.77922963843703, -6.476369533027494, 0.0], [-68.78489984325311, -6.470969337964462, 0.0], [-68.78894998955039, -6.47015930780578, 0.0], [-68.79435018551261, -6.470969337964462, 0.0], [-68.79894035131606, -6.474209455002335, 0.0], [-68.80164044884758, -6.481769728090438, 0.0], [-68.79597024403151, -6.49662026451351, 0.0], [-68.79624025378463, -6.503910527848479, 0.0], [-68.79813032205666, -6.516330977392627, 0.0], [-68.79975038057556, -6.519031074924143, 0.0], [-68.8043405463791, -6.521191152949303, 0.0], [-68.81298085847982, -6.517141006652118, 0.0], [-68.81595096576447, -6.517141006652118, 0.0], [-68.81892107304904, -6.519031074924143, 0.0], [-68.82459127786511, -6.524701279740221, 0.0], [-68.83026148358056, -6.526051328505979, 0.0], [-68.83512165913723, -6.5263213382591125, 0.0], [-68.84052185420018, -6.525511308999711, 0.0], [-68.85240228333869, -6.518761065170921, 0.0], [-68.86158261494569, -6.516870996898984, 0.0], [-68.86941289868629, -6.519031074924143, 0.0], [-68.89857395202617, -6.530911504062566, 0.0], [-68.90073403005141, -6.534151621100349, 0.0], [-68.90154405931082, -6.539011796657025, 0.0], [-68.89668388375414, -6.546302059991994, 0.0], [-68.89668388375414, -6.548732148669657, 0.0], [-68.89965399103879, -6.551702255954307, 0.0], [-68.90883432354515, -6.546302059991994, 0.0], [-68.91801465515215, -6.536581708878732, 0.0], [-68.9234148502151, -6.53280157233468, 0.0], [-68.92908505503127, -6.5325315625814575, 0.0], [-68.93475525984734, -6.53496165035984, 0.0], [-68.93745535737877, -6.538201767397624, 0.0], [-68.93799537688513, -6.541981903941675, 0.0], [-68.93772536713199, -6.546302059991994, 0.0], [-68.93556528910673, -6.5498121876822815, 0.0], [-68.93097512330328, -6.552782294966931, 0.0], [-68.91720462589275, -6.556562431510983, 0.0], [-68.91315447959548, -6.558992519289276, 0.0], [-68.91153442107658, -6.561962626573926, 0.0], [-68.91072439181718, -6.5708729484277875, 0.0], [-68.91558456737386, -6.578703231269024, 0.0], [-68.9226048209557, -6.583023387319432, 0.0], [-68.92827502577177, -6.582213358059942, 0.0], [-68.93367522083471, -6.578703231269024, 0.0], [-68.93637531836623, -6.5751931044781955, 0.0], [-68.93961543540401, -6.564122704599086, 0.0], [-68.9412354939229, -6.553862333979467, 0.0], [-68.94582566062573, -6.543871972213701, 0.0], [-68.94798573865089, -6.535231660112974, 0.0], [-68.9514958654418, -6.528481416284272, 0.0], [-68.9574360800111, -6.5249712894933545, 0.0], [-68.96310628482709, -6.5249712894933545, 0.0], [-68.96769645063064, -6.5368517186318655, 0.0], [-68.9784968407566, -6.554942372992091, 0.0], [-68.97930687001602, -6.560882587561302, 0.0], [-68.97903686026288, -6.566012772871112, 0.0], [-68.98065691878178, -6.573033026452947, 0.0], [-68.9844370562251, -6.579243250775292, 0.0], [-68.99010726104117, -6.583833416578834, 0.0], [-68.9979375438825, -6.58437343608519, 0.0], [-69.00252770968605, -6.5835634068257, 0.0], [-69.00279771943919, -6.5814033288005405, 0.0], [-68.99469742684472, -6.577623192256489, 0.0], [-68.99280735857269, -6.574923094725062, 0.0], [-68.99118730005381, -6.5692528899088956, 0.0], [-68.99172731956007, -6.557642470523518, 0.0], [-68.98956724153491, -6.549002158422791, 0.0], [-68.98497707573146, -6.541981903941675, 0.0], [-68.9828169977063, -6.53280157233468, 0.0], [-68.98632712449712, -6.5279413967780044, 0.0], [-68.9903772707944, -6.528481416284272, 0.0], [-68.99874757314191, -6.53280157233468, 0.0], [-69.00846792425526, -6.533611601594082, 0.0], [-69.01224806079931, -6.531721533322056, 0.0], [-69.01575818759022, -6.5279413967780044, 0.0], [-69.02142839330567, -6.516870996898984, 0.0], [-69.0249385200966, -6.513360870108066, 0.0], [-69.0300687054064, -6.5114708018359515, 0.0], [-69.03411885170358, -6.511200792082818, 0.0], [-69.03762897849451, -6.51282085060171, 0.0], [-69.04194913454491, -6.516870996898984, 0.0], [-69.04302917355754, -6.522811211468195, 0.0], [-69.04302917355754, -6.52902143579054, 0.0], [-69.03951904676653, -6.535771679619241, 0.0], [-69.03519889071622, -6.541981903941675, 0.0], [-69.03681894923501, -6.549542177929148, 0.0], [-69.04059908577915, -6.554942372992091, 0.0], [-69.04383920281694, -6.557642470523518, 0.0], [-69.04788934911413, -6.557642470523518, 0.0], [-69.05058944664565, -6.55629242175776, 0.0], [-69.05220950516453, -6.553322314473199, 0.0], [-69.05031943689242, -6.5430619429542105, 0.0], [-69.05031943689242, -6.537661747891356, 0.0], [-69.0519394954113, -6.533611601594082, 0.0], [-69.05490960269596, -6.5311815138156994, 0.0], [-69.05895974989251, -6.530911504062566, 0.0], [-69.06192985717708, -6.531721533322056, 0.0], [-69.06760006199325, -6.5355016698661075, 0.0], [-69.07057016927789, -6.540091835669649, 0.0], [-69.07948049113175, -6.543331952707344, 0.0], [-69.08353063742894, -6.5430619429542105, 0.0], [-69.08758078372612, -6.540631855175917, 0.0], [-69.10135128203594, -6.524431269987087, 0.0], [-69.1078315161116, -6.520921143196169, 0.0], [-69.11431175018707, -6.518491055417787, 0.0], [-69.12106199401578, -6.518491055417787, 0.0], [-69.12700220858498, -6.519031074924143, 0.0], [-69.13321243290743, -6.521731172455571, 0.0], [-69.13402246216683, -6.526591348012246, 0.0], [-69.13321243290743, -6.5292914455437625, 0.0], [-69.13078234512913, -6.5311815138156994, 0.0], [-69.11647182821224, -6.529561455296896, 0.0], [-69.1110716331493, -6.530641494309432, 0.0], [-69.10378136981433, -6.53496165035984, 0.0], [-69.10243132104857, -6.540091835669649, 0.0], [-69.1027013308017, -6.542521923447943, 0.0], [-69.10405137956745, -6.544682001473102, 0.0], [-69.11215167216191, -6.5498121876822815, 0.0], [-69.11971194525002, -6.553322314473199, 0.0], [-69.12511214031296, -6.558182490029786, 0.0], [-69.12808224759762, -6.5616926168207925, 0.0], [-69.12997231586964, -6.566282782624246, 0.0], [-69.1288922768571, -6.575733123984463, 0.0], [-69.12673219883186, -6.5814033288005405, 0.0], [-69.12025196475638, -6.5927437393320645, 0.0], [-69.11836189648434, -6.597873924641874, 0.0], [-69.117821876978, -6.605974217236245, 0.0], [-69.11863190623748, -6.609214334274029, 0.0], [-69.12052197450951, -6.612454451311812, 0.0], [-69.12511214031296, -6.612454451311812, 0.0], [-69.13402246216683, -6.609754353780385, 0.0], [-69.14509286294522, -6.608944324520895, 0.0], [-69.1475229507236, -6.607324266002003, 0.0], [-69.15049305800815, -6.603814139211085, 0.0], [-69.15184310677391, -6.60057402217339, 0.0], [-69.15130308726765, -6.594363797850956, 0.0], [-69.1475229507236, -6.587613554022255, 0.0], [-69.14374281417955, -6.578163211762757, 0.0], [-69.14374281417955, -6.571142958180921, 0.0], [-69.14698293121724, -6.5646627241054425, 0.0], [-69.15076306776129, -6.561422607067659, 0.0], [-69.15454320430543, -6.560882587561302, 0.0], [-69.15859335060262, -6.561962626573926, 0.0], [-69.16399354566556, -6.565472753364844, 0.0], [-69.17506394644396, -6.575463114231329, 0.0], [-69.18370425854468, -6.579513260528515, 0.0], [-69.19045450237338, -6.58437343608519, 0.0], [-69.19936482422715, -6.5927437393320645, 0.0], [-69.20665508756221, -6.5973339051355175, 0.0], [-69.21124525426504, -6.60273410019855, 0.0], [-69.21367534204333, -6.603004109951684, 0.0], [-69.21637543957485, -6.602464090445416, 0.0], [-69.21799549809373, -6.60057402217339, 0.0], [-69.21745547858747, -6.591933710072663, 0.0], [-69.21799549809373, -6.588693593034879, 0.0], [-69.22069559562524, -6.585993495503363, 0.0], [-69.22420572241607, -6.584913456490739, 0.0], [-69.23554613204833, -6.587073534515987, 0.0], [-69.25228673764279, -6.587073534515987, 0.0], [-69.25606687418684, -6.589233612541147, 0.0], [-69.26281711801555, -6.597873924641874, 0.0], [-69.26821731307848, -6.602194080692282, 0.0], [-69.27469754715405, -6.6046241684705755, 0.0], [-69.28036775197013, -6.6046241684705755, 0.0], [-69.29143815274853, -6.606514236742601, 0.0], [-69.29494827953944, -6.606514236742601, 0.0], [-69.29764837707096, -6.604894178223709, 0.0], [-69.29818839657722, -6.5997639929139, 0.0], [-69.29062812348903, -6.593283758838332, 0.0], [-69.28927807472327, -6.585723485750229, 0.0], [-69.29035811373589, -6.582483367813165, 0.0], [-69.29332822102054, -6.580323289787916, 0.0], [-69.3030485721338, -6.578703231269024, 0.0], [-69.3130389330003, -6.577893202009623, 0.0], [-69.32086921584163, -6.579243250775292, 0.0], [-69.33139959711366, -6.583833416578834, 0.0], [-69.33409969464518, -6.587343544269121, 0.0], [-69.33544974341093, -6.59679388562925, 0.0], [-69.3351797336578, -6.600034002667034, 0.0], [-69.33166960686678, -6.604084148964219, 0.0], [-69.32383932312618, -6.608674314767761, 0.0], [-69.32221926460728, -6.612454451311812, 0.0], [-69.32221926460728, -6.615694568349596, 0.0], [-69.32329930361992, -6.6183946658810235, 0.0], [-69.32572939229757, -6.618664675634246, 0.0], [-69.3351797336578, -6.6138045000775705, 0.0], [-69.34030991896752, -6.612994470818169, 0.0], [-69.34382004575852, -6.614074509830704, 0.0], [-69.34976026032764, -6.61812465612789, 0.0], [-69.35354039687178, -6.619204695140514, 0.0], [-69.3578605529221, -6.619204695140514, 0.0], [-69.36056065045362, -6.616504597608998, 0.0], [-69.36218070897252, -6.612184441558679, 0.0], [-69.36299073913128, -6.603004109951684, 0.0], [-69.35759054316897, -6.583833416578834, 0.0], [-69.35570047489695, -6.573573045959304, 0.0], [-69.3562404944033, -6.56223263632706, 0.0], [-69.35813056267533, -6.558992519289276, 0.0], [-69.36083066020676, -6.558182490029786, 0.0], [-69.36353075863755, -6.55926252904241, 0.0], [-69.36326074888441, -6.568172850896271, 0.0], [-69.36407077814381, -6.572493006946679, 0.0], [-69.36623085616898, -6.5751931044781955, 0.0], [-69.37568119752919, -6.568982880155762, 0.0], [-69.3816214120985, -6.567092811883736, 0.0], [-69.38675159740822, -6.567092811883736, 0.0], [-69.38972170469286, -6.568442860649405, 0.0], [-69.39863202654672, -6.570332928921431, 0.0], [-69.40511226152158, -6.568982880155762, 0.0], [-69.41132248584401, -6.569522899662029, 0.0], [-69.41429259312856, -6.5722229971935455, 0.0], [-69.41726270041322, -6.576543153243865, 0.0], [-69.42671304177344, -6.585183466243873, 0.0], [-69.43589337338044, -6.587073534515987, 0.0], [-69.44264361810842, -6.585183466243873, 0.0], [-69.4442636766273, -6.579513260528515, 0.0], [-69.44318363761477, -6.574113065465571, 0.0], [-69.43589337338044, -6.564122704599086, 0.0], [-69.43184322708325, -6.551972265707441, 0.0], [-69.42833310029233, -6.545492030732593, 0.0], [-69.41942277843847, -6.535231660112974, 0.0], [-69.41699269066008, -6.530101474803164, 0.0], [-69.41672268090696, -6.525511308999711, 0.0], [-69.41834273942584, -6.522541201715061, 0.0], [-69.42428295399506, -6.519841104183545, 0.0], [-69.43238324658951, -6.519031074924143, 0.0], [-69.43859347091195, -6.522271191961927, 0.0], [-69.44237360835528, -6.53199154307519, 0.0], [-69.4466937644057, -6.5355016698661075, 0.0], [-69.44912385218399, -6.536581708878732, 0.0], [-69.45398402774066, -6.535771679619241, 0.0], [-69.45614410576582, -6.533341591840948, 0.0], [-69.46505442761968, -6.528481416284272, 0.0], [-69.47018461292949, -6.52902143579054, 0.0], [-69.47477477873304, -6.5325315625814575, 0.0], [-69.4753147982393, -6.53793175764449, 0.0], [-69.47477477873304, -6.5417118941884524, 0.0], [-69.46991460317635, -6.546302059991994, 0.0], [-69.45992424230987, -6.552242275460575, 0.0], [-69.45722414477844, -6.555212382745225, 0.0], [-69.45992424230987, -6.557642470523518, 0.0], [-69.46883456416381, -6.561152597314436, 0.0], [-69.47288471046092, -6.564392714352309, 0.0], [-69.47585481774557, -6.568982880155762, 0.0], [-69.47909493568272, -6.576003133737597, 0.0], [-69.4823350527205, -6.5784332215158905, 0.0], [-69.48746523803023, -6.5784332215158905, 0.0], [-69.50393583297227, -6.572493006946679, 0.0], [-69.512576145073, -6.571412967934055, 0.0], [-69.51986640930734, -6.5722229971935455, 0.0], [-69.52526660437029, -6.576003133737597, 0.0], [-69.52850672140798, -6.58059329954105, 0.0], [-69.52985677017374, -6.585183466243873, 0.0], [-69.5287767311612, -6.590043641800637, 0.0], [-69.52391655560453, -6.596523875876116, 0.0], [-69.51959639955412, -6.607054256248869, 0.0], [-69.51824635078844, -6.6138045000775705, 0.0], [-69.51824635078844, -6.6183946658810235, 0.0], [-69.51959639955412, -6.62190479267203, 0.0], [-69.5220264873325, -6.624604891102827, 0.0], [-69.52499659461706, -6.625954939868496, 0.0], [-69.52796670190172, -6.624334881349604, 0.0], [-69.53444693597729, -6.615694568349596, 0.0], [-69.53984713104022, -6.613264480571303, 0.0], [-69.5447073065969, -6.613534490324437, 0.0], [-69.54983749190671, -6.614884539090195, 0.0], [-69.5625279512039, -6.624334881349604, 0.0], [-69.56576806824168, -6.625414920362228, 0.0], [-69.56900818527947, -6.625414920362228, 0.0], [-69.57035823404523, -6.62406487159647, 0.0], [-69.57035823404523, -6.62109476341254, 0.0], [-69.56603807799482, -6.616774607362132, 0.0], [-69.56279796095713, -6.608944324520895, 0.0], [-69.56279796095713, -6.605164187976843, 0.0], [-69.56549805848856, -6.601924070939059, 0.0], [-69.59951928828447, -6.578973241022158, 0.0], [-69.60977965890409, -6.570062919168297, 0.0], [-69.61463983446077, -6.564932733858576, 0.0], [-69.61598988322653, -6.5616926168207925, 0.0], [-69.6149098442139, -6.5587225095361426, 0.0], [-69.61085969791672, -6.55629242175776, 0.0], [-69.60599952236004, -6.55629242175776, 0.0], [-69.5835887119495, -6.560882587561302, 0.0], [-69.57872853639282, -6.561152597314436, 0.0], [-69.57197829256413, -6.5587225095361426, 0.0], [-69.57008822429209, -6.556562431510983, 0.0], [-69.57008822429209, -6.554402353485823, 0.0], [-69.57170828281099, -6.553322314473199, 0.0], [-69.58061860466485, -6.551432246201173, 0.0], [-69.58385872170263, -6.548732148669657, 0.0], [-69.5860187997278, -6.545222020979459, 0.0], [-69.58709883874033, -6.5368517186318655, 0.0], [-69.58898890701244, -6.52983146505003, 0.0], [-69.59141899569002, -6.525781318752845, 0.0], [-69.59411909322154, -6.523621240727596, 0.0], [-69.59843924927193, -6.523621240727596, 0.0], [-69.60113934680336, -6.525781318752845, 0.0], [-69.60869961989155, -6.53496165035984, 0.0], [-69.61382980520128, -6.543601962460567, 0.0], [-69.61787995149855, -6.5481921291633896, 0.0], [-69.6249002050803, -6.5498121876822815, 0.0], [-69.62841033187131, -6.548732148669657, 0.0], [-69.6311104303021, -6.545492030732593, 0.0], [-69.63435054733989, -6.538201767397624, 0.0], [-69.6378606741308, -6.53280157233468, 0.0], [-69.64245083993426, -6.52983146505003, 0.0], [-69.6478510349972, -6.528211406531138, 0.0], [-69.66324159092663, -6.528481416284272, 0.0], [-69.66864178688894, -6.530911504062566, 0.0], [-69.66648170796441, -6.535771679619241, 0.0], [-69.66054149339512, -6.536041689372464, 0.0], [-69.65352123981327, -6.53793175764449, 0.0], [-69.65190118129439, -6.541171874682185, 0.0], [-69.65271121055387, -6.544682001473102, 0.0], [-69.65676135685115, -6.545492030732593, 0.0], [-69.66081150314834, -6.5481921291633896, 0.0], [-69.66405162018603, -6.551702255954307, 0.0], [-69.66837177713572, -6.560612577808168, 0.0], [-69.67431199170503, -6.56520274361171, 0.0], [-69.68160225503999, -6.566282782624246, 0.0], [-69.68457236232464, -6.56520274361171, 0.0], [-69.70104295726661, -6.552782294966931, 0.0], [-69.71022328977297, -6.548732148669657, 0.0], [-69.71346340681075, -6.5481921291633896, 0.0], [-69.71643351409531, -6.548732148669657, 0.0], [-69.71859359212056, -6.553322314473199, 0.0], [-69.72183370915835, -6.5573724607703845, 0.0], [-69.7256138457024, -6.55926252904241, 0.0], [-69.73101404076534, -6.560072558301901, 0.0], [-69.75153478290386, -6.559802548548678, 0.0], [-69.75801501697943, -6.561152597314436, 0.0], [-69.76476526080803, -6.563582685092818, 0.0], [-69.76989544611794, -6.565742763117978, 0.0], [-69.77178551438996, -6.5679028411431375, 0.0], [-69.77259554364936, -6.576543153243865, 0.0], [-69.77097548513056, -6.580053280034782, 0.0], [-69.76854539735218, -6.5827533775662985, 0.0], [-69.76476526080803, -6.584913456490739, 0.0], [-69.75990508525145, -6.585453475997095, 0.0], [-69.7561249487074, -6.584103426332057, 0.0], [-69.74478453907516, -6.573843055712437, 0.0], [-69.73830430410031, -6.572493006946679, 0.0], [-69.73344412854372, -6.572493006946679, 0.0], [-69.72615386520866, -6.578973241022158, 0.0], [-69.72615386520866, -6.581943348306808, 0.0], [-69.72885396274017, -6.5835634068257, 0.0], [-69.73371413829686, -6.58437343608519, 0.0], [-69.73884432360657, -6.586263505256497, 0.0], [-69.74289446990385, -6.588963602788013, 0.0], [-69.74586457808778, -6.593283758838332, 0.0], [-69.74721462685353, -6.601924070939059, 0.0], [-69.74721462685353, -6.607594275755137, 0.0], [-69.74964471463183, -6.6108343927929205, 0.0], [-69.75207480241012, -6.612454451311812, 0.0], [-69.76044510475772, -6.613534490324437, 0.0], [-69.76692533883329, -6.610564383039787, 0.0], [-69.77853575821867, -6.6032741197048175, 0.0], [-69.78420596393403, -6.602194080692282, 0.0], [-69.7898761687501, -6.6032741197048175, 0.0], [-69.79392631504737, -6.607324266002003, 0.0], [-69.79419632480051, -6.611104402546143, 0.0], [-69.79230625652848, -6.613534490324437, 0.0], [-69.78366594442775, -6.61812465612789, 0.0], [-69.7796157972312, -6.624334881349604, 0.0], [-69.77934578747806, -6.629195056906369, 0.0], [-69.78609603220613, -6.634595251969223, 0.0], [-69.78852611998443, -6.637835369007007, 0.0], [-69.7890661394907, -6.641345495797925, 0.0], [-69.78798610047816, -6.645935661601467, 0.0], [-69.78609603220613, -6.648905768886117, 0.0], [-69.78069583624382, -6.6505258274050085, 0.0], [-69.77637568019341, -6.65349593468957, 0.0], [-69.77448561192139, -6.6567360517273535, 0.0], [-69.77151550463682, -6.665916384233718, 0.0], [-69.7636852217955, -6.677796813372229, 0.0], [-69.76260518278288, -6.680226901150522, 0.0], [-69.76260518278288, -6.684817066954064, 0.0], [-69.76620293411813, -6.692505189462818, 0.0], [-69.76897333974775, -6.694107589793376, 0.0], [-69.77661666612623, -6.693806762072331, 0.0], [-69.77808442805387, -6.693698159042739, 0.0], [-69.78371653039348, -6.693127514922782, 0.0], [-69.78503720010663, -6.693090636423683, 0.0], [-69.79093375259052, -6.694126772332666, 0.0], [-69.79271700478593, -6.695967990330377, 0.0], [-69.79350382793923, -6.698407232307847, 0.0], [-69.79370397116132, -6.700803669253887, 0.0], [-69.7945330075922, -6.703658194769847, 0.0], [-69.79622992127386, -6.705818049763103, 0.0], [-69.79880750506223, -6.707299486781849, 0.0], [-69.80152835804718, -6.707678677828678, 0.0], [-69.80615741143535, -6.707468153732211, 0.0], [-69.80773736198964, -6.7074423225050985, 0.0], [-69.8121333785525, -6.707498384442857, 0.0], [-69.81453412145244, -6.707854463812403, 0.0], [-69.81623007825544, -6.708345353355284, 0.0], [-69.81970395337474, -6.7102547750378285, 0.0], [-69.82192616106344, -6.71323761582331, 0.0], [-69.82411293276564, -6.717965703454411, 0.0], [-69.82656134333124, -6.721141674548615, 0.0], [-69.8298980574493, -6.72288307229595, 0.0], [-69.83203622529155, -6.723478274202911, 0.0], [-69.83432956755547, -6.7238087669609605, 0.0], [-69.83746276149718, -6.723854996610758, 0.0], [-69.84114313804533, -6.722286434171533, 0.0], [-69.84219178442324, -6.7211612671787115, 0.0], [-69.84354897830265, -6.718832243413221, 0.0], [-69.84377077450156, -6.716145946877873, 0.0], [-69.8428139596965, -6.713625961069226, 0.0], [-69.84068391003441, -6.7116589962655695, 0.0], [-69.83717045844982, -6.709712340851816, 0.0], [-69.83500181618076, -6.708036094490101, 0.0], [-69.83332772729271, -6.705561477680057, 0.0], [-69.8327254207416, -6.704244192115695, 0.0], [-69.82979090772412, -6.700669568645669, 0.0], [-69.8285491085545, -6.699773753955508, 0.0], [-69.82741387095332, -6.698040319704969, 0.0], [-69.8271081032563, -6.696631474163141, 0.0], [-69.82826364664989, -6.69454571880982, 0.0], [-69.83202372201714, -6.694908725657157, 0.0], [-69.83397048534962, -6.69470264870823, 0.0], [-69.83544930174386, -6.693680579095464, 0.0], [-69.83907955727568, -6.689601246200517, 0.0], [-69.84238675294625, -6.687252754810714, 0.0], [-69.8440398318727, -6.686570542596439, 0.0], [-69.84626176077163, -6.685970237036777, 0.0], [-69.84990904586574, -6.685469820076108, 0.0], [-69.85330675830026, -6.6843324025182795, 0.0], [-69.85606133586187, -6.6820943550703795, 0.0], [-69.8577279810614, -6.679574291920044, 0.0], [-69.86353191146853, -6.6724737558590554, 0.0], [-69.86665972566577, -6.669350922107288, 0.0], [-69.86929603608311, -6.668565524379368, 0.0], [-69.87139892262215, -6.6703386843827275, 0.0], [-69.87379615996483, -6.67642630772788, 0.0], [-69.8769082405228, -6.6804388102028724, 0.0], [-69.87987829115019, -6.6825888922635315, 0.0], [-69.88164875228806, -6.683719970500203, 0.0], [-69.88670353034357, -6.68655010910021, 0.0], [-69.88772471052691, -6.687215984230267, 0.0], [-69.89081648709119, -6.6895432615122665, 0.0], [-69.89350324138144, -6.690932751844926, 0.0], [-69.89649797929829, -6.691359037689416, 0.0], [-69.90447080288523, -6.691147288716394, 0.0], [-69.9064207012543, -6.691400794111292, 0.0], [-69.90827842900629, -6.691945323717675, 0.0], [-69.91124319431795, -6.69393533724595, 0.0], [-69.91223815656565, -6.695181973868948, 0.0], [-69.91279702496271, -6.697634249720842, 0.0], [-69.91246094561605, -6.699099343359961, 0.0], [-69.9108076463557, -6.701417484429285, 0.0], [-69.907840627343, -6.701840098341773, 0.0], [-69.90533706495353, -6.701135628806178, 0.0], [-69.90348829265054, -6.700864368096106, 0.0], [-69.9013529360891, -6.700827896989793, 0.0], [-69.89786745611815, -6.702017718043209, 0.0], [-69.89671748672262, -6.702938247002489, 0.0], [-69.89556299643507, -6.704614499659346, 0.0], [-69.89552685897733, -6.706649377666597, 0.0], [-69.89662111357352, -6.7083655449339155, 0.0], [-69.8984815329963, -6.709191740406396, 0.0], [-69.90049215269067, -6.709445095614587, 0.0], [-69.90243568745696, -6.709912519147355, 0.0], [-69.90418639768406, -6.71054502493288, 0.0], [-69.90768505632028, -6.713002423323168, 0.0], [-69.90864681649738, -6.714161070277104, 0.0], [-69.90934042581998, -6.715633832435376, 0.0], [-69.90963437642526, -6.717183542386497, 0.0], [-69.90917353682917, -6.722157480383352, 0.0], [-69.90584410811903, -6.730685069660204, 0.0], [-69.90515222819269, -6.732086015557094, 0.0], [-69.90220648084433, -6.7369425524568385, 0.0], [-69.90100464035187, -6.740230289496164, 0.0], [-69.90114146770452, -6.743728005642836, 0.0], [-69.90165804368367, -6.745896197351588, 0.0], [-69.90243297600101, -6.747760087258182, 0.0], [-69.90347655379985, -6.749446513945458, 0.0], [-69.9050383929074, -6.751126558144151, 0.0], [-69.90624791540894, -6.7520029906454795, 0.0], [-69.90819245561725, -6.752928795027792, 0.0], [-69.90984421703699, -6.75337114276401, 0.0], [-69.91374127983612, -6.753547738137534, 0.0], [-69.91626584858999, -6.752452176826441, 0.0], [-69.9174026114413, -6.751524545021738, 0.0], [-69.91931200794275, -6.748554739909242, 0.0], [-69.91917449440734, -6.745217380977277, 0.0], [-69.91859923047006, -6.74358447294502, 0.0], [-69.91720837226856, -6.737423785079567, 0.0], [-69.91667960328103, -6.732423777535214, 0.0], [-69.91685238013324, -6.729477422245157, 0.0], [-69.91738293067762, -6.7271324490032605, 0.0], [-69.91941873588594, -6.723626008533458, 0.0], [-69.92056779786556, -6.722574080529377, 0.0], [-69.92249402877641, -6.721474720481936, 0.0], [-69.92470609121311, -6.7213122291759255, 0.0], [-69.92677237714346, -6.722118320304261, 0.0], [-69.92828971419894, -6.723735718628422, 0.0], [-69.92940884674086, -6.725642374895603, 0.0], [-69.93012687355629, -6.7271802812449835, 0.0], [-69.9308832762422, -6.729299481485874, 0.0], [-69.93178482860687, -6.731043029512097, 0.0], [-69.93262832253899, -6.732245801702298, 0.0], [-69.93375831259598, -6.735409612163824, 0.0], [-69.93320183639558, -6.738514244536699, 0.0], [-69.93263336593705, -6.73975655092406, 0.0], [-69.93171973297932, -6.741285023385014, 0.0], [-69.92849198251898, -6.745545381713981, 0.0], [-69.92697564910691, -6.74921662564666, 0.0], [-69.92677810492553, -6.7506712502779855, 0.0], [-69.92684808567056, -6.753064734749671, 0.0], [-69.92715877175986, -6.75465078090879, 0.0], [-69.92805363226928, -6.756506377267403, 0.0], [-69.92913904023447, -6.757781443258949, 0.0], [-69.931397807163, -6.759559598096899, 0.0], [-69.93335703869637, -6.760550525985977, 0.0], [-69.93737868547791, -6.76027566618901, 0.0], [-69.93898152737562, -6.7592229881503165, 0.0], [-69.9395688413289, -6.757384538265811, 0.0], [-69.93952074018992, -6.755075683595869, 0.0], [-69.93997893757786, -6.753658091247829, 0.0], [-69.9410981798371, -6.752867942401565, 0.0], [-69.94358677660841, -6.753660044575284, 0.0], [-69.94404669080208, -6.754268451227986, 0.0], [-69.94486492727452, -6.754984412300725, 0.0], [-69.94758891259814, -6.7565230866710415, 0.0], [-69.9499947582515, -6.758496584149988, 0.0], [-69.95178357635092, -6.760573658347603, 0.0], [-69.95304960595448, -6.76249080700503, 0.0], [-69.95446445357159, -6.765373402160758, 0.0], [-69.95544332335069, -6.766939678523233, 0.0], [-69.95780951699552, -6.769983045481144, 0.0], [-69.96032245661601, -6.771604534821364, 0.0], [-69.96329834744071, -6.771304249391598, 0.0], [-69.96462948975912, -6.770681850187245, 0.0], [-69.9665855502829, -6.768420655089148, 0.0], [-69.96620494280377, -6.765455592101834, 0.0], [-69.96535186299803, -6.764058158057441, 0.0], [-69.96405329862077, -6.758662337297018, 0.0], [-69.96413894285789, -6.757534066743766, 0.0], [-69.96495546612182, -6.755506090133924, 0.0], [-69.96663937380801, -6.7543637272041614, 0.0], [-69.96867372571182, -6.754310314669233, 0.0], [-69.9704153051222, -6.75536274989096, 0.0], [-69.97280165976872, -6.757964457993339, 0.0], [-69.97679272960076, -6.760491329011543, 0.0], [-69.97983283022089, -6.76143290660335, 0.0], [-69.98110359655368, -6.761934426132811, 0.0], [-69.98326568816094, -6.7629826831042585, 0.0], [-69.98502290678168, -6.764282555995095, 0.0], [-69.98648223486717, -6.765854010654028, 0.0], [-69.98861439703674, -6.767319875911472, 0.0], [-69.99002058238393, -6.767885169964551, 0.0], [-69.99264434635944, -6.7682986044969375, 0.0], [-69.99512082836353, -6.768125844731955, 0.0], [-69.99902983326018, -6.76692739198549, 0.0], [-70.00151867374775, -6.765484627613429, 0.0], [-70.00270969629545, -6.764161516240964, 0.0], [-70.00324931470408, -6.7629541602062595, 0.0], [-70.00336620048975, -6.760900167108964, 0.0], [-70.00196620967279, -6.759218589566242, 0.0], [-69.99794867818885, -6.757080917250548, 0.0], [-69.99593033151959, -6.755136809616026, 0.0], [-69.99524079882376, -6.752421057585746, 0.0], [-69.99528504816644, -6.75090318633297, 0.0], [-69.99601614662785, -6.748826146309529, 0.0], [-69.99766500503588, -6.747608795209693, 0.0], [-70.00144055503759, -6.746094327890852, 0.0], [-70.00346876097447, -6.744932416397788, 0.0], [-70.00714383961642, -6.740963198292928, 0.0], [-70.00789139926864, -6.739388637375633, 0.0], [-70.00867443717551, -6.736789107431353, 0.0], [-70.00980831140443, -6.728851368196022, 0.0], [-70.01003401425834, -6.727758372650751, 0.0], [-70.01115888987081, -6.723619710581165, 0.0], [-70.01187950493515, -6.721786398523445, 0.0], [-70.0134348527362, -6.718825216110837, 0.0], [-70.01467188729774, -6.717033590327905, 0.0], [-70.01584603136921, -6.715708125429622, 0.0], [-70.0179685087397, -6.7140462889050525, 0.0], [-70.02054306810805, -6.713246684586739, 0.0], [-70.02234128592156, -6.7130306206665615, 0.0], [-70.02482235896466, -6.7135139801859935, 0.0], [-70.0264766213989, -6.715202600319671, 0.0], [-70.02692880591965, -6.717522571509406, 0.0], [-70.02602972938847, -6.7197086003716, 0.0], [-70.02509887711143, -6.720856170375868, 0.0], [-70.02411261310657, -6.721892465464897, 0.0], [-70.02262885403835, -6.723222898218108, 0.0], [-70.02162845718748, -6.724276645550699, 0.0], [-70.02035644439432, -6.725852743409323, 0.0], [-70.01970089707869, -6.7265805557479865, 0.0], [-70.01478998716814, -6.731471997134943, 0.0], [-70.01403957486643, -6.732319373440333, 0.0], [-70.0124942005469, -6.734301623121354, 0.0], [-70.01083266979187, -6.737750838830138, 0.0], [-70.01049482597539, -6.73915807638409, 0.0], [-70.01028241150405, -6.742090486786502, 0.0], [-70.011022050827, -6.74493608113519, 0.0], [-70.01185069425411, -6.746803667255431, 0.0], [-70.01283534127793, -6.748333796267637, 0.0], [-70.01388826752945, -6.749519922906057, 0.0], [-70.01549375793053, -6.7505778763678705, 0.0], [-70.01741339950875, -6.750690145933426, 0.0], [-70.01913135462826, -6.74982655485158, 0.0], [-70.0201859752025, -6.748219158787062, 0.0], [-70.02409806567319, -6.736351061152547, 0.0], [-70.02447335006501, -6.734206375923492, 0.0], [-70.02460541550751, -6.729498987088579, 0.0], [-70.02557817169519, -6.726548663090316, 0.0], [-70.02801053835563, -6.72461550919833, 0.0], [-70.031105043463, -6.7243333388124285, 0.0], [-70.03384712314622, -6.725794686775334, 0.0], [-70.03836498615517, -6.7302638434016195, 0.0], [-70.04090116425728, -6.735065793251728, 0.0], [-70.04022936439362, -6.7404543142152065, 0.0], [-70.03843728984904, -6.744372142360401, 0.0], [-70.03687000444714, -6.746435899397131, 0.0], [-70.03437645690794, -6.74768191278995, 0.0], [-70.02995983507824, -6.748697544156336, 0.0], [-70.02866955615508, -6.750161763654429, 0.0], [-70.02974566243232, -6.751894294086348, 0.0], [-70.03481019813212, -6.753799028502318, 0.0], [-70.03663957115923, -6.754736459320089, 0.0], [-70.03756137175988, -6.755350153986374, 0.0], [-70.04106817465647, -6.756740218985925, 0.0], [-70.04459105203536, -6.756639723344517, 0.0], [-70.04605238830699, -6.756306065872199, 0.0], [-70.048229402365, -6.755233477742774, 0.0], [-70.04969076291827, -6.7532963434513995, 0.0], [-70.05187357040894, -6.748313697319265, 0.0], [-70.05405933666901, -6.745731542276857, 0.0], [-70.05547140897832, -6.744808734435516, 0.0], [-70.05809718113998, -6.743875364056752, 0.0], [-70.06067087176326, -6.744175467823567, 0.0], [-70.06396583125812, -6.745327737684871, 0.0], [-70.06521413702282, -6.745666352220304, 0.0], [-70.06887545963477, -6.746383253983947, 0.0], [-70.07203949942334, -6.74613711223785, 0.0], [-70.07449389857454, -6.744448122482861, 0.0], [-70.07577497923192, -6.742969502140696, 0.0], [-70.07672864101391, -6.741569793710912, 0.0], [-70.07754225676966, -6.740015427070269, 0.0], [-70.07787791703217, -6.737968065573753, 0.0], [-70.07692541267758, -6.73612481510807, 0.0], [-70.07583204571226, -6.73505572444212, 0.0], [-70.07466358985282, -6.73435992796826, 0.0], [-70.07037120756516, -6.733031934176349, 0.0], [-70.06838553146704, -6.732143908514544, 0.0], [-70.06508662844509, -6.73016180452365, 0.0], [-70.06424156789394, -6.729586687175772, 0.0], [-70.06279631959443, -6.728478649570015, 0.0], [-70.06045422238438, -6.725630838392384, 0.0], [-70.05977433761555, -6.724257856914541, 0.0], [-70.05944784144474, -6.722971335358764, 0.0], [-70.05939383805516, -6.7215230068812595, 0.0], [-70.05965533482579, -6.719001869040987, 0.0], [-70.06029591652326, -6.716428512066187, 0.0], [-70.06092645998807, -6.715221654255878, 0.0], [-70.06233906919262, -6.713607550148261, 0.0], [-70.06494939909543, -6.712959522963548, 0.0], [-70.06646134651389, -6.715183376411606, 0.0], [-70.06641662322855, -6.719026016737274, 0.0], [-70.06643996243432, -6.719788941306572, 0.0], [-70.06656735949602, -6.721535743979391, 0.0], [-70.06709682276009, -6.723992815915704, 0.0], [-70.06777875438601, -6.725851305393395, 0.0], [-70.06934428521055, -6.728177071814358, 0.0], [-70.07042107047594, -6.729155506321462, 0.0], [-70.07302317248137, -6.73053200504793, 0.0], [-70.07497422018405, -6.731000362077001, 0.0], [-70.07650898340287, -6.731034019204575, 0.0], [-70.07810978204078, -6.730723262068906, 0.0], [-70.08095494291622, -6.729301573308945, 0.0], [-70.08201114809599, -6.728346638986217, 0.0], [-70.08296965722387, -6.725866614552579, 0.0], [-70.08279916285103, -6.724135467277982, 0.0], [-70.0828030560162, -6.722324368474787, 0.0], [-70.08328050609043, -6.7176811237848035, 0.0], [-70.08395730528534, -6.715279620957716, 0.0], [-70.08458611395794, -6.713967588333482, 0.0], [-70.08656116096877, -6.712150111538374, 0.0], [-70.08893302124184, -6.711246638221681, 0.0], [-70.09265353902956, -6.711081482224625, 0.0], [-70.09405138945999, -6.711476212657054, 0.0], [-70.0973166965083, -6.71335773916827, 0.0], [-70.10008961844107, -6.716048173484314, 0.0], [-70.10063371637285, -6.716624459051491, 0.0], [-70.1041595165484, -6.7207028206785715, 0.0], [-70.10877277964003, -6.7235535906256985, 0.0], [-70.11418799158254, -6.723254360100629, 0.0], [-70.11846773569737, -6.721645599764571, 0.0], [-70.11959176594713, -6.721132965513878, 0.0], [-70.12196241663223, -6.719849495357856, 0.0], [-70.12412298208987, -6.719253638744384, 0.0], [-70.12632594248825, -6.719666175753382, 0.0], [-70.1281243266763, -6.721003413676531, 0.0], [-70.1291532419285, -6.722994037844522, 0.0], [-70.12948856404596, -6.72430809664132, 0.0], [-70.12971559609787, -6.7275280355903035, 0.0], [-70.12930326773157, -6.731293443037924, 0.0], [-70.12886935923346, -6.733238455390346, 0.0], [-70.12789526575389, -6.736083100954339, 0.0], [-70.12654874502849, -6.738613275182427, 0.0], [-70.1254705793037, -6.740036851619337, 0.0], [-70.12292756365612, -6.7420786939764845, 0.0], [-70.11972124583875, -6.742676960773032, 0.0], [-70.11661268432788, -6.7416896679437635, 0.0], [-70.11433971260762, -6.739351175216569, 0.0], [-70.1132988687477, -6.737554600464403, 0.0], [-70.11272787299285, -6.736766191806311, 0.0], [-70.11159917885897, -6.735501194624373, 0.0], [-70.10887786542108, -6.7345883395801955, 0.0], [-70.1066637228525, -6.736602682467797, 0.0], [-70.10584661682789, -6.73934926505645, 0.0], [-70.10556353992543, -6.740638794844468, 0.0], [-70.10457004986783, -6.747537777546388, 0.0], [-70.10448008348904, -6.748620347251201, 0.0], [-70.10439890618451, -6.752179541952298, 0.0], [-70.10505290756556, -6.755767706514394, 0.0], [-70.10636518030876, -6.759021314282133, 0.0], [-70.10799162221551, -6.760976120251673, 0.0], [-70.11045226895708, -6.761619762342054, 0.0], [-70.11282807635465, -6.760711826589517, 0.0], [-70.1142316743523, -6.758591415861094, 0.0], [-70.11493276513497, -6.756098157004299, 0.0], [-70.1154991851392, -6.754604862424397, 0.0], [-70.11630592108133, -6.752938904306895, 0.0], [-70.11882916963046, -6.749791981314836, 0.0], [-70.12222263276824, -6.748113473158192, 0.0], [-70.12745120121195, -6.7467861790388675, 0.0], [-70.13205619593661, -6.743856238174807, 0.0], [-70.13479343546862, -6.740512853785109, 0.0], [-70.13517415536299, -6.740077045019589, 0.0], [-70.13927105831269, -6.7356794951125245, 0.0], [-70.13963884775451, -6.735306935666564, 0.0], [-70.1417670735916, -6.733272367925437, 0.0], [-70.14367180261152, -6.730646779225381, 0.0], [-70.14452744728388, -6.727518214094243, 0.0], [-70.14475234974107, -6.7249288276032395, 0.0], [-70.1446326994395, -6.7224870981010945, 0.0], [-70.14417095242749, -6.720013712462748, 0.0], [-70.1440214545265, -6.718083456186509, 0.0], [-70.14408764552833, -6.715875536027095, 0.0], [-70.14487820176755, -6.71261287658297, 0.0], [-70.14673766431177, -6.71010675292424, 0.0], [-70.148079490576, -6.708882557983621, 0.0], [-70.1511182377164, -6.707051786510711, 0.0], [-70.15305492054812, -6.706356008023263, 0.0], [-70.1547597203847, -6.705965280473304, 0.0], [-70.15673537084064, -6.705755669188797, 0.0], [-70.1586451693391, -6.7062245828981695, 0.0], [-70.15981462524472, -6.707805252010658, 0.0], [-70.15970404100864, -6.709768224723746, 0.0], [-70.15836443606985, -6.7112076103428855, 0.0], [-70.15620881238674, -6.712315512151136, 0.0], [-70.15317273803143, -6.715208965721121, 0.0], [-70.15234246503273, -6.716649678739696, 0.0], [-70.15182623439316, -6.719557042123782, 0.0], [-70.15208429575361, -6.721048104586348, 0.0], [-70.15331188473564, -6.722949882930752, 0.0], [-70.15584967802013, -6.7246706241499545, 0.0], [-70.15854836451538, -6.727534533192138, 0.0], [-70.15931891353695, -6.728830493132744, 0.0], [-70.16013117581306, -6.73233987708365, 0.0], [-70.15875977174603, -6.735670872412815, 0.0], [-70.15490517313516, -6.740251628609752, 0.0], [-70.1536248569016, -6.741498843496764, 0.0], [-70.15170434837694, -6.7430308529914065, 0.0], [-70.14933839395168, -6.744060947254894, 0.0], [-70.14451721120034, -6.744779487583198, 0.0], [-70.14399143066, -6.744882341247006, 0.0], [-70.1413769485873, -6.745517762634602, 0.0], [-70.13950625620878, -6.746968258478304, 0.0], [-70.13939667201869, -6.749462672963936, 0.0], [-70.13996678014279, -6.750802784221101, 0.0], [-70.14196220579115, -6.752486010221194, 0.0], [-70.14439052730097, -6.751968441390467, 0.0], [-70.1486296949045, -6.748725150645164, 0.0], [-70.15394212333028, -6.746864970442047, 0.0], [-70.15739249286925, -6.746793938389452, 0.0], [-70.16109772038348, -6.747962657750385, 0.0], [-70.16333201496047, -6.751140239530397, 0.0], [-70.16374382891453, -6.752537928982218, 0.0], [-70.16514126925415, -6.7551549354518805, 0.0], [-70.16725342690408, -6.757691386048549, 0.0], [-70.1697471902806, -6.759774187128954, 0.0], [-70.17256853261165, -6.7607997380174325, 0.0], [-70.17674650224919, -6.761568679950582, 0.0], [-70.18003303059982, -6.761383050887083, 0.0], [-70.18270622311364, -6.759861610225094, 0.0], [-70.18454333660564, -6.757131117407113, 0.0], [-70.18494500171046, -6.754082419268194, 0.0], [-70.18457898663088, -6.750101633183782, 0.0], [-70.18260143231024, -6.745238542025035, 0.0], [-70.1792164551752, -6.74105872248202, 0.0], [-70.17818977114096, -6.7374135462981, 0.0], [-70.18012986869842, -6.734161000629658, 0.0], [-70.18216541670057, -6.733312674640203, 0.0], [-70.19136742106956, -6.732509081828621, 0.0], [-70.19200705308295, -6.7324311924455, 0.0], [-70.19797674832829, -6.731487446588304, 0.0], [-70.20125438688041, -6.731570588911463, 0.0], [-70.20276141680588, -6.731887895809642, 0.0], [-70.20693492580614, -6.734002794593298, 0.0], [-70.20941242494345, -6.737683842035626, 0.0], [-70.21143173838401, -6.743310618590094, 0.0], [-70.211956272464, -6.7467183647606745, 0.0], [-70.2118598147786, -6.749182668145583, 0.0], [-70.21078393872769, -6.751877009116626, 0.0], [-70.20807853879347, -6.7533180800653305, 0.0], [-70.20526127578721, -6.753682968294296, 0.0], [-70.20295063506366, -6.7544920397757515, 0.0], [-70.20116436024698, -6.756165777028901, 0.0], [-70.20030161272919, -6.757400624439271, 0.0], [-70.19982304479768, -6.759554846079276, 0.0], [-70.20100262617026, -6.7614200840695595, 0.0], [-70.2028904902039, -6.762755740984673, 0.0], [-70.20405236572405, -6.76373392907751, 0.0], [-70.20590322895082, -6.765578947610308, 0.0], [-70.20715981657224, -6.766623221484437, 0.0], [-70.2126237205082, -6.770384986677737, 0.0], [-70.21408541920673, -6.7712030666681535, 0.0], [-70.21592793762422, -6.772020470368346, 0.0], [-70.22015217917969, -6.772655305397958, 0.0], [-70.22391437424895, -6.771184501063811, 0.0], [-70.22658699389464, -6.767853351950549, 0.0], [-70.22720641454434, -6.763862922435905, 0.0], [-70.22687593797414, -6.760557168378568, 0.0], [-70.22611170399192, -6.757718108503909, 0.0], [-70.22430617648885, -6.755096811368734, 0.0], [-70.22286572787104, -6.7536408368550696, 0.0], [-70.22208037960579, -6.752148129532522, 0.0], [-70.22226082048037, -6.7504712302630345, 0.0], [-70.22334576169752, -6.749179636530979, 0.0], [-70.22496674382009, -6.7487119917649565, 0.0], [-70.22665913301252, -6.748736893093067, 0.0], [-70.22947276455645, -6.747697492645134, 0.0], [-70.23630926326182, -6.74167101420592, 0.0], [-70.23757560852752, -6.740737106032547, 0.0], [-70.23878141053368, -6.740000519908008, 0.0], [-70.2405535767861, -6.73958789386614, 0.0], [-70.24222198016021, -6.740313885977013, 0.0], [-70.24312749583723, -6.741891692547565, 0.0], [-70.24296959467105, -6.743567656522099, 0.0], [-70.24185277248742, -6.746291465578626, 0.0], [-70.24144503426086, -6.751907255115665, 0.0], [-70.24186971751342, -6.753611807638794, 0.0], [-70.24286591003373, -6.756037420390605, 0.0], [-70.24530151065616, -6.760145131392704, 0.0], [-70.24578930113528, -6.761090470848487, 0.0], [-70.24959813774379, -6.769676687828831, 0.0], [-70.25036351566368, -6.77289030993974, 0.0], [-70.25048400053615, -6.775294014307288, 0.0], [-70.2502043248697, -6.778021932366286, 0.0], [-70.2494887433108, -6.780773638392613, 0.0], [-70.24919924704759, -6.783214685309392, 0.0], [-70.24923157677581, -6.784977987843867, 0.0], [-70.24982052209934, -6.787446005428745, 0.0], [-70.25062739383917, -6.7891157074239, 0.0], [-70.25216910342138, -6.791089296633647, 0.0], [-70.25331899097856, -6.792047418153814, 0.0], [-70.25528655383138, -6.792809560312886, 0.0], [-70.25718602631397, -6.792309655066532, 0.0], [-70.25852301152771, -6.790677809133484, 0.0], [-70.25863893324012, -6.788717842854076, 0.0], [-70.25725504478446, -6.783135314742918, 0.0], [-70.25721962048905, -6.780437160646414, 0.0], [-70.25756678308053, -6.778860552872214, 0.0], [-70.25862164197517, -6.7771180813343115, 0.0], [-70.26037228745103, -6.77638865651128, 0.0], [-70.2628326419128, -6.776164771187222, 0.0], [-70.26390553131519, -6.776131053805003, 0.0], [-70.2657355482569, -6.776182151485045, 0.0], [-70.26924376308914, -6.774951500311456, 0.0], [-70.27103420716286, -6.77169428356429, 0.0], [-70.27123256702934, -6.770256208257365, 0.0], [-70.2705036737055, -6.767452279499032, 0.0], [-70.26784515632887, -6.765957672808355, 0.0], [-70.26221304049933, -6.765396566897998, 0.0], [-70.25948519528554, -6.764530209501508, 0.0], [-70.25734129696329, -6.762634617593534, 0.0], [-70.2561479892383, -6.760033992274884, 0.0], [-70.25615573060247, -6.756956326073528, 0.0], [-70.25735181903113, -6.751775487348834, 0.0], [-70.25761645083853, -6.750854822591958, 0.0], [-70.26068115601048, -6.741990904856333, 0.0], [-70.26117746936463, -6.739015018528217, 0.0], [-70.2606670285605, -6.736041522598114, 0.0], [-70.25998260671189, -6.734091961474821, 0.0], [-70.25955815728314, -6.7323410336117675, 0.0], [-70.25944144866392, -6.731500874365771, 0.0], [-70.25992533608535, -6.729460300952063, 0.0], [-70.26152215342458, -6.728317652937278, 0.0], [-70.2634809586793, -6.728456591898148, 0.0], [-70.2649004090266, -6.729813192224977, 0.0], [-70.26554963860488, -6.73111712375626, 0.0], [-70.26595280557748, -6.732056481821104, 0.0], [-70.26703152888186, -6.7350220844016775, 0.0], [-70.26952495860988, -6.738162150962491, 0.0], [-70.27055909082938, -6.738835985092585, 0.0], [-70.27295364189703, -6.741118093924893, 0.0], [-70.27398461299947, -6.742545391756373, 0.0], [-70.27674600022769, -6.743585315609803, 0.0], [-70.27878065700169, -6.741448797124207, 0.0], [-70.27924294720425, -6.738845658200589, 0.0], [-70.28021078050308, -6.736754401694224, 0.0], [-70.28191755704958, -6.735478612647817, 0.0], [-70.28401924479226, -6.73512568899929, 0.0], [-70.28604932221843, -6.735773980584682, 0.0], [-70.28833970661212, -6.73716837402122, 0.0], [-70.28951601715043, -6.737771450392106, 0.0], [-70.29292635336849, -6.739215817356005, 0.0], [-70.29537309029585, -6.739867338406892, 0.0], [-70.29721671128213, -6.740089401704509, 0.0], [-70.2992540129623, -6.740103784561903, 0.0], [-70.30427438565434, -6.739570863404566, 0.0], [-70.30658553719276, -6.73901131871736, 0.0], [-70.30798582838322, -6.738469297320172, 0.0], [-70.30999721250133, -6.736849942071078, 0.0], [-70.31070229447529, -6.734540500143872, 0.0], [-70.31003533656151, -6.732219769027083, 0.0], [-70.3080509231116, -6.730567523772159, 0.0], [-70.30392788226587, -6.728892951948108, 0.0], [-70.30048222787242, -6.726420573550541, 0.0], [-70.2984864200122, -6.722404496270386, 0.0], [-70.29739292624254, -6.717289288269924, 0.0], [-70.2972734315236, -6.716601314998595, 0.0], [-70.29684259780763, -6.713389630027379, 0.0], [-70.29769295356694, -6.708669971741767, 0.0], [-70.30113817898372, -6.7053331730874035, 0.0], [-70.30388068044901, -6.7039815298236896, 0.0], [-70.30643797823002, -6.703165148652669, 0.0], [-70.30829625726645, -6.702865046684504, 0.0], [-70.31172204293794, -6.701559350683496, 0.0], [-70.31560719601524, -6.6990790240777045, 0.0], [-70.31862875621214, -6.697848023967058, 0.0], [-70.31964640116044, -6.697635829829597, 0.0], [-70.3224466750739, -6.6980579904838535, 0.0], [-70.3242938609729, -6.7002040948430555, 0.0], [-70.32484852144201, -6.701698643077826, 0.0], [-70.32497874956958, -6.703651225923281, 0.0], [-70.32460794290225, -6.705292619958371, 0.0], [-70.32337266291799, -6.707202924775103, 0.0], [-70.32124070039796, -6.708806918704248, 0.0], [-70.31568580395664, -6.708428085587638, 0.0], [-70.31279215793171, -6.708698551297022, 0.0], [-70.30905635886384, -6.709670355102805, 0.0], [-70.30494982147708, -6.712486771846983, 0.0], [-70.30380589732425, -6.71407925984996, 0.0], [-70.3029406667783, -6.7162549285220265, 0.0], [-70.30326491374473, -6.71875136558301, 0.0], [-70.30385420980387, -6.720175257681905, 0.0], [-70.3052782287073, -6.7216786930172425, 0.0], [-70.30720610357876, -6.721882544144066, 0.0], [-70.30823548827713, -6.721634984167103, 0.0], [-70.31144958882747, -6.720149387783948, 0.0], [-70.31193325861294, -6.719796787891465, 0.0], [-70.31379309527503, -6.718752165979648, 0.0], [-70.31549843020831, -6.718043993035806, 0.0], [-70.31773320682193, -6.717436848131943, 0.0], [-70.3193164830692, -6.717218638429369, 0.0], [-70.32160020528524, -6.717494193402253, 0.0], [-70.32333789782568, -6.7187201869870385, 0.0], [-70.32422618339159, -6.719734924427158, 0.0], [-70.32505646538354, -6.721934540246778, 0.0], [-70.32413370340764, -6.724805374968014, 0.0], [-70.32343716679179, -6.727760470769052, 0.0], [-70.3232928795627, -6.730055606281184, 0.0], [-70.32377670942749, -6.7323915952958515, 0.0], [-70.3245382013769, -6.73388612284619, 0.0], [-70.32500996953442, -6.7374478644273275, 0.0], [-70.32432776451465, -6.7406821529589, 0.0], [-70.32453918793307, -6.742508556424699, 0.0], [-70.3258079235968, -6.743839630394589, 0.0], [-70.32762258911119, -6.744138850127758, 0.0], [-70.32914947426879, -6.743386884696946, 0.0], [-70.33204309331404, -6.740659833584374, 0.0], [-70.33289489338462, -6.73995046993824, 0.0], [-70.33443624593599, -6.7388194204798815, 0.0], [-70.3363376870346, -6.736931992617347, 0.0], [-70.33838108701751, -6.734189995671759, 0.0], [-70.3388233115465, -6.7336424146657095, 0.0], [-70.34111619695489, -6.731019030204045, 0.0], [-70.34292583975565, -6.729631132570692, 0.0], [-70.3442264626811, -6.728993185886768, 0.0], [-70.34710802091837, -6.728725295835737, 0.0], [-70.35046018269125, -6.72965518943537, 0.0], [-70.35287003302555, -6.729984431236481, 0.0], [-70.35506377897019, -6.729986566226977, 0.0], [-70.35745366615372, -6.7294858947581595, 0.0], [-70.35943865337116, -6.728064255461032, 0.0], [-70.36086118299716, -6.7265117863897785, 0.0], [-70.36246817616538, -6.7256210870435, 0.0], [-70.36415747888452, -6.725815902681699, 0.0], [-70.36544587822462, -6.7269254394574, 0.0], [-70.36588875026561, -6.728566808311477, 0.0], [-70.36579759588228, -6.731195987105089, 0.0], [-70.36729490773376, -6.735129501225469, 0.0], [-70.36907649348532, -6.736996318425316, 0.0], [-70.37133638096923, -6.738718060589978, 0.0], [-70.37391840830792, -6.740106478031439, 0.0], [-70.37760734730121, -6.741075874352077, 0.0], [-70.3792015197343, -6.741108717593182, 0.0], [-70.38213328712146, -6.740684111682395, 0.0], [-70.38477064345044, -6.739335436181339, 0.0], [-70.38657570690337, -6.737999430329435, 0.0], [-70.38897745704391, -6.736803998405762, 0.0], [-70.39046689892822, -6.736365175112681, 0.0], [-70.39216008402063, -6.736308121222713, 0.0], [-70.40195308956339, -6.738774157601281, 0.0], [-70.40278159539426, -6.740099104490017, 0.0], [-70.4026634604503, -6.741657160149796, 0.0], [-70.40164463828935, -6.742842122166127, 0.0], [-70.4001215302844, -6.743192952192935, 0.0], [-70.39668135366153, -6.742880127515839, 0.0], [-70.39441446405625, -6.742959440525777, 0.0], [-70.39248064556531, -6.743272772420518, 0.0], [-70.38992740822331, -6.74461939117187, 0.0], [-70.38835180319315, -6.746274824523514, 0.0], [-70.38714368723139, -6.748805499674017, 0.0], [-70.38774897323653, -6.751716213932081, 0.0], [-70.38849751494834, -6.752964726540846, 0.0], [-70.39011031054238, -6.754364506916456, 0.0], [-70.39223877200165, -6.754541966538476, 0.0], [-70.39673727440565, -6.753476316678654, 0.0], [-70.40175712279293, -6.753987950883168, 0.0], [-70.4034719518691, -6.7547863995726445, 0.0], [-70.40749967986626, -6.758484716696302, 0.0], [-70.40834474941065, -6.7599575148273985, 0.0], [-70.4093157492224, -6.763679671179869, 0.0], [-70.40826612977807, -6.767380444351957, 0.0], [-70.40682243640629, -6.769777408300705, 0.0], [-70.40572568888939, -6.772552860925764, 0.0], [-70.40536481613336, -6.774241589877462, 0.0], [-70.40542522449451, -6.777642736822788, 0.0], [-70.40609828340898, -6.780322776774618, 0.0], [-70.40631340663835, -6.781838139818287, 0.0], [-70.40644408172892, -6.785467761328036, 0.0], [-70.40773363040272, -6.788787701291334, 0.0], [-70.40875874781794, -6.789992648941524, 0.0], [-70.41203999445011, -6.791386171834247, 0.0], [-70.41512167702378, -6.789594310429038, 0.0], [-70.42131792678079, -6.780133042306037, 0.0], [-70.42209512988632, -6.778668967598701, 0.0], [-70.4227177476259, -6.777180718215504, 0.0], [-70.42341710001905, -6.7738314261793455, 0.0], [-70.42343880605601, -6.772427349742362, 0.0], [-70.42381686395709, -6.770215493250355, 0.0], [-70.42446165987766, -6.768289827113762, 0.0], [-70.42599745821612, -6.765814458470455, 0.0], [-70.4273438818146, -6.764473604373279, 0.0], [-70.43037724921062, -6.7629504963682265, 0.0], [-70.431961894226, -6.762715195050152, 0.0], [-70.43394715483728, -6.7628218195712755, 0.0], [-70.43536752519115, -6.763191659467495, 0.0], [-70.43780488578682, -6.765068832360711, 0.0], [-70.43814583226427, -6.7681256432837635, 0.0], [-70.43755776647771, -6.770091179064565, 0.0], [-70.43679035968734, -6.771710385026232, 0.0], [-70.43594623353178, -6.772959080197317, 0.0], [-70.43510998543745, -6.774499417414116, 0.0], [-70.43454914932373, -6.77582479417881, 0.0], [-70.43348808600634, -6.777682728774849, 0.0], [-70.4327721833895, -6.7786493327005495, 0.0], [-70.43112526751703, -6.779887343925729, 0.0], [-70.4286725240177, -6.780799215111667, 0.0], [-70.42689379181502, -6.781745373849869, 0.0], [-70.42569064190954, -6.782607583573043, 0.0], [-70.4238234146188, -6.784837662128375, 0.0], [-70.4231916579686, -6.78616205593411, 0.0], [-70.4225949308114, -6.788974198200627, 0.0], [-70.42324602828157, -6.791566544360496, 0.0], [-70.4243106124447, -6.793687389461368, 0.0], [-70.42650410567992, -6.796077273047686, 0.0], [-70.42962792508867, -6.796954235249743, 0.0], [-70.43274551039698, -6.796055330489072, 0.0], [-70.4348281460021, -6.793832603891538, 0.0], [-70.43658804819985, -6.790555627240348, 0.0], [-70.43807964126243, -6.788521679132188, 0.0], [-70.43955495569661, -6.787008278409225, 0.0], [-70.44252908654806, -6.784982623848958, 0.0], [-70.44466862765502, -6.78408374966525, 0.0], [-70.4466331903694, -6.782949995945543, 0.0], [-70.44841887972746, -6.781595035082745, 0.0], [-70.44949898349122, -6.78055197169606, 0.0], [-70.45125155711362, -6.778402267350682, 0.0], [-70.45418815116219, -6.776195403894704, 0.0], [-70.4583771347969, -6.775534725946798, 0.0], [-70.46183144876235, -6.777993933772976, 0.0], [-70.46390525392425, -6.781269355496335, 0.0], [-70.4641501276262, -6.781679715246604, 0.0], [-70.46637037569221, -6.785634227637484, 0.0], [-70.46667114495735, -6.786131748781145, 0.0], [-70.4684209891373, -6.788826595171184, 0.0], [-70.46874505803791, -6.791933591861689, 0.0], [-70.46626819382205, -6.7940553129023264, 0.0], [-70.46241235144883, -6.7948938326842026, 0.0], [-70.45939680321985, -6.797227898049009, 0.0], [-70.45773659356884, -6.800517461611534, 0.0], [-70.45582396220604, -6.802584616286968, 0.0], [-70.45291604753751, -6.803319078212823, 0.0], [-70.44671289458435, -6.8030071528577665, 0.0], [-70.44507351772866, -6.803418524345396, 0.0], [-70.44388618240136, -6.804805734896714, 0.0], [-70.44376595473496, -6.806627387244081, 0.0], [-70.44476069395076, -6.808158481228833, 0.0], [-70.44789925594586, -6.810663975362065, 0.0], [-70.45010465440625, -6.813236683026481, 0.0], [-70.45239117531246, -6.817228117083886, 0.0], [-70.455549138382, -6.8204657016307415, 0.0], [-70.45727860572306, -6.821514616006631, 0.0], [-70.46039041558512, -6.822501688502104, 0.0], [-70.46340561217922, -6.822036908976127, 0.0], [-70.466075327914, -6.820158620923568, 0.0], [-70.46753032846188, -6.817478366033715, 0.0], [-70.47039702899963, -6.80731990568907, 0.0], [-70.47166785198975, -6.804624668993288, 0.0], [-70.47374611239317, -6.801626451599375, 0.0], [-70.47533927758556, -6.799963458546689, 0.0], [-70.47657043867473, -6.799029412777159, 0.0], [-70.47843359653321, -6.79844285155632, 0.0], [-70.48013677669083, -6.799080809931425, 0.0], [-70.48112314951372, -6.800608300332701, 0.0], [-70.48100337060906, -6.802422406468857, 0.0], [-70.48014138301832, -6.804545968421717, 0.0], [-70.47971363667492, -6.807140687892378, 0.0], [-70.48034776663607, -6.809486967849278, 0.0], [-70.48186516934206, -6.811386019449163, 0.0], [-70.48401424056472, -6.812522938782507, 0.0], [-70.493689020332, -6.815321814250254, 0.0], [-70.49836926582893, -6.815415541593918, 0.0], [-70.50246986499226, -6.813158558020994, 0.0], [-70.5066745453939, -6.809123513139571, 0.0], [-70.50792870934242, -6.806580409358322, 0.0], [-70.5072611812585, -6.80382474361695, 0.0], [-70.50536264586933, -6.800961588206679, 0.0], [-70.50470708146666, -6.7992182299372885, 0.0], [-70.50493499305546, -6.797202601019205, 0.0], [-70.50608944916874, -6.79553435592576, 0.0], [-70.50773030540923, -6.794651978905687, 0.0], [-70.50917230265954, -6.794256490344676, 0.0], [-70.51136005552215, -6.793292617660164, 0.0], [-70.51596337930644, -6.790391693421828, 0.0], [-70.51689141490681, -6.789880203108879, 0.0], [-70.52065374127707, -6.788221671592844, 0.0], [-70.5232524123689, -6.788432295513992, 0.0], [-70.52690452412449, -6.789861867730952, 0.0], [-70.52853103977563, -6.790328632060628, 0.0], [-70.53032866223789, -6.7906665810978275, 0.0], [-70.5330501033795, -6.790607594564747, 0.0], [-70.53534596014784, -6.789580331367219, 0.0], [-70.53662683306187, -6.78868070984683, 0.0], [-70.53772744946221, -6.787170343436578, 0.0], [-70.53856602140476, -6.784468020083047, 0.0], [-70.5396894194311, -6.782115792909472, 0.0], [-70.54015633304829, -6.781418761666526, 0.0], [-70.54147246298372, -6.780463977530506, 0.0], [-70.54297626883974, -6.780540737365083, 0.0], [-70.54418826087945, -6.781624571516755, 0.0], [-70.5444313575211, -6.783110000625982, 0.0], [-70.54389103314467, -6.786380306106178, 0.0], [-70.54409031751403, -6.78913988569715, 0.0], [-70.54470798538519, -6.791082018420326, 0.0], [-70.5469233609243, -6.793562846847902, 0.0], [-70.55197366485268, -6.795824133676799, 0.0], [-70.55419882951233, -6.79779194474245, 0.0], [-70.55490164429541, -6.800522213629247, 0.0], [-70.55486970757086, -6.802237183898864, 0.0], [-70.55382106479024, -6.805595008702671, 0.0], [-70.55291897103366, -6.806971287994447, 0.0], [-70.55091485793427, -6.808598783007337, 0.0], [-70.54816934374016, -6.808721506292471, 0.0], [-70.5460279023658, -6.807279329177675, 0.0], [-70.54511060916724, -6.804689867143633, 0.0], [-70.54509224591037, -6.803055126292946, 0.0], [-70.54504667456429, -6.802244499883749, 0.0], [-70.54455931396113, -6.797439590364775, 0.0], [-70.54388632159636, -6.794818483885891, 0.0], [-70.54318928855477, -6.793177014307762, 0.0], [-70.54129696208511, -6.791434193832892, 0.0], [-70.5398675679339, -6.790961303321431, 0.0], [-70.53716714484786, -6.791434865626535, 0.0], [-70.5360729406137, -6.79394766225473, 0.0], [-70.53652731138627, -6.799262619574144, 0.0], [-70.53564354761157, -6.804008859121481, 0.0], [-70.5349727262103, -6.805392181004301, 0.0], [-70.53454046257227, -6.8064487351209415, 0.0], [-70.5328817637823, -6.811368654439821, 0.0], [-70.5324394556163, -6.813503680950074, 0.0], [-70.53216158578853, -6.816828733559145, 0.0], [-70.53189537207372, -6.818376331902133, 0.0], [-70.53140549157008, -6.82023787547751, 0.0], [-70.53114961915954, -6.821670552154181, 0.0], [-70.53083867766281, -6.8248947907619275, 0.0], [-70.53133221480978, -6.826808111005413, 0.0], [-70.5328015370612, -6.827916494850296, 0.0], [-70.5347777711772, -6.827866237137105, 0.0], [-70.53618880207155, -6.826684594518419, 0.0], [-70.53737043569699, -6.824757656740456, 0.0], [-70.54022721041741, -6.8223513776139235, 0.0], [-70.54174486043685, -6.821746261580643, 0.0], [-70.54381412941844, -6.821650340790576, 0.0], [-70.54549994636537, -6.822853559044496, 0.0], [-70.54863798045838, -6.8272706206425795, 0.0], [-70.54913371374978, -6.828049829236228, 0.0], [-70.55031272675087, -6.8301305564799755, 0.0], [-70.55246955282755, -6.832634070306, 0.0], [-70.55365392488868, -6.833561019525426, 0.0], [-70.55645845349474, -6.8349159498111725, 0.0], [-70.56003150225196, -6.835052493877448, 0.0], [-70.56246203429542, -6.834101760287993, 0.0], [-70.56378092245153, -6.831850607019842, 0.0], [-70.5651377260252, -6.825011200806198, 0.0], [-70.56604048617947, -6.822493720508728, 0.0], [-70.5675458262788, -6.819690245008715, 0.0], [-70.56851711477297, -6.81678262082125, 0.0], [-70.56910309413249, -6.812957271760624, 0.0], [-70.56933450948, -6.811885653100415, 0.0], [-70.56982674980459, -6.810130041568087, 0.0], [-70.57199495770111, -6.807259887633656, 0.0], [-70.57535558659103, -6.806593945953811, 0.0], [-70.57836474064017, -6.807076621089138, 0.0], [-70.58012396115183, -6.807184978603832, 0.0], [-70.5816579797319, -6.807129711666761, 0.0], [-70.58602913993282, -6.807741435918459, 0.0], [-70.58992489601712, -6.809815341804594, 0.0], [-70.59249253869969, -6.811825812211371, 0.0], [-70.59353259565269, -6.812529480451136, 0.0], [-70.5962658332016, -6.814113961789893, 0.0], [-70.5988874370056, -6.8148564312792494, 0.0], [-70.60154489588015, -6.814254590576908, 0.0], [-70.60359030225057, -6.812455160477228, 0.0], [-70.60450172827215, -6.810092029923144, 0.0], [-70.60510786323731, -6.80567496742578, 0.0], [-70.60607328275577, -6.802676636717354, 0.0], [-70.60841558860842, -6.7995837638795145, 0.0], [-70.61019689377162, -6.798437819849447, 0.0], [-70.61235875964896, -6.797828559740239, 0.0], [-70.61503070480315, -6.798078421082167, 0.0], [-70.61632425545996, -6.7987212465882365, 0.0], [-70.61830438094239, -6.80151554270806, 0.0], [-70.61857888820509, -6.8037322159689175, 0.0], [-70.6178869444269, -6.808471956115859, 0.0], [-70.61670145360912, -6.811176391077524, 0.0], [-70.61622687327151, -6.812108356715253, 0.0], [-70.61482539407669, -6.81450649068195, 0.0], [-70.61368639910803, -6.817753063952704, 0.0], [-70.61384306550505, -6.821189893298886, 0.0], [-70.6150004228312, -6.825980418161727, 0.0], [-70.61564214127172, -6.827778249266782, 0.0], [-70.61713124141367, -6.830871732744249, 0.0], [-70.61799419487613, -6.832306865469441, 0.0], [-70.61938880235132, -6.834203151654052, 0.0], [-70.62115679035355, -6.83580046362048, 0.0], [-70.62341058493055, -6.836574830264176, 0.0], [-70.62505332525078, -6.836788090997604, 0.0], [-70.6267968840689, -6.83642556528762, 0.0], [-70.62794027672234, -6.8350609025385936, 0.0], [-70.62799121971901, -6.833281654125013, 0.0], [-70.62692779118463, -6.831853867961581, 0.0], [-70.62267804845312, -6.828969014608312, 0.0], [-70.61989788338057, -6.825960616888928, 0.0], [-70.61757668371698, -6.821883058356416, 0.0], [-70.61681738971073, -6.818518779118378, 0.0], [-70.61694654314836, -6.816766927651553, 0.0], [-70.61808522785098, -6.814389575218684, 0.0], [-70.62053565379732, -6.8134158036963335, 0.0], [-70.62405202548057, -6.8136307353701255, 0.0], [-70.62827428493028, -6.814585963771126, 0.0], [-70.63151558007989, -6.814723101389987, 0.0], [-70.64020131963514, -6.813517477449572, 0.0], [-70.64277696808254, -6.813529947449094, 0.0], [-70.65029114282196, -6.814647220193017, 0.0], [-70.65429951740879, -6.814340536086817, 0.0], [-70.65737621054362, -6.813387679197959, 0.0], [-70.66074472648793, -6.813886107757629, 0.0], [-70.66246309709419, -6.816824614664231, 0.0], [-70.6628093064043, -6.821060695794458, 0.0], [-70.6638911071888, -6.824667534778918, 0.0], [-70.6659583293134, -6.828440611644883, 0.0], [-70.66698702333242, -6.831560240212887, 0.0], [-70.66785515329262, -6.83791356735718, 0.0], [-70.6686541838434, -6.84009264625859, 0.0], [-70.67029117479784, -6.8417386277353955, 0.0], [-70.67246657547201, -6.842550302754237, 0.0], [-70.67478230186168, -6.8423791311918905, 0.0], [-70.68023255049178, -6.840757198485882, 0.0], [-70.68195521176355, -6.840044169202976, 0.0], [-70.68467844345534, -6.8385718270281295, 0.0], [-70.6872846598591, -6.836454221285194, 0.0], [-70.68814033420905, -6.835441929101695, 0.0], [-70.6895644259574, -6.831825944012028, 0.0], [-70.68849747837591, -6.828089086442159, 0.0], [-70.68764483564065, -6.8268552840440435, 0.0], [-70.68614738079697, -6.8257253317586155, 0.0], [-70.68427115938647, -6.82571155864148, 0.0], [-70.68269862104452, -6.826219048770067, 0.0], [-70.67868623548135, -6.826358717980398, 0.0], [-70.67722388117713, -6.825996867661267, 0.0], [-70.67418628786682, -6.8241067292420645, 0.0], [-70.67282934849564, -6.820591358504359, 0.0], [-70.67258585075633, -6.813947667251043, 0.0], [-70.67388383057427, -6.809233020887152, 0.0], [-70.67473028687319, -6.807923675437223, 0.0], [-70.6759596807946, -6.806847093418579, 0.0], [-70.67774225580044, -6.806004364809549, 0.0], [-70.67999886255735, -6.805593695692437, 0.0], [-70.68215872294665, -6.806365432718543, 0.0], [-70.6836435135373, -6.808112944956392, 0.0], [-70.68406651505752, -6.810190273662155, 0.0], [-70.68395392443404, -6.812948498874029, 0.0], [-70.68465182352277, -6.816817662005427, 0.0], [-70.68525535854793, -6.818254373040812, 0.0], [-70.6865536261489, -6.819738722064329, 0.0], [-70.68961504519811, -6.821537951615099, 0.0], [-70.69206578141065, -6.8223070680167766, 0.0], [-70.6944189942412, -6.821992629056485, 0.0], [-70.69643985091831, -6.820747143565743, 0.0], [-70.6977776581124, -6.818786741115147, 0.0], [-70.69848294153446, -6.817065803843704, 0.0], [-70.69915118278081, -6.813990677327876, 0.0], [-70.69938454875793, -6.808009961790308, 0.0], [-70.69932957050318, -6.806602003879338, 0.0], [-70.69867678950219, -6.801050721813308, 0.0], [-70.69893843286232, -6.7975987775614435, 0.0], [-70.69937504921909, -6.79601096333521, 0.0], [-70.70070815116019, -6.794278232354468, 0.0], [-70.7027366997389, -6.793941091807877, 0.0], [-70.70595290470277, -6.79458729966408, 0.0], [-70.70653481552922, -6.794724359041883, 0.0], [-70.70940935455808, -6.79550245697277, 0.0], [-70.71094244054113, -6.796525052688963, 0.0], [-70.711542196615, -6.798121199133934, 0.0], [-70.7111386294442, -6.799777808798847, 0.0], [-70.70973953884865, -6.800977101511986, 0.0], [-70.70612298718606, -6.802441446915143, 0.0], [-70.70439731408476, -6.8043079115808105, 0.0], [-70.70481873369756, -6.80694715378808, 0.0], [-70.71134019899095, -6.809666922190662, 0.0], [-70.71402453770217, -6.81194738706218, 0.0], [-70.71436763895527, -6.815283486943326, 0.0], [-70.71361555211597, -6.818002688773074, 0.0], [-70.71328611606135, -6.822061443380857, 0.0], [-70.71344658389265, -6.82354329768501, 0.0], [-70.71439331459972, -6.826811308095294, 0.0], [-70.7163984457317, -6.829560634515687, 0.0], [-70.72225770692766, -6.835203753550324, 0.0], [-70.72413356411262, -6.836592351755634, 0.0], [-70.72594820894267, -6.83760233268146, 0.0], [-70.72915803771318, -6.838257761286627, 0.0], [-70.7309581252173, -6.838068078978633, 0.0], [-70.73451962578004, -6.836192448422697, 0.0], [-70.7356623070698, -6.8348527589476085, 0.0], [-70.73707724731709, -6.832464056171229, 0.0], [-70.73760653791138, -6.829738973674594, 0.0], [-70.73765415071848, -6.827400847870781, 0.0], [-70.73687097611466, -6.824481316659416, 0.0], [-70.73593801852472, -6.822940623311048, 0.0], [-70.73502555918223, -6.822004085520085, 0.0], [-70.73246943591568, -6.820363595303704, 0.0], [-70.73047477828834, -6.818073807160431, 0.0], [-70.72983689455698, -6.8166937228369875, 0.0], [-70.7295391623024, -6.814668906444833, 0.0], [-70.73028659694884, -6.812929567245675, 0.0], [-70.73181069151016, -6.811805853557264, 0.0], [-70.73369394202179, -6.8116055961212965, 0.0], [-70.73732563646891, -6.812186910697328, 0.0], [-70.74001380988939, -6.81221282556136, 0.0], [-70.74150230208956, -6.81200391844602, 0.0], [-70.74550498216921, -6.810084706743837, 0.0], [-70.74661014464239, -6.809045134525306, 0.0], [-70.74749896170766, -6.807558025482464, 0.0], [-70.74815470777347, -6.804348464709843, 0.0], [-70.74822588461683, -6.80300092505265, 0.0], [-70.74796733042793, -6.800649415538075, 0.0], [-70.74750160211725, -6.79897825574184, 0.0], [-70.74641397282653, -6.797221210690253, 0.0], [-70.74439501461818, -6.796295275906207, 0.0], [-70.74235317585833, -6.796617074918, 0.0], [-70.74071719304396, -6.798119028170525, 0.0], [-70.7399273733496, -6.799486004875156, 0.0], [-70.73941078298125, -6.800530105180126, 0.0], [-70.7388387440128, -6.801902262879057, 0.0], [-70.7379193320115, -6.803581060617393, 0.0], [-70.73719521678576, -6.804623534948163, 0.0], [-70.73511708678409, -6.8066211378551635, 0.0], [-70.73289909151983, -6.808035379329226, 0.0], [-70.73113556055759, -6.808482041113319, 0.0], [-70.72934814180326, -6.807693326685595, 0.0], [-70.7284900725588, -6.806089867853039, 0.0], [-70.72882586052494, -6.80416597338095, 0.0], [-70.7301052828325, -6.801916581884683, 0.0], [-70.73047869303721, -6.800319023504077, 0.0], [-70.72992303971644, -6.798775318326257, 0.0], [-70.72797604525825, -6.796121805676737, 0.0], [-70.72794943701686, -6.793966555212329, 0.0], [-70.7299807312257, -6.793243261966854, 0.0], [-70.73403907304474, -6.794402081590757, 0.0], [-70.73952560032613, -6.794237392341763, 0.0], [-70.75368993244436, -6.789256099689268, 0.0], [-70.75734623504069, -6.786354070184121, 0.0], [-70.75844813477357, -6.78204015992533, 0.0], [-70.75829633730608, -6.779776869406952, 0.0], [-70.75831733737515, -6.778309424040664, 0.0], [-70.7584463469213, -6.776963877281052, 0.0], [-70.75960062586813, -6.774105247259289, 0.0], [-70.76071750920559, -6.772700989159265, 0.0], [-70.76166701252262, -6.771679871029125, 0.0], [-70.76236098247328, -6.7710403919005415, 0.0], [-70.76404264455239, -6.7689493943989945, 0.0], [-70.76557711998808, -6.7657530761435005, 0.0], [-70.76713088498225, -6.7641968020407575, 0.0], [-70.7691986907669, -6.764141925409518, 0.0], [-70.77121252823551, -6.764856583364555, 0.0], [-70.77289851965097, -6.7660974850108815, 0.0], [-70.77439507697116, -6.76809589910642, 0.0], [-70.77492326589594, -6.771182807640365, 0.0], [-70.77272661244321, -6.773415769422154, 0.0], [-70.76889120626416, -6.774688749885861, 0.0], [-70.7675206169828, -6.775272898225605, 0.0], [-70.76657067299807, -6.775773892551097, 0.0], [-70.76293005907486, -6.779298788008571, 0.0], [-70.76169948164575, -6.781460265378904, 0.0], [-70.76152358954202, -6.782899985545811, 0.0], [-70.7623263297962, -6.783978259189251, 0.0], [-70.76364409469917, -6.784245558385717, 0.0], [-70.76480381994035, -6.783565352558941, 0.0], [-70.76699910012829, -6.780822397835319, 0.0], [-70.76799039224282, -6.77976894368172, 0.0], [-70.76921425983018, -6.778660985216213, 0.0], [-70.77157571494723, -6.777421909193716, 0.0], [-70.77424210768709, -6.7774798003524275, 0.0], [-70.77854936476129, -6.778691178155295, 0.0], [-70.78180399325964, -6.7788885262844225, 0.0], [-70.78484776581169, -6.777719753863533, 0.0], [-70.78613440427928, -6.776876325581917, 0.0], [-70.78737227251226, -6.775600739782263, 0.0], [-70.78817483560016, -6.774292332325217, 0.0], [-70.78876671181425, -6.772946143449733, 0.0], [-70.78919960407842, -6.771430698567794, 0.0], [-70.78923862296405, -6.769593090448701, 0.0], [-70.78887477165337, -6.76807862492851, 0.0], [-70.78771408413766, -6.766135437300548, 0.0], [-70.78565365279381, -6.765197418326142, 0.0], [-70.7824861614072, -6.764800275012618, 0.0], [-70.77967935571765, -6.763662267499594, 0.0], [-70.77781175251037, -6.761278567651775, 0.0], [-70.77737901672823, -6.758281849427718, 0.0], [-70.77849597381008, -6.755467469647915, 0.0], [-70.7799305381637, -6.753534199743484, 0.0], [-70.7810461966246, -6.7522898617876095, 0.0], [-70.78218800287407, -6.751231829185546, 0.0], [-70.78390552541967, -6.749980632100495, 0.0], [-70.7851779599948, -6.749265778992498, 0.0], [-70.7879454140496, -6.749228489503135, 0.0], [-70.78947887684866, -6.751531800751977, 0.0], [-70.7897479414143, -6.754556183920769, 0.0], [-70.79048578119381, -6.756242302140482, 0.0], [-70.79195066259301, -6.757112155201796, 0.0], [-70.79365127608553, -6.7570074219549205, 0.0], [-70.79499827345153, -6.755964390044568, 0.0], [-70.79713984163033, -6.752920567130406, 0.0], [-70.7984893876751, -6.751876561254257, 0.0], [-70.8001927521937, -6.751774070916618, 0.0], [-70.80165782424919, -6.752648728156231, 0.0], [-70.80237531956533, -6.754196493773147, 0.0], [-70.80278150016603, -6.757192389117396, 0.0], [-70.80372031324175, -6.760150679310385, 0.0], [-70.80495347442329, -6.76252035962689, 0.0], [-70.80559465237127, -6.764101092591325, 0.0], [-70.80615101255914, -6.76595971157138, 0.0], [-70.80688605454775, -6.767716035366668, 0.0], [-70.80774817254003, -6.769287150981164, 0.0], [-70.80962260160177, -6.771448551909089, 0.0], [-70.81143531468798, -6.772809139829906, 0.0], [-70.8146174587287, -6.77367098442835, 0.0], [-70.81740283627181, -6.772241271017755, 0.0], [-70.81855673030884, -6.769331613463127, 0.0], [-70.81750790856303, -6.7663824846639145, 0.0], [-70.81485849952011, -6.763244878648202, 0.0], [-70.81477755064336, -6.763150644986261, 0.0], [-70.81344425444875, -6.7616249073635295, 0.0], [-70.81273022511976, -6.7596664240661255, 0.0], [-70.81342326067484, -6.757842288690576, 0.0], [-70.81525782368958, -6.756851399472431, 0.0], [-70.81716395835001, -6.75727167065109, 0.0], [-70.81850978749671, -6.7581170783404545, 0.0], [-70.82078149207219, -6.759139046329889, 0.0], [-70.82623892988265, -6.760735688301324, 0.0], [-70.82807375729799, -6.761499976242881, 0.0], [-70.83374714571411, -6.764634516469727, 0.0], [-70.83695240862671, -6.765686740350731, 0.0], [-70.83982658343002, -6.76606148425002, 0.0], [-70.84571779124308, -6.765235399394122, 0.0], [-70.84831304131374, -6.76413358239888, 0.0], [-70.85075044507691, -6.762612325198582, 0.0], [-70.85167184008334, -6.761953655436827, 0.0], [-70.85276540849677, -6.761063366181354, 0.0], [-70.85340917739158, -6.7605851121131835, 0.0], [-70.85951007742804, -6.756459471327471, 0.0], [-70.86158662012636, -6.755415659704912, 0.0], [-70.86407879619942, -6.754542584372704, 0.0], [-70.8656939713996, -6.755322707576873, 0.0], [-70.86499644373082, -6.756900482671092, 0.0], [-70.86350034146759, -6.757541604861096, 0.0], [-70.86295306263368, -6.757739030331912, 0.0], [-70.86071201864472, -6.7584018504650025, 0.0], [-70.85951987104515, -6.759323585415057, 0.0], [-70.85926324590197, -6.760808173658241, 0.0], [-70.85961399139258, -6.762541663666845, 0.0], [-70.86077600990492, -6.764093165966813, 0.0], [-70.86271317117587, -6.764174436800786, 0.0], [-70.86407113217695, -6.763598662048555, 0.0], [-70.86826097196628, -6.7630408512542, 0.0], [-70.87038107062993, -6.763331618259517, 0.0], [-70.87225581985015, -6.764083516241172, 0.0], [-70.87347772151959, -6.765478261312609, 0.0], [-70.8736401147994, -6.769089316318823, 0.0], [-70.87315337382911, -6.77022544874545, 0.0], [-70.87169143770966, -6.77256736878903, 0.0], [-70.8697172891216, -6.77485793844307, 0.0], [-70.8672359417852, -6.776872008836111, 0.0], [-70.86350558631365, -6.778930369940518, 0.0], [-70.86250132867332, -6.78012597543335, 0.0], [-70.86255989882018, -6.781686032983959, 0.0], [-70.86365098690352, -6.782803031434671, 0.0], [-70.86509168283489, -6.7829325302120616, 0.0], [-70.86872604916775, -6.7820048975079885, 0.0], [-70.87105393169351, -6.780815636732175, 0.0], [-70.87264308860766, -6.778740623780756, 0.0], [-70.87464934119411, -6.774378271539984, 0.0], [-70.87553071547008, -6.772939046899452, 0.0], [-70.87642880904221, -6.771800554651776, 0.0], [-70.87902186656585, -6.770402668248522, 0.0], [-70.88181617707488, -6.771335795810231, 0.0], [-70.88464589569155, -6.773871793148757, 0.0], [-70.88651540456219, -6.776214109793312, 0.0], [-70.88778344594928, -6.778496516301104, 0.0], [-70.88922628766304, -6.780430526347704, 0.0], [-70.8916074118525, -6.7828626816674245, 0.0], [-70.89402408804118, -6.784292634297596, 0.0], [-70.89600535026666, -6.784846601389528, 0.0], [-70.89897734253033, -6.7848328534534055, 0.0], [-70.90062992053437, -6.784354260340798, 0.0], [-70.90261527737312, -6.78345810031097, 0.0], [-70.9039557726408, -6.782606186026609, 0.0], [-70.9054312615435, -6.781848640302503, 0.0], [-70.90716162640787, -6.781152432838468, 0.0], [-70.90800157521251, -6.780763432886129, 0.0], [-70.91489777721058, -6.777130068397831, 0.0], [-70.92019872758924, -6.776152204060949, 0.0], [-70.92284301139583, -6.776471184597423, 0.0], [-70.92451034097938, -6.776173301256762, 0.0], [-70.92565325789151, -6.775117426128276, 0.0], [-70.92844961076086, -6.77058430072487, 0.0], [-70.92901010693087, -6.769777365133191, 0.0], [-70.9304178211255, -6.767968971490802, 0.0], [-70.93276756706955, -6.7662315415523935, 0.0], [-70.93597953892453, -6.765628343773024, 0.0], [-70.93801568767377, -6.767833258398127, 0.0], [-70.93848454202796, -6.770142620285625, 0.0], [-70.93903912695411, -6.771915144468345, 0.0], [-70.93947441051559, -6.772927274773867, 0.0], [-70.9418950248355, -6.774623921356827, 0.0], [-70.94442288510798, -6.773340810030305, 0.0], [-70.9457463166391, -6.771289647998792, 0.0], [-70.94603181451653, -6.770815713374446, 0.0], [-70.94698823272073, -6.769111313736133, 0.0], [-70.94855757936874, -6.767171587598643, 0.0], [-70.94973320642231, -6.766136939168334, 0.0], [-70.95339457400031, -6.764405812578168, 0.0], [-70.95569792122207, -6.764030176551351, 0.0], [-70.95800108048537, -6.76425424623638, 0.0], [-70.95977346797113, -6.765452346448576, 0.0], [-70.96088792943434, -6.7666788994116835, 0.0], [-70.96160477454063, -6.768175825453916, 0.0], [-70.96138073543257, -6.769820246607029, 0.0], [-70.95985672630682, -6.773174996628807, 0.0], [-70.96034211199883, -6.775308682249793, 0.0], [-70.96252864897794, -6.775412502684798, 0.0], [-70.965047088852, -6.773681290658974, 0.0], [-70.9693888223363, -6.772394701654129, 0.0], [-70.97084415743184, -6.772432575702737, 0.0], [-70.97174787086749, -6.772410916430584, 0.0], [-70.97408629164894, -6.772237691716011, 0.0], [-70.976222188703, -6.771751143200667, 0.0], [-70.97768843976962, -6.7711756625267085, 0.0], [-70.9793766273294, -6.770948533348044, 0.0], [-70.98219804520359, -6.771815023844198, 0.0], [-70.98256346762994, -6.773084368348904, 0.0], [-70.98196785832994, -6.774263430812656, 0.0], [-70.97937145532836, -6.776582741000649, 0.0], [-70.97835332744404, -6.779095011525506, 0.0], [-70.97972025648458, -6.781436007965315, 0.0], [-70.98124488074662, -6.78194357093901, 0.0], [-70.98742705971102, -6.78171657845731, 0.0], [-70.98944896140038, -6.782299551383154, 0.0], [-70.99072295719866, -6.783973748189943, 0.0], [-70.99074524869424, -6.786077129355984, 0.0], [-70.98950700544391, -6.787777925410822, 0.0], [-70.98769396950102, -6.789076803651518, 0.0], [-70.98685687784263, -6.789609549441046, 0.0], [-70.98493288084775, -6.790690539936385, 0.0], [-70.98308211744575, -6.792401975870423, 0.0], [-70.98218470016376, -6.794959295235227, 0.0], [-70.98205311495924, -6.7965051219138, 0.0], [-70.98325474141313, -6.799211654993854, 0.0], [-70.98604551938514, -6.799696123377398, 0.0], [-70.98755621404803, -6.799217958342098, 0.0], [-70.988882817488, -6.798196493973009, 0.0], [-70.9897362354389, -6.796849987636801, 0.0], [-70.99102851805164, -6.79562794927039, 0.0], [-70.9931314918248, -6.794454126256845, 0.0], [-70.9955863595229, -6.794281679455917, 0.0], [-70.99723843930255, -6.795927401028713, 0.0], [-70.99782315691314, -6.797423671465154, 0.0], [-70.99797283647717, -6.799163847933144, 0.0], [-70.99680140835831, -6.804914766902893, 0.0], [-70.99663115680235, -6.806261041214036, 0.0], [-70.99655573066244, -6.807749233040607, 0.0], [-70.99743669754552, -6.8121225812920585, 0.0], [-71.00030272898775, -6.815542400861098, 0.0], [-71.00340630105988, -6.817776691840795, 0.0], [-71.0055875509247, -6.820270060414892, 0.0], [-71.00636681347758, -6.821729017979784, 0.0], [-71.0071508343435, -6.824102942196987, 0.0], [-71.00741193631173, -6.825861713946914, 0.0], [-71.00827404621022, -6.827516442230021, 0.0], [-71.01210271916507, -6.831138307087116, 0.0], [-71.01303716153575, -6.8342343068676605, 0.0], [-71.01268182770416, -6.835772393081431, 0.0], [-71.01131452364635, -6.838058297952067, 0.0], [-71.00938384918526, -6.839750976726101, 0.0], [-71.00749105147086, -6.841027290976655, 0.0], [-71.00302813524016, -6.843276038558223, 0.0], [-71.00188139710878, -6.844497360165004, 0.0], [-71.00179218885839, -6.846169870742859, 0.0], [-71.00280252051992, -6.847506121210468, 0.0], [-71.00443671368338, -6.84787697374324, 0.0], [-71.00704123756306, -6.84754475968289, 0.0], [-71.00859938315499, -6.847204327617597, 0.0], [-71.01056292334019, -6.846589727333953, 0.0], [-71.01330149566749, -6.846176603967059, 0.0], [-71.01866873597329, -6.845941107496024, 0.0], [-71.02064453661603, -6.845468664846933, 0.0], [-71.02206846109054, -6.8446487799172075, 0.0], [-71.02317301382355, -6.843487970993024, 0.0], [-71.0239936047211, -6.842104410789908, 0.0], [-71.0244998789662, -6.840524176049868, 0.0], [-71.02509013100473, -6.839406252196735, 0.0], [-71.0264962183258, -6.837600129342437, 0.0], [-71.02926164980525, -6.835631325425297, 0.0], [-71.03120108905898, -6.83497099551499, 0.0], [-71.03731887206824, -6.834694259732256, 0.0], [-71.04189486365699, -6.836177211209339, 0.0], [-71.04357150032446, -6.838412043580856, 0.0], [-71.04266319045385, -6.841053734642134, 0.0], [-71.04083318340466, -6.841852019654894, 0.0], [-71.03652735535313, -6.8413707825354955, 0.0], [-71.03308767605539, -6.841602629557698, 0.0], [-71.02998462648928, -6.84310391641262, 0.0], [-71.0278273615435, -6.844717835259807, 0.0], [-71.02617545083633, -6.846319135719504, 0.0], [-71.02357425175026, -6.849579590025957, 0.0], [-71.02268274751076, -6.851205066960254, 0.0], [-71.0221031038751, -6.852897968766193, 0.0], [-71.02208975343932, -6.856370964348425, 0.0], [-71.02257445204927, -6.857822871228482, 0.0], [-71.02475430077035, -6.860070997378521, 0.0], [-71.02767364042614, -6.8610523591789665, 0.0], [-71.02970942135265, -6.8604917344059615, 0.0], [-71.03125509334785, -6.859336152341523, 0.0], [-71.03241523947163, -6.856962478135799, 0.0], [-71.03280450112682, -6.853222049358067, 0.0], [-71.03407835573145, -6.851162904944065, 0.0], [-71.03667141325509, -6.848883773767124, 0.0], [-71.0398915968197, -6.848406227465333, 0.0], [-71.04275739353882, -6.848783633357915, 0.0], [-71.04448569535853, -6.849595261611942, 0.0], [-71.04539221737687, -6.851111007766754, 0.0], [-71.04533865825245, -6.852876089160155, 0.0], [-71.04434189196472, -6.854334142906339, 0.0], [-71.040527838389, -6.857460208821532, 0.0], [-71.03943115652261, -6.858527404616023, 0.0], [-71.03827763030833, -6.859859101816003, 0.0], [-71.03737608064158, -6.863107839754935, 0.0], [-71.03932356702893, -6.86586062316913, 0.0], [-71.04061329376847, -6.866585599945431, 0.0], [-71.04246857356573, -6.8669853575881525, 0.0], [-71.04410900352765, -6.866359670462398, 0.0], [-71.04573227172698, -6.865147985091337, 0.0], [-71.04736786333623, -6.863169124955139, 0.0], [-71.04813173579095, -6.86159498222262, 0.0], [-71.04920396329221, -6.859896553183344, 0.0], [-71.05067190778227, -6.858060487401531, 0.0], [-71.05217599782404, -6.856725824237365, 0.0], [-71.05341784016117, -6.855955454180819, 0.0], [-71.05567786434194, -6.8560312112712865, 0.0], [-71.05649667008525, -6.858029601984462, 0.0], [-71.05555430019078, -6.863486915688512, 0.0], [-71.05547444399036, -6.865991514996374, 0.0], [-71.05569570419333, -6.86804660796453, 0.0], [-71.05625656279014, -6.870350166526919, 0.0], [-71.05731935460452, -6.873087054424033, 0.0], [-71.05764500271468, -6.874098105543126, 0.0], [-71.0590774869364, -6.87964351503615, 0.0], [-71.06098506500871, -6.881431065990874, 0.0], [-71.06333663028126, -6.880573998591068, 0.0], [-71.0659846543683, -6.877321919670777, 0.0], [-71.06846158423465, -6.8755080203787635, 0.0], [-71.07130406782841, -6.8751114535306925, 0.0], [-71.07401178441624, -6.876062462312728, 0.0], [-71.07598110904094, -6.87814905313623, 0.0], [-71.07696199959656, -6.879869671148388, 0.0], [-71.07766494208336, -6.881429806939966, 0.0], [-71.07920231513472, -6.885940045496643, 0.0], [-71.08021635649955, -6.887380966258551, 0.0], [-71.08169995458917, -6.88802951145281, 0.0], [-71.08344705673622, -6.88779560138585, 0.0], [-71.08470753122758, -6.886779662451449, 0.0], [-71.08658368878613, -6.8842145486624275, 0.0], [-71.0873930156751, -6.882879693942691, 0.0], [-71.09026055977701, -6.877071128429847, 0.0], [-71.09113889974034, -6.874068767859288, 0.0], [-71.09149107695166, -6.8708982826295575, 0.0], [-71.09260529829582, -6.868551991880846, 0.0], [-71.0949308884497, -6.867393088620112, 0.0], [-71.09757294913229, -6.867047937812089, 0.0], [-71.09944515866707, -6.867388118067165, 0.0], [-71.1007716209135, -6.868751712421574, 0.0], [-71.10105909909814, -6.870631687602259, 0.0], [-71.10020068451392, -6.872328992488942, 0.0], [-71.0992035297191, -6.873340767562354, 0.0], [-71.09729219787661, -6.876222038915859, 0.0], [-71.09633941203421, -6.878518593558226, 0.0], [-71.09601971114073, -6.880726110821257, 0.0], [-71.09618743740027, -6.882307914878329, 0.0], [-71.09701096368495, -6.884247798397126, 0.0], [-71.09798398966936, -6.885409554307444, 0.0], [-71.0995821326093, -6.886547130145949, 0.0], [-71.10136858729047, -6.886780896321255, 0.0], [-71.1043179346249, -6.884887492463733, 0.0], [-71.10533329799323, -6.883164875258764, 0.0], [-71.10624442184258, -6.882211186497024, 0.0], [-71.10761497065434, -6.88131653552967, 0.0], [-71.10986228651531, -6.881441310168292, 0.0], [-71.11045286860494, -6.8835149957204536, 0.0], [-71.10979543810893, -6.885454581563678, 0.0], [-71.10932600549074, -6.888752786711695, 0.0], [-71.10945949186203, -6.891780796846238, 0.0], [-71.11062311026828, -6.8937775211157195, 0.0], [-71.11280439160934, -6.8940041394794385, 0.0], [-71.11738197769606, -6.892319131922399, 0.0], [-71.11983765388459, -6.891945435733206, 0.0], [-71.12224287540832, -6.8925656208067245, 0.0], [-71.12421110555802, -6.8940800278709204, 0.0], [-71.12542602129386, -6.896245282393799, 0.0], [-71.12645735842031, -6.899471232411404, 0.0], [-71.1266631880557, -6.899978652392903, 0.0], [-71.12847014907801, -6.9036140349597055, 0.0], [-71.13150645635784, -6.907082294712076, 0.0], [-71.13443467232221, -6.909059860724, 0.0], [-71.13661775680403, -6.911478499233294, 0.0], [-71.13766637260497, -6.913436793673057, 0.0], [-71.13893934317615, -6.914573434216521, 0.0], [-71.14051748249581, -6.914661347443175, 0.0], [-71.14183006550503, -6.913781378807528, 0.0], [-71.1423471783796, -6.9122887839002125, 0.0], [-71.14237293496295, -6.909717022322738, 0.0], [-71.14396638613974, -6.9072455351532405, 0.0], [-71.14688498835147, -6.907615775247823, 0.0], [-71.1505990759865, -6.91067044308641, 0.0], [-71.15285783122394, -6.912030611923171, 0.0], [-71.15798267006417, -6.914171898614242, 0.0], [-71.16119775087553, -6.914867339855814, 0.0], [-71.16420767924102, -6.914448165850086, 0.0], [-71.16592967861175, -6.913902146966468, 0.0], [-71.16771018247894, -6.912089921312749, 0.0], [-71.16720926639451, -6.909600041208876, 0.0], [-71.16555986749384, -6.908643093304047, 0.0], [-71.1613745494958, -6.9085564319337, 0.0], [-71.15852974475186, -6.907707755208627, 0.0], [-71.15643494401738, -6.9063743609879005, 0.0], [-71.15468540021102, -6.903979163307707, 0.0], [-71.15511006367852, -6.90088632284548, 0.0], [-71.15597496417321, -6.89941176564043, 0.0], [-71.1579790916617, -6.897690270789315, 0.0], [-71.16045615372846, -6.897518075798516, 0.0], [-71.16317122766995, -6.898183494072953, 0.0], [-71.1655783413673, -6.899156947235298, 0.0], [-71.16747207437673, -6.90026212769498, 0.0], [-71.1688505902825, -6.901250789292458, 0.0], [-71.17183411815003, -6.903846923396774, 0.0], [-71.17472337008736, -6.905036495337903, 0.0], [-71.17774289781637, -6.9042325077239965, 0.0], [-71.17995635600103, -6.902764263759721, 0.0], [-71.182617234098, -6.90227618999414, 0.0], [-71.18472511457234, -6.903732647443718, 0.0], [-71.18720674699377, -6.907486189236213, 0.0], [-71.19026449950701, -6.9097171536237525, 0.0], [-71.1938612903662, -6.909486377694098, 0.0], [-71.19681312612478, -6.9082301659893055, 0.0], [-71.19705417860737, -6.908140480198956, 0.0], [-71.20002434614659, -6.9072472096909046, 0.0], [-71.20183187284263, -6.9076072973388705, 0.0], [-71.2032354303708, -6.90936363282534, 0.0], [-71.20301384731115, -6.911600380752926, 0.0], [-71.2009258121765, -6.915560334941485, 0.0], [-71.20081774244484, -6.915759210119411, 0.0], [-71.19922767271892, -6.918599946330385, 0.0], [-71.1980509817674, -6.9198604226203955, 0.0], [-71.19672831016332, -6.920725288940911, 0.0], [-71.19438405368115, -6.921622972422238, 0.0], [-71.19253652334186, -6.921906646474486, 0.0], [-71.19049532040265, -6.922470695865858, 0.0], [-71.18684334444474, -6.923958486594785, 0.0], [-71.18558642137627, -6.9254871973762135, 0.0], [-71.18617908719509, -6.927375011047911, 0.0], [-71.18862407044446, -6.929748401967085, 0.0], [-71.18893927202974, -6.930069996832845, 0.0], [-71.1907411455874, -6.932002389898319, 0.0], [-71.19282880210748, -6.935709228098354, 0.0], [-71.19383254533567, -6.939262677030879, 0.0], [-71.19416792770768, -6.94142404378454, 0.0], [-71.19427330666772, -6.9446573259747915, 0.0], [-71.19415131543079, -6.946459681568985, 0.0], [-71.19387287813082, -6.948103984910915, 0.0], [-71.19375357946414, -6.949979743170566, 0.0], [-71.1938013559478, -6.95115246001793, 0.0], [-71.19559468684527, -6.954005641047413, 0.0], [-71.19896497535328, -6.953903849482991, 0.0], [-71.20231916419799, -6.951847413827096, 0.0], [-71.20454670036986, -6.949918801511469, 0.0], [-71.20663006262724, -6.947412732711346, 0.0], [-71.2082826181482, -6.943483388747364, 0.0], [-71.20873469205237, -6.93909193804242, 0.0], [-71.2097902182439, -6.936373416999565, 0.0], [-71.21208562175401, -6.934572957176201, 0.0], [-71.21497897549922, -6.934194078194057, 0.0], [-71.21766113065658, -6.935342750767294, 0.0], [-71.21883600857491, -6.936277651792157, 0.0], [-71.2209923616082, -6.939144982754687, 0.0], [-71.22148167014286, -6.942698239232271, 0.0], [-71.22110937779551, -6.945860554121243, 0.0], [-71.22073490099483, -6.9469800445933, 0.0], [-71.21889020172132, -6.950140105781223, 0.0], [-71.21706620843868, -6.952225198334151, 0.0], [-71.21589368404626, -6.953138646031633, 0.0], [-71.21451140447768, -6.954474458529404, 0.0], [-71.21249993312544, -6.95688202548498, 0.0], [-71.21102478506573, -6.960059806015163, 0.0], [-71.21068076200751, -6.962027046910592, 0.0], [-71.21093884405232, -6.963356133378763, 0.0], [-71.21201759343717, -6.9641753429177236, 0.0], [-71.21425588819861, -6.9631935278590475, 0.0], [-71.21649652659343, -6.958654564956092, 0.0], [-71.21881789622888, -6.956226301002889, 0.0], [-71.22211178013451, -6.955559987003802, 0.0], [-71.22519557161829, -6.956894869602483, 0.0], [-71.22696206674597, -6.959751692886286, 0.0], [-71.22819818759628, -6.964605530920455, 0.0], [-71.22956031245842, -6.96685435764245, 0.0], [-71.23194447365844, -6.967965437654712, 0.0], [-71.23454417447404, -6.9675629083015735, 0.0], [-71.23647998856057, -6.965782926041143, 0.0], [-71.23744570395606, -6.964142953834219, 0.0], [-71.23869144755224, -6.959820154676301, 0.0], [-71.23875901541616, -6.957484356317924, 0.0], [-71.24018949325048, -6.9528613670584285, 0.0], [-71.24200940630905, -6.950029410029192, 0.0], [-71.24413804313612, -6.948114556441588, 0.0], [-71.2460824124733, -6.947137524876869, 0.0], [-71.24874379149277, -6.94749528417994, 0.0], [-71.24937618306441, -6.950103160732247, 0.0], [-71.24719575517994, -6.955857614037576, 0.0], [-71.24684288189344, -6.959779880337148, 0.0], [-71.24712738961732, -6.961319141065449, 0.0], [-71.24844978063285, -6.963615335079666, 0.0], [-71.25092213924526, -6.964572188555586, 0.0], [-71.25344745623501, -6.963765121662981, 0.0], [-71.25486115631725, -6.961715182709462, 0.0], [-71.25540436661817, -6.959862798729123, 0.0], [-71.2579201570895, -6.9557899526441105, 0.0], [-71.26563786279708, -6.948607481150283, 0.0], [-71.26904081917847, -6.9468246687234405, 0.0], [-71.27265978102405, -6.946952644948524, 0.0], [-71.27576958539797, -6.948806662997033, 0.0], [-71.27760115996553, -6.951928235899331, 0.0], [-71.27914117612431, -6.957299748884317, 0.0], [-71.28134098619752, -6.959654140725981, 0.0], [-71.2897843422735, -6.963086279208376, 0.0], [-71.29084360424889, -6.965558823980501, 0.0], [-71.28981600110747, -6.968206247320431, 0.0], [-71.28667229678909, -6.971456916103737, 0.0], [-71.28515172127487, -6.975017282621433, 0.0], [-71.28508781005429, -6.976679001334819, 0.0], [-71.28581487505646, -6.979404883328634, 0.0], [-71.28660037350842, -6.980658632689675, 0.0], [-71.28817694890701, -6.9820347303184995, 0.0], [-71.28950462973486, -6.982634403654732, 0.0], [-71.29144811323975, -6.982407209724929, 0.0], [-71.29217565937918, -6.980699006853598, 0.0], [-71.29164021652272, -6.975792544989957, 0.0], [-71.29208597089081, -6.97296866926861, 0.0], [-71.2927018697954, -6.971596073599841, 0.0], [-71.29501633353695, -6.970155529653933, 0.0], [-71.29810599399642, -6.970264010375761, 0.0], [-71.29947777487935, -6.970208002397328, 0.0], [-71.30146041306756, -6.9699755546281175, 0.0], [-71.3032853029743, -6.969025925406104, 0.0], [-71.30401776300933, -6.967104709114981, 0.0], [-71.30401868571373, -6.965651829168497, 0.0], [-71.30347516874399, -6.964437435039507, 0.0], [-71.30210207844812, -6.964049534958029, 0.0], [-71.29829361236028, -6.96473425807952, 0.0], [-71.29670207943732, -6.964480532350649, 0.0], [-71.29538623728493, -6.963771690311184, 0.0], [-71.29464508710105, -6.962734385283621, 0.0], [-71.2950847719446, -6.961442156630206, 0.0], [-71.30010684795263, -6.95958725095084, 0.0], [-71.30223296577869, -6.95817185744524, 0.0], [-71.30334468341042, -6.956073718427337, 0.0], [-71.30427794317251, -6.952391464994058, 0.0], [-71.30650304308092, -6.949146420570841, 0.0], [-71.31010205886285, -6.948102931804868, 0.0], [-71.31174997837873, -6.948189675912765, 0.0], [-71.31421003246699, -6.948792294528751, 0.0], [-71.31771405555921, -6.9503903853079265, 0.0], [-71.31997846483422, -6.952065764723216, 0.0], [-71.3217817728105, -6.954102657211848, 0.0], [-71.32250085273206, -6.956227347813794, 0.0], [-71.32237643962097, -6.957949598994752, 0.0], [-71.3218574696465, -6.959404625622913, 0.0], [-71.32053167109973, -6.960439688640697, 0.0], [-71.31452589685266, -6.962755970811386, 0.0], [-71.31221599627118, -6.964120465387115, 0.0], [-71.31098021806261, -6.965159392791666, 0.0], [-71.3091230299038, -6.9677923181608605, 0.0], [-71.30866047440136, -6.969033144264149, 0.0], [-71.3087145380455, -6.971377031125016, 0.0], [-71.3102320864416, -6.972977124694481, 0.0], [-71.31257157921497, -6.973156967520001, 0.0], [-71.3143162289108, -6.971807638211892, 0.0], [-71.3173268047882, -6.966968822453147, 0.0], [-71.31973008737359, -6.964401069153915, 0.0], [-71.32278378574304, -6.962208209041577, 0.0], [-71.3250026524504, -6.961881926010051, 0.0], [-71.32651260247461, -6.963378809784228, 0.0], [-71.32835379888868, -6.96859915482705, 0.0], [-71.3294800099944, -6.970045555158201, 0.0], [-71.33125010151096, -6.97052534257049, 0.0], [-71.33295345523774, -6.969845894872119, 0.0], [-71.33390623838211, -6.968279980936266, 0.0], [-71.33426437899786, -6.966708484009278, 0.0], [-71.33446948288027, -6.965312532047697, 0.0], [-71.33456894879791, -6.963845428423689, 0.0], [-71.33525600566007, -6.962108224215115, 0.0], [-71.33639634061862, -6.960713654511487, 0.0], [-71.33901058077363, -6.959926699157805, 0.0], [-71.34070673362878, -6.961922174268821, 0.0], [-71.34132602927279, -6.966379707157756, 0.0], [-71.34280652560064, -6.968015825769637, 0.0], [-71.34487355976695, -6.967241582333074, 0.0], [-71.34682050026582, -6.964487406768306, 0.0], [-71.34956074892935, -6.961948098126193, 0.0], [-71.35362443182203, -6.959515903236348, 0.0], [-71.35623515382923, -6.9571551118188815, 0.0], [-71.35774595191408, -6.953977107357602, 0.0], [-71.35792790544846, -6.950463465116798, 0.0], [-71.35675347089592, -6.9471466125261685, 0.0], [-71.35540978483368, -6.944885907558586, 0.0], [-71.354183121254, -6.941135644694242, 0.0], [-71.35381324268693, -6.937291810068892, 0.0], [-71.35431176927263, -6.935429387855908, 0.0], [-71.35590952100755, -6.934348799357583, 0.0], [-71.35782506887179, -6.934578542865445, 0.0], [-71.35906606314828, -6.935876986733515, 0.0], [-71.36253466284437, -6.943420293211901, 0.0], [-71.36474963368862, -6.946588168609015, 0.0], [-71.36793554409007, -6.948778950388203, 0.0], [-71.37929193017838, -6.951058630151653, 0.0], [-71.38069477634276, -6.951867965134419, 0.0], [-71.38122710304833, -6.953269249176465, 0.0], [-71.3807921045719, -6.954703684027809, 0.0], [-71.37957089538052, -6.955574011031697, 0.0], [-71.37544389661849, -6.9568092577409715, 0.0], [-71.37322272584808, -6.958097537471332, 0.0], [-71.37182578283357, -6.960250954218118, 0.0], [-71.37158504151647, -6.9630000252309046, 0.0], [-71.37258648248013, -6.965363139597137, 0.0], [-71.3747262169413, -6.9682621986415185, 0.0], [-71.3754437608209, -6.9706790133257215, 0.0], [-71.37433542284147, -6.973110152411589, 0.0], [-71.37251293322527, -6.974892254373945, 0.0], [-71.37120157419324, -6.976992171351583, 0.0], [-71.37103422295095, -6.979648445819077, 0.0], [-71.37219396078258, -6.982044479868822, 0.0], [-71.37420241940609, -6.983493374919249, 0.0], [-71.38094569258958, -6.986239203876078, 0.0], [-71.38321641420609, -6.986346327520966, 0.0], [-71.38496009623144, -6.985129249814971, 0.0], [-71.3856427590061, -6.983116441170768, 0.0], [-71.38499884442106, -6.981090926005397, 0.0], [-71.38143175097449, -6.97614769535987, 0.0], [-71.38097753038872, -6.9737311225931755, 0.0], [-71.38147116466244, -6.9718264781094454, 0.0], [-71.38251285658308, -6.970102278996894, 0.0], [-71.38432935941239, -6.96922944198516, 0.0], [-71.38632766558928, -6.9694929145663345, 0.0], [-71.38776758270771, -6.970676388204712, 0.0], [-71.3922078683984, -6.976956937712465, 0.0], [-71.39374305699651, -6.9779944810604135, 0.0], [-71.3955814268413, -6.977759141071406, 0.0], [-71.39680525126133, -6.976368395285228, 0.0], [-71.39680359650873, -6.974516507730545, 0.0], [-71.39382442855444, -6.9666545273845095, 0.0], [-71.39377846060748, -6.96435131955765, 0.0], [-71.39519937055444, -6.96253718824066, 0.0], [-71.39744789330562, -6.96202830416285, 0.0], [-71.39940106970357, -6.962943435391157, 0.0], [-71.40251303065179, -6.965885055750633, 0.0], [-71.40491278879414, -6.967466679943314, 0.0], [-71.40746913239448, -6.9681148699052855, 0.0], [-71.41253755046755, -6.966920898480623, 0.0], [-71.41525735034638, -6.965248835765138, 0.0], [-71.42104279608814, -6.963400950193645, 0.0], [-71.42318475637133, -6.96325687790257, 0.0], [-71.42718838973235, -6.963897703316281, 0.0], [-71.43050961302819, -6.9662218311724935, 0.0], [-71.4326603084265, -6.969126449825737, 0.0], [-71.43247959235923, -6.972363477692291, 0.0], [-71.43009619648222, -6.974563365107102, 0.0], [-71.42669319693348, -6.974414507523509, 0.0], [-71.4189284602802, -6.9706797058037075, 0.0], [-71.41696870803945, -6.970298754783645, 0.0], [-71.41507411527819, -6.970927924983673, 0.0], [-71.41373245808644, -6.972405228718305, 0.0], [-71.41328915976688, -6.9743503193116965, 0.0], [-71.41333814224149, -6.9758508084679995, 0.0], [-71.41438437573831, -6.97798354620366, 0.0], [-71.41653326439857, -6.978632870210756, 0.0], [-71.42559954218504, -6.97768194956231, 0.0], [-71.42904660671547, -6.978812042142003, 0.0], [-71.43049268059265, -6.98195803883236, 0.0], [-71.43058716336688, -6.9852147951266055, 0.0], [-71.43156125954447, -6.989040250307234, 0.0], [-71.4338799563948, -6.991930617404009, 0.0], [-71.43544525609364, -6.993218049973006, 0.0], [-71.43832151732417, -6.994810245696183, 0.0], [-71.4413231476451, -6.995277144924263, 0.0], [-71.44371005267676, -6.995243085799675, 0.0], [-71.44595995858518, -6.994430376560569, 0.0], [-71.44722800087156, -6.992403367621293, 0.0], [-71.44697338211587, -6.990026552083663, 0.0], [-71.44530471434108, -6.988313604389308, 0.0], [-71.43574239479564, -6.983504668605502, 0.0], [-71.43433197813822, -6.98233306511883, 0.0], [-71.43355030360352, -6.980496236711943, 0.0], [-71.43323422697794, -6.9784633794813935, 0.0], [-71.43362587723239, -6.976644801016775, 0.0], [-71.43513381817117, -6.97555384603309, 0.0], [-71.43698519760875, -6.975749654522868, 0.0], [-71.43823114445169, -6.977131877434108, 0.0], [-71.4387551434351, -6.97849341593836, 0.0], [-71.43927639768756, -6.97961284885379, 0.0], [-71.44008725881994, -6.981082484968638, 0.0], [-71.44305645688993, -6.983664090525345, 0.0], [-71.44699204574634, -6.983720517587745, 0.0], [-71.45003417343831, -6.981225072479059, 0.0], [-71.45077557003647, -6.977555439232098, 0.0], [-71.45047577743516, -6.975335596760303, 0.0], [-71.44940856994948, -6.972136773892913, 0.0], [-71.44813645913023, -6.969861211225904, 0.0], [-71.44757897748777, -6.968666973601913, 0.0], [-71.4465196858348, -6.9658842598506645, 0.0], [-71.44653461637942, -6.9643038542394855, 0.0], [-71.44761883544089, -6.96315310513166, 0.0], [-71.44919670946051, -6.963042966060019, 0.0], [-71.4504305199525, -6.96403191633982, 0.0], [-71.45275752473994, -6.968075710725387, 0.0], [-71.45503813260375, -6.970698801108689, 0.0], [-71.45743956528365, -6.972569073503866, 0.0], [-71.45934316565459, -6.973707006373221, 0.0], [-71.46356240248286, -6.975570493383522, 0.0], [-71.46472094061886, -6.976186149471143, 0.0], [-71.4770119579355, -6.983909251111044, 0.0], [-71.47782054198437, -6.986277952965082, 0.0], [-71.47566963344678, -6.987560443759445, 0.0], [-71.47332768822218, -6.987224225917256, 0.0], [-71.47179120370106, -6.98750822552411, 0.0], [-71.47074150601567, -6.988664715004557, 0.0], [-71.47064331803463, -6.990347984172075, 0.0], [-71.4715514534368, -6.991618483406249, 0.0], [-71.47510482772557, -6.994179873102592, 0.0], [-71.47652202347254, -6.996336843070829, 0.0], [-71.47689542018752, -6.998037142699921, 0.0], [-71.4781523945173, -7.000956813306271, 0.0], [-71.48040461528078, -7.003201379939718, 0.0], [-71.48333002805832, -7.004449861971519, 0.0], [-71.48626697194321, -7.004561039760095, 0.0], [-71.4917687013644, -7.003799105344356, 0.0], [-71.49328746474461, -7.0034534778956505, 0.0], [-71.50387916808914, -7.000061612853127, 0.0], [-71.50623179186368, -6.999639537634529, 0.0], [-71.51300578229095, -6.99933366921336, 0.0], [-71.51660394191835, -6.999905026495735, 0.0], [-71.52236823020965, -7.002075363087513, 0.0], [-71.52345174060528, -7.002566883954543, 0.0], [-71.53018241608562, -7.006171264192464, 0.0], [-71.53240143657698, -7.008586068891955, 0.0], [-71.53263294095736, -7.011856114468053, 0.0], [-71.5312037311672, -7.017108661535477, 0.0], [-71.53017730793634, -7.018782285474025, 0.0], [-71.52841040721452, -7.019640400583928, 0.0], [-71.52247289960458, -7.020647489290134, 0.0], [-71.5193601535482, -7.022827266065391, 0.0], [-71.51908247707466, -7.026614870579774, 0.0], [-71.52150932729357, -7.029100619198182, 0.0], [-71.52615633025042, -7.029667095859761, 0.0], [-71.529097518036, -7.0293978918991264, 0.0], [-71.53356994639584, -7.02823142174266, 0.0], [-71.53591344924628, -7.028143356530649, 0.0], [-71.53791252973943, -7.028940589336642, 0.0], [-71.542829868004, -7.032155081991366, 0.0], [-71.54672471127634, -7.032960980664672, 0.0], [-71.55000363585904, -7.031049214449649, 0.0], [-71.55639676969514, -7.023234393652235, 0.0], [-71.55797725894332, -7.022437244483161, 0.0], [-71.5596287739487, -7.023074678553577, 0.0], [-71.56090963876878, -7.024357811463812, 0.0], [-71.5639241311937, -7.025144684079855, 0.0], [-71.56842335485392, -7.0238733466775685, 0.0], [-71.57393446240548, -7.024061220448953, 0.0], [-71.57831231626038, -7.02741113571529, 0.0], [-71.58202717281573, -7.032750193966265, 0.0], [-71.58298918840025, -7.034529064664564, 0.0], [-71.58437705455736, -7.037967963350823, 0.0], [-71.58713344695099, -7.041500032700267, 0.0], [-71.58844932327754, -7.042457821471228, 0.0], [-71.59097371936163, -7.042893898234727, 0.0], [-71.59470641307051, -7.041792404096071, 0.0], [-71.59654362818584, -7.041850000277229, 0.0], [-71.59790388785412, -7.042870356681576, 0.0], [-71.5984717818472, -7.044616885960465, 0.0], [-71.59797140355737, -7.046241079562122, 0.0], [-71.59441652919938, -7.05151482365013, 0.0], [-71.59394574669884, -7.05324172702403, 0.0], [-71.59462292630697, -7.05489874947768, 0.0], [-71.59616901288963, -7.055803031284803, 0.0], [-71.59794686105876, -7.055581907778809, 0.0], [-71.60560958401501, -7.0518780328449395, 0.0], [-71.60925359827486, -7.050980702797162, 0.0], [-71.61294853664559, -7.051638198044387, 0.0], [-71.62005250991533, -7.054515984525057, 0.0], [-71.62242025938737, -7.054669716434216, 0.0], [-71.62430730683668, -7.0535024665655435, 0.0], [-71.62785521054955, -7.049440230682048, 0.0], [-71.63075601607724, -7.048516659316263, 0.0], [-71.63287916793921, -7.050518239924809, 0.0], [-71.63448076337646, -7.055797145222055, 0.0], [-71.63642437548452, -7.05875329862581, 0.0], [-71.63945399720416, -7.06015160591177, 0.0], [-71.64318602811264, -7.060763988467279, 0.0], [-71.64747122032055, -7.062706212921345, 0.0], [-71.6502000269097, -7.066535988445079, 0.0], [-71.65067602637745, -7.067816850567134, 0.0], [-71.65063109355012, -7.069506631725599, 0.0], [-71.64788864964136, -7.075834310205188, 0.0], [-71.64719306720625, -7.078484857789892, 0.0], [-71.64737789047724, -7.081466166130625, 0.0], [-71.64780444971548, -7.083303466681613, 0.0], [-71.64941151572881, -7.0867257512923345, 0.0], [-71.65227942585473, -7.089191880300984, 0.0], [-71.65517243426036, -7.090770696810157, 0.0], [-71.65709607242574, -7.091152763888843, 0.0], [-71.65889386845717, -7.09036962435864, 0.0], [-71.65992252290607, -7.088701499774309, 0.0], [-71.65981396574183, -7.0867452863658045, 0.0], [-71.65854256448769, -7.083361954090929, 0.0], [-71.65807857726448, -7.081012536399424, 0.0], [-71.65801011547437, -7.078767650506602, 0.0], [-71.65888363956823, -7.074609531604516, 0.0], [-71.65990778391702, -7.072459655488629, 0.0], [-71.66069765667143, -7.067320443683446, 0.0], [-71.66037027646706, -7.064990722044108, 0.0], [-71.66066262268185, -7.061696404665309, 0.0], [-71.66104656304837, -7.060524536777869, 0.0], [-71.6624012559132, -7.05887443550678, 0.0], [-71.66437305457274, -7.058541589222912, 0.0], [-71.66619524021813, -7.059655428355306, 0.0], [-71.66679613033713, -7.061560879530905, 0.0], [-71.6666998570128, -7.0639227870069945, 0.0], [-71.66765941744818, -7.066193118317678, 0.0], [-71.66836705979192, -7.066827110682507, 0.0], [-71.67047320997062, -7.0678060029446, 0.0], [-71.67276804331051, -7.067446076275331, 0.0], [-71.67792280349454, -7.064950091573387, 0.0], [-71.67855386227089, -7.064443391948906, 0.0], [-71.67904574466534, -7.063820714854042, 0.0], [-71.68132767633111, -7.0617045992878005, 0.0], [-71.68605496446494, -7.058517011650757, 0.0], [-71.68794520091026, -7.05754371227242, 0.0], [-71.68869292513831, -7.057264177799517, 0.0], [-71.69103544592907, -7.055965165559876, 0.0], [-71.69271894802094, -7.054672248925144, 0.0], [-71.69395691877672, -7.054139963588359, 0.0], [-71.6949232744895, -7.053986682239589, 0.0], [-71.69776120211777, -7.054439366783306, 0.0], [-71.69895101507721, -7.055049335558351, 0.0], [-71.69982644843182, -7.055690814779204, 0.0], [-71.70014611245304, -7.056014124652123, 0.0], [-71.70077034807312, -7.056903703443108, 0.0], [-71.70100919182075, -7.057405842605537, 0.0], [-71.70174652348322, -7.059711021746175, 0.0], [-71.70267441159481, -7.06464598942086, 0.0], [-71.70404927265572, -7.066701932248311, 0.0], [-71.7052731546323, -7.067770796285146, 0.0], [-71.70758233125953, -7.068170400143771, 0.0], [-71.71221094128182, -7.066348455516781, 0.0], [-71.71366957868806, -7.065911907508461, 0.0], [-71.7158241690501, -7.0654603120437045, 0.0], [-71.72029402085238, -7.065652879376806, 0.0], [-71.72363721908238, -7.0666604600121765, 0.0], [-71.72660546656893, -7.067038543094174, 0.0], [-71.73069832886468, -7.066877514085913, 0.0], [-71.73287636814987, -7.066522655995712, 0.0], [-71.7350240310342, -7.065896479638724, 0.0], [-71.73944864244079, -7.065890044989555, 0.0], [-71.74318900826604, -7.068251371503521, 0.0], [-71.74394290544069, -7.069101964683856, 0.0], [-71.74552847405975, -7.07163656807316, 0.0], [-71.74660639067234, -7.074238420067015, 0.0], [-71.74704184960162, -7.076863339671359, 0.0], [-71.74693099646828, -7.0785928852534, 0.0], [-71.74655650527848, -7.079615587089595, 0.0], [-71.74550342524277, -7.081036150797683, 0.0], [-71.74353081269685, -7.081915730026868, 0.0], [-71.74170554147751, -7.080569983617803, 0.0], [-71.74111415899117, -7.0791445599734395, 0.0], [-71.74075941421556, -7.078119476732393, 0.0], [-71.74038374131655, -7.0767780407739025, 0.0], [-71.73964770018122, -7.074948395252235, 0.0], [-71.73913886106958, -7.073998718366127, 0.0], [-71.73629139613098, -7.070818798348778, 0.0], [-71.73547791527355, -7.070259641269384, 0.0], [-71.73159098423652, -7.069235680382281, 0.0], [-71.73148334168289, -7.069245059411923, 0.0], [-71.72934830887732, -7.070600672283124, 0.0], [-71.72923127380422, -7.073125173587837, 0.0], [-71.72942623333398, -7.0735466120864245, 0.0], [-71.73230827540654, -7.07705735131562, 0.0], [-71.73361874680771, -7.07801177392421, 0.0], [-71.73498984960185, -7.079242553700883, 0.0], [-71.73689625046151, -7.081342141526616, 0.0], [-71.7387388893882, -7.084441968821732, 0.0], [-71.7389329909647, -7.084998920763542, 0.0], [-71.73942305852732, -7.088450736412323, 0.0], [-71.73856841030384, -7.091830945341794, 0.0], [-71.73835370525926, -7.09228471716591, 0.0], [-71.73572363613685, -7.095560140687919, 0.0], [-71.7328846787848, -7.097762329467873, 0.0], [-71.73156329051338, -7.099421545368013, 0.0], [-71.73115203773631, -7.101501574737824, 0.0], [-71.73174274842901, -7.103538019364088, 0.0], [-71.73320354960407, -7.10507620450317, 0.0], [-71.73519120780796, -7.106357872417814, 0.0], [-71.73906387110067, -7.10774298485083, 0.0], [-71.74306545130955, -7.1082024628733045, 0.0], [-71.74531022208903, -7.108113909329429, 0.0], [-71.74765251355267, -7.107426154593334, 0.0], [-71.74887089527556, -7.105820462744163, 0.0], [-71.74875035374582, -7.103671310582417, 0.0], [-71.74709210911354, -7.102091576764792, 0.0], [-71.74241972998657, -7.100265167003762, 0.0], [-71.74078331549758, -7.099082822913928, 0.0], [-71.73992631105035, -7.097256044430868, 0.0], [-71.74012090005944, -7.095083250891289, 0.0], [-71.74128888647289, -7.093437432191742, 0.0], [-71.75319709746803, -7.083398785825214, 0.0], [-71.75532929111385, -7.0824897268193645, 0.0], [-71.757605083108, -7.082931032241259, 0.0], [-71.75924196704315, -7.084570972072658, 0.0], [-71.75967710311575, -7.086845670491261, 0.0], [-71.7587346702688, -7.0954690132842515, 0.0], [-71.75650664126847, -7.10048760262071, 0.0], [-71.75446713624929, -7.1027820870236305, 0.0], [-71.75347932451119, -7.1046511453340635, 0.0], [-71.75346864326322, -7.106764651967058, 0.0], [-71.75443752786954, -7.108643574940977, 0.0], [-71.75600201458128, -7.109793761972462, 0.0], [-71.76369191145247, -7.113170218930399, 0.0], [-71.7661351931846, -7.114914517890693, 0.0], [-71.7680988286979, -7.1170460397428705, 0.0], [-71.7721227840392, -7.1192803073402935, 0.0], [-71.77545096089304, -7.119911876032216, 0.0], [-71.77828812589624, -7.12096509995931, 0.0], [-71.78061863264374, -7.122894272552539, 0.0], [-71.7821815365486, -7.125483403636114, 0.0], [-71.7827885816277, -7.128189818005616, 0.0], [-71.78333764381719, -7.1364465413747205, 0.0], [-71.78424185907444, -7.138637478736566, 0.0], [-71.78613155412795, -7.139800166344536, 0.0], [-71.78921532132998, -7.1405835963558, 0.0], [-71.7909926865632, -7.141925684322782, 0.0], [-71.79130966520884, -7.143994759050866, 0.0], [-71.79049789755992, -7.147594747899223, 0.0], [-71.79072015601041, -7.150526467622299, 0.0], [-71.79239592213405, -7.152722668716173, 0.0], [-71.79270648051963, -7.152954120036593, 0.0], [-71.79415855287488, -7.153453518964671, 0.0], [-71.79563138158294, -7.1530189584581585, 0.0], [-71.80262489292444, -7.148274213584006, 0.0], [-71.8055592161849, -7.146971550996252, 0.0], [-71.80876428124661, -7.146774808110891, 0.0], [-71.80956920775267, -7.146869346643005, 0.0], [-71.81184316243198, -7.147907152592982, 0.0], [-71.81308341027118, -7.150075357791476, 0.0], [-71.81288890759694, -7.152402815837235, 0.0], [-71.81130592273011, -7.154335645073896, 0.0], [-71.80624685670702, -7.157600202986959, 0.0], [-71.8042996185325, -7.159553525974406, 0.0], [-71.80333949781952, -7.162137788128366, 0.0], [-71.80353964643756, -7.1648869760530545, 0.0], [-71.80486398988117, -7.167305327678676, 0.0], [-71.80578165270104, -7.168362064357726, 0.0], [-71.80854694208767, -7.16985038208945, 0.0], [-71.81145557441519, -7.169231964183766, 0.0], [-71.8166849963155, -7.166017485918154, 0.0], [-71.82068340101813, -7.164707486661172, 0.0], [-71.82461001913705, -7.1652548976953625, 0.0], [-71.825804415941, -7.165703389599688, 0.0], [-71.82700931143052, -7.166674063856927, 0.0], [-71.82739790848665, -7.168170654452112, 0.0], [-71.82681717846995, -7.169603833849848, 0.0], [-71.82536726718558, -7.170435556555578, 0.0], [-71.82084455952875, -7.171236997289533, 0.0], [-71.81904061932904, -7.171804217690493, 0.0], [-71.81748728061343, -7.172524023364936, 0.0], [-71.81643338219486, -7.1735526085660375, 0.0], [-71.81629080817427, -7.175135213019658, 0.0], [-71.81714394823456, -7.17633516943247, 0.0], [-71.81856236616025, -7.176733985485008, 0.0], [-71.82515061151148, -7.176583363431423, 0.0], [-71.82702239836489, -7.177631239090378, 0.0], [-71.82823249553323, -7.179401044622459, 0.0], [-71.83001664615124, -7.1840119227120205, 0.0], [-71.83191670049531, -7.18600916499096, 0.0], [-71.83384352046201, -7.186868327811048, 0.0], [-71.83881383419104, -7.1874057518739, 0.0], [-71.84173700226077, -7.186801108884001, 0.0], [-71.84331998173175, -7.185595533507051, 0.0], [-71.84336928886151, -7.183607961638096, 0.0], [-71.83928480465003, -7.181142376719286, 0.0], [-71.83645571286084, -7.179039438918945, 0.0], [-71.83568899405178, -7.178153319819781, 0.0], [-71.83410398301238, -7.174399425493018, 0.0], [-71.83514187619657, -7.17024601903843, 0.0], [-71.83627533403936, -7.168497869181291, 0.0], [-71.83784379575454, -7.1673030604877965, 0.0], [-71.83968038494184, -7.167326705463019, 0.0], [-71.84113951787437, -7.168440932203225, 0.0], [-71.8416438828589, -7.170204898437284, 0.0], [-71.84144710130269, -7.1749081863636945, 0.0], [-71.84187805282987, -7.176634553741636, 0.0], [-71.84317631953148, -7.177852883303938, 0.0], [-71.8478352852702, -7.178164240287423, 0.0], [-71.85122485794082, -7.178870289032581, 0.0], [-71.85366350007038, -7.179957621547008, 0.0], [-71.85670273554284, -7.180659126917156, 0.0], [-71.85955512696749, -7.180247258104412, 0.0], [-71.8653837914288, -7.178308279303604, 0.0], [-71.86816939290308, -7.1778943492447524, 0.0], [-71.87092954806013, -7.178453046770684, 0.0], [-71.87521008447773, -7.180129871396414, 0.0], [-71.87821661610387, -7.1806912183249985, 0.0], [-71.88099750872796, -7.180189857076215, 0.0], [-71.88651954574041, -7.178157726497826, 0.0], [-71.88956938691761, -7.177968515434564, 0.0], [-71.89222125200914, -7.179484866833054, 0.0], [-71.89360191639534, -7.182207486086568, 0.0], [-71.89325671792322, -7.18523984893983, 0.0], [-71.89003627985038, -7.192758711845006, 0.0], [-71.88982773426247, -7.1952348548046565, 0.0], [-71.89101496796636, -7.197234069296833, 0.0], [-71.89312306607665, -7.198219059861678, 0.0], [-71.89542064324802, -7.197848085021054, 0.0], [-71.90176238262778, -7.194716143834924, 0.0], [-71.90404662465203, -7.192841225542036, 0.0], [-71.90526703794342, -7.190151602414442, 0.0], [-71.90569370869761, -7.188014337491623, 0.0], [-71.90654540444683, -7.186245927707414, 0.0], [-71.90799212943323, -7.185169346588051, 0.0], [-71.9099324275394, -7.18486009761531, 0.0], [-71.9116428031728, -7.18543349456008, 0.0], [-71.91709908175712, -7.1888077472796255, 0.0], [-71.92218405544972, -7.18998638796139, 0.0], [-71.92655247541637, -7.189556039879243, 0.0], [-71.92948259794348, -7.190491925661803, 0.0], [-71.93149865044238, -7.192248719802542, 0.0], [-71.93159913529179, -7.194918982325106, 0.0], [-71.93092929864812, -7.196642026708101, 0.0], [-71.92812798601773, -7.200275206835251, 0.0], [-71.92662597880579, -7.201365999041588, 0.0], [-71.92361149717286, -7.202303099808173, 0.0], [-71.92034930537608, -7.202220986309417, 0.0], [-71.91964296075399, -7.202237232562204, 0.0], [-71.9156383084612, -7.202873149476176, 0.0], [-71.91497874477326, -7.2041770063637, 0.0], [-71.91547357334667, -7.205551674969758, 0.0], [-71.91933980109093, -7.209683362796916, 0.0], [-71.92247201657027, -7.21166028039756, 0.0], [-71.9258600406084, -7.212142127257305, 0.0], [-71.92782184420273, -7.209738386017651, 0.0], [-71.92837265467426, -7.205287770713976, 0.0], [-71.92983898218328, -7.201993020761289, 0.0], [-71.93025103445763, -7.201517638228395, 0.0], [-71.93313472768548, -7.200202845584748, 0.0], [-71.93590705966298, -7.201400613947108, 0.0], [-71.93984449212954, -7.2055800027148855, 0.0], [-71.94031209103011, -7.2060379366014295, 0.0], [-71.94310848526833, -7.208564354361403, 0.0], [-71.94403922243211, -7.211064144994207, 0.0], [-71.94365200943267, -7.214180901127655, 0.0], [-71.94452395881355, -7.218645637586064, 0.0], [-71.94505404710654, -7.219594985320267, 0.0], [-71.94866863824699, -7.222665464139823, 0.0], [-71.950559881933, -7.223349711519912, 0.0], [-71.95317147088663, -7.22371154295335, 0.0], [-71.95733835098403, -7.222776281300337, 0.0], [-71.95819082104951, -7.221868602753791, 0.0], [-71.95899045234748, -7.220497790440618, 0.0], [-71.95926208177958, -7.219625804187459, 0.0], [-71.95932748407606, -7.217717423020588, 0.0], [-71.95840984913522, -7.216042195590834, 0.0], [-71.95416179443122, -7.211649025382151, 0.0], [-71.95304285794153, -7.20892226115334, 0.0], [-71.954107286522, -7.206173819665963, 0.0], [-71.95456195407087, -7.205684499440025, 0.0], [-71.95675910484871, -7.205327232066029, 0.0], [-71.96185553410555, -7.208107328790149, 0.0], [-71.96516343844186, -7.208724603657458, 0.0], [-71.96689033462125, -7.208498282070032, 0.0], [-71.96940541552746, -7.206694750162569, 0.0], [-71.96929267111987, -7.203604603169879, 0.0], [-71.96560027693116, -7.197291441546717, 0.0], [-71.9658332570991, -7.1947248474737115, 0.0], [-71.96833834563803, -7.1941065446811905, 0.0], [-71.97093294909625, -7.195131823974478, 0.0], [-71.97350980893047, -7.195691346178691, 0.0], [-71.97749511500753, -7.195896092130884, 0.0], [-71.98140019616206, -7.197126533762489, 0.0], [-71.98608341122039, -7.200057721086907, 0.0], [-71.99173683918367, -7.20203518097874, 0.0], [-72.00000434722283, -7.2026869475445245, 0.0], [-72.00252314502703, -7.202638588300182, 0.0], [-72.00527017907544, -7.201488863520179, 0.0], [-72.00741881682494, -7.199466292735192, 0.0], [-72.00986472367799, -7.185669400222551, 0.0], [-72.01112856702964, -7.182572036170466, 0.0], [-72.01279649736038, -7.179903717082826, 0.0], [-72.01505745503746, -7.178235959421965, 0.0], [-72.0174832683381, -7.177714956979621, 0.0], [-72.01955095811022, -7.178131403341549, 0.0], [-72.02095285908712, -7.1794325190954424, 0.0], [-72.02097681252981, -7.181442528150107, 0.0], [-72.01578244890081, -7.189123516337194, 0.0], [-72.01508577199078, -7.192372476408572, 0.0], [-72.01699163235791, -7.198057255637792, 0.0], [-72.01877103635424, -7.199697038987075, 0.0], [-72.02139274178157, -7.200550987537969, 0.0], [-72.02396693692457, -7.199832153131304, 0.0], [-72.02826968479812, -7.195845646459333, 0.0], [-72.03009802720217, -7.195160042002303, 0.0], [-72.03182619322419, -7.196007992974408, 0.0], [-72.03274057531726, -7.197365180558592, 0.0], [-72.03270608451815, -7.209218111126837, 0.0], [-72.03397623121806, -7.211558382713136, 0.0], [-72.03590751811744, -7.212875759108929, 0.0], [-72.03799673855862, -7.2134197527193535, 0.0], [-72.04057578734266, -7.212891782329812, 0.0], [-72.04264679921036, -7.211466379369881, 0.0], [-72.0445287600942, -7.20895679871726, 0.0], [-72.0482640051796, -7.199629890207206, 0.0], [-72.0500882664603, -7.19810094830008, 0.0], [-72.05273912521042, -7.197896308467801, 0.0], [-72.05454811870062, -7.1985697226145575, 0.0], [-72.05562564320883, -7.202338625726913, 0.0], [-72.05412204239829, -7.204693409673059, 0.0], [-72.04812155526552, -7.2093236357771, 0.0], [-72.0469718241903, -7.211293424451938, 0.0], [-72.04770509361511, -7.213346949901801, 0.0], [-72.04955151419092, -7.214560165918872, 0.0], [-72.05177221191805, -7.214519753983474, 0.0], [-72.06388888936068, -7.210925635909383, 0.0], [-72.06733792610436, -7.211058728377541, 0.0], [-72.07159008531417, -7.212290745621409, 0.0], [-72.0735492449017, -7.212320612106517, 0.0], [-72.07529336040022, -7.211195877687583, 0.0], [-72.0759288339485, -7.209564369000322, 0.0], [-72.07566366164863, -7.2073446398432175, 0.0], [-72.07252346558546, -7.203642871121531, 0.0], [-72.07025159643399, -7.202470864738565, 0.0], [-72.06447147557809, -7.204070582391399, 0.0], [-72.06206898799338, -7.2026687668500635, 0.0], [-72.06138388086138, -7.200235374962517, 0.0], [-72.0635592401667, -7.192898029420437, 0.0], [-72.06532986408192, -7.190100498439257, 0.0], [-72.06835430930391, -7.189125502939632, 0.0], [-72.07113137531272, -7.189489268814654, 0.0], [-72.07380893583375, -7.191317241597396, 0.0], [-72.07872916991525, -7.198373776528534, 0.0], [-72.08448155208194, -7.2029448758053185, 0.0], [-72.0875509436211, -7.208826318779561, 0.0], [-72.0882639216426, -7.213001929495423, 0.0], [-72.08799162941011, -7.216303419866911, 0.0], [-72.08762406300009, -7.217566638189744, 0.0], [-72.08784162519085, -7.221013275542155, 0.0], [-72.08870471085369, -7.223003401485752, 0.0], [-72.08962253465225, -7.224001097672485, 0.0], [-72.09153562736725, -7.225028509258248, 0.0], [-72.09396560362968, -7.224840561742475, 0.0], [-72.09514290432155, -7.223950493720256, 0.0], [-72.09616591462522, -7.2224032380189165, 0.0], [-72.09660206693177, -7.220656259079007, 0.0], [-72.09603950052248, -7.218646318372869, 0.0], [-72.09415477602201, -7.216779343791625, 0.0], [-72.09315862217265, -7.215582795809329, 0.0], [-72.08979774596918, -7.210652902109661, 0.0], [-72.08852412608753, -7.207567336263544, 0.0], [-72.08804517324606, -7.204997340055165, 0.0], [-72.08828878519924, -7.201565572992731, 0.0], [-72.09018046145914, -7.1986876417212144, 0.0], [-72.09078265829297, -7.198144149932574, 0.0], [-72.09324426820834, -7.196985833029736, 0.0], [-72.09593537701605, -7.197388633078873, 0.0], [-72.09794882687683, -7.199216777632124, 0.0], [-72.098611585856, -7.201670287353824, 0.0], [-72.09858393709894, -7.204092180509715, 0.0], [-72.09858311242066, -7.204147725337208, 0.0], [-72.09846687684482, -7.210514598969521, 0.0], [-72.09858491466204, -7.212049980921854, 0.0], [-72.09934699656664, -7.216444524395239, 0.0], [-72.10029867084691, -7.219087996114094, 0.0], [-72.10209446318893, -7.221250180351525, 0.0], [-72.10438261456594, -7.223193344597124, 0.0], [-72.10703761019745, -7.224172829512433, 0.0], [-72.1096985071803, -7.223209428072565, 0.0], [-72.11099071514937, -7.221253510541072, 0.0], [-72.11180504856412, -7.216714633973144, 0.0], [-72.11283676970109, -7.214196296621779, 0.0], [-72.11465593632234, -7.212457702061283, 0.0], [-72.11546005343861, -7.211951665237105, 0.0], [-72.1177357950709, -7.2111117182312015, 0.0], [-72.11996010717314, -7.211212195886109, 0.0], [-72.12352371754545, -7.213742091324406, 0.0], [-72.12638586841305, -7.218192033935157, 0.0], [-72.12996496960757, -7.221243123371369, 0.0], [-72.13440116248364, -7.221843918162264, 0.0], [-72.14427823125531, -7.220415714713425, 0.0], [-72.14514899982643, -7.220240898198828, 0.0], [-72.15027243032833, -7.218918192420588, 0.0], [-72.15437666185336, -7.218925832161428, 0.0], [-72.15963073596967, -7.2203031465729275, 0.0], [-72.1628329627709, -7.220490003211001, 0.0], [-72.1668175350012, -7.219929355055633, 0.0], [-72.17094072693291, -7.22041711405851, 0.0], [-72.17468077799545, -7.221890699995782, 0.0], [-72.17728208140288, -7.223542144854068, 0.0], [-72.17897872888513, -7.225826377884971, 0.0], [-72.18046935157929, -7.228813064171526, 0.0], [-72.18070212130581, -7.230560779656216, 0.0], [-72.17970560592893, -7.23217131435462, 0.0], [-72.17449988386254, -7.236220685436269, 0.0], [-72.1729611366471, -7.238265089062569, 0.0], [-72.17269674585812, -7.240987738893047, 0.0], [-72.17381348620337, -7.243289288369915, 0.0], [-72.17594071559157, -7.244713491634304, 0.0], [-72.17825921459102, -7.2454964881723996, 0.0], [-72.18207057649586, -7.248198085772962, 0.0], [-72.18344061988864, -7.2499524157713005, 0.0], [-72.18655114821688, -7.252380605080834, 0.0], [-72.18887241173242, -7.253411722772775, 0.0], [-72.19084022279799, -7.253646345102695, 0.0], [-72.1924850648338, -7.252837597377194, 0.0], [-72.1934986637323, -7.251137050434465, 0.0], [-72.19342627190493, -7.2493076612195075, 0.0], [-72.19208586836814, -7.2452158430367355, 0.0], [-72.1917470236062, -7.242545988806327, 0.0], [-72.1924244091591, -7.239941176244237, 0.0], [-72.19402129844408, -7.23777330379486, 0.0], [-72.1961000678638, -7.236436035294748, 0.0], [-72.20098414470249, -7.234385151153745, 0.0], [-72.20312349875044, -7.2344131884179, 0.0], [-72.2045587573807, -7.235997716521382, 0.0], [-72.20842363254461, -7.24748409511481, 0.0], [-72.2101111716932, -7.24974786587126, 0.0], [-72.2126319974687, -7.250579622751342, 0.0], [-72.21533799275414, -7.249765505173812, 0.0], [-72.2169791313818, -7.247681584437572, 0.0], [-72.21887168627923, -7.242814582127245, 0.0], [-72.22066215553396, -7.240051089586043, 0.0], [-72.22340318570843, -7.238223136588452, 0.0], [-72.23066313109862, -7.235285913913771, 0.0], [-72.23127085606515, -7.23506764125862, 0.0], [-72.24548024151991, -7.230591205519644, 0.0], [-72.24788413654366, -7.231070706048172, 0.0], [-72.24876635528297, -7.233354698960127, 0.0], [-72.24809694042138, -7.238290987738839, 0.0], [-72.2483758840398, -7.240687011896053, 0.0], [-72.24977233242713, -7.242655237549091, 0.0], [-72.25194349459656, -7.243712497633638, 0.0], [-72.25435638823674, -7.2435992442096655, 0.0], [-72.26415167985616, -7.240602127586072, 0.0], [-72.2656715152282, -7.240291482865548, 0.0], [-72.27328188684955, -7.239479352789825, 0.0], [-72.27484817220535, -7.239154309024144, 0.0], [-72.28706490372225, -7.235335758838136, 0.0], [-72.29410717450646, -7.234193716067029, 0.0], [-72.29514342642798, -7.2339707048840864, 0.0], [-72.29971349418234, -7.232671055924435, 0.0], [-72.3014006646089, -7.233121979595637, 0.0], [-72.30180122264827, -7.234819637016589, 0.0], [-72.30074906171976, -7.238127689741049, 0.0], [-72.30107111344104, -7.241063744196342, 0.0], [-72.30346381640196, -7.2428000688680285, 0.0], [-72.3083190061172, -7.243842410099134, 0.0], [-72.31052199349514, -7.245308066713875, 0.0], [-72.31114804124906, -7.247723154699738, 0.0], [-72.31083310766175, -7.250840739108767, 0.0], [-72.31116030620318, -7.253710027895423, 0.0], [-72.31174288972255, -7.25542382095249, 0.0], [-72.31297317307339, -7.2572577274620755, 0.0], [-72.31495922418878, -7.258226952911485, 0.0], [-72.31716413881388, -7.258069470829355, 0.0], [-72.31887704603875, -7.256955768393926, 0.0], [-72.32530919876048, -7.250073171339778, 0.0], [-72.3267912958815, -7.248825185733633, 0.0], [-72.3281941231602, -7.247905039885584, 0.0], [-72.3306840833038, -7.247665874180743, 0.0], [-72.33225605327416, -7.249449673163845, 0.0], [-72.33285366176707, -7.251675794702152, 0.0], [-72.33382965101755, -7.253247042516943, 0.0], [-72.33710406190292, -7.256128286890874, 0.0], [-72.33922734326725, -7.259079150482396, 0.0], [-72.34069073538913, -7.262558553734223, 0.0], [-72.34214935301023, -7.2648530633181565, 0.0], [-72.34526765238014, -7.268307408759846, 0.0], [-72.34713374472648, -7.271840534812814, 0.0], [-72.34728242964037, -7.27245505415738, 0.0], [-72.34718550880413, -7.275431088873642, 0.0], [-72.3455721925026, -7.277935288882421, 0.0], [-72.34538788454321, -7.278099847729681, 0.0], [-72.34317889958648, -7.278789712275348, 0.0], [-72.34112981319028, -7.2774641142774, 0.0], [-72.33984754632719, -7.275349112071851, 0.0], [-72.33820004859331, -7.273403025928861, 0.0], [-72.33613707306743, -7.271626647251907, 0.0], [-72.33479297961232, -7.269307993568987, 0.0], [-72.33377065279339, -7.266600029667604, 0.0], [-72.33245370627345, -7.266449569491996, 0.0], [-72.33150777146645, -7.267376800199145, 0.0], [-72.33030049277343, -7.270683183781802, 0.0], [-72.32884471071479, -7.273175269023437, 0.0], [-72.32635034479253, -7.27609370306196, 0.0], [-72.3257748560247, -7.278202581783656, 0.0], [-72.32692363112064, -7.279919562937444, 0.0], [-72.32864839141007, -7.281016801484132, 0.0], [-72.329415833274, -7.281578151110736, 0.0], [-72.3307946333656, -7.2827312141741665, 0.0], [-72.33205742271186, -7.285693958709206, 0.0], [-72.33039921764978, -7.288455538392359, 0.0], [-72.32728518196554, -7.290402672245445, 0.0], [-72.32557710320071, -7.292631349657043, 0.0], [-72.3258265193783, -7.2955845676735755, 0.0], [-72.32788429682282, -7.2974961531249285, 0.0], [-72.33069341916591, -7.297588977549253, 0.0], [-72.34520350463801, -7.292706130083783, 0.0], [-72.34753665719094, -7.293588798484198, 0.0], [-72.34721078155229, -7.295966070877359, 0.0], [-72.34401003413575, -7.299111139467453, 0.0], [-72.34151009691337, -7.303654977595077, 0.0], [-72.34098249884325, -7.306113412903649, 0.0], [-72.33916425762432, -7.309907855862864, 0.0], [-72.33791637544034, -7.311444486973485, 0.0], [-72.33677940214767, -7.313770649096142, 0.0], [-72.33678085904938, -7.316359027447085, 0.0], [-72.33792046915433, -7.31868390893521, 0.0], [-72.339785780889, -7.320185506955536, 0.0], [-72.34815411552003, -7.3244163009714605, 0.0], [-72.35274200693809, -7.327703558672262, 0.0], [-72.35594926005034, -7.331912112453999, 0.0], [-72.35762309083293, -7.334925996937137, 0.0], [-72.3598565184635, -7.337577158758858, 0.0], [-72.36268761484146, -7.3391186507051245, 0.0], [-72.36863306796168, -7.341086030995449, 0.0], [-72.37045285241717, -7.342933066707559, 0.0], [-72.37009590700048, -7.345371193525686, 0.0], [-72.36839109547262, -7.347892359244991, 0.0], [-72.36782594531111, -7.349605659473614, 0.0], [-72.36831942490146, -7.351494893174738, 0.0], [-72.37004867011, -7.3542749107585195, 0.0], [-72.37127637510454, -7.357510616621589, 0.0], [-72.37113913496307, -7.361212768454418, 0.0], [-72.36998695053725, -7.365833635313969, 0.0], [-72.36881596038822, -7.367745731580179, 0.0], [-72.36675900582341, -7.368643565248302, 0.0], [-72.36277075896336, -7.369071202773782, 0.0], [-72.36090116915355, -7.370525322885303, 0.0], [-72.36137355964196, -7.372843866850921, 0.0], [-72.36618303681759, -7.377941466125705, 0.0], [-72.36884168999191, -7.379885303064228, 0.0], [-72.37202143464145, -7.380749399565069, 0.0], [-72.37574193624133, -7.381146800084672, 0.0], [-72.37796107004728, -7.382486285413638, 0.0], [-72.37921623763928, -7.384955279662421, 0.0], [-72.37884684830335, -7.387878858722331, 0.0], [-72.37619027526092, -7.3936021748004634, 0.0], [-72.37548109687513, -7.398911048206326, 0.0], [-72.37675777804897, -7.406401896330429, 0.0], [-72.37745015889763, -7.407553616706032, 0.0], [-72.37874094503853, -7.407933005603663, 0.0], [-72.37994808343728, -7.40733959064951, 0.0], [-72.38043047798418, -7.406201423956528, 0.0], [-72.38081199377842, -7.399783680172657, 0.0], [-72.38180233890672, -7.396179558040096, 0.0], [-72.38397610281488, -7.393444435512254, 0.0], [-72.38863135795076, -7.389485724186752, 0.0], [-72.39050257553342, -7.388772892754737, 0.0], [-72.39240530625982, -7.389397088804607, 0.0], [-72.39348818892877, -7.391079026975479, 0.0], [-72.39326668321083, -7.393066134794214, 0.0], [-72.3914605864369, -7.396780964369988, 0.0], [-72.39110408348664, -7.398657833292312, 0.0], [-72.39174501861766, -7.400457813777063, 0.0], [-72.39320824076768, -7.40168899105408, 0.0], [-72.3949329426012, -7.4020263123644305, 0.0], [-72.40196522461532, -7.401682366647812, 0.0], [-72.40427980436941, -7.402990880224859, 0.0], [-72.40408571088679, -7.405639105760077, 0.0], [-72.3999520904166, -7.411212504853161, 0.0], [-72.39899222151377, -7.413205370131649, 0.0], [-72.39886503489342, -7.415611544037461, 0.0], [-72.40107184079277, -7.419355140227481, 0.0], [-72.40209698788567, -7.420150408914207, 0.0], [-72.40422653932326, -7.42073682084753, 0.0], [-72.40606024528402, -7.419762072661452, 0.0], [-72.40950434205172, -7.415798072423087, 0.0], [-72.41094580780275, -7.414894082895586, 0.0], [-72.41250991230261, -7.414902327880103, 0.0], [-72.4139417355227, -7.415821467386742, 0.0], [-72.4145981443888, -7.417238655039839, 0.0], [-72.41521816758434, -7.421019054185919, 0.0], [-72.41635259129905, -7.423165230490948, 0.0], [-72.41838986420079, -7.424173780595446, 0.0], [-72.42701950224814, -7.425552521331692, 0.0], [-72.43050120506656, -7.426885707809085, 0.0], [-72.43314835860977, -7.429507497772793, 0.0], [-72.43645356857726, -7.434524351417661, 0.0], [-72.43692291755855, -7.436631398220385, 0.0], [-72.43587273513859, -7.43851827389911, 0.0], [-72.43383247738686, -7.439233681888847, 0.0], [-72.4318307762693, -7.438416942787608, 0.0], [-72.4284753490581, -7.435290593585954, 0.0], [-72.42622319484448, -7.433753832073688, 0.0], [-72.42336769356417, -7.432924459296299, 0.0], [-72.42034844462503, -7.432567030044325, 0.0], [-72.41809760881752, -7.433077874644102, 0.0], [-72.41662879917969, -7.435042062341303, 0.0], [-72.41684359235788, -7.437483691119397, 0.0], [-72.41863288529933, -7.439162308093973, 0.0], [-72.4258503952795, -7.4421236209083155, 0.0], [-72.42930902599075, -7.442801609906326, 0.0], [-72.43377144759418, -7.442792042019043, 0.0], [-72.4353585225777, -7.44381839870011, 0.0], [-72.43513243211596, -7.445597792803817, 0.0], [-72.43254485865825, -7.448850122635044, 0.0], [-72.4316175218311, -7.452575427513931, 0.0], [-72.43367242054575, -7.455623803695545, 0.0], [-72.43659908787752, -7.457497620318833, 0.0], [-72.4395241688053, -7.458232122714271, 0.0], [-72.44320712640776, -7.457946952190099, 0.0], [-72.44510086571232, -7.458933599306107, 0.0], [-72.44510509252598, -7.460964563463758, 0.0], [-72.44240851673958, -7.465589446695521, 0.0], [-72.44255558107513, -7.467542867709177, 0.0], [-72.44443605537967, -7.468105051007225, 0.0], [-72.45032339880578, -7.466221751932224, 0.0], [-72.45252006305041, -7.466138451328476, 0.0], [-72.45456094223366, -7.467326503415318, 0.0], [-72.4556012321111, -7.469443743134242, 0.0], [-72.45529280961547, -7.471781694469616, 0.0], [-72.45357835285864, -7.475569242326653, 0.0], [-72.45280667338916, -7.480029290619207, 0.0], [-72.4541619436188, -7.484089479645707, 0.0], [-72.45723821317291, -7.487070805972852, 0.0], [-72.46134446097807, -7.4883035327817495, 0.0], [-72.47732664580803, -7.489148096007771, 0.0], [-72.4794075780972, -7.49012212923278, 0.0], [-72.48021934574611, -7.492121274477238, 0.0], [-72.47950245567374, -7.494156231624739, 0.0], [-72.47761571219532, -7.495208462700344, 0.0], [-72.47199387741547, -7.496045021960164, 0.0], [-72.46917593901836, -7.497712151894266, 0.0], [-72.46835469791098, -7.501044900002153, 0.0], [-72.46854247995147, -7.502161218565341, 0.0], [-72.46840992527784, -7.50477582654311, 0.0], [-72.46705473958448, -7.507245540249453, 0.0], [-72.46269333522922, -7.5120645898089435, 0.0], [-72.46135706227861, -7.5152228865269635, 0.0], [-72.4623888814417, -7.518683931018501, 0.0], [-72.46542677422623, -7.520645535862748, 0.0], [-72.46883960876094, -7.520254051982857, 0.0], [-72.47364358658226, -7.517941084713232, 0.0], [-72.4786683029997, -7.517110240645021, 0.0], [-72.48201295363491, -7.517516502184808, 0.0], [-72.48416851526471, -7.519184234664657, 0.0], [-72.48371929940616, -7.521871289328498, 0.0], [-72.48080588808126, -7.5252946855013505, 0.0], [-72.48030017141573, -7.527740708366938, 0.0], [-72.48209048598709, -7.529485889562139, 0.0], [-72.4857376469748, -7.530506325106824, 0.0], [-72.4885446559111, -7.532565834645467, 0.0], [-72.48928984315172, -7.535962223277938, 0.0], [-72.48879227884055, -7.539360623693771, 0.0], [-72.48900829329807, -7.541384074015735, 0.0], [-72.49017403410436, -7.543053663595657, 0.0], [-72.49200138815351, -7.543956734915337, 0.0], [-72.49387333958293, -7.543916261826013, 0.0], [-72.5089594983821, -7.540040731494514, 0.0], [-72.51266178151594, -7.5402589151167945, 0.0], [-72.51542587570353, -7.542415854507979, 0.0], [-72.51652883034119, -7.545739917862861, 0.0], [-72.51548635511114, -7.549291738123166, 0.0], [-72.51210174579886, -7.55427239585439, 0.0], [-72.51136183128351, -7.556752662205536, 0.0], [-72.51218686483192, -7.559206043324153, 0.0], [-72.51370621983888, -7.560320626525531, 0.0]], [[-72.51989881695407, -7.559595888970051, 0.0], [-72.52189509488262, -7.55778907330701, 0.0], [-72.52166647912466, -7.554427723160874, 0.0], [-72.52057633712816, -7.5525221946434975, 0.0], [-72.51940202128627, -7.549211927788203, 0.0], [-72.51900919381917, -7.5468097432750305, 0.0], [-72.51925652177098, -7.5430331311740275, 0.0], [-72.52292872348178, -7.530861187693606, 0.0], [-72.52327029768608, -7.52741477786968, 0.0], [-72.5224001874187, -7.524314368713071, 0.0], [-72.52012676513804, -7.519645326970149, 0.0], [-72.52061995154948, -7.517286940339986, 0.0], [-72.52303115536343, -7.517169080588516, 0.0], [-72.52620856897023, -7.519381144823946, 0.0], [-72.53099061772276, -7.520996292145167, 0.0], [-72.5346771573249, -7.5211566790374675, 0.0], [-72.53653516746397, -7.521745670226444, 0.0], [-72.53784277632303, -7.5231886522344595, 0.0], [-72.53824951989945, -7.524928659629872, 0.0], [-72.53771668147967, -7.526800111036248, 0.0], [-72.53493164118225, -7.531427974621309, 0.0], [-72.5344904113034, -7.533631358600225, 0.0], [-72.53543854675151, -7.535510776201328, 0.0], [-72.537324675993, -7.5364513609414665, 0.0], [-72.53940005227051, -7.5360797170053075, 0.0], [-72.54256192918965, -7.534363922956601, 0.0], [-72.54503636523602, -7.534254819004683, 0.0], [-72.54664550058934, -7.536133876876917, 0.0], [-72.54704231924762, -7.537663982506761, 0.0], [-72.54821908394354, -7.5392929649983245, 0.0], [-72.5501898969462, -7.539698737306789, 0.0], [-72.55814806697964, -7.538352606887301, 0.0], [-72.56218748796215, -7.53858503936803, 0.0], [-72.57098131793347, -7.541137946658839, 0.0], [-72.57236096518636, -7.542020467570477, 0.0], [-72.57471690386197, -7.544734601720439, 0.0], [-72.57603978410874, -7.545982300442734, 0.0], [-72.58156816044217, -7.550227971943325, 0.0], [-72.58300888293228, -7.552209794553523, 0.0]]]}}, {"id": "8", "type": "Feature", "properties": {"id_snv": 38, "Nome": "Rio Madeira", "Codigo": "HF-117", "Sequencia_": "117", "Trecho": "Da foz, no rio Amazonas, ate a confluencia dos rios Beni (Bolivia) e Mamore.", "Extensao_k": 0.0, "Administra": null, "Regiao_Hid": "Amazonica", "dt_ini": "2013-01-01", "dt_fim": "2029-10-30", "Shape_Leng": 12.7770490807}, "geometry": {"type": "LineString", "coordinates": [[-58.74174500003173, -3.352752999651152, 0.0], [-58.74883035103986, -3.3593689315309163, 0.0], [-58.76522494247709, -3.368572530397941, 0.0], [-58.77047775124717, -3.3753261412882907, 0.0], [-58.776480960627794, -3.390334165189536, 0.0], [-58.783234571518236, -3.4045917875808698, 0.0], [-58.784735374537874, -3.4150974051211236, 0.0], [-58.78998818240868, -3.427103823882284, 0.0], [-58.795240991178765, -3.439110243542899, 0.0], [-58.80124420055939, -3.4496158601837834, 0.0], [-58.81925382960054, -3.4593710762141328, 0.0], [-58.84476747104186, -3.4706270943648434, 0.0], [-58.879285926104515, -3.488636723405989, 0.0], [-58.89504435151558, -3.5118991603179452, 0.0], [-58.914554783576364, -3.5419152090196206, 0.0], [-58.926561202337524, -3.553171227170324, 0.0], [-58.94231962774859, -3.571931256822012, 0.0], [-58.962580460419915, -3.5966944967536065, 0.0], [-58.97383647857062, -3.613953725184217, 0.0], [-58.994847711852394, -3.620707336074659, 0.0], [-59.042122988085396, -3.645470575106877, 0.0], [-59.066135827406455, -3.66348020414803, 0.0], [-59.086396659178405, -3.6784882289485523, 0.0], [-59.093900671578666, -3.682990636208814, 0.0], [-59.09840307883903, -3.6882434440796175, 0.0], [-59.09840307883903, -3.6934962528497053, 0.0], [-59.09765267732921, -3.7017506658605015, 0.0], [-59.088647862808585, -3.713006684011212, 0.0], [-59.080393449797874, -3.7272643073019154, 0.0], [-59.06238382075664, -3.7490259420935104, 0.0], [-59.054879809255745, -3.7640339659947486, 0.0], [-59.050377401995476, -3.7797923914057208, 0.0], [-59.04962700048566, -3.7978020204468734, 0.0], [-59.053379006236106, -3.8150612479782, 0.0], [-59.05938221651601, -3.8353220806494406, 0.0], [-59.07138863527726, -3.857083716340405, 0.0], [-59.08189425191814, -3.872091740241558, 0.0], [-59.10610775876606, -3.892554337612495, 0.0], [-59.12019680863576, -3.902950602088552, 0.0], [-59.14946417892865, -3.9076619353500277, 0.0], [-59.17159316609171, -3.913800944158176, 0.0], [-59.18986742694017, -3.9180839743958487, 0.0], [-59.20385865755095, -3.926650033971825, 0.0], [-59.233697098242466, -3.940926800231601, 0.0], [-59.27038400042122, -3.9547250003584367, 0.0], [-59.296342999629736, -3.96722999966471, 0.0], [-59.30759655993327, -3.977992828706043, 0.0], [-59.311487011816055, -3.983222202942258, 0.0], [-59.3147891299143, -3.9914665516399452, 0.0], [-59.32107090609744, -4.0081703677682725, 0.0], [-59.32406902726379, -4.0153087508981145, 0.0], [-59.32692438105525, -4.021162224956733, 0.0], [-59.33220678381596, -4.026016325592842, 0.0], [-59.340059005618606, -4.031155960978751, 0.0], [-59.351623185461655, -4.0385798797575845, 0.0], [-59.36118861935924, -4.043719515143408, 0.0], [-59.3688980728877, -4.047717009732175, 0.0], [-59.372467264452666, -4.052571110368376, 0.0], [-59.37432324392251, -4.058567351801798, 0.0], [-59.3746087795715, -4.064135291110702, 0.0], [-59.37389494089879, -4.071273674240636, 0.0], [-59.3741804765477, -4.076984380025074, 0.0], [-59.3737521735239, -4.085407672226239, 0.0], [-59.37261003182748, -4.094259267451207, 0.0], [-59.371610658405146, -4.100683811908347, 0.0], [-59.37046851670864, -4.108107729787811, 0.0], [-59.369469143286224, -4.114246739495421, 0.0], [-59.369469143286224, -4.121099586976271, 0.0], [-59.369754678935216, -4.128809041404104, 0.0], [-59.368612537238796, -4.135376353236055, 0.0], [-59.368327002489174, -4.1469405339783805, 0.0], [-59.36698629588078, -4.158489365092031, 0.0], [-59.36961499983235, -4.166732999728104, 0.0], [-59.374259162730155, -4.185254974337539, 0.0], [-59.37482405028965, -4.186490783123062, 0.0], [-59.38223702162118, -4.206182754130751, 0.0], [-59.386151958446035, -4.214382620561409, 0.0], [-59.39388241294292, -4.226319352655906, 0.0], [-59.39873651357921, -4.23260112973832, 0.0], [-59.40658873538176, -4.239311209844367, 0.0], [-59.41158560339286, -4.242737634034519, 0.0], [-59.421151036391166, -4.251303693610495, 0.0], [-59.43128754068745, -4.260726359234077, 0.0], [-59.4385686911921, -4.268007509738737, 0.0], [-59.45098947708267, -4.274146519446255, 0.0], [-59.466551152413686, -4.2798572252306855, 0.0], [-59.48354050419091, -4.282569810748136, 0.0], [-59.49824557347441, -4.285567931914493, 0.0], [-59.51237957146, -4.287423911384337, 0.0], [-59.529368923237236, -4.289422659128363, 0.0], [-59.54024439326409, -4.28992090422625, 0.0], [-59.546072739365385, -4.291849708996821, 0.0], [-59.554210495917644, -4.297988718704339, 0.0], [-59.557922454857334, -4.30384219276295, 0.0], [-59.56034950562517, -4.308981828148859, 0.0], [-59.56291932286844, -4.316120211278708, 0.0], [-59.56391869719013, -4.321973685337234, 0.0], [-59.56320485851734, -4.32668501859871, 0.0], [-59.56306209114253, -4.336964289370435, 0.0], [-59.56420423193967, -4.3433888347269445, 0.0], [-59.57020047427246, -4.3526687320762605, 0.0], [-59.581479119365795, -4.365232286241003, 0.0], [-59.59432820828017, -4.377367537381858, 0.0], [-59.60246596483243, -4.383649314464279, 0.0], [-59.610318186634984, -4.385933596957926, 0.0], [-59.61899855903621, -4.386113098040987, 0.0], [-59.629306285256774, -4.383506547089468, 0.0], [-59.635445294964384, -4.381079497221009, 0.0], [-59.64101323337401, -4.376939234358147, 0.0], [-59.646723940057726, -4.372798972394563, 0.0], [-59.65257741411634, -4.3673738013598395, 0.0], [-59.65957302897209, -4.361948630325031, 0.0], [-59.66696523945423, -4.3503499066228315, 0.0], [-59.67256488616046, -4.345673117220507, 0.0], [-59.67557442871687, -4.344022722770333, 0.0], [-59.67698041351524, -4.343144373813743, 0.0], [-59.679994648733995, -4.341831810589589, 0.0], [-59.68521088747245, -4.34125884531943, 0.0], [-59.68655611677134, -4.341390086982834, 0.0], [-59.69183852043134, -4.3415328552570145, 0.0], [-59.69897690356119, -4.342389460405251, 0.0], [-59.70625805406593, -4.3433888347269445, 0.0], [-59.71082661905322, -4.3436743694764814, 0.0], [-59.719963749927096, -4.345530348946411, 0.0], [-59.72767320345555, -4.347957399714154, 0.0], [-59.73181346541905, -4.3493850761602815, 0.0], [-59.739380151572696, -4.3539536411475765, 0.0], [-59.745804696029836, -4.356951762313933, 0.0], [-59.7502498452541, -4.359126381477253, 0.0], [-59.7539246397103, -4.36462575107749, 0.0], [-59.75716100027988, -4.369468999594659, 0.0], [-59.76912499981886, -4.3846469998591076, 0.0], [-59.78216899969952, -4.404161000429738, 0.0], [-59.79630699966832, -4.417169999595814, 0.0], [-59.8065719999977, -4.430226000029833, 0.0], [-59.80935961055751, -4.433956703538975, 0.0], [-59.821890270219754, -4.448368674774507, 0.0], [-59.826794706810205, -4.454947407097144, 0.0], [-59.838175371895815, -4.475306152556833, 0.0], [-59.84688419974597, -4.490439524864129, 0.0], [-59.85045339131094, -4.498720048791206, 0.0], [-59.85330874420312, -4.505715664546237, 0.0], [-59.85659240011918, -4.513853421098503, 0.0], [-59.86073266298195, -4.523133318447812, 0.0], [-59.86615783401676, -4.53555410523775, 0.0], [-59.876579873062674, -4.554399436484736, 0.0], [-59.88086290240098, -4.561966122638381, 0.0], [-59.88514593263865, -4.568390667095613, 0.0], [-59.89142770972098, -4.575671817600266, 0.0], [-59.89813778982711, -4.583524039402818, 0.0], [-59.90613277900447, -4.591233492931281, 0.0], [-59.91155795003928, -4.596944199615081, 0.0], [-59.9164120497762, -4.604510884869363, 0.0], [-59.92012400961535, -4.61321971271952, 0.0], [-59.922122756460006, -4.620643630599076, 0.0], [-59.92355043290614, -4.6299235288476694, 0.0], [-59.92440703895365, -4.638775124072637, 0.0], [-59.925120877626355, -4.658477060467945, 0.0], [-59.925691948024976, -4.662046252032823, 0.0], [-59.9266913214473, -4.669470170811664, 0.0], [-59.929118372215044, -4.678178997762451, 0.0], [-59.93168818945831, -4.685602916541285, 0.0], [-59.935971219695986, -4.695453885188584, 0.0], [-59.939540411260865, -4.704305479514268, 0.0], [-59.943252370200724, -4.71487028683427, 0.0], [-59.943966208873434, -4.725149558505279, 0.0], [-59.94268129980212, -4.734001152830878, 0.0], [-59.94068255205809, -4.741710607258618, 0.0], [-59.93668505836869, -4.748706222114464, 0.0], [-59.93283033115482, -4.755701837869495, 0.0], [-59.93068881603598, -4.7614125436539325, 0.0], [-59.92454980722775, -4.778401895431074, 0.0], [-59.92069508001387, -4.78625411723371, 0.0], [-59.91712588844891, -4.7953912472083005, 0.0], [-59.91512714160425, -4.8025296303381495, 0.0], [-59.91327116123504, -4.80824033612258, 0.0], [-59.91369946425884, -4.8142365784552865, 0.0], [-59.91384223253293, -4.816092557925131, 0.0], [-59.91584097937768, -4.819233446466299, 0.0], [-59.9169831210741, -4.821089425936229, 0.0], [-59.91926740356783, -4.823230941055066, 0.0], [-59.92255105948381, -4.8246586175011075, 0.0], [-59.92640578669768, -4.8258007591976195, 0.0], [-59.9315454220835, -4.827799506042275, 0.0], [-59.9363995227197, -4.830654858934537, 0.0], [-59.941681926379786, -4.833367444451895, 0.0], [-59.94567942096847, -4.83493788917221, 0.0], [-59.95124735937809, -4.8375077073147565, 0.0], [-59.955102086591964, -4.839791989808404, 0.0], [-59.960241721977866, -4.843075645724383, 0.0], [-59.96366814616793, -4.846216534265544, 0.0], [-59.9665234990602, -4.848929119782994, 0.0], [-59.96937885195237, -4.852355543973154, 0.0], [-59.97594616468369, -4.857923482382773, 0.0], [-59.98394115386114, -4.865204632887433, 0.0], [-59.993363819484635, -4.874056228112401, 0.0], [-59.999994444488, -4.878994759800257, 0.0], [-60.03108549959606, -4.8898834228815815, 0.0], [-60.0541520263949, -4.901076228585012, 0.0], [-60.070523364061934, -4.907788952697935, 0.0], [-60.08466398285641, -4.914501149808146, 0.0], [-60.1010346145558, -4.91598398617198, 0.0], [-60.118891937113176, -4.915223865688802, 0.0], [-60.14120775753193, -4.908484204182585, 0.0], [-60.16426553392718, -4.901740284386555, 0.0], [-60.17691096327029, -4.899485558111984, 0.0], [-60.19476588104054, -4.898716134142198, 0.0], [-60.21113585893269, -4.90018659403605, 0.0], [-60.22156313293223, -4.907637478986402, 0.0], [-60.23497973182916, -4.922549200784907, 0.0], [-60.242450489998056, -4.940456250455547, 0.0], [-60.24844334098738, -4.963591895549477, 0.0], [-60.25592565814257, -4.985978036656981, 0.0], [-60.2716058290457, -5.011335277001336, 0.0], [-60.29251172383692, -5.040413603504902, 0.0], [-60.31489637566718, -5.060526115487782, 0.0], [-60.33803036600851, -5.0798868212197235, 0.0], [-60.35370414902728, -5.092542432687054, 0.0], [-60.382771210622806, -5.113322551894193, 0.0], [-60.39088766313512, -5.114796005631085, 0.0], [-60.398018235652984, -5.116541132866956, 0.0], [-60.402599441510944, -5.118243413702537, 0.0], [-60.40653342777542, -5.120901512894491, 0.0], [-60.410959225387906, -5.124756239208992, 0.0], [-60.41522588616566, -5.129788711379888, 0.0], [-60.41704994330015, -5.133081990041752, 0.0], [-60.41966805323797, -5.141888358361037, 0.0], [-60.42209510310643, -5.150311650562202, 0.0], [-60.424664921249075, -5.159020478412266, 0.0], [-60.427520274141244, -5.1650167198456955, 0.0], [-60.43180330437892, -5.1710129612790325, 0.0], [-60.43794231318715, -5.176866435337644, 0.0], [-60.444444268588086, -5.181454815087569, 0.0], [-60.45493166496429, -5.186003566211603, 0.0], [-60.463354957165464, -5.188716151728968, 0.0], [-60.47220655239043, -5.190857665948521, 0.0], [-60.48262859143634, -5.192999181067272, 0.0], [-60.49533491297581, -5.197139443030849, 0.0], [-60.50832677016427, -5.204420594434879, 0.0], [-60.517178365389235, -5.209988532844498, 0.0], [-60.523460141572194, -5.216984148599536, 0.0], [-60.52831424220848, -5.224693602127992, 0.0], [-60.53131236337484, -5.232117520007463, 0.0], [-60.536451998760654, -5.2399697418101, 0.0], [-60.54187716979547, -5.246537053642051, 0.0], [-60.544228771040935, -5.249482604038889, 0.0], [-60.54990797177542, -5.254469905061988, 0.0], [-60.55737599960267, -5.258774000119949, 0.0], [-60.59619629602216, -5.281785020762051, 0.0], [-60.607693061785284, -5.289652887171016, 0.0], [-60.613118232820185, -5.292508240063185, 0.0], [-60.61840063648019, -5.294364220432399, 0.0], [-60.623825807514905, -5.296791270300858, 0.0], [-60.63467614958462, -5.299646623193034, 0.0], [-60.645526491654245, -5.300645997514728, 0.0], [-60.6580900458189, -5.301074300538531, 0.0], [-60.6767926087918, -5.301788138311871, 0.0], [-60.688214022159315, -5.3023592087104845, 0.0], [-60.70296837788831, -5.302782312753486, 0.0], [-60.7149135168453, -5.306268201016593, 0.0], [-60.720064875793334, -5.308909107868999, 0.0], [-60.73022097991423, -5.316879120175209, 0.0], [-60.732481566171344, -5.319204438733806, 0.0], [-60.735679502307164, -5.324026965072335, 0.0], [-60.74130424279653, -5.335300786202225, 0.0], [-60.74446448025155, -5.344475668817026, 0.0], [-60.74960411563737, -5.360180111522851, 0.0], [-60.75146009600658, -5.373600271735114, 0.0], [-60.75060348995906, -5.386306593274668, 0.0], [-60.748176439191326, -5.394158815077219, 0.0], [-60.742894035531236, -5.407721742664208, 0.0], [-60.739039309216736, -5.42356895274493, 0.0], [-60.736326723699285, -5.432277779695717, 0.0], [-60.73275753213441, -5.441129374920685, 0.0], [-60.731615390437895, -5.445983475556879, 0.0], [-60.73132985568827, -5.45140864659178, 0.0], [-60.732329229110604, -5.455834444204179, 0.0], [-60.73361413818192, -5.458547029721629, 0.0], [-60.73803993579432, -5.460974079590088, 0.0], [-60.742180197757904, -5.462830059059932, 0.0], [-60.74803367181643, -5.465828180226282, 0.0], [-60.75802740783853, -5.470253977838766, 0.0], [-60.76987712333057, -5.476250219272195, 0.0], [-60.787294778131425, -5.484387975824369, 0.0], [-60.823966925133455, -5.501879345355455, 0.0], [-60.843165432738466, -5.5149220726954695, 0.0], [-60.87908400002648, -5.542100000414649, 0.0], [-60.91734399992559, -5.559873999885191, 0.0], [-60.923821000039084, -5.564171000191429, 0.0], [-60.943863999823655, -5.576865000119611, 0.0], [-60.956617999820836, -5.585935000200024, 0.0], [-60.97197377986596, -5.594339603589802, 0.0], [-60.98088772598773, -5.602171295668747, 0.0], [-60.98959655293852, -5.606026022882617, 0.0], [-60.99416511792582, -5.606597093281231, 0.0], [-60.999304754211, -5.606168790257428, 0.0], [-61.00458715697172, -5.6047411138112935, 0.0], [-61.01129723707777, -5.600600851847801, 0.0], [-61.01523231511923, -5.59708738947139, 0.0], [-61.02154745615014, -5.592481934293815, 0.0], [-61.02585953898645, -5.590607114926328, 0.0], [-61.03157346704178, -5.587289350423106, 0.0], [-61.03952673756883, -5.584431866137649, 0.0], [-61.047988526149496, -5.582612126648243, 0.0], [-61.061836989385476, -5.5796140054818935, 0.0], [-61.07954017893604, -5.5763303495659144, 0.0], [-61.09238926874969, -5.574617137470881, 0.0], [-61.09579151017002, -5.574439504279702, 0.0], [-61.10237073352245, -5.575964321895874, 0.0], [-61.10452451989063, -5.577186955613435, 0.0], [-61.11037799394925, -5.582326590999344, 0.0], [-61.1169453057812, -5.589036671105383, 0.0], [-61.12351261851252, -5.596746124633931, 0.0], [-61.12793841612492, -5.601885760019755, 0.0], [-61.132649748487026, -5.6094524461734, 0.0], [-61.138217687796015, -5.616733597577429, 0.0], [-61.14498110669268, -5.624838183535331, 0.0], [-61.15320829182913, -5.630010989515512, 0.0], [-61.16620014901768, -5.635293393175509, 0.0], [-61.182332894747304, -5.640718564210324, 0.0], [-61.20103545772011, -5.647571411691267, 0.0], [-61.202494911710744, -5.648255530468269, 0.0], [-61.209722623600186, -5.650828540304843, 0.0], [-61.22445782556811, -5.6535744762809514, 0.0], [-61.23501416127448, -5.65442425917221, 0.0], [-61.23687014074433, -5.65442425917221, 0.0], [-61.25268799965138, -5.653933000007925, 0.0], [-61.260712340002414, -5.656280238642054, 0.0], [-61.2659947436625, -5.6597066628321215, 0.0], [-61.26813625878125, -5.662419248349572, 0.0], [-61.270563308649706, -5.666702278587245, 0.0], [-61.27156268207212, -5.671128075300359, 0.0], [-61.273133126792345, -5.675553872912843, 0.0], [-61.27527464101181, -5.684405468137811, 0.0], [-61.276131247059325, -5.695684113231238, 0.0], [-61.276416782708324, -5.7059633849022475, 0.0], [-61.277130621381026, -5.7138156058055145, 0.0], [-61.27727338875584, -5.717242029995674, 0.0], [-61.27784445915445, -5.725237019173036, 0.0], [-61.27798722652926, -5.731947099279168, 0.0], [-61.27898660085087, -5.740513158855144, 0.0], [-61.281270883344604, -5.748936451056309, 0.0], [-61.28326963018927, -5.753647783418415, 0.0], [-61.28541114530801, -5.7593584901022155, 0.0], [-61.28798096345065, -5.766068570208262, 0.0], [-61.2902652459443, -5.772635882040298, 0.0], [-61.294976578306404, -5.782344083312786, 0.0], [-61.29797469947276, -5.787198183948981, 0.0], [-61.30083005236493, -5.793908264055112, 0.0], [-61.302400497085245, -5.799904505488449, 0.0], [-61.303828173531286, -5.804473070475744, 0.0], [-61.30539861735231, -5.809041635463039, 0.0], [-61.30582692037603, -5.811611453605678, 0.0], [-61.30739736509625, -5.815751715569171, 0.0], [-61.309396111941, -5.820891351854364, 0.0], [-61.3108237892864, -5.826316522889172, 0.0], [-61.31225146573254, -5.831027855251278, 0.0], [-61.314535748226184, -5.835310885488951, 0.0], [-61.31698827229091, -5.838062920667184, 0.0], [-61.32252831822731, -5.841484078427385, 0.0], [-61.328098675813166, -5.841878197320902, 0.0], [-61.33295277644946, -5.84159266257128, 0.0], [-61.337521341436755, -5.840878823898578, 0.0], [-61.34494525931622, -5.838166238381213, 0.0], [-61.34908552217908, -5.835168117214771, 0.0], [-61.352797481118856, -5.830314016578576, 0.0], [-61.359793095974524, -5.821034119229175, 0.0], [-61.37079295123371, -5.806081810127374, 0.0], [-61.37759715978106, -5.799416194301855, 0.0], [-61.382207618786566, -5.795764243524957, 0.0], [-61.38634788075006, -5.794622101828537, 0.0], [-61.39063091098773, -5.793479961031309, 0.0], [-61.39634314651899, -5.794160194737209, 0.0], [-61.405086000218745, -5.794557999951664, 0.0], [-61.41621591543212, -5.798244720317548, 0.0], [-61.42275363417289, -5.800761111536055, 0.0], [-61.426751128761566, -5.804473070475744, 0.0], [-61.43131969374886, -5.809469938486842, 0.0], [-61.43631656265924, -5.817607695039015, 0.0], [-61.446308346253176, -5.835928083913856, 0.0], [-61.45708193928003, -5.857597691080549, 0.0], [-61.46201474138717, -5.8665770026265065, 0.0], [-61.465298397303144, -5.869146820769146, 0.0], [-61.46801098282051, -5.871431103262793, 0.0], [-61.47229401305818, -5.872716012334109, 0.0], [-61.47572043634906, -5.873572618381537, 0.0], [-61.47888793582954, -5.873585319506844, 0.0], [-61.48386482450201, -5.871466450216509, 0.0], [-61.486570778418596, -5.8684329820964365, 0.0], [-61.48999720260875, -5.865006558805561, 0.0], [-61.494994070619846, -5.86100906421688, 0.0], [-61.498706029559536, -5.858153710425341, 0.0], [-61.503988433219625, -5.853442378063235, 0.0], [-61.50727208913551, -5.850587025171059, 0.0], [-61.514267704890635, -5.846303994933386, 0.0], [-61.52026394632397, -5.8433058737670365, 0.0], [-61.526260188656764, -5.841307126922381, 0.0], [-61.53211366271538, -5.839308379178263, 0.0], [-61.53611115730406, -5.838451774030119, 0.0], [-61.54053695401718, -5.838451774030119, 0.0], [-61.545819357677175, -5.838737308779741, 0.0], [-61.551678297815116, -5.839984058717249, 0.0], [-61.56437915327526, -5.84230650034462, 0.0], [-61.59036286765218, -5.849159347825562, 0.0], [-61.61734595545143, -5.857439872652002, 0.0], [-61.63247932775873, -5.861151831591691, 0.0], [-61.649040376512154, -5.866005932227978, 0.0], [-61.665886960015115, -5.8677191443230114, 0.0], [-61.6743830811143, -5.868966808871136, 0.0], [-61.688587018476056, -5.87400092140534, 0.0], [-61.69658200675414, -5.881567606659708, 0.0], [-61.701721643039335, -5.888705989789557, 0.0], [-61.70357762250917, -5.893988393449554, 0.0], [-61.70486253158059, -5.901983382626916, 0.0], [-61.70386315815817, -5.9095500687806535, 0.0], [-61.700865036991814, -5.919543804802672, 0.0], [-61.69800968409955, -5.926824955307417, 0.0], [-61.6947260272843, -5.9349627118595905, 0.0], [-61.687873179803354, -5.944242610108361, 0.0], [-61.682733544417445, -5.9529514370591485, 0.0], [-61.67359641354366, -5.963659011753876, 0.0], [-61.66703868129009, -5.972335043127742, 0.0], [-61.665601424366216, -5.977364707615131, 0.0], [-61.665030353967595, -5.982504343000947, 0.0], [-61.66517312224178, -5.985930767191107, 0.0], [-61.665744192640304, -5.992640846397869, 0.0], [-61.66731463646124, -5.997494947034156, 0.0], [-61.67088382802621, -6.0044905627891865, 0.0], [-61.67431025221637, -6.011771713293932, 0.0], [-61.68002095890009, -6.018053490376261, 0.0], [-61.69142675913761, -6.027675433174608, 0.0], [-61.70319499964947, -6.0403790000907875, 0.0], [-61.73852916139167, -6.065546422329469, 0.0], [-61.75725826245877, -6.075446090164824, 0.0], [-61.76739476675506, -6.08272724066957, 0.0], [-61.77367654383738, -6.088437947353285, 0.0], [-61.78324197683569, -6.0941486531378075, 0.0], [-61.79523446060182, -6.097717844702778, 0.0], [-61.80679864044487, -6.1011442688928454, 0.0], [-61.81550746829494, -6.104427924808817, 0.0], [-61.824073527870915, -6.10828265202278, 0.0], [-61.82726001743583, -6.110752181367971, 0.0], [-61.830468553880635, -6.1141797369052355, 0.0], [-61.83263958744698, -6.118847458443412, 0.0], [-61.833507175115976, -6.123185398587218, 0.0], [-61.83352773451727, -6.128922214388645, 0.0], [-61.833210657845505, -6.131839315631872, 0.0], [-61.833210657845505, -6.137121719291869, 0.0], [-61.833353426119686, -6.141833051653975, 0.0], [-61.833067890470694, -6.148685900034202, 0.0], [-61.832496820072166, -6.166817392608571, 0.0], [-61.83164021402465, -6.185091652557659, 0.0], [-61.833210657845505, -6.212788579029706, 0.0], [-61.83520940558962, -6.226065971867065, 0.0], [-61.83800548866234, -6.2357755464042555, 0.0], [-61.84063457662434, -6.2424842523463155, 0.0], [-61.845916979385066, -6.24947986810135, 0.0], [-61.85005724224793, -6.2520496853447085, 0.0], [-61.855482413282644, -6.254619503487259, 0.0], [-61.862620796412585, -6.255190573885873, 0.0], [-61.86718936139988, -6.255190573885873, 0.0], [-61.87689756177299, -6.254191200463456, 0.0], [-61.88803343949161, -6.253049059666317, 0.0], [-61.90173913535277, -6.2507647771726695, 0.0], [-61.91415992124334, -6.248337726404841, 0.0], [-61.92458196028916, -6.248480493779741, 0.0], [-61.9327197177407, -6.24947986810135, 0.0], [-61.94071470601878, -6.251050311922292, 0.0], [-61.95541977530237, -6.252763524017414, 0.0], [-61.98077297139548, -6.25105312050508, 0.0], [-61.98982678188045, -6.248908796803544, 0.0], [-62.005531223686994, -6.24576790826238, 0.0], [-62.016096031006995, -6.243340858393921, 0.0], [-62.03294261451005, -6.240628272876471, 0.0], [-62.041080371961584, -6.238486757757634, 0.0], [-62.04721938076973, -6.23663077828779, 0.0], [-62.05335839047726, -6.236059707889176, 0.0], [-62.05906909716106, -6.235203101841655, 0.0], [-62.06820622713565, -6.2319194459256835, 0.0], [-62.07648675106263, -6.227636415688011, 0.0], [-62.083482366817755, -6.222211244653195, 0.0], [-62.09604592098241, -6.213074114678605, 0.0], [-62.10238230220142, -6.206682762399538, 0.0], [-62.11289250448546, -6.1982262780203, 0.0], [-62.125884361673926, -6.190945126616278, 0.0], [-62.13644916899392, -6.187661470700299, 0.0], [-62.15400959116968, -6.18866084412263, 0.0], [-62.17328322544047, -6.192230035687508, 0.0], [-62.18755999080088, -6.197655206722317, 0.0], [-62.20098015101314, -6.20465082247744, 0.0], [-62.22111039133145, -6.218070982689618, 0.0], [-62.235101621942235, -6.226779809640405, 0.0], [-62.24138339902456, -6.234489263168953, 0.0], [-62.24532866098889, -6.242870770169837, 0.0], [-62.24623749966085, -6.251050311922292, 0.0], [-62.245095357964345, -6.260901280569588, 0.0], [-62.244667054940535, -6.2716088552644, 0.0], [-62.243382145869305, -6.280603217864179, 0.0], [-62.241240631649845, -6.290454186511475, 0.0], [-62.23981295430434, -6.302018367253805, 0.0], [-62.23924188390582, -6.310013355531886, 0.0], [-62.23924188390582, -6.318864950756854, 0.0], [-62.24038402560224, -6.330143595850281, 0.0], [-62.24238277244698, -6.340137331872299, 0.0], [-62.24550054301563, -6.350775509482144, 0.0], [-62.24852178215441, -6.355984542852301, 0.0], [-62.251234367671856, -6.363693996380761, 0.0], [-62.254089720564124, -6.371117914260317, 0.0], [-62.257658912129, -6.3802550442348185, 0.0], [-62.25922935684931, -6.385394680520008, 0.0], [-62.260799800670256, -6.390677084180009, 0.0], [-62.26308408316381, -6.398814840732271, 0.0], [-62.26850925419871, -6.412377768319256, 0.0], [-62.277218082048776, -6.431223099566331, 0.0], [-62.27878852586972, -6.440502996915733, 0.0], [-62.27921682889344, -6.449354592140612, 0.0], [-62.279359596268336, -6.460490469859227, 0.0], [-62.2829287878333, -6.477194285987466, 0.0], [-62.28692628242199, -6.48675971898577, 0.0], [-62.297776624491604, -6.5014647882692636, 0.0], [-62.3079131287878, -6.511315756916559, 0.0], [-62.32024262090023, -6.519985511022476, 0.0], [-62.333525707345494, -6.526875364706232, 0.0], [-62.33603835738428, -6.528876179092315, 0.0], [-62.34745977075171, -6.534015814478224, 0.0], [-62.35574029467878, -6.538013309066905, 0.0], [-62.36473465727856, -6.540868662858447, 0.0], [-62.36844661711763, -6.5442950861492335, 0.0], [-62.370159828313376, -6.547150439940864, 0.0], [-62.37030259658756, -6.551861772302882, 0.0], [-62.36887491924206, -6.555716499516752, 0.0], [-62.3668761723974, -6.55942845845653, 0.0], [-62.36216484003529, -6.564425326467628, 0.0], [-62.35731073939901, -6.570278800526154, 0.0], [-62.35317047743551, -6.5764178102336714, 0.0], [-62.34931575022165, -6.582414051667097, 0.0], [-62.34546102300777, -6.5905518082193595, 0.0], [-62.3428912057645, -6.608540533418829, 0.0], [-62.33903647855064, -6.625101582172256, 0.0], [-62.33632389303318, -6.639235580157855, 0.0], [-62.33603835738428, -6.644517983817856, 0.0], [-62.33618112565837, -6.648515478406537, 0.0], [-62.33703773170589, -6.655082791137858, 0.0], [-62.337466034729694, -6.65922305310135, 0.0], [-62.33803710512822, -6.665076527159965, 0.0], [-62.33846540815202, -6.670073395170974, 0.0], [-62.34032138762187, -6.678353919098047, 0.0], [-62.34274843749033, -6.689347029441851, 0.0], [-62.34617486168048, -6.703052724403648, 0.0], [-62.34831637679932, -6.712618158301321, 0.0], [-62.35002958889435, -6.7169011876397136, 0.0], [-62.35602583032778, -6.7277515297092485, 0.0], [-62.36202207176112, -6.742028295969028, 0.0], [-62.36887491924206, -6.752735870663841, 0.0], [-62.375156696324474, -6.760017021168586, 0.0], [-62.3820095447047, -6.766441565625726, 0.0], [-62.390147301256874, -6.7691541511431765, 0.0], [-62.39771398741052, -6.770439060214407, 0.0], [-62.404995137915265, -6.770439060214407, 0.0], [-62.41770145945473, -6.769439686792079, 0.0], [-62.42783796375093, -6.770153525464785, 0.0], [-62.43668955807662, -6.771010130613021, 0.0], [-62.44425263615021, -6.772654278372205, 0.0], [-62.450538021312596, -6.776292534273022, 0.0], [-62.45410721287756, -6.776720837296736, 0.0], [-62.45767640444244, -6.776578069921925, 0.0], [-62.46053175733471, -6.775578696499597, 0.0], [-62.463244342852065, -6.7744365548030885, 0.0], [-62.46558277892209, -6.7735011807348435, 0.0], [-62.46857735226294, -6.7714427872548235, 0.0], [-62.47207654509648, -6.768335859812037, 0.0], [-62.473809150172066, -6.767155404298432, 0.0], [-62.48408842184317, -6.759731485519595, 0.0], [-62.497365813781244, -6.753735244086258, 0.0], [-62.508787227148765, -6.7505943555450045, 0.0], [-62.517638821474364, -6.7494522147478655, 0.0], [-62.52377783118188, -6.750451588170193, 0.0], [-62.52891746656779, -6.752164800265316, 0.0], [-62.5349137089005, -6.754306314484783, 0.0], [-62.540893522418095, -6.758511702652882, 0.0], [-62.54776279781478, -6.762586839311137, 0.0], [-62.55575778699223, -6.7691541511431765, 0.0], [-62.563324473145876, -6.773722717029752, 0.0], [-62.57160499707295, -6.7782912820169585, 0.0], [-62.579885521899214, -6.781574937933023, 0.0], [-62.58745220805295, -6.785429665146893, 0.0], [-62.605289107905904, -6.791219127260874, 0.0], [-62.61928939558912, -6.796422774591328, 0.0], [-62.6285692938378, -6.802133481275131, 0.0], [-62.63534024815387, -6.808618337865958, 0.0], [-62.64014063857957, -6.814692483970898, 0.0], [-62.649556140203714, -6.833399598412683, 0.0], [-62.65426747256582, -6.844535476131298, 0.0], [-62.65769389675589, -6.854671980427497, 0.0], [-62.65797943150551, -6.858098403718284, 0.0], [-62.65773039843907, -6.860671754397941, 0.0], [-62.65426747256582, -6.869234281436899, 0.0], [-62.65226872572107, -6.875087755495514, 0.0], [-62.650983816649756, -6.882939976398784, 0.0], [-62.649127837179904, -6.889364521755205, 0.0], [-62.649127837179904, -6.893219248069794, 0.0], [-62.64885779415188, -6.8989441541493015, 0.0], [-62.65084212036758, -6.913570470700638, 0.0], [-62.65198319007217, -6.915776538256559, 0.0], [-62.65469577558953, -6.922343850987879, 0.0], [-62.658407734529305, -6.929910537141527, 0.0], [-62.661861603330316, -6.938962054355237, 0.0], [-62.66925586426666, -6.951117852307011, 0.0], [-62.67596815670507, -6.963889239796529, 0.0], [-62.68667573139979, -6.982020733270179, 0.0], [-62.70252294148051, -7.012430244360214, 0.0], [-62.713658819199125, -7.0285629900898385, 0.0], [-62.720797202328974, -7.035130302821159, 0.0], [-62.727221746786114, -7.038271191362323, 0.0], [-62.7327896860951, -7.040269938206979, 0.0], [-62.73907146317743, -7.0385567261119455, 0.0], [-62.7510639460442, -7.0318466469051835, 0.0], [-62.771908025035295, -7.020425233537665, 0.0], [-62.78989675023477, -7.01328685040782, 0.0], [-62.809170384505556, -7.0040069530583295, 0.0], [-62.817450908432626, -7.002150973588485, 0.0], [-62.823304382491244, -7.002150973588485, 0.0], [-62.831156604293795, -7.0040069530583295, 0.0], [-62.84100757204181, -7.007005073325402, 0.0], [-62.84771765214785, -7.012001941336411, 0.0], [-62.85200068238552, -7.017284344996501, 0.0], [-62.85399942923018, -7.0231378190551155, 0.0], [-62.85371389448065, -7.031275575607289, 0.0], [-62.85642647999801, -7.040983776879685, 0.0], [-62.86327326694767, -7.055491734555876, 0.0], [-62.86584914562159, -7.069537308499964, 0.0], [-62.87098878100741, -7.092237366960909, 0.0], [-62.87113154838222, -7.09880467879286, 0.0], [-62.86956110456128, -7.1136525154511645, 0.0], [-62.87470073994719, -7.12221857592651, 0.0], [-62.87969760885748, -7.1319267762996255, 0.0], [-62.887264294111844, -7.147773986380347, 0.0], [-62.89925677787798, -7.169902974442678, 0.0], [-62.906823464031625, -7.187748931368056, 0.0], [-62.91182033204264, -7.2104489898290005, 0.0], [-62.91895871517257, -7.236861007229635, 0.0], [-62.92652540132613, -7.256848479273849, 0.0], [-62.93547035517273, -7.284470945477718, 0.0], [-62.9446568939005, -7.322093299965772, 0.0], [-62.95436509517298, -7.345649963574864, 0.0], [-62.965786507641134, -7.36078333588225, 0.0], [-62.98334692981689, -7.375488405165655, 0.0], [-62.99690985740396, -7.3983312310014995, 0.0], [-63.0102828077054, -7.426595731307874, 0.0], [-63.01385199927028, -7.433853087549881, 0.0], [-63.017302217723085, -7.444441689132621, 0.0], [-63.020990382400214, -7.456101047825005, 0.0], [-63.02110935551229, -7.466451703183509, 0.0], [-63.01956270595408, -7.479895658557702, 0.0], [-63.01670735306182, -7.496908804597581, 0.0], [-63.01432789171875, -7.506188701946982, 0.0], [-63.0102828077054, -7.5182049799757635, 0.0], [-63.00671361614043, -7.525581309329933, 0.0], [-62.99779063812743, -7.536645803361054, 0.0], [-62.992198904555785, -7.54247548225765, 0.0], [-62.98660717098406, -7.545925700710455, 0.0], [-62.981134410524575, -7.547472351168029, 0.0], [-62.9772082996233, -7.549256946950468, 0.0], [-62.972211431612294, -7.552945110728228, 0.0], [-62.97018888960553, -7.556038410744005, 0.0], [-62.9679284022739, -7.559964520746, 0.0], [-62.96507304848236, -7.564723443432143, 0.0], [-62.95888645024945, -7.577810478570658, 0.0], [-62.95329471667781, -7.587090376819429, 0.0], [-62.950796283121946, -7.5960133557317135, 0.0], [-62.945680441998775, -7.610884986652756, 0.0], [-62.94318200754354, -7.624209968015595, 0.0], [-62.94246816887084, -7.631586297369676, 0.0], [-62.94246816887084, -7.6405092762820495, 0.0], [-62.94187330420957, -7.653239392084256, 0.0], [-62.94044562776353, -7.659188044992206, 0.0], [-62.93806616642037, -7.6639469667790685, 0.0], [-62.934140055519094, -7.669776646574945, 0.0], [-62.93092778329053, -7.6783427061509215, 0.0], [-62.92769277260337, -7.68683445834354, 0.0], [-62.92795345728619, -7.689050280845734, 0.0], [-62.92807243039827, -7.695712771527198, 0.0], [-62.92902421439592, -7.702137315984338, 0.0], [-62.93092778329053, -7.70820494200445, 0.0], [-62.93616259752586, -7.716652028468264, 0.0], [-62.9398507622029, -7.7195073813605255, 0.0], [-62.942825088207236, -7.7239093847102716, 0.0], [-62.945085576438146, -7.728668306497134, 0.0], [-62.94651325288427, -7.733308255171746, 0.0], [-62.94687017222067, -7.737948203846447, 0.0], [-62.94675119910851, -7.7423502071962815, 0.0], [-62.9460373604358, -7.747822967655761, 0.0], [-62.94401481932841, -7.751868050769829, 0.0], [-62.938185139532536, -7.76162384146707, 0.0], [-62.935091840416035, -7.768643251484843, 0.0], [-62.9322364866245, -7.778042121946317, 0.0], [-62.93009497240503, -7.78553742441256, 0.0], [-62.926644753952225, -7.800171110008648, 0.0], [-62.923218329762065, -7.818778495031488, 0.0], [-62.92140993971689, -7.8242036660663, 0.0], [-62.912962853252985, -7.837885566765447, 0.0], [-62.9021363054461, -7.858586877482367, 0.0], [-62.8939088810899, -7.871149180690086, 0.0], [-62.8880626744528, -7.882232746643915, 0.0], [-62.88375009159344, -7.891909024681677, 0.0], [-62.87501044937276, -7.919263133186995, 0.0], [-62.87120331248284, -7.931398384327938, 0.0], [-62.86965666292463, -7.942700823684014, 0.0], [-62.86941871670031, -7.958167320165689, 0.0], [-62.8715364447511, -7.975630810713298, 0.0], [-62.87160074025993, -7.975892814951958, 0.0]]}}, {"id": "9", "type": "Feature", "properties": {"id_snv": 30, "Nome": "Rio Acre", "Codigo": "HF-135", "Sequencia_": "135", "Trecho": "Da foz, no rio Purus, afluente do rio Solimoes ate a cidade de Brasil ia (AC).", "Extensao_k": 0.0, "Administra": null, "Regiao_Hid": "Amazonica", "dt_ini": "2013-01-01", "dt_fim": "2029-10-30", "Shape_Leng": 5.62044025533}, "geometry": {"type": "LineString", "coordinates": [[-67.40171634723167, -8.752321729764002, 0.0], [-67.39448621436726, -8.756042877077043, 0.0], [-67.38867057478713, -8.759166681197307, 0.0], [-67.38250774203864, -8.76123938379051, 0.0], [-67.37863131328439, -8.763146871031203, 0.0], [-67.37721486397473, -8.765414720213162, 0.0], [-67.37649409692503, -8.76943472663131, 0.0], [-67.37929137969338, -8.773120011679193, 0.0], [-67.37963468958928, -8.775045580688946, 0.0], [-67.37734131944633, -8.776784901901603, 0.0], [-67.37433927723586, -8.779745574398724, 0.0], [-67.37380264187838, -8.781842266407448, 0.0], [-67.37449530061754, -8.784294093497603, 0.0], [-67.37641727953374, -8.78710105207189, 0.0], [-67.37904490969484, -8.789386288746183, 0.0], [-67.38008928249437, -8.791839625798005, 0.0], [-67.38042575394535, -8.795339424774586, 0.0], [-67.37847707056038, -8.798654468828605, 0.0], [-67.37688308068961, -8.801271358386455, 0.0], [-67.377570437026, -8.804947585462632, 0.0], [-67.37878533297668, -8.808626086924289, 0.0], [-67.3787723746453, -8.811599626021817, 0.0], [-67.377000940441, -8.814565573042689, 0.0], [-67.37452990563062, -8.816653895960481, 0.0], [-67.37206267495246, -8.81786763088638, 0.0], [-67.36785153921714, -8.81575036238932, 0.0], [-67.3647001456951, -8.812588169808112, 0.0], [-67.36154264307848, -8.81082526027749, 0.0], [-67.35837436658372, -8.811511102155535, 0.0], [-67.35502637136986, -8.813070703749894, 0.0], [-67.35308743573655, -8.814111703192541, 0.0], [-67.34957287348928, -8.813571540693989, 0.0], [-67.34694143200146, -8.812160659087066, 0.0], [-67.3448274226474, -8.813025928303876, 0.0], [-67.34340041169959, -8.817567413805051, 0.0], [-67.34144034649479, -8.823330929578667, 0.0], [-67.33877837032551, -8.82874148932823, 0.0], [-67.32830595485586, -8.837775612754285, 0.0], [-67.32618799567938, -8.840756443554966, 0.0], [-67.32888970659464, -8.841665587996385, 0.0], [-67.33248797683862, -8.843774822849738, 0.0], [-67.33428107840895, -8.846175036049043, 0.0], [-67.33396294773186, -8.85006100211353, 0.0], [-67.33005183212626, -8.850641631406088, 0.0], [-67.3249394722788, -8.85091781590447, 0.0], [-67.32253294044277, -8.851206065707341, 0.0], [-67.32071685130157, -8.853889167850738, 0.0], [-67.32250448049734, -8.857485515344234, 0.0], [-67.32580083124331, -8.859892509431745, 0.0], [-67.32849185821266, -8.863193858609598, 0.0], [-67.33176535358814, -8.870684200415514, 0.0], [-67.33294641614415, -8.87547393387488, 0.0], [-67.3338322249772, -8.87906623441911, 0.0], [-67.33622141968274, -8.882665244805178, 0.0], [-67.3386093103713, -8.886563270778293, 0.0], [-67.3388951679776, -8.889853867661802, 0.0], [-67.33467888272422, -8.891330196531268, 0.0], [-67.33046798890659, -8.89161038301275, 0.0], [-67.32777406971753, -8.888907053317809, 0.0], [-67.32567882561726, -8.886804456360554, 0.0], [-67.3226761421902, -8.885893878399699, 0.0], [-67.32026120529034, -8.887976193846171, 0.0], [-67.3187373643378, -8.892454720508937, 0.0], [-67.31690322670252, -8.899025014492747, 0.0], [-67.31387857373718, -8.902898661643878, 0.0], [-67.30964971686096, -8.907065827725681, 0.0], [-67.3072249260894, -8.91124114526255, 0.0], [-67.30480007506338, -8.915416434021108, 0.0], [-67.30238068921742, -8.918395627156407, 0.0], [-67.30267171702612, -8.92049012302071, 0.0], [-67.3059725302081, -8.92200031046594, 0.0], [-67.3113851790827, -8.922024959084553, 0.0], [-67.3125783734931, -8.924123557656007, 0.0], [-67.31195908864099, -8.928008066818784, 0.0], [-67.31103356394775, -8.933087276756403, 0.0], [-67.31101703800589, -8.936675497076475, 0.0], [-67.31250409578733, -8.94027056483463, 0.0], [-67.31580787763143, -8.941182666246984, 0.0], [-67.32002069689757, -8.940603733975085, 0.0], [-67.32393005702644, -8.940621432632913, 0.0], [-67.32812513806464, -8.943929675114383, 0.0], [-67.33110376102971, -8.950222678433807, 0.0], [-67.33288362008292, -8.955613193194235, 0.0], [-67.33286317579488, -8.96009851423495, 0.0], [-67.3313485708798, -8.962483902110353, 0.0], [-67.32654632605204, -8.960369015017967, 0.0], [-67.32264086538358, -8.95945424711574, 0.0], [-67.32023498195883, -8.959443329346119, 0.0], [-67.31751873530136, -8.961524161810587, 0.0], [-67.32021849648638, -8.963031562256742, 0.0], [-67.32110834867129, -8.965726834026068, 0.0], [-67.31899353802132, -8.967810400429567, 0.0], [-67.31598060681945, -8.968992783190334, 0.0], [-67.3144658571136, -8.971378074838267, 0.0], [-67.3165503866909, -8.975872952074994, 0.0], [-67.31833282859716, -8.980665476130735, 0.0], [-67.32012494990647, -8.983364864996503, 0.0], [-67.32313112630042, -8.983677566466465, 0.0], [-67.32614142968325, -8.983093183403636, 0.0], [-67.33005125656018, -8.983110900047965, 0.0], [-67.33485653570055, -8.98462775416752, 0.0], [-67.33695638882624, -8.98583333763835, 0.0], [-67.33723532345132, -8.99061903853774, 0.0], [-67.33842201396475, -8.994212722239293, 0.0], [-67.34171955901039, -8.996619801762375, 0.0], [-67.34531248368417, -9.000224299811478, 0.0], [-67.3498173011275, -9.001739658358478, 0.0], [-67.35221266788028, -9.004142621684576, 0.0], [-67.34979695936217, -9.006225006378855, 0.0], [-67.34558470666884, -9.006505124511811, 0.0], [-67.34316350149436, -9.00978354367551, 0.0], [-67.34194401540394, -9.01336638604985, 0.0], [-67.34282454611585, -9.01815480470042, 0.0], [-67.34551664867432, -9.0214562438106, 0.0], [-67.35001899747868, -9.0235696919876, 0.0], [-67.35061107154365, -9.025665554821462, 0.0], [-67.34698792065599, -9.02863955077461, 0.0], [-67.34577246442761, -9.031325331998431, 0.0], [-67.34876956126614, -9.033731056243223, 0.0], [-67.35026268317625, -9.036130002297739, 0.0], [-67.35085204488591, -9.038823912493545, 0.0], [-67.34783581407156, -9.040604508990814, 0.0], [-67.34332508898167, -9.040285130054627, 0.0], [-67.34061510250493, -9.040870932247692, 0.0], [-67.33938857742086, -9.045948841765629, 0.0], [-67.33576649582709, -9.048623652159783, 0.0], [-67.33308259418634, -9.043528005313174, 0.0], [-67.33189588928381, -9.039934293732678, 0.0], [-67.33101413099725, -9.035444890669066, 0.0], [-67.32740591784881, -9.03512943367636, 0.0], [-67.32409713397551, -9.035114335857898, 0.0], [-67.32108084470516, -9.03689469403487, 0.0], [-67.31806175404662, -9.039273057305731, 0.0], [-67.31654941632242, -9.041060262021418, 0.0], [-67.31563171663035, -9.044345309188596, 0.0], [-67.31652023152348, -9.047339628920671, 0.0], [-67.31831396441788, -9.04974005795728, 0.0], [-67.32130264360201, -9.053940107749682, 0.0], [-67.32610598110611, -9.056055270933928, 0.0], [-67.33092180299876, -9.055479207499374, 0.0], [-67.33875265241292, -9.053421635100335, 0.0], [-67.34688562187392, -9.051066214434268, 0.0], [-67.35290601370157, -9.050196248957633, 0.0], [-67.358322052121, -9.04992153125367, 0.0], [-67.3673398033892, -9.051456986950303, 0.0], [-67.3688425489444, -9.051762713278556, 0.0], [-67.37033048266561, -9.055357714486924, 0.0], [-67.37182247952376, -9.058055637457642, 0.0], [-67.37783093375054, -9.059876510092803, 0.0], [-67.38504945996455, -9.060207470498284, 0.0], [-67.391066036868, -9.06023397261967, 0.0], [-67.39346204213952, -9.06263677676581, 0.0], [-67.39525641175392, -9.065036930609839, 0.0], [-67.39765114898128, -9.067738745846356, 0.0], [-67.39914870634767, -9.069240482362297, 0.0], [-67.4000392977753, -9.071935699273105, 0.0], [-67.39822099000659, -9.074918085900897, 0.0], [-67.39760735559494, -9.077606709881682, 0.0], [-67.39788562562109, -9.082691524394328, 0.0], [-67.40058398566235, -9.084796603480395, 0.0], [-67.404798551412, -9.084216976032579, 0.0], [-67.40750093322143, -9.08542492202248, 0.0], [-67.40928493635066, -9.090217285099612, 0.0], [-67.40775289537977, -9.096490359442523, 0.0], [-67.40323334074603, -9.097965767406237, 0.0], [-67.3999344844888, -9.095559020632273, 0.0], [-67.39815192926804, -9.09046760059923, 0.0], [-67.39636010203701, -9.087469381406756, 0.0], [-67.39426079390043, -9.085964976602291, 0.0], [-67.39184998398953, -9.086851463524205, 0.0], [-67.39153311865849, -9.090438474256114, 0.0], [-67.39182062652063, -9.09343008163287, 0.0], [-67.39000211730382, -9.096412392717713, 0.0], [-67.38908616049785, -9.099398681503924, 0.0], [-67.39118417450997, -9.10120215225746, 0.0], [-67.39388260469843, -9.103307295195474, 0.0], [-67.39537626530235, -9.10570615221712, 0.0], [-67.39596333104289, -9.10899811517082, 0.0], [-67.39384788727021, -9.111082026014618, 0.0], [-67.39233015271431, -9.114065661800787, 0.0], [-67.39322208053453, -9.116461872117622, 0.0], [-67.39470508237365, -9.121252962654104, 0.0], [-67.39739832886977, -9.124554220101157, 0.0], [-67.3979827452075, -9.128444243007351, 0.0], [-67.397058705295, -9.133224711651046, 0.0], [-67.39375024337902, -9.132911057799088, 0.0], [-67.39104625627964, -9.132001988001338, 0.0], [-67.38803871021828, -9.131689618381124, 0.0], [-67.38592037962175, -9.134371501943196, 0.0], [-67.38530782529581, -9.136761036592546, 0.0], [-67.38505859527785, -9.139439438878995, 0.0], [-67.38823410771779, -9.139884164422586, 0.0], [-67.39111046067912, -9.142624110913879, 0.0], [-67.39341234740186, -9.14464381735828, 0.0], [-67.3962984211352, -9.145230735609879, 0.0], [-67.40005687682338, -9.144529653820456, 0.0], [-67.40324015311047, -9.143251852990598, 0.0], [-67.4055523478625, -9.142974949933937, 0.0], [-67.40916379587239, -9.142847269585776, 0.0], [-67.41147280702435, -9.143287999441586, 0.0], [-67.41507918555598, -9.144308537508973, 0.0], [-67.41752884887724, -9.145611072393013, 0.0], [-67.41895988339186, -9.148631606463432, 0.0], [-67.42039663849404, -9.150360322870522, 0.0], [-67.42256128687387, -9.150800363845647, 0.0], [-67.42487164251223, -9.150953949165398, 0.0], [-67.42719272346535, -9.148667417467284, 0.0], [-67.43023217657367, -9.147245207100564, 0.0], [-67.43225553516474, -9.146966884014386, 0.0], [-67.43427387014292, -9.147836837799751, 0.0], [-67.43600209012426, -9.148992606923269, 0.0], [-67.43570318065721, -9.151287938487553, 0.0], [-67.43453951728489, -9.153148916389377, 0.0], [-67.43280059896844, -9.154433247196504, 0.0], [-67.43221215007065, -9.156870855105804, 0.0], [-67.43291422021498, -9.161467126406698, 0.0], [-67.43579834601681, -9.16255613885465, 0.0], [-67.43904829983913, -9.162570167379304, 0.0], [-67.44084600593841, -9.164372152452817, 0.0], [-67.43975171447003, -9.166879367888527, 0.0], [-67.43829472102449, -9.169743857892655, 0.0], [-67.43900596964974, -9.172258858759243, 0.0], [-67.4397172245702, -9.174773857827269, 0.0], [-67.44367701778008, -9.177661707721597, 0.0], [-67.44835444839899, -9.181629152363392, 0.0], [-67.45195170600643, -9.18487422466573, 0.0], [-67.45482831437518, -9.187757338730108, 0.0], [-67.45626041908307, -9.190634260962284, 0.0], [-67.45335730049895, -9.193851474965488, 0.0], [-67.44937694878708, -9.195628632455367, 0.0], [-67.43300763189666, -9.195019629552238, 0.0], [-67.43034452527957, -9.198357274468595, 0.0], [-67.42960957951843, -9.20122483475826, 0.0], [-67.43369201957101, -9.20363489823194, 0.0], [-67.437775569387, -9.20580569887385, 0.0], [-67.44089609997506, -9.207972293386625, 0.0], [-67.44353827217351, -9.209419107405793, 0.0], [-67.44738954689007, -9.209674958232718, 0.0], [-67.44979516591414, -9.210163783831472, 0.0], [-67.45002655158406, -9.212317868774601, 0.0], [-67.45073531268453, -9.215430935888914, 0.0], [-67.45120122085959, -9.219021423399866, 0.0], [-67.45287415681682, -9.221899406832147, 0.0], [-67.45479102218788, -9.224060737612895, 0.0], [-67.45500993605962, -9.22908555925114, 0.0], [-67.45160867400104, -9.236008652777063, 0.0], [-67.44967504346846, -9.237674935549801, 0.0], [-67.44607054272134, -9.235984738904492, 0.0], [-67.4429424020702, -9.235492731504337, 0.0], [-67.43956506467592, -9.236913460687614, 0.0], [-67.43955137519579, -9.240023399959941, 0.0], [-67.44194455030073, -9.243383023407738, 0.0], [-67.44386668839688, -9.244348285544891, 0.0], [-67.44890135401427, -9.249393942676289, 0.0], [-67.45249553953752, -9.25347640701052, 0.0], [-67.45946731246644, -9.256137986578818, 0.0], [-67.4654853273859, -9.256642265228322, 0.0], [-67.46644439589211, -9.25760330324984, 0.0], [-67.46691771088358, -9.259519194655098, 0.0], [-67.46666445550017, -9.262388909720322, 0.0], [-67.46377268006513, -9.262854986968051, 0.0], [-67.46135835020768, -9.264280020306671, 0.0], [-67.45942562259435, -9.265707106797517, 0.0], [-67.45964766071096, -9.270014246060544, 0.0], [-67.46155957441475, -9.273371724625314, 0.0], [-67.46346735573381, -9.277686111524787, 0.0], [-67.46320986814088, -9.281512727730114, 0.0], [-67.46343922673886, -9.284145273585466, 0.0], [-67.46439418444403, -9.286063238827381, 0.0], [-67.46728095784987, -9.286793330947386, 0.0], [-67.47040961021531, -9.287285204348684, 0.0], [-67.47328501529122, -9.290646772130774, 0.0], [-67.4732715416483, -9.293756750973227, 0.0], [-67.47206323952683, -9.294708516984386, 0.0], [-67.46892620188261, -9.296130476440258, 0.0], [-67.46627184656839, -9.297315246001737, 0.0], [-67.46529600840408, -9.300181843117507, 0.0], [-67.4640740932448, -9.304243538508462, 0.0], [-67.465743259244, -9.308078443765101, 0.0], [-67.46717682894747, -9.310716169715384, 0.0], [-67.47101260834513, -9.314799607116132, 0.0], [-67.47316046368441, -9.319354249698776, 0.0], [-67.47506855526959, -9.323668626705718, 0.0], [-67.47794943721672, -9.325834060193706, 0.0], [-67.4817989501614, -9.326807438712294, 0.0], [-67.48660881674348, -9.328502569038267, 0.0], [-67.48996947621029, -9.331148432054505, 0.0], [-67.4921248615731, -9.334028396693096, 0.0], [-67.49234926760464, -9.337857109218163, 0.0], [-67.49160403180055, -9.34311711526258, 0.0], [-67.4911099370739, -9.345985834778382, 0.0], [-67.49182327212627, -9.348141978269599, 0.0], [-67.49494738561337, -9.349829880744366, 0.0], [-67.49855430373808, -9.35128056634499, 0.0], [-67.49998211328388, -9.355353609381524, 0.0], [-67.50139457410027, -9.363015120051767, 0.0], [-67.50234272573614, -9.366607663412875, 0.0], [-67.50474644719074, -9.367813993321107, 0.0], [-67.50908543864203, -9.367114566284197, 0.0], [-67.5119760584483, -9.367126716125064, 0.0], [-67.51413690629313, -9.368810441248833, 0.0], [-67.51628761428191, -9.372886484423638, 0.0], [-67.5169991102207, -9.375521072639316, 0.0], [-67.51458409058327, -9.376946370378615, 0.0], [-67.51096662970619, -9.377888119740842, 0.0], [-67.50951106168613, -9.380274357475539, 0.0], [-67.50804933420937, -9.384095975248975, 0.0], [-67.50515140381417, -9.385758391836209, 0.0], [-67.50347641290607, -9.383119718000511, 0.0], [-67.50324988177657, -9.379769460991806, 0.0], [-67.50350410572983, -9.376660472302913, 0.0], [-67.50158314034964, -9.375216932715226, 0.0], [-67.49868732515986, -9.376400843424161, 0.0], [-67.49784853558137, -9.378191548301253, 0.0], [-67.49841226571345, -9.381543232534074, 0.0], [-67.49849915281364, -9.383744563360853, 0.0], [-67.498490915923, -9.385658409707766, 0.0], [-67.4969413444674, -9.387470013929956, 0.0], [-67.49577719456185, -9.389283247723647, 0.0], [-67.49432188464723, -9.391573704962454, 0.0], [-67.49393214545209, -9.397026591304115, 0.0], [-67.49294451537705, -9.402572615933437, 0.0], [-67.49292214384184, -9.407739979216569, 0.0], [-67.49309331900149, -9.412716781554188, 0.0], [-67.49404371624443, -9.41578303895604, 0.0], [-67.4953878807461, -9.41693710206556, 0.0], [-67.4978925996637, -9.417139170736068, 0.0], [-67.50175636416485, -9.415050343298649, 0.0], [-67.50407904860919, -9.412763543602644, 0.0], [-67.5063951284324, -9.412007805515778, 0.0], [-67.50774014998795, -9.412970441632552, 0.0], [-67.5077261871138, -9.416223987347085, 0.0], [-67.50809605129176, -9.419861934780428, 0.0], [-67.50904659602357, -9.422928173296498, 0.0], [-67.50960263875072, -9.428098017809251, 0.0], [-67.50591254322931, -9.434589581543896, 0.0], [-67.50570248678028, -9.438607840579362, 0.0], [-67.50934740665748, -9.442642460081409, 0.0], [-67.51433921598196, -9.447256916573433, 0.0], [-67.51741834627963, -9.448418251600955, 0.0], [-67.52319688253002, -9.449399528865111, 0.0], [-67.52222004431961, -9.452457651899028, 0.0], [-67.52123909890528, -9.45647269855613, 0.0], [-67.52122846891862, -9.458960713466137, 0.0], [-67.52006208869439, -9.461252467527327, 0.0], [-67.51793024038824, -9.4639229162096, 0.0], [-67.51501743970306, -9.46888670535714, 0.0], [-67.51518964908306, -9.473672148151081, 0.0], [-67.51537008006513, -9.47654374100081, 0.0], [-67.51767838165198, -9.477701844764276, 0.0], [-67.5217240960901, -9.478293104043502, 0.0], [-67.52229258003845, -9.480592170492187, 0.0], [-67.5207372843981, -9.483647829383791, 0.0], [-67.51918113530114, -9.486894861308727, 0.0], [-67.51935666048139, -9.490914767002824, 0.0], [-67.51953629106691, -9.493977747275174, 0.0], [-67.51759368530035, -9.497414513668868, 0.0], [-67.5139267248384, -9.498355890711764, 0.0], [-67.51046576668172, -9.496235897268747, 0.0], [-67.50873406272673, -9.495462965943048, 0.0], [-67.5075749031592, -9.496032185536908, 0.0], [-67.50775359485246, -9.49928653794331, 0.0], [-67.50966484845398, -9.503122446843427, 0.0], [-67.51099281526614, -9.508104191854873, 0.0], [-67.51097873997685, -9.511357725878312, 0.0], [-67.51193026586897, -9.514232599454843, 0.0], [-67.51443322931001, -9.515008811507432, 0.0], [-67.51790346037635, -9.515023563086945, 0.0], [-67.51924887673422, -9.515986215391482, 0.0], [-67.51980995206762, -9.520007753355099, 0.0], [-67.51921343265374, -9.524215766644296, 0.0], [-67.51842904576382, -9.527274647806706, 0.0], [-67.51571995501192, -9.529559781059017, 0.0], [-67.51320777351984, -9.53088878928613, 0.0], [-67.50858392001184, -9.530103483289011, 0.0], [-67.50569777433277, -9.52875141104871, 0.0], [-67.50300278225252, -9.52778291315083, 0.0], [-67.50107314740781, -9.52815739534746, 0.0], [-67.49933128830827, -9.529680994382307, 0.0], [-67.49893230857911, -9.532741462848161, 0.0], [-67.50008408651134, -9.533894741748895, 0.0], [-67.50162314399289, -9.53466691224817, 0.0], [-67.50565195657244, -9.53927750795064, 0.0], [-67.50891297655262, -9.5431192336657, 0.0], [-67.51025762938605, -9.544273315660913, 0.0], [-67.51141363772915, -9.544469649354749, 0.0], [-67.5133392175308, -9.545052044016579, 0.0], [-67.5150744837004, -9.545059451732264, 0.0], [-67.5173840353449, -9.546026238220286, 0.0], [-67.51775806698114, -9.548707263829094, 0.0], [-67.51639431524544, -9.551955044889361, 0.0], [-67.51637856721713, -9.555591346563354, 0.0], [-67.51674678563565, -9.55961206164725, 0.0], [-67.51715416137216, -9.560783472105395, 0.0]]}}, {"id": "10", "type": "Feature", "properties": {"id_snv": 17, "Nome": "Rio Branco", "Codigo": "HF-130", "Sequencia_": "130", "Trecho": "Da foz, no rio Negro, formador do rio Amazonas, ate a confluencia dos rios Uraricoera e Tacutu.", "Extensao_k": 0.0, "Administra": null, "Regiao_Hid": "Amazonica", "dt_ini": "2013-01-01", "dt_fim": "2029-10-30", "Shape_Leng": 5.13922132206}, "geometry": {"type": "LineString", "coordinates": [[-61.84991400722559, -1.4015248803688962, 0.0], [-61.84990546687672, -1.4007807435160515, 0.0]]}}, {"id": "11", "type": "Feature", "properties": {"id_snv": 45, "Nome": "Rio Juruena", "Codigo": "HF-107", "Sequencia_": "107", "Trecho": "Da confluencia com o rio Teles Pires, formador do rio Tapajos, ate a 550 km a montante.", "Extensao_k": 0.0, "Administra": null, "Regiao_Hid": "Amazonica", "dt_ini": "2013-01-01", "dt_fim": "2029-10-30", "Shape_Leng": 4.9816358046}, "geometry": {"type": "MultiLineString", "coordinates": [[[-58.13976817281237, -7.352735620588881, 0.0], [-58.14017093314199, -7.354598387905277, 0.0], [-58.14136020470961, -7.36080377837164, 0.0], [-58.14284349613041, -7.364938993339777, 0.0], [-58.14422303575428, -7.367538615435588, 0.0]], [[-58.16457557295074, -7.3856956384608665, 0.0], [-58.16642129920355, -7.387140841776375, 0.0], [-58.17033142465551, -7.391064874344412, 0.0], [-58.170864574936054, -7.391903130824996, 0.0]], [[-58.181764787239665, -7.407035472118352, 0.0], [-58.18550454429925, -7.409402710966319, 0.0], [-58.192722127124426, -7.413873159918317, 0.0], [-58.194320974233534, -7.414959736102901, 0.0], [-58.20350887453492, -7.420641432456122, 0.0], [-58.204522294468305, -7.421209270691222, 0.0], [-58.20979206625081, -7.425335500532849, 0.0], [-58.211806915456776, -7.427639312704017, 0.0], [-58.21344526258878, -7.430584896375837, 0.0], [-58.21384369553009, -7.431998832979726, 0.0], [-58.214998562633546, -7.463711907778205, 0.0], [-58.21528072132818, -7.471857127804217, 0.0], [-58.21436192536255, -7.480679719893114, 0.0], [-58.2143609792757, -7.484580979828305, 0.0], [-58.21676489588326, -7.494086397469214, 0.0], [-58.218367765659806, -7.499357558704357, 0.0], [-58.21962652874131, -7.506118203192504, 0.0], [-58.22019852184424, -7.509899548425349, 0.0], [-58.22111396513732, -7.512898147131754, 0.0], [-58.22340234404288, -7.528348028638522, 0.0], [-58.22271176723417, -7.5410664640460325, 0.0], [-58.22041771000927, -7.551034543309466, 0.0], [-58.21743643854074, -7.559856634476038, 0.0], [-58.21560154187759, -7.566387364585182, 0.0], [-58.214130131400395, -7.570136787482674, 0.0], [-58.21055518237577, -7.58597966462974, 0.0], [-58.207065274143055, -7.601731531285129, 0.0], [-58.206375803500435, -7.607498170404238, 0.0], [-58.2059648160234, -7.6151969633690655, 0.0], [-58.2055596093884, -7.6177411328470015, 0.0], [-58.20567208310008, -7.621324910516115, 0.0], [-58.206115086442, -7.622881782668113, 0.0], [-58.208654188240146, -7.626469191799735, 0.0], [-58.21088870225175, -7.628145924694664, 0.0], [-58.21266732383785, -7.629158152127026, 0.0], [-58.21872236294663, -7.633696469316543, 0.0], [-58.225256529365325, -7.639682071770139, 0.0], [-58.227729005788916, -7.641556104230819, 0.0], [-58.232311452711286, -7.644994675563822, 0.0], [-58.23597718739721, -7.648662189108681, 0.0], [-58.23803905226042, -7.651183493323511, 0.0], [-58.240673743898164, -7.654048682100946, 0.0], [-58.24273549724532, -7.657028315004734, 0.0], [-58.24456811412713, -7.659893309528577, 0.0], [-58.24628612230667, -7.662872858795357, 0.0], [-58.24777496524236, -7.6658523514048795, 0.0], [-58.24983641371952, -7.670092385954742, 0.0], [-58.25430361162232, -7.676280897945066, 0.0], [-58.25728190993216, -7.679719080770887, 0.0], [-58.26152072140411, -7.682699240677383, 0.0], [-58.26644705288917, -7.685564985235839, 0.0], [-58.2708002239511, -7.689461829499823, 0.0], [-58.274809510450524, -7.693931500538266, 0.0], [-58.27824544227332, -7.700234344239533, 0.0], [-58.28133793379857, -7.705276702657628, 0.0], [-58.283513490954775, -7.711464658866841, 0.0], [-58.284772281915224, -7.718110720733108, 0.0], [-58.285916712386324, -7.723840099141256, 0.0], [-58.28614451515719, -7.729454672794901, 0.0], [-58.28614348633279, -7.733694206422438, 0.0], [-58.28694433801074, -7.738736009059512, 0.0], [-58.2882032674668, -7.744809161413592, 0.0], [-58.28888937014831, -7.750538428305788, 0.0], [-58.28923231042271, -7.753861389091789, 0.0], [-58.29026201977641, -7.760163650032371, 0.0], [-58.293697312181166, -7.769101879647934, 0.0], [-58.298279063927616, -7.7754050012398, 0.0], [-58.303022267132576, -7.779287724334573, 0.0]], [[-58.30346063424248, -7.7795931027501055, 0.0], [-58.31271439595254, -7.7836584070098205, 0.0], [-58.31947351159323, -7.788701654857423, 0.0], [-58.326461012765485, -7.796953253889484, 0.0], [-58.330424858355116, -7.8013741233940905, 0.0]], [[-58.36214088388765, -7.815770860835926, 0.0], [-58.36894400506169, -7.817352381607069, 0.0], [-58.375443097920595, -7.821335643525064, 0.0], [-58.37858921152286, -7.824236413979303, 0.0], [-58.38225458468127, -7.8293934935148926, 0.0], [-58.38445810805517, -7.833313092425222, 0.0], [-58.38659464722511, -7.839294209959803, 0.0], [-58.38707311443265, -7.8449559827323725, 0.0], [-58.38668294805957, -7.846982200268261, 0.0], [-58.38527123278112, -7.851850140571472, 0.0], [-58.381481872790175, -7.8591336823735105, 0.0], [-58.37972754279184, -7.862745091712554, 0.0], [-58.378634232483776, -7.865053192750583, 0.0], [-58.37826979481511, -7.867118335642566, 0.0], [-58.37802683666915, -7.869061999911299, 0.0], [-58.37790535804581, -7.871613059095374, 0.0], [-58.377297963130474, -7.877444051901396, 0.0], [-58.37741944175381, -7.886069061138169, 0.0], [-58.37741944175381, -7.89408667635897, 0.0], [-58.376933526361086, -7.900160626411758, 0.0], [-58.37559725700778, -7.905505702925776, 0.0], [-58.37530773646282, -7.906677549229503, 0.0], [-58.37339640102304, -7.911995775584536, 0.0], [-58.36914003298608, -7.91954334125219, 0.0], [-58.36537686574977, -7.92467043559212, 0.0], [-58.3617034580481, -7.929915454434656, 0.0], [-58.35919244567478, -7.934860925291488, 0.0], [-58.35765910518349, -7.941287799891995, 0.0], [-58.357386206807945, -7.942922743989435, 0.0], [-58.355673868853856, -7.947058056084323, 0.0], [-58.35455562394287, -7.948588626663756, 0.0], [-58.350222192100446, -7.9531867631585165, 0.0], [-58.34644229387678, -7.956040972113122, 0.0], [-58.342919403007976, -7.95919942621245, 0.0], [-58.33988242753199, -7.96284379660387, 0.0], [-58.33623096598623, -7.967057021464331, 0.0], [-58.3337042982147, -7.97102704895908, 0.0], [-58.331359369938966, -7.975955831096616, 0.0], [-58.329203782228674, -7.983615964904768, 0.0], [-58.328567797865546, -7.987980925179507, 0.0], [-58.32785332337211, -7.993827815301437, 0.0], [-58.32685345352395, -8.00038769243795, 0.0], [-58.32599626381647, -8.006662381063968, 0.0], [-58.325446438891774, -8.008767953211184, 0.0]], [[-58.28729199763156, -8.093434307952453, 0.0], [-58.28861021428988, -8.096926266434025, 0.0], [-58.29101606533911, -8.101161032755368, 0.0], [-58.29252666287515, -8.104504815544779, 0.0], [-58.29283091161726, -8.105386738407251, 0.0], [-58.29320015616224, -8.10710026166769, 0.0], [-58.29340864419352, -8.109741109164815, 0.0], [-58.2929221721205, -8.112659941602963, 0.0], [-58.291935627527195, -8.115371689851582, 0.0], [-58.290509765013624, -8.11798129849809, 0.0], [-58.288982632542385, -8.12071994726772, 0.0], [-58.28825204962058, -8.122336620944605, 0.0]], [[-58.287390457664756, -8.127277119964539, 0.0], [-58.28760441161425, -8.128708468521019, 0.0], [-58.288583380318656, -8.13080067740929, 0.0], [-58.28946341640355, -8.132286558877556, 0.0], [-58.29157208918056, -8.13503161082011, 0.0], [-58.294678894315496, -8.13743232404246, 0.0], [-58.29863301010532, -8.139727123208086, 0.0], [-58.3011396373843, -8.141033393875986, 0.0], [-58.302657735266195, -8.14173948578857, 0.0], [-58.30410522377703, -8.142586796443453, 0.0], [-58.30484662037519, -8.143222278984886, 0.0], [-58.30590575914343, -8.144246113067556, 0.0], [-58.30643532762822, -8.144634463709512, 0.0], [-58.30805933956684, -8.145269946250945, 0.0], [-58.30911847743572, -8.145552382836176, 0.0], [-58.31141327750071, -8.145764210949537, 0.0], [-58.312401805998526, -8.145976038163617, 0.0], [-58.31342563918183, -8.146576216918845, 0.0], [-58.31423764515114, -8.147458832259215, 0.0], [-58.3157557439324, -8.149294671411912, 0.0], [-58.317732801827304, -8.151624775263112, 0.0], [-58.3183388585514, -8.152413297235896, 0.0], [-58.319297450416926, -8.153824439646108, 0.0], [-58.320061053974385, -8.155319721727729, 0.0], [-58.320284237827295, -8.156014767267695, 0.0], [-58.32073369290551, -8.158262040860421, 0.0], [-58.32134390629618, -8.161613470585184, 0.0], [-58.322947519812104, -8.167302232012354, 0.0], [-58.32330905896583, -8.170057894156425, 0.0], [-58.32338910762118, -8.17223346570183, 0.0], [-58.322960305473615, -8.176226478069427, 0.0], [-58.32284268404262, -8.177165598713344, 0.0], [-58.322067588048654, -8.179432714048453, 0.0], [-58.32076693634498, -8.18175153680395, 0.0], [-58.32017628141024, -8.182659342154842, 0.0], [-58.31939006979585, -8.183524078073713, 0.0], [-58.31823705439652, -8.185461302297238, 0.0], [-58.317192110527486, -8.188109861480854, 0.0], [-58.316689804990496, -8.191051431478304, 0.0], [-58.314528869911356, -8.203715266346435, 0.0], [-58.31468068806327, -8.209880735907195, 0.0], [-58.31495346503033, -8.21158824180387, 0.0], [-58.31531692063932, -8.212688078491993, 0.0], [-58.31586480201896, -8.213625341136556, 0.0], [-58.317281100242546, -8.215412037735316, 0.0], [-58.319235979956474, -8.216885879979298, 0.0], [-58.32047069426709, -8.217727242518226, 0.0], [-58.32194024944286, -8.218887497460038, 0.0], [-58.323539613662234, -8.220513601221725, 0.0], [-58.32428768952518, -8.22144869650009, 0.0], [-58.32559682273511, -8.22261756514845, 0.0], [-58.3264851631597, -8.223879943504521, 0.0], [-58.32690595594503, -8.225095567006736, 0.0], [-58.32690595594503, -8.226685228440513, 0.0], [-58.326672181675846, -8.22846190839034, 0.0], [-58.32639165345199, -8.229490513376415, 0.0], [-58.3261460018365, -8.230288882026272, 0.0], [-58.32514417956016, -8.232463803361746, 0.0], [-58.32272086367682, -8.236924201490638, 0.0], [-58.3219062586668, -8.239230206209015, 0.0], [-58.321232991109625, -8.24211247850807, 0.0], [-58.32118496911099, -8.242594141006755, 0.0], [-58.32140611959673, -8.245410408463595, 0.0], [-58.3215759142969, -8.246275467238963, 0.0], [-58.322183726497734, -8.248706714243482, 0.0], [-58.32271437866554, -8.252178359044006, 0.0], [-58.322737875252706, -8.255391828270188, 0.0], [-58.322655714989224, -8.256088730010859, 0.0], [-58.32165639822415, -8.260366826567779, 0.0], [-58.321285826580294, -8.262309765519728, 0.0]], [[-58.32083423927035, -8.268494857524068, 0.0], [-58.32097321204408, -8.27000674321662, 0.0], [-58.321368478472465, -8.271490438432906, 0.0], [-58.32208112014747, -8.273201946312682, 0.0], [-58.32293651121097, -8.274343044795586, 0.0], [-58.32450485421559, -8.27591214862672, 0.0], [-58.326073267367384, -8.277196030672286, 0.0], [-58.326327619923646, -8.277509235762594, 0.0], [-58.32826770668929, -8.279820633715275, 0.0], [-58.329113886896344, -8.280670103642297, 0.0], [-58.330284547893555, -8.28128396648179, 0.0], [-58.33108761640035, -8.281700373273594, 0.0], [-58.33159325302617, -8.282087035887965, 0.0], [-58.33191937687765, -8.282573027723007, 0.0], [-58.332264685067074, -8.28370111571385, 0.0], [-58.33230709169888, -8.284139322971352, 0.0], [-58.33230709169888, -8.285507514660008, 0.0], [-58.332098888752704, -8.28684596307069, 0.0], [-58.33195108787237, -8.2880283737104, 0.0], [-58.331325563523876, -8.290385414954894, 0.0], [-58.330968643288195, -8.291128997804943, 0.0], [-58.33032704265886, -8.292369426407888, 0.0], [-58.329569505028545, -8.293545253110914, 0.0], [-58.329094815873006, -8.294192556341308, 0.0], [-58.32869623814085, -8.294677782853345, 0.0], [-58.327875364856126, -8.295207617537471, 0.0], [-58.32701278551164, -8.295501261474016, 0.0], [-58.326742538337406, -8.295535761266283, 0.0], [-58.326227916585, -8.295705241203834, 0.0], [-58.32476859929132, -8.296503296889547, 0.0], [-58.32324800848872, -8.297726390160744, 0.0], [-58.32123551910389, -8.29911785000871, 0.0], [-58.32002975937005, -8.300059887515733, 0.0]], [[-58.316028722032875, -8.306145531518151, 0.0], [-58.31541146767405, -8.30876093541605, 0.0]], [[-58.315353743162305, -8.30907632391057, 0.0], [-58.314856185364675, -8.313472285317726, 0.0], [-58.31484581438282, -8.313791390859894, 0.0], [-58.31500501776734, -8.318077988708218, 0.0], [-58.315082030311416, -8.319121087168448, 0.0], [-58.315269308731565, -8.321375031032797, 0.0], [-58.31556161717488, -8.324084567848512, 0.0], [-58.3157131073075, -8.324631615804158, 0.0]], [[-58.32436378261434, -8.333871577859465, 0.0], [-58.32492436097043, -8.33402532480886, 0.0], [-58.325971769881235, -8.334197287774504, 0.0], [-58.3263302468434, -8.33418561547369, 0.0], [-58.32792006475911, -8.334348565433881, 0.0], [-58.33032766409039, -8.334807142335666, 0.0], [-58.33469027173859, -8.336118235168367, 0.0], [-58.340278294707474, -8.33842083595281, 0.0], [-58.34337159742127, -8.339878257475565, 0.0], [-58.34500671958436, -8.340713838272919, 0.0], [-58.34644889310194, -8.341592587427872, 0.0], [-58.34821315341428, -8.343081878226023, 0.0], [-58.34928732075318, -8.344215845085191, 0.0], [-58.349944865463144, -8.345232050218922, 0.0], [-58.350098115521476, -8.345506060674936, 0.0]], [[-58.35039901556467, -8.346044068679216, 0.0], [-58.35082755364862, -8.346810292960573, 0.0], [-58.351470018526456, -8.348502147955784, 0.0], [-58.35181869287833, -8.350228923625881, 0.0], [-58.35182352882589, -8.35045621330869, 0.0]], [[-58.350350337700085, -8.365078617042755, 0.0], [-58.35023734297895, -8.366941321984335, 0.0], [-58.35021255496544, -8.367420548219652, 0.0], [-58.35012332513134, -8.368223616726457, 0.0], [-58.35015306840931, -8.369086172688668, 0.0], [-58.35016147203245, -8.369359288288226, 0.0]], [[-58.35216440683055, -8.373487558835325, 0.0], [-58.35339508751325, -8.374499451988061, 0.0], [-58.35396912207731, -8.37490318823152, 0.0], [-58.35553948945584, -8.376103324508811, 0.0], [-58.356507099722776, -8.377060465767862, 0.0], [-58.35669069721785, -8.377288481678015, 0.0], [-58.35754598126197, -8.37855009291243, 0.0], [-58.35788625055001, -8.37920161935918, 0.0], [-58.35797555502778, -8.37949632539502, 0.0], [-58.35809452813994, -8.380596827581467, 0.0], [-58.357945811749715, -8.38232193860652, 0.0], [-58.357410432745205, -8.383957819797473, 0.0], [-58.35648839022704, -8.386337282939195, 0.0], [-58.35616121416862, -8.387645988071814, 0.0], [-58.35592326794439, -8.38883572009236, 0.0], [-58.35564070635346, -8.389683403965854, 0.0], [-58.35538466397105, -8.390723858419292, 0.0], [-58.35519429907761, -8.392434350065216, 0.0], [-58.35520562603875, -8.39297079386695, 0.0], [-58.355410830645305, -8.393519094330738, 0.0], [-58.35549422051045, -8.39366099918918, 0.0]], [[-58.366713386054144, -8.410895869014169, 0.0], [-58.368467559530224, -8.414025450014474, 0.0], [-58.36967885189743, -8.415726643569744, 0.0], [-58.37703995572268, -8.427382174126276, 0.0]], [[-58.38080443477382, -8.431890051030035, 0.0], [-58.38189598911798, -8.432863608340092, 0.0]], [[-58.3829421199594, -8.433698126664137, 0.0], [-58.38488016798529, -8.434927696256146, 0.0], [-58.38819474259323, -8.436930627646312, 0.0], [-58.38930176666315, -8.437662966272853, 0.0], [-58.39126223386497, -8.439366913552217, 0.0], [-58.39212055222171, -8.440464030690421, 0.0], [-58.39277571552684, -8.441403509264468, 0.0], [-58.39359898280678, -8.443086183980121, 0.0], [-58.39398345103195, -8.44407916490907, 0.0]], [[-58.39687853003497, -8.458934274036935, 0.0], [-58.39724424398671, -8.460688021695763, 0.0]], [[-58.40042923441029, -8.463999863699868, 0.0], [-58.4012223055649, -8.464056511598685, 0.0], [-58.40217409046184, -8.463878051930486, 0.0], [-58.40278085405313, -8.46357467103417, 0.0], [-58.40324185282917, -8.463180151043094, 0.0], [-58.403750485096765, -8.462450373685705, 0.0], [-58.40433504532605, -8.461906128265152, 0.0], [-58.405009344405734, -8.461680330083134, 0.0], [-58.405326879731675, -8.461706791735025, 0.0], [-58.40571354324542, -8.462063711071334, 0.0], [-58.406070462581724, -8.463223699813817, 0.0], [-58.406338152084025, -8.46533547345333, 0.0], [-58.40683235472941, -8.468079273539576, 0.0], [-58.40742947938686, -8.470198378452366, 0.0], [-58.40787349770071, -8.471293828941974, 0.0]], [[-58.41683543517728, -8.487444453174632, 0.0], [-58.41764060403065, -8.48904087953294, 0.0], [-58.41772578900732, -8.489345752224832, 0.0]], [[-58.417858056902006, -8.48981913228203, 0.0], [-58.41797695677107, -8.490244668856363, 0.0], [-58.41834951981441, -8.491999922458472, 0.0], [-58.41901301353971, -8.496321128017627, 0.0], [-58.419145143733346, -8.496982610858751, 0.0], [-58.41985716217826, -8.501261122902427, 0.0], [-58.420143251809534, -8.502550002480604, 0.0], [-58.42033268050875, -8.503215911784835, 0.0], [-58.42073390674436, -8.505250975052427, 0.0], [-58.42073390674436, -8.505994557003106, 0.0], [-58.420585190354224, -8.506648910019145, 0.0], [-58.420406730686025, -8.507184289023652, 0.0], [-58.420198527739856, -8.50763043819406, 0.0], [-58.41939545833368, -8.508284791210098, 0.0], [-58.41909802555341, -8.508760683658569, 0.0], [-58.41874110621701, -8.509444779952581, 0.0], [-58.41862213310493, -8.510039645513213, 0.0], [-58.41847341581543, -8.510961687132092, 0.0], [-58.41811649647912, -8.51170526998223, 0.0], [-58.41784880697682, -8.512300135542773, 0.0], [-58.41749188764042, -8.513073461670885, 0.0], [-58.41719445486015, -8.51387653017769, 0.0], [-58.416748304790374, -8.515363694978507, 0.0], [-58.41642112873204, -8.516702143389189, 0.0], [-58.41639138545407, -8.518724687194513, 0.0], [-58.4164508720101, -8.519616986434787, 0.0], [-58.41665907495637, -8.520598514609702, 0.0], [-58.416748304790374, -8.521282610903715, 0.0], [-58.416599588400246, -8.521936963020384, 0.0], [-58.416480615288165, -8.522264139078718, 0.0], [-58.416153439229745, -8.522621059314396, 0.0], [-58.415499087113076, -8.522888748816694, 0.0], [-58.415225665099335, -8.52289817715214, 0.0]], [[-58.40797170594412, -8.551606583076378, 0.0], [-58.40840686798252, -8.552186966755094, 0.0], [-58.40892917444185, -8.552918571534786, 0.0], [-58.40964750702673, -8.554293826498828, 0.0], [-58.410128417692334, -8.555746401575139, 0.0], [-58.41032862746411, -8.556588188593985, 0.0], [-58.410832663296745, -8.558707417613189, 0.0], [-58.41108572982252, -8.560880127515848, 0.0], [-58.4109228688952, -8.563314150727454, 0.0], [-58.41053195698418, -8.5671467708068, 0.0], [-58.41044869455247, -8.567500635905624, 0.0]], [[-58.40922808543452, -8.57172759067112, 0.0], [-58.40882089157083, -8.572468727549655, 0.0], [-58.408152868859716, -8.573244956689376, 0.0], [-58.40731413503928, -8.574071761902204, 0.0], [-58.406129949137764, -8.575088230537332, 0.0], [-58.40603731004581, -8.575162341820665, 0.0]], [[-58.4040584606437, -8.57674542155046, 0.0], [-58.40270947036572, -8.577824613914732, 0.0], [-58.39586851192227, -8.583505582716423, 0.0], [-58.39573102430382, -8.583634821160903, 0.0]], [[-58.39074892604206, -8.592109432429819, 0.0], [-58.39042548934481, -8.593172153472008, 0.0], [-58.39012805656445, -8.595135211620665, 0.0], [-58.39012805656445, -8.596592632244139, 0.0], [-58.39009831328647, -8.597990567210857, 0.0], [-58.39011226282391, -8.598218410719095, 0.0]], [[-58.39749664858536, -8.608207229176891, 0.0], [-58.39790912760412, -8.608421106648713, 0.0], [-58.39965341217521, -8.60911233186853, 0.0], [-58.40071210038307, -8.609499096106322, 0.0], [-58.401546983306574, -8.610028008086047, 0.0], [-58.402096314393326, -8.610681323284343, 0.0], [-58.40278495496163, -8.611876759704685, 0.0], [-58.402957266864334, -8.612263067086769, 0.0], [-58.403244849370225, -8.613159647999304, 0.0], [-58.40342330903843, -8.614676556078184, 0.0], [-58.40339356576045, -8.617442681834188, 0.0], [-58.40300690314599, -8.620535984547985, 0.0], [-58.4027184824719, -8.621669064675487, 0.0], [-58.40220109549969, -8.624100385348989, 0.0]], [[-58.40822633383071, -8.636194362813278, 0.0], [-58.408509412279486, -8.636270187619001, 0.0], [-58.41020478002656, -8.636656850233372, 0.0], [-58.41207860744176, -8.637430176361484, 0.0], [-58.41413089542442, -8.638560420926623, 0.0], [-58.41499345048735, -8.639304003776672, 0.0], [-58.41528903426152, -8.639603263979335, 0.0], [-58.41563669777541, -8.640146284523421, 0.0], [-58.416143546687316, -8.64151640435852, 0.0], [-58.41665663869291, -8.644414960681836, 0.0], [-58.416827256272796, -8.645868243524525, 0.0], [-58.41739659457712, -8.650431943179594, 0.0], [-58.41820201571038, -8.653737652270767, 0.0], [-58.419583978717604, -8.658137803017109, 0.0], [-58.42236978793531, -8.666400145350352, 0.0], [-58.42302091957974, -8.668333940458929, 0.0], [-58.42395566592123, -8.670584314914155, 0.0], [-58.42565864463065, -8.673567060371536, 0.0], [-58.4272039775815, -8.675976104013973, 0.0], [-58.429746124484, -8.679189761198426, 0.0], [-58.432423021305354, -8.681985631131862, 0.0], [-58.43279029543575, -8.68232946263451, 0.0], [-58.434059278412946, -8.684037677197022, 0.0], [-58.44255704617068, -8.697272904420984, 0.0], [-58.44355059648283, -8.699454502323402, 0.0], [-58.444112135866355, -8.700991596584874, 0.0], [-58.44426085225649, -8.702835680722, 0.0], [-58.444290595534554, -8.704174129132682, 0.0], [-58.443903932920094, -8.705423347709264, 0.0], [-58.44271420089964, -8.707416148236614, 0.0], [-58.44170292944657, -8.708992542871531, 0.0], [-58.44078088692832, -8.710063301779915, 0.0], [-58.43973987219728, -8.71086637028672, 0.0], [-58.4387595221342, -8.71122649930346, 0.0], [-58.437271366280456, -8.711400955189909, 0.0], [-58.43492155378662, -8.711399107982366, 0.0], [-58.433265007074375, -8.711612185254104, 0.0], [-58.43168957561345, -8.712095971951474, 0.0], [-58.43066131506758, -8.71247768289868, 0.0], [-58.42939787281356, -8.713075598060328, 0.0], [-58.429321021248896, -8.713119149534666, 0.0]], [[-58.39435515017666, -8.710786366314828, 0.0], [-58.393114173580244, -8.710185701309005, 0.0], [-58.39027337621534, -8.709009901585642, 0.0], [-58.38502738880287, -8.707659283549031, 0.0], [-58.38364401835676, -8.707445891514588, 0.0], [-58.37802253521183, -8.706583335552466, 0.0], [-58.37165747011612, -8.705750523767598, 0.0], [-58.367589366156295, -8.704876071573388, 0.0], [-58.363269861215095, -8.704233615688807, 0.0], [-58.359980679864435, -8.703902860328729, 0.0], [-58.356357794276725, -8.70378645927762, 0.0], [-58.35366277701554, -8.703936182908446, 0.0], [-58.34780334854565, -8.704768994693314, 0.0], [-58.34155725656211, -8.705780267045661, 0.0], [-58.33985185383579, -8.706117493691913, 0.0]], [[-58.42509494161065, -8.715535771813045, 0.0], [-58.423975925848296, -8.716160676473951, 0.0], [-58.42118005591486, -8.717499124884721, 0.0], [-58.41862213310493, -8.718361680846844, 0.0], [-58.417683489618796, -8.718657417590649, 0.0]], [[-58.326740806884736, -8.71814092352109, 0.0], [-58.32711229099941, -8.719218172680478, 0.0], [-58.328023967931756, -8.721378344235177, 0.0], [-58.32846569423636, -8.722274929644204, 0.0], [-58.329303708599234, -8.723344868370887, 0.0], [-58.32968525047395, -8.723773506841827, 0.0], [-58.33035364370565, -8.724315830411168, 0.0], [-58.33076044034202, -8.724548286274349, 0.0], [-58.3342404056701, -8.7263626271335, 0.0], [-58.33908856268701, -8.728295941104726, 0.0], [-58.34435312649555, -8.730496944578338, 0.0], [-58.347688745239346, -8.731644227698933, 0.0], [-58.35090126927813, -8.732895198154868, 0.0], [-58.35232602742417, -8.733410431446188, 0.0], [-58.35349208119452, -8.734252125834864, 0.0], [-58.35485495069533, -8.73543521366408, 0.0], [-58.355217467412146, -8.735839483205567, 0.0], [-58.35669659317322, -8.7378732820263, 0.0], [-58.35851093403228, -8.740223001889959, 0.0], [-58.360176558501294, -8.742602465930961, 0.0], [-58.36066275538183, -8.743229403114373, 0.0], [-58.361997548048365, -8.7446519534249, 0.0], [-58.36276422548856, -8.745309105131106, 0.0], [-58.36466779618181, -8.746885499765934, 0.0], [-58.36624419081673, -8.748372664566752, 0.0], [-58.36725546316907, -8.749354193641036, 0.0], [-58.367750423942866, -8.749872723847098, 0.0], [-58.36913402461548, -8.751579941960731, 0.0], [-58.3695456964767, -8.752179806852535, 0.0], [-58.37100311799945, -8.754172607379886, 0.0], [-58.375167179621634, -8.758396154658822, 0.0], [-58.37876611806179, -8.76148945737253, 0.0], [-58.379822599333494, -8.762281819450347, 0.0], [-58.38108532392852, -8.763397714432898, 0.0], [-58.38211257633432, -8.764613975554493, 0.0], [-58.383174840246625, -8.766062500084239, 0.0], [-58.38444708686357, -8.768270929259948, 0.0], [-58.38632091517803, -8.770858595347843, 0.0], [-58.38703286077784, -8.771746216314792, 0.0], [-58.38959175395626, -8.774542393816333, 0.0], [-58.392061370535764, -8.776628794882914, 0.0], [-58.393032739968916, -8.777622239974349, 0.0], [-58.395184416527535, -8.77933543408297, 0.0], [-58.39836694907543, -8.781298492231628, 0.0], [-58.39880364187451, -8.781542227391771, 0.0], [-58.4014851657078, -8.782939614671438, 0.0], [-58.4040479187764, -8.783915901597496, 0.0], [-58.40791454671894, -8.785313836564303, 0.0], [-58.409038719960904, -8.785892454972778, 0.0], [-58.410576325037326, -8.786930162896635, 0.0], [-58.41142425532509, -8.787693300605305, 0.0], [-58.4131791096282, -8.789656357854593, 0.0], [-58.416427222016495, -8.792512456883163, 0.0]], [[-58.42401110961717, -8.788920756299724, 0.0], [-58.42425936158024, -8.787927747567416, 0.0], [-58.424837753359604, -8.786251547071146, 0.0], [-58.425071287509844, -8.785819076589053, 0.0], [-58.42570233279636, -8.785168311868098, 0.0], [-58.42629590243389, -8.784927173949843, 0.0], [-58.427247688230196, -8.784956917227905, 0.0], [-58.42769383740061, -8.785105633618041, 0.0], [-58.428526650084756, -8.785641012622548, 0.0], [-58.42912151564539, -8.786206135804488, 0.0], [-58.43066816700224, -8.787723043883279, 0.0], [-58.4327922307768, -8.789914896755015, 0.0], [-58.43429684872055, -8.791857361328116, 0.0], [-58.435813756799426, -8.793255296294834, 0.0], [-58.43718194848808, -8.794266568647181, 0.0], [-58.43855014017683, -8.795307583378221, 0.0], [-58.44015627808972, -8.796318855730568, 0.0], [-58.44194087567081, -8.797508587751025, 0.0], [-58.44257519988556, -8.797940467378641, 0.0], [-58.4443287238539, -8.799408786960829, 0.0]]]}}, {"id": "12", "type": "Feature", "properties": {"id_snv": 42, "Nome": "Rio Tapajos", "Codigo": "HF-106", "Sequencia_": "106", "Trecho": "Da foz no Rio Amazonas, ate a confluencia dos Rios Juruena e Teles Pires.", "Extensao_k": 0.0, "Administra": null, "Regiao_Hid": "Amazonica", "dt_ini": "2013-01-01", "dt_fim": "2029-10-30", "Shape_Leng": 7.43993251247}, "geometry": {"type": "MultiLineString", "coordinates": [[[-58.26418893260295, -6.471526859807909, 0.0], [-58.26418917988674, -6.4715272261005055, 0.0], [-58.26480185260401, -6.472502523010316, 0.0]], [[-58.26515493659281, -6.473064571980348, 0.0], [-58.26901957147559, -6.477804049929649, 0.0]], [[-58.27504497474134, -6.482875100504483, 0.0], [-58.27924187041597, -6.485601136782972, 0.0], [-58.28529908318609, -6.489535516051216, 0.0], [-58.28529911956277, -6.489535546297688, 0.0]], [[-58.33336876460598, -6.535517289559557, 0.0], [-58.33336901027151, -6.535517805502224, 0.0], [-58.337248156776944, -6.5439361541301935, 0.0], [-58.34053795056589, -6.549084156808384, 0.0], [-58.34660410169788, -6.555965713346946, 0.0], [-58.35189319631393, -6.5606400044326065, 0.0], [-58.352967262029495, -6.561231287094195, 0.0], [-58.36578088617897, -6.569571034975276, 0.0], [-58.37392265280812, -6.574410547708588, 0.0], [-58.39735347428334, -6.591449842436216, 0.0], [-58.41324465311821, -6.60193125832086, 0.0], [-58.420836755911495, -6.607772734524055, 0.0], [-58.42416853904675, -6.610778582665468, 0.0], [-58.429002449903145, -6.616116034727128, 0.0], [-58.431773241342015, -6.619789784171161, 0.0], [-58.43902716936835, -6.631638252303475, 0.0], [-58.44335442466697, -6.6409614241303885, 0.0], [-58.44710071162851, -6.648159530338006, 0.0], [-58.45075612209732, -6.653963699964706, 0.0], [-58.45544173493175, -6.659629341740082, 0.0]], [[-58.47016623504864, -6.682040589370221, 0.0], [-58.47016630852826, -6.682040794147305, 0.0], [-58.47061861445751, -6.68367478586266, 0.0], [-58.47061867252101, -6.683675040150451, 0.0]], [[-58.478656518537605, -6.71835417427641, 0.0], [-58.47949116208744, -6.72579246994648, 0.0], [-58.479981195475794, -6.735175524930494, 0.0], [-58.48003980368111, -6.746876224184785, 0.0]], [[-58.48021315762324, -6.752394208873071, 0.0], [-58.481070871373134, -6.7704442736742045, 0.0]], [[-58.47139254667822, -6.80226800114966, 0.0], [-58.4678051978079, -6.814065781763702, 0.0]], [[-58.421614686596435, -6.922345517857277, 0.0], [-58.41854758380389, -6.927306154455394, 0.0], [-58.407299565122806, -6.942097778989233, 0.0], [-58.40033894378713, -6.947891503889782, 0.0], [-58.39537810621458, -6.951737747798838, 0.0], [-58.39429449959148, -6.952874212974493, 0.0], [-58.3901097436697, -6.957954546165336, 0.0], [-58.38784095608291, -6.961769156558052, 0.0]], [[-58.3831508475332, -6.968118356725984, 0.0], [-58.38266274558919, -6.968667341424663, 0.0], [-58.380289227865575, -6.970791748740147, 0.0], [-58.37931638804079, -6.971736026096632, 0.0], [-58.37461337440768, -6.972997810000926, 0.0], [-58.36325731747118, -6.973800763394479, 0.0], [-58.36064549739177, -6.973935857753556, 0.0], [-58.35701341084017, -6.974516282000799, 0.0], [-58.35297826253676, -6.975797921137129, 0.0], [-58.34880415548733, -6.977700823634038, 0.0], [-58.33893464371877, -6.982857706218105, 0.0], [-58.338934638276996, -6.982857710180891, 0.0]], [[-58.29668417747218, -7.048008213035985, 0.0], [-58.28818580173332, -7.065799424803533, 0.0], [-58.285556156191646, -7.070075085097084, 0.0], [-58.28382901719529, -7.07230772851878, 0.0], [-58.28143833860837, -7.0750521779155875, 0.0], [-58.27753860931928, -7.0779465335056315, 0.0], [-58.27539126479504, -7.0789876705445245, 0.0], [-58.27286769698654, -7.0802494544487296, 0.0], [-58.269655882512964, -7.081740653608261, 0.0], [-58.26460874599677, -7.0825436070018135, 0.0], [-58.25921748749696, -7.0825436070018135, 0.0], [-58.25782475200487, -7.082186726403762, 0.0]], [[-58.24380250301493, -7.0911992693779915, 0.0], [-58.24358894397452, -7.0925309227638635, 0.0], [-58.241971373879764, -7.0963345819752846, 0.0], [-58.2410936796296, -7.097914430906162, 0.0], [-58.23811128131054, -7.102388029284125, 0.0], [-58.23558771350213, -7.106632212406584, 0.0], [-58.23191706851789, -7.110532271746862, 0.0], [-58.228705254943506, -7.115235285380063, 0.0], [-58.22675522437404, -7.1208559591351985, 0.0], [-58.22549344046983, -7.122805989704574, 0.0], [-58.22377282605507, -7.1248707270024205, 0.0], [-58.22285516503385, -7.126132510906626, 0.0], [-58.22136396587423, -7.1271648795555045, 0.0], [-58.219069812421864, -7.12808254057672, 0.0], [-58.21629263386576, -7.128335011354604, 0.0]], [[-58.209659712288264, -7.13414375059941, 0.0], [-58.20931966317184, -7.142191580576952, 0.0], [-58.208631417405954, -7.147238717093053, 0.0], [-58.207179151696394, -7.153673029986297, 0.0], [-58.20374762565237, -7.160985889687023, 0.0], [-58.20131067244958, -7.165186183195761, 0.0], [-58.19322973416483, -7.175511969601679, 0.0], [-58.19119585620376, -7.177636242018938, 0.0], [-58.18695167308121, -7.182912793790365, 0.0], [-58.184198690017475, -7.187730514151859, 0.0], [-58.18328102899626, -7.189336421838334, 0.0], [-58.18052804503324, -7.195760048987022, 0.0], [-58.179266261128944, -7.201036600758449, 0.0], [-58.17708681620353, -7.20895142796595, 0.0], [-58.17559561704408, -7.21617800940756, 0.0], [-58.17421912461285, -7.223978128987397, 0.0], [-58.17398970935752, -7.2269605282057405, 0.0], [-58.172727925453316, -7.234760647785578, 0.0], [-58.17144132475729, -7.245501707837455, 0.0], [-58.17151186937721, -7.253460450739148, 0.0], [-58.17184341355581, -7.257188153862039, 0.0]], [[-58.17300320076208, -7.29040220598819, 0.0], [-58.172842633080975, -7.295326282382021, 0.0], [-58.17301755031963, -7.303459931730373, 0.0], [-58.17249623401395, -7.308286800895093, 0.0], [-58.17110813673114, -7.311935550984895, 0.0], [-58.165303905950424, -7.320574423270955, 0.0], [-58.16288732530044, -7.323200017631194, 0.0]]]}}, {"id": "13", "type": "Feature", "properties": {"id_snv": 35, "Nome": "Rio Amazonas", "Codigo": "HF-100", "Sequencia_": "100", "Trecho": "Da foz, no Oceano Atlantico, ate a confluencia dos rios Negro e Solimoes.", "Extensao_k": 0.0, "Administra": null, "Regiao_Hid": "Amazonica", "dt_ini": "2013-01-01", "dt_fim": "2029-10-30", "Shape_Leng": 12.73836182}, "geometry": {"type": "MultiLineString", "coordinates": [[[-56.09486733996896, -1.9993524564856457, 0.0], [-56.09519059064123, -2.010006596716053, 0.0]], [[-56.095210628683304, -2.0101398945784013, 0.0], [-56.09632590091955, -2.0135494894174, 0.0], [-56.09774599967814, -2.0178909998696994, 0.0], [-56.097999999700136, -2.0266029996286363, 0.0], [-56.10421023031789, -2.0505513737468206, 0.0], [-56.10484932678759, -2.051577915591153, 0.0]], [[-56.11546366242921, -2.0671084207836046, 0.0], [-56.125360068912045, -2.0731379503560277, 0.0], [-56.13633436903589, -2.0872636395052524, 0.0], [-56.14174799997018, -2.0998729997390697, 0.0], [-56.141861652169034, -2.1001212888958634, 0.0]], [[-56.18079065608512, -2.1600656259663467, 0.0], [-56.18099799965792, -2.1602220002451133, 0.0], [-56.19352688945432, -2.17271538930369, 0.0], [-56.193526942660284, -2.17271544235885, 0.0]], [[-56.20124522666394, -2.180411856712503, 0.0], [-56.20358499984776, -2.1827450001815976, 0.0], [-56.20550814082392, -2.1842304181895713, 0.0]], [[-56.217939317310424, -2.1938321413135355, 0.0], [-56.22211006902447, -2.1961745295308788, 0.0], [-56.23896600008074, -2.2055190000018, 0.0], [-56.26330700021782, -2.2207180003353955, 0.0], [-56.306752000004764, -2.242101999907362, 0.0], [-56.312544495532, -2.2441997908875777, 0.0], [-56.31254465986313, -2.244199850401216, 0.0]], [[-56.31838129827065, -2.246313627636333, 0.0], [-56.33310800043381, -2.251647000308722, 0.0], [-56.33592717895431, -2.2523189656385014, 0.0]], [[-56.35653264393996, -2.257230381490473, 0.0], [-56.35653298890624, -2.2572304637149188, 0.0], [-56.363722000270045, -2.2589439995659077, 0.0], [-56.36526214962192, -2.259789197042984, 0.0]], [[-56.38198404135322, -2.2689657750711945, 0.0], [-56.38198454205288, -2.268966049843314, 0.0], [-56.38198474607208, -2.268966231339199, 0.0]], [[-56.38507676477067, -2.2717168971062662, 0.0], [-56.39528363643063, -2.2807969497193525, 0.0], [-56.4105198997475, -2.3174695561816705, 0.0]], [[-56.41363645999844, -2.3240453687425457, 0.0], [-56.456763402001364, -2.4114865725787595, 0.0]], [[-56.464860117688346, -2.428735201575236, 0.0], [-56.47346199957157, -2.447059999719116, 0.0], [-56.48093799988878, -2.458899999835097, 0.0], [-56.56130800006416, -2.5356939996782657, 0.0], [-56.60181600020824, -2.5626610004047734, 0.0], [-56.63631999956831, -2.5761500001223325, 0.0], [-56.685505868400995, -2.6028190797367046, 0.0], [-56.71168334980674, -2.606326950128647, 0.0], [-56.73561493628023, -2.612752071950517, 0.0], [-56.758864338418476, -2.6194865902339117, 0.0], [-56.77884488478355, -2.6193023542202667, 0.0], [-56.80324831855499, -2.6159179364635534, 0.0], [-56.83808362815688, -2.60249777715066, 0.0], [-56.88034285563823, -2.584509051951187, 0.0], [-56.95543864497745, -2.5545278429855003, 0.0], [-56.989557021339365, -2.5461291013769127, 0.0], [-57.02629827404601, -2.541250076929522, 0.0], [-57.045904924572625, -2.5434145724245383, 0.0], [-57.060426541151884, -2.551974029178048, 0.0], [-57.077647762434225, -2.565378185055124, 0.0], [-57.09363773988976, -2.5830813746056904, 0.0], [-57.107057900101935, -2.60249777715066, 0.0], [-57.127669999870534, -2.6164460003825454, 0.0], [-57.158280792724355, -2.627098867518697, 0.0], [-57.192432961112246, -2.6313368444197494, 0.0], [-57.22555505771973, -2.6296236323247157, 0.0], [-57.24211610647308, -2.6196298963026123, 0.0], [-57.25525073193572, -2.607922948185468, 0.0], [-57.26895642689751, -2.5907908281341463, 0.0], [-57.283611990301075, -2.547410544461002, 0.0], [-57.29379799957801, -2.5174082508900497, 0.0], [-57.314071007271124, -2.4785754475987645, 0.0], [-57.33291633851812, -2.452591733221844, 0.0], [-57.35775791119862, -2.4283212309400426, 0.0], [-57.38060073703437, -2.4071916171993237, 0.0], [-57.41029641035098, -2.3894884276487574, 0.0], [-57.448558143243744, -2.378352549930142, 0.0], [-57.482251311149035, -2.376353803085486, 0.0], [-57.50309539014013, -2.3800657620252608, 0.0], [-57.526223750725514, -2.389202891999851, 0.0], [-57.54592872233264, -2.400853829440628, 0.0], [-57.55900499978086, -2.415311999748994, 0.0], [-57.566198695713226, -2.4237526659527475, 0.0], [-57.57876224987788, -2.461443328446812, 0.0], [-57.58839809079923, -2.492274385954083, 0.0], [-57.59874972192209, -2.5145528979977882, 0.0], [-57.64272216149848, -2.5876499395929855, 0.0], [-57.66813480547679, -2.6353343390084305, 0.0], [-57.70553993232195, -2.6901571197552556, 0.0], [-57.74494380691113, -2.7386981243189368, 0.0], [-57.778065903518616, -2.773533433920825, 0.0], [-57.82346601954114, -2.7938064416139454, 0.0], [-57.84944973391806, -2.795519653708979, 0.0], [-57.87943094288366, -2.795519653708979, 0.0], [-57.930256229940994, -2.7983750066012405, 0.0], [-57.974799739915994, -2.810653025116906, 0.0], [-58.02077092633713, -2.820646762038379, 0.0], [-58.07273835509097, -2.843489586974769, 0.0], [-58.10656950238054, -2.8827505592908267, 0.0], [-58.10877000043515, -2.885026999696251, 0.0], [-58.115945000361435, -2.894184000191359, 0.0], [-58.12946799984822, -2.9150789996960427, 0.0], [-58.132445999583204, -2.922735000219987, 0.0], [-58.1374940003478, -2.9429210003038975, 0.0], [-58.141167999803315, -2.968180999653356, 0.0], [-58.14733500001017, -2.9864860002286733, 0.0], [-58.153783779397905, -3.000711234435869, 0.0], [-58.16153983939208, -3.033656110640912, 0.0], [-58.16661330715833, -3.063166473254121, 0.0], [-58.16829518057807, -3.091851213262821, 0.0], [-58.16926478913862, -3.116930741160715, 0.0], [-58.17110174255138, -3.1332499900948676, 0.0], [-58.17895749419293, -3.148155774569318, 0.0], [-58.20979530830677, -3.1887017899555516, 0.0], [-58.22949724560136, -3.2046917683103615, 0.0], [-58.257479706822934, -3.211830151440296, 0.0], [-58.27775271451614, -3.2104024740948844, 0.0], [-58.309161599927876, -3.202978556215328, 0.0], [-58.356845998444044, -3.1898439316520566, 0.0], [-58.42193399985413, -3.1669160002731545, 0.0], [-58.44467299985902, -3.1573149999871575, 0.0], [-58.46083227738763, -3.1486678440457396, 0.0], [-58.47788879593114, -3.1487139046229586, 0.0], [-58.49021862079269, -3.1521668534174907, 0.0], [-58.50501099985772, -3.1631213234902233, 0.0], [-58.519636747138115, -3.176696842485214, 0.0], [-58.53592348198306, -3.190975473039579, 0.0], [-58.549606999663254, -3.2114459997330513, 0.0], [-58.55670985597507, -3.2289378252203917, 0.0], [-58.566092151031945, -3.2523011166031637, 0.0], [-58.56642524912594, -3.2817357140319316, 0.0], [-58.56820984490838, -3.306720054087151, 0.0], [-58.57457257446468, -3.326869849264078, 0.0], [-58.58903012873738, -3.3459811613015233, 0.0], [-58.6116350083489, -3.3644219837874445, 0.0], [-58.63423988706104, -3.3739398282603617, 0.0], [-58.670824100152075, -3.3745346929217135, 0.0], [-58.705326284680304, -3.3676937425721434, 0.0], [-58.74174500003173, -3.352752999651152, 0.0], [-58.75376844565725, -3.3499556899031404, 0.0], [-58.80577274841361, -3.3323637294025445, 0.0], [-58.83972214396174, -3.3167778704023334, 0.0], [-58.87351722484002, -3.3011920114022075, 0.0], [-58.88833150689354, -3.2908528772584447, 0.0], [-58.927217751497984, -3.265598743287299, 0.0], [-58.97076188805066, -3.245611270343808, 0.0], [-58.998601581897425, -3.2434697561242487, 0.0], [-59.02929662863645, -3.242042079678207, 0.0], [-59.06784389717812, -3.2556050072651956, 0.0], [-59.10424965060086, -3.2663125819600083, 0.0], [-59.14136924269631, -3.2663125819600083, 0.0], [-59.18205802545744, -3.2606018752762935, 0.0], [-59.24773114917316, -3.2270514747457213, 0.0], [-59.33553326095122, -3.1813658239734934, 0.0], [-59.41548315002727, -3.14995693856185, 0.0], [-59.45545809501507, -3.1349663336293645, 0.0], [-59.497574555121524, -3.123544921161127, 0.0], [-59.519703542284574, -3.123544921161127, 0.0], [-59.557536972153535, -3.1164065380312778, 0.0], [-59.62321009586917, -3.084997652619549, 0.0], [-59.676747968443955, -3.0700070485863407, 0.0], [-59.72100594366934, -3.0607271503376623, 0.0], [-59.79238977406878, -3.066437857021377, 0.0], [-59.8473553230896, -3.089280682857222, 0.0], [-59.876622693382586, -3.11140967002018, 0.0], [-59.89671902925977, -3.1258335761585556, 0.0]]]}}, {"id": "14", "type": "Feature", "properties": {"id_snv": 26, "Nome": "Rio Javari", "Codigo": "HF-148", "Sequencia_": "148", "Trecho": "Da foz, no rio Solimoes, ate a boca do rio Javari-Mirim, seu afluente da margem esquerda.", "Extensao_k": 0.0, "Administra": null, "Regiao_Hid": "Amazonica", "dt_ini": "2013-01-01", "dt_fim": "2029-10-30", "Shape_Leng": 4.4135215458}, "geometry": {"type": "MultiLineString", "coordinates": [[[-70.62228790517776, -4.126723054987082, 0.0], [-70.62432597786153, -4.126665502810724, 0.0], [-70.63585006592774, -4.127286802144127, 0.0], [-70.63646841779514, -4.12722162477511, 0.0]], [[-70.64600953698061, -4.127827481550703, 0.0], [-70.64697358277164, -4.12872659688658, 0.0]], [[-70.6171288428517, -4.129346374641472, 0.0], [-70.61808789319946, -4.128067780475462, 0.0]], [[-70.64849960306807, -4.131120190010819, 0.0], [-70.65077805106617, -4.139576782542385, 0.0], [-70.65099094482915, -4.1510043353269666, 0.0]], [[-70.43061594991143, -4.1313737113575755, 0.0], [-70.43089625045313, -4.1313580995965395, 0.0]], [[-70.42313161307794, -4.133738784055353, 0.0], [-70.42739333741154, -4.132074468240141, 0.0]], [[-70.38046171757104, -4.133672953601554, 0.0], [-70.38130070196571, -4.133507310214192, 0.0], [-70.38336287794903, -4.133555438730916, 0.0]], [[-70.41979953427422, -4.134984561625785, 0.0], [-70.41999882638468, -4.1349622199304505, 0.0], [-70.4201188846401, -4.134915334013435, 0.0]], [[-70.6180326649684, -4.137123194665961, 0.0], [-70.6173987627647, -4.135028271157246, 0.0]], [[-70.37110441425484, -4.138896453075226, 0.0], [-70.3757528166995, -4.135880755972963, 0.0]], [[-70.40532053856552, -4.136720869515344, 0.0], [-70.40957126168533, -4.136186026417178, 0.0]], [[-70.39439689884803, -4.137420772536657, 0.0], [-70.39670848081165, -4.137804473297777, 0.0], [-70.3990157045956, -4.137514169111398, 0.0]], [[-70.44214739690685, -4.137727494372854, 0.0], [-70.44236400229957, -4.139178488507213, 0.0]], [[-70.53917337260982, -4.143021521402325, 0.0], [-70.54424607151671, -4.138886514191022, 0.0]], [[-70.55274033339325, -4.139812341672545, 0.0], [-70.55195345767906, -4.141303642156181, 0.0]], [[-70.36376842442067, -4.1483908563386365, 0.0], [-70.36570199974746, -4.144263680324535, 0.0], [-70.36978559128215, -4.139920059945425, 0.0]], [[-70.44238906346463, -4.1402571104288555, 0.0], [-70.4417949271738, -4.142705093813213, 0.0]], [[-70.6234561192268, -4.148122834516386, 0.0], [-70.61943172281175, -4.141033852414431, 0.0]], [[-70.50854324782385, -4.1505424229022125, 0.0], [-70.51741148745015, -4.14204806106909, 0.0], [-70.51793614501287, -4.141446350195345, 0.0]], [[-70.5516980223563, -4.141559077478938, 0.0], [-70.54836070077953, -4.143585407781245, 0.0]], [[-70.66528265417764, -4.142297533261065, 0.0], [-70.6658407003343, -4.142257148240489, 0.0]], [[-70.52974149985518, -4.14392283066919, 0.0], [-70.53003222590641, -4.14434569669654, 0.0], [-70.53084617924377, -4.14488513225907, 0.0]], [[-70.53113875999335, -4.145079035833156, 0.0], [-70.53223587248745, -4.145806130948117, 0.0], [-70.53301022934484, -4.145841204036813, 0.0]], [[-70.65482818131548, -4.158375482230582, 0.0], [-70.655480664501, -4.156133315799835, 0.0], [-70.65714067899913, -4.149889461329494, 0.0], [-70.65916450414953, -4.145896924848422, 0.0]], [[-70.54360374595889, -4.14647370052684, 0.0], [-70.54220259197601, -4.147324442868658, 0.0], [-70.54080423972388, -4.149527450931124, 0.0], [-70.5406649690767, -4.150195505995015, 0.0]], [[-70.32959629807172, -4.14838430700236, 0.0], [-70.32959062683268, -4.14909432304583, 0.0]], [[-70.50305139199465, -4.167835998080314, 0.0], [-70.50284070853179, -4.163634962083819, 0.0], [-70.5037560807785, -4.159223989795237, 0.0], [-70.50844531473501, -4.1506666326407995, 0.0]], [[-70.43380164997446, -4.151103983068317, 0.0], [-70.43264321701086, -4.1521935963573355, 0.0], [-70.43192967511436, -4.155161121688401, 0.0], [-70.43194839315063, -4.155785522492529, 0.0]], [[-70.54040492911717, -4.151442868704493, 0.0], [-70.53999583913662, -4.153405196292738, 0.0], [-70.54057615921599, -4.154708915625228, 0.0]], [[-70.31236234996241, -4.1530830208796345, 0.0], [-70.31291437939507, -4.152600492818479, 0.0], [-70.31309815324836, -4.152213365462174, 0.0]], [[-70.65095825827434, -4.15321765187381, 0.0], [-70.65071940842253, -4.156552745679377, 0.0]], [[-70.63111237863025, -4.183859643677366, 0.0], [-70.63220110989326, -4.182636206095992, 0.0], [-70.63432120855691, -4.1791408155961065, 0.0], [-70.63559567739857, -4.175150398671924, 0.0], [-70.63501289782694, -4.170702377013015, 0.0], [-70.62786170385449, -4.156008743508686, 0.0], [-70.62688947310924, -4.154264221731964, 0.0]], [[-70.35992503599431, -4.159477414957692, 0.0], [-70.36186713765824, -4.155874602430885, 0.0], [-70.3619809857659, -4.155413084572643, 0.0]], [[-70.30553837225729, -4.158104882508482, 0.0], [-70.3057646755993, -4.158059743662221, 0.0], [-70.3083319513584, -4.156605985977414, 0.0], [-70.30940931124424, -4.155664267391103, 0.0]], [[-70.43202470712498, -4.15833122260608, 0.0], [-70.43202775517675, -4.15843290025807, 0.0], [-70.43209454041906, -4.158610531949556, 0.0]], [[-70.44459687859784, -4.1606550975158285, 0.0], [-70.44770216412353, -4.158986025584589, 0.0], [-70.44944575573035, -4.158420940401051, 0.0]], [[-70.65015582880987, -4.160848989838293, 0.0], [-70.64992872862793, -4.162030908799309, 0.0], [-70.65099457993584, -4.163579691549536, 0.0], [-70.65266837474562, -4.163465373328243, 0.0], [-70.6538322008953, -4.161798028456211, 0.0], [-70.65471962918899, -4.158748506301414, 0.0]], [[-70.76444478634541, -4.160502101919818, 0.0], [-70.76578492453463, -4.161462370891712, 0.0], [-70.7686320783135, -4.163530293340635, 0.0]], [[-70.2862925577918, -4.169524380613211, 0.0], [-70.28874663994547, -4.16501228998515, 0.0], [-70.29202665721375, -4.160719651873599, 0.0]], [[-70.44088737420573, -4.1632698967987025, 0.0], [-70.4415022900986, -4.163049507029072, 0.0], [-70.44425312184535, -4.160878231308338, 0.0]], [[-70.4331539575775, -4.161428311078431, 0.0], [-70.43337803596756, -4.162024302379628, 0.0], [-70.43381747182399, -4.162272902583965, 0.0]], [[-70.6663856188568, -4.162294759530262, 0.0], [-70.66605192805397, -4.163354458141697, 0.0], [-70.6663091730226, -4.164612308089012, 0.0]], [[-70.34530268651818, -4.176730366237592, 0.0], [-70.34706952184094, -4.175761890898556, 0.0], [-70.35224138263372, -4.170864708239698, 0.0], [-70.35758279351106, -4.163822532783591, 0.0], [-70.35816753603248, -4.162737770991555, 0.0]], [[-70.46322999914443, -4.176094066309112, 0.0], [-70.46439014229122, -4.17655915877809, 0.0], [-70.46756056097108, -4.175566031147383, 0.0], [-70.46923197347681, -4.173551789883199, 0.0], [-70.47296956899825, -4.165035741508007, 0.0]], [[-70.77040886080228, -4.165147755169642, 0.0], [-70.77061465633383, -4.165357238610099, 0.0]], [[-70.55818640157821, -4.167771797660315, 0.0], [-70.55843978026451, -4.170132552836989, 0.0]], [[-70.2862257435875, -4.173071751615396, 0.0], [-70.28627407335986, -4.169590388132484, 0.0]], [[-70.50532139962912, -4.175233508325746, 0.0], [-70.5035568989759, -4.170165736552768, 0.0]], [[-70.32847056263387, -4.171579063703902, 0.0], [-70.32854196154226, -4.172062981121684, 0.0], [-70.33041016189942, -4.175137184033737, 0.0], [-70.3309283136881, -4.175566054959269, 0.0]], [[-70.73398954373013, -4.178207525050368, 0.0], [-70.73663423048534, -4.175370572493854, 0.0], [-70.73809774978015, -4.172915916414119, 0.0]], [[-70.56435324103472, -4.174107132940961, 0.0], [-70.56630171232774, -4.17301833620499, 0.0]], [[-70.5577977157728, -4.173527194343372, 0.0], [-70.55368149540469, -4.18200972396955, 0.0], [-70.55339520486683, -4.183469250011619, 0.0]], [[-70.48970489954299, -4.173655324064782, 0.0], [-70.49081178963235, -4.18538356659829, 0.0], [-70.49182045754803, -4.1907004133933015, 0.0], [-70.4926252818229, -4.191988346956656, 0.0]], [[-70.56423106321424, -4.188787596843255, 0.0], [-70.56206116149335, -4.1828191722669175, 0.0], [-70.56202742162814, -4.1774298509067975, 0.0], [-70.56412505038638, -4.174299016490814, 0.0]], [[-70.46111318700854, -4.175159630321588, 0.0], [-70.46120390813383, -4.175281821998453, 0.0], [-70.46149427133611, -4.1753982263741065, 0.0]], [[-70.50802167794066, -4.1798967690654365, 0.0], [-70.50559330388948, -4.175793797274409, 0.0]], [[-70.28771604101429, -4.178833581381149, 0.0], [-70.28762827542457, -4.178278259633984, 0.0], [-70.28741512187197, -4.1775695853943375, 0.0]], [[-70.33623104384716, -4.178793728511785, 0.0], [-70.33688891389218, -4.179070013770016, 0.0], [-70.33711478611914, -4.179045359195634, 0.0]], [[-70.73117029025316, -4.181113784388003, 0.0], [-70.7319856420237, -4.180357108193945, 0.0], [-70.7326947317548, -4.1795964684238385, 0.0]], [[-70.28802791575029, -4.19816720649294, 0.0], [-70.28859508529486, -4.194052133599037, 0.0], [-70.28842732396177, -4.183334102486803, 0.0], [-70.28792128712907, -4.180132241041846, 0.0]], [[-70.7821414547726, -4.181402890216347, 0.0], [-70.78308423125223, -4.182906464062043, 0.0], [-70.78537361290192, -4.185163350508127, 0.0], [-70.78649657772375, -4.1856398913972725, 0.0]], [[-70.79575394291942, -4.183804039507919, 0.0], [-70.79724519540945, -4.182586096770855, 0.0], [-70.79862160188775, -4.181665680561473, 0.0]], [[-70.80069262161528, -4.181797468262047, 0.0], [-70.80121718000258, -4.182065079949346, 0.0]], [[-70.80168562766201, -4.182563707404938, 0.0], [-70.80254581519637, -4.184517793849686, 0.0]], [[-70.72709883516453, -4.184641749738084, 0.0], [-70.72773397834035, -4.1843028072287325, 0.0], [-70.72924398369231, -4.182901467164392, 0.0]], [[-70.67034956149377, -4.184083258047501, 0.0], [-70.6713631288567, -4.188895063233531, 0.0]], [[-70.78791807564696, -4.186243117670294, 0.0], [-70.78876514069866, -4.186602577846678, 0.0], [-70.79157177731564, -4.1863155259406994, 0.0], [-70.79443108632555, -4.184884449157934, 0.0], [-70.79505904573287, -4.1843715792016525, 0.0]], [[-70.8026995714425, -4.1854788358955375, 0.0], [-70.80282813810808, -4.190640811724009, 0.0], [-70.80345922157552, -4.191661851174153, 0.0]], [[-70.51339633529459, -4.1884564991694475, 0.0], [-70.51277637083278, -4.187031394383354, 0.0], [-70.51215571183604, -4.186146890721844, 0.0]], [[-70.69529015625307, -4.1866705725983735, 0.0], [-70.70124422046193, -4.186943279802215, 0.0]], [[-70.68941095686938, -4.189007604550419, 0.0], [-70.69117751113323, -4.187808620871145, 0.0], [-70.69520923299031, -4.1866743027091715, 0.0]], [[-70.72103416575733, -4.187506784290264, 0.0], [-70.72206615582841, -4.187327426019891, 0.0], [-70.72284166546359, -4.1869135773133905, 0.0]], [[-70.71562458486822, -4.188330423793261, 0.0], [-70.71602381154962, -4.188377576064241, 0.0], [-70.71636264043661, -4.18831868813033, 0.0]], [[-70.51386641556947, -4.190649076501494, 0.0], [-70.51381980743807, -4.189429929447606, 0.0], [-70.51341826049003, -4.188506898350276, 0.0]], [[-70.60278098552342, -4.188891516092731, 0.0], [-70.60361883355534, -4.189190367722041, 0.0]], [[-70.57141274762158, -4.197467281730972, 0.0], [-70.57072860344222, -4.1965764631332405, 0.0], [-70.56517905649775, -4.190105560285282, 0.0]], [[-70.61762171873536, -4.193381186235321, 0.0], [-70.61802533839857, -4.193427358385868, 0.0], [-70.621305487858, -4.192788960242275, 0.0], [-70.62421817432929, -4.1916068526740915, 0.0], [-70.62554538933111, -4.190115424286809, 0.0]], [[-70.67981202440903, -4.2055575004773615, 0.0], [-70.68028540904434, -4.206127883794743, 0.0], [-70.68265808770056, -4.207537789637215, 0.0], [-70.68446318982433, -4.2074701390356495, 0.0], [-70.68550248954821, -4.205656210065953, 0.0], [-70.68627725369225, -4.201316303104861, 0.0], [-70.68667668667975, -4.193737494989378, 0.0], [-70.68786661010576, -4.190829369698221, 0.0]], [[-70.55250410916294, -4.191535616469423, 0.0], [-70.55249945528557, -4.192376845914637, 0.0], [-70.55325480126795, -4.197143715010355, 0.0], [-70.55372513780381, -4.198555494592661, 0.0]], [[-70.51374769314603, -4.193109023514431, 0.0], [-70.51394145243606, -4.192611845060554, 0.0], [-70.51391242479764, -4.1918525578120125, 0.0]], [[-70.80667457630945, -4.194523465618936, 0.0], [-70.80753338205987, -4.195041760169062, 0.0], [-70.8119919955994, -4.1954687314820305, 0.0]], [[-70.67283372168198, -4.196136274109698, 0.0], [-70.67293506560075, -4.196638029821166, 0.0], [-70.6733297147772, -4.197177849806231, 0.0]], [[-70.49702537541904, -4.197394412137768, 0.0], [-70.49820478971922, -4.198617035647665, 0.0], [-70.49907848602999, -4.198935106174204, 0.0]], [[-70.50541947566673, -4.200102046901009, 0.0], [-70.507614266785, -4.200016557917742, 0.0], [-70.51045171237665, -4.198551844691835, 0.0], [-70.51116136929502, -4.197603405256224, 0.0]], [[-70.81948099489574, -4.1992469806816715, 0.0], [-70.82048447477867, -4.201256607006755, 0.0], [-70.8217182510964, -4.206556696734118, 0.0], [-70.82323763950545, -4.209591663124677, 0.0], [-70.82348893561772, -4.209919797876317, 0.0]], [[-70.50184212159749, -4.199941212082123, 0.0], [-70.50258697021246, -4.200212375400767, 0.0], [-70.50407796507665, -4.2001542998809995, 0.0]], [[-70.57506136342822, -4.2027799446988325, 0.0], [-70.57472208435662, -4.201776342304306, 0.0], [-70.5737227470089, -4.200475113233502, 0.0]], [[-70.55473224079698, -4.201578452272571, 0.0], [-70.55479846867429, -4.201777244324276, 0.0], [-70.55493188136239, -4.201959613438312, 0.0]], [[-70.57548506101483, -4.209027349766501, 0.0], [-70.57577818791296, -4.208662794752151, 0.0], [-70.57601786353356, -4.205609314018645, 0.0], [-70.57528743128864, -4.203448663358564, 0.0]], [[-70.28681217609396, -4.204159283008444, 0.0], [-70.28686437599019, -4.204039966471171, 0.0], [-70.28688960364713, -4.203921034335124, 0.0]], [[-70.55812907678023, -4.206330035051806, 0.0], [-70.55849400779222, -4.206828879249315, 0.0], [-70.55869522354988, -4.206977021527493, 0.0]], [[-70.2821446175328, -4.213738802366919, 0.0], [-70.285142966973, -4.207834881030749, 0.0]], [[-70.56102135604769, -4.208689603940087, 0.0], [-70.56248725578219, -4.209768852050878, 0.0], [-70.56299590191122, -4.20991483737231, 0.0]], [[-70.57378116769905, -4.210969936734941, 0.0], [-70.5739467113716, -4.210940558959621, 0.0], [-70.57411525612984, -4.21073094381633, 0.0]], [[-70.56599994123891, -4.210777019588328, 0.0], [-70.56745897065495, -4.211195772167073, 0.0], [-70.5715531360684, -4.211365328547032, 0.0], [-70.57170621064523, -4.21133816356717, 0.0]], [[-70.82451787781636, -4.211263359022922, 0.0], [-70.82532839958597, -4.212321713476243, 0.0], [-70.82660502287351, -4.21299651382855, 0.0]], [[-70.8273751719708, -4.213403600936573, 0.0], [-70.82794642678616, -4.213705556066451, 0.0], [-70.82823209333684, -4.213751197222905, 0.0]], [[-70.83196301134667, -4.2143472887579705, 0.0], [-70.83412018180093, -4.2146919414798845, 0.0], [-70.84040565463576, -4.21580911078042, 0.0]], [[-70.84051325270622, -4.2158491962749025, 0.0], [-70.8428784675644, -4.216840610412085, 0.0]], [[-70.82336415796694, -4.219017382183807, 0.0], [-70.82224174286208, -4.218994155156132, 0.0], [-70.82115260965836, -4.219406903575127, 0.0]], [[-70.82737432118434, -4.219423596107731, 0.0], [-70.82637256374281, -4.219079637515186, 0.0], [-70.82525196914418, -4.219056448160664, 0.0]], [[-70.82041319671202, -4.219687118633843, 0.0], [-70.81867655417958, -4.2203452534306365, 0.0], [-70.81646850271923, -4.223187497804716, 0.0], [-70.8163839092248, -4.2236082046997225, 0.0]], [[-70.84151300572037, -4.23118812267159, 0.0], [-70.83833070869518, -4.228735054878783, 0.0], [-70.83536057802817, -4.2242990670483, 0.0], [-70.83130596569767, -4.220773546561908, 0.0], [-70.82823579006777, -4.219719385899147, 0.0]], [[-70.27904026610585, -4.231577488807638, 0.0], [-70.27877928823357, -4.228341001635862, 0.0], [-70.27933738843872, -4.224718016202779, 0.0]], [[-70.8158212173445, -4.2264066273837955, 0.0], [-70.81574403945581, -4.226790454415905, 0.0], [-70.81590128009374, -4.227062998040644, 0.0]], [[-70.84682944886272, -4.229124411070607, 0.0], [-70.84555181528609, -4.230530643702281, 0.0]], [[-70.84424921371505, -4.231266595890446, 0.0], [-70.84325033479332, -4.2313653299741105, 0.0]], [[-70.30722085366854, -4.245514300863604, 0.0], [-70.30508223315853, -4.243512983637267, 0.0], [-70.29983810554405, -4.240620314276065, 0.0], [-70.29466338940385, -4.238520000697363, 0.0], [-70.28552908689774, -4.237139246379016, 0.0], [-70.28178198245251, -4.2354683114134275, 0.0], [-70.28026224522952, -4.234135021742759, 0.0]], [[-70.8273312777731, -4.245652159689918, 0.0], [-70.82778270430836, -4.248874560012851, 0.0], [-70.83003523623708, -4.252415214290615, 0.0], [-70.83226130111812, -4.253874305854453, 0.0], [-70.83544888335922, -4.255100552148647, 0.0], [-70.8369235171352, -4.255023637445952, 0.0]], [[-70.30917257537777, -4.248391857292567, 0.0], [-70.30891884083177, -4.2471032741966965, 0.0], [-70.30775598352301, -4.24601507441885, 0.0]], [[-70.84545224435814, -4.250063297386632, 0.0], [-70.84990598347432, -4.247900408976655, 0.0], [-70.85224833228452, -4.24704991303836, 0.0]], [[-70.86058907295163, -4.247947563537622, 0.0], [-70.8612415075793, -4.248240355595335, 0.0]], [[-70.86278017924607, -4.249333256020691, 0.0], [-70.86374677236327, -4.250357242155424, 0.0]], [[-70.84383559546855, -4.251554479632048, 0.0], [-70.84439418547524, -4.251011896548697, 0.0]], [[-70.86456067097578, -4.2518024919128905, 0.0], [-70.86491948548944, -4.2542764118467815, 0.0]], [[-70.84016293005915, -4.25447588995663, 0.0], [-70.84116969752348, -4.25414398375775, 0.0], [-70.84204972231039, -4.253289176910847, 0.0]], [[-70.30745339084659, -4.258513637565606, 0.0], [-70.30865511284317, -4.257075040680526, 0.0], [-70.30919543304614, -4.254574786403218, 0.0]], [[-70.83859014380947, -4.254936708679367, 0.0], [-70.83879802251066, -4.254925866035784, 0.0], [-70.83889900115183, -4.254892575888704, 0.0]], [[-70.86482862918837, -4.255010371512711, 0.0], [-70.86327170211658, -4.259135627220942, 0.0]], [[-70.11187687967792, -4.255918938087042, 0.0], [-70.11421943826059, -4.2577348579004095, 0.0]], [[-70.10568148206762, -4.256584553588695, 0.0], [-70.10572039056768, -4.25655313633456, 0.0]], [[-70.30579441200358, -4.260450716535992, 0.0], [-70.30593183708459, -4.260335109177902, 0.0], [-70.3062980442759, -4.2598967178308556, 0.0]], [[-70.28615938118304, -4.270644793794943, 0.0], [-70.2888605255927, -4.269382264679734, 0.0], [-70.29697689806538, -4.266495502065716, 0.0], [-70.30208511473619, -4.263571122609164, 0.0], [-70.3050958460456, -4.261038377567296, 0.0]], [[-70.10048761710905, -4.2650433406776, 0.0], [-70.10193956322688, -4.261328134559115, 0.0]], [[-70.85947164235016, -4.265205474750168, 0.0], [-70.85576971160287, -4.268543037131387, 0.0], [-70.84978171965055, -4.27035084891255, 0.0], [-70.84600871742835, -4.271565693601843, 0.0], [-70.84458628942568, -4.2740890959349755, 0.0], [-70.84458799993625, -4.276997232736036, 0.0], [-70.8455835647297, -4.2792656988528535, 0.0], [-70.84658980177787, -4.2805766414987545, 0.0], [-70.84736219043144, -4.280933812937668, 0.0]], [[-70.10000835309845, -4.279564086388952, 0.0], [-70.10006168729701, -4.2780006809865725, 0.0], [-70.09997839003913, -4.267376964103299, 0.0]], [[-70.2472010453624, -4.273831712774502, 0.0], [-70.24991490864609, -4.271732191387443, 0.0], [-70.25288731458073, -4.2706996763323914, 0.0]], [[-70.2835727410271, -4.27499190512318, 0.0], [-70.28382724032723, -4.273409173682786, 0.0]], [[-70.24524612658763, -4.281138689020878, 0.0], [-70.24564352912553, -4.277248130097057, 0.0], [-70.247115467956, -4.273921799103562, 0.0]], [[-70.26185256339615, -4.274019295891364, 0.0], [-70.26308085479754, -4.2750956729268665, 0.0], [-70.26356045597781, -4.275357705846936, 0.0]], [[-70.15660503045966, -4.274201878568071, 0.0], [-70.15808806272422, -4.2760739246842405, 0.0]], [[-70.11330767419608, -4.277334205636997, 0.0], [-70.11332935846309, -4.277904714331058, 0.0], [-70.11655190814396, -4.283090300576887, 0.0], [-70.11705406825169, -4.283300719920788, 0.0]], [[-70.28870465214885, -4.286780004681354, 0.0], [-70.28971082739277, -4.285915375094405, 0.0], [-70.29009481452402, -4.284387881095739, 0.0], [-70.2848371869381, -4.27951554655165, 0.0]], [[-70.2748770238208, -4.281751010756594, 0.0], [-70.27683984400622, -4.283213643253227, 0.0]], [[-70.85306778443253, -4.2822207489763855, 0.0], [-70.85674911481625, -4.282834167538198, 0.0]], [[-70.09970431218066, -4.283790898245385, 0.0], [-70.09987298435077, -4.283532201349928, 0.0], [-70.09990247408827, -4.28266775759468, 0.0]], [[-70.85769958306845, -4.283093928047563, 0.0], [-70.86180409493448, -4.285753316309702, 0.0]], [[-70.27898985499652, -4.284815764510128, 0.0], [-70.27903557073492, -4.284849830455215, 0.0], [-70.27909389597068, -4.284875874031755, 0.0]], [[-70.26217718044236, -4.292679985156731, 0.0], [-70.2564273699272, -4.291614510201448, 0.0], [-70.2514028648503, -4.289458182349172, 0.0], [-70.24711427058908, -4.286008633358271, 0.0]], [[-70.86393464057306, -4.287133735771995, 0.0], [-70.8642623757081, -4.287346081356489, 0.0], [-70.86433179661462, -4.287359657271018, 0.0]], [[-70.28525293676165, -4.2876260292331025, 0.0], [-70.28584477321766, -4.287890297998821, 0.0], [-70.28597454818657, -4.287855311580614, 0.0]], [[-70.08408921060179, -4.288312037102102, 0.0], [-70.08814495252747, -4.29013997727813, 0.0], [-70.09286337334598, -4.290223900212773, 0.0], [-70.09673815813944, -4.288340165865954, 0.0], [-70.09697554033947, -4.287976086610058, 0.0]], [[-70.1623529466434, -4.28943325518626, 0.0], [-70.16257800716926, -4.289968968493042, 0.0], [-70.16391441364345, -4.291218203802728, 0.0]], [[-70.04740537689686, -4.29283778999082, 0.0], [-70.04966532019834, -4.294097509592341, 0.0], [-70.05689602683019, -4.295804137750693, 0.0], [-70.0627009905583, -4.2941734465472905, 0.0], [-70.06391364737273, -4.292837588430189, 0.0]], [[-70.26872695077451, -4.296688968905613, 0.0], [-70.26910328269027, -4.2953078594700855, 0.0], [-70.26730607391612, -4.293295403360062, 0.0], [-70.26468091126121, -4.292985387685334, 0.0]], [[-70.0403980002827, -4.293712718731747, 0.0], [-70.04113944803603, -4.293103794065324, 0.0]], [[-70.2122982201221, -4.3004380395776565, 0.0], [-70.21386090466405, -4.298034979507705, 0.0]], [[-70.26727683157495, -4.300425871356651, 0.0], [-70.26804485078921, -4.29919222384202, 0.0], [-70.26833699071142, -4.298120092602943, 0.0]], [[-70.21752351543729, -4.298373955889332, 0.0], [-70.21821728293993, -4.299697268325318, 0.0]], [[-70.17101222312867, -4.299622188574105, 0.0], [-70.17170598592494, -4.304170421021304, 0.0]], [[-70.2183022022803, -4.300255369586168, 0.0], [-70.2181832241302, -4.303192394098922, 0.0]], [[-70.21207729205842, -4.302525095887745, 0.0], [-70.21209945125202, -4.301634952074416, 0.0]], [[-70.06263335269499, -4.305864287076631, 0.0], [-70.06125225738576, -4.306155044020045, 0.0], [-70.05554155070195, -4.306392990244277, 0.0], [-70.04802227410867, -4.305127725064452, 0.0], [-70.04283255514494, -4.302424466861034, 0.0]], [[-70.87900854427964, -4.302581882129054, 0.0], [-70.87516679221366, -4.314814014355285, 0.0], [-70.8748849168054, -4.318857814136798, 0.0], [-70.87526047549053, -4.321166737155089, 0.0], [-70.87673590413858, -4.323236443207236, 0.0], [-70.87800489161245, -4.3246370617509555, 0.0], [-70.87966786577935, -4.325162236148259, 0.0], [-70.88258791589955, -4.325230346303378, 0.0], [-70.88557864014211, -4.324495167617805, 0.0], [-70.88617041901237, -4.32430887646872, 0.0]], [[-70.26378657510276, -4.305444422546202, 0.0], [-70.26463786454578, -4.304664769363562, 0.0], [-70.26557803183718, -4.3031546052676575, 0.0]], [[-70.17170406890206, -4.304203953268946, 0.0], [-70.17064924451084, -4.307457532745097, 0.0]], [[-70.07963696958335, -4.311971596568718, 0.0], [-70.07969214547609, -4.311746307246231, 0.0], [-70.07862232186257, -4.307582720466172, 0.0], [-70.07552902274617, -4.304727367573911, 0.0], [-70.07480828219555, -4.304661845671873, 0.0]], [[-70.26053527465486, -4.308062134760036, 0.0], [-70.26115637306809, -4.307853292295562, 0.0], [-70.2618836893576, -4.307187179888636, 0.0]], [[-70.16917411869032, -4.3095288136876775, 0.0], [-70.16759091865232, -4.3106642353685345, 0.0]], [[-70.16697813102458, -4.311038679549348, 0.0], [-70.15412999080635, -4.317115048520627, 0.0], [-70.15317170187183, -4.31882546723422, 0.0]], [[-70.23570382338012, -4.3142413525967385, 0.0], [-70.24243252929958, -4.312660618431394, 0.0]], [[-70.21989017256729, -4.313784285473211, 0.0], [-70.22007382844437, -4.314433888013504, 0.0], [-70.22075477720584, -4.314774985691692, 0.0]], [[-70.21212186037769, -4.314159838557572, 0.0], [-70.21212380446995, -4.314157285330431, 0.0], [-70.21212371127801, -4.314151817996915, 0.0]], [[-70.22780117227612, -4.316834919085331, 0.0], [-70.22862826788021, -4.31689353650745, 0.0], [-70.2305119310008, -4.316171491554201, 0.0]], [[-70.20356499350716, -4.329308782486727, 0.0], [-70.20400602995424, -4.326184982051252, 0.0], [-70.20555875633035, -4.322833040823028, 0.0]], [[-70.06814548085751, -4.323778753531791, 0.0], [-70.06839063961623, -4.323763055620468, 0.0], [-70.06869496372792, -4.32362176226674, 0.0]], [[-70.04071750680252, -4.33579266599461, 0.0], [-70.04388219200948, -4.33090143875031, 0.0], [-70.04887906002058, -4.326618408512637, 0.0], [-70.05375304096226, -4.325087881538238, 0.0]], [[-70.9008050696923, -4.3267546649346045, 0.0], [-70.90255964351266, -4.329163091503361, 0.0], [-70.90441665000836, -4.334178587172012, 0.0], [-70.90720556908173, -4.341683003367848, 0.0], [-70.91005874381588, -4.35094876337466, 0.0], [-70.91146042895558, -4.357109196731969, 0.0], [-70.91269699237355, -4.358421362285249, 0.0]], [[-70.16422012532502, -4.3324123065106335, 0.0], [-70.16579999657253, -4.332361979121977, 0.0], [-70.17149620938703, -4.3327726231544474, 0.0]], [[-70.17368647582663, -4.333393720765656, 0.0], [-70.17653018912107, -4.3358716329665015, 0.0]], [[-70.1766008830174, -4.335995350311762, 0.0], [-70.1776478001058, -4.340614201884087, 0.0]], [[-70.2008679943419, -4.3457796691699, 0.0], [-70.2022570572174, -4.338572715158641, 0.0], [-70.20230580967795, -4.338227408192594, 0.0]], [[-70.03940089993152, -4.34493947118014, 0.0], [-70.03973506442148, -4.340151575444885, 0.0]], [[-70.1776478001058, -4.340622701717898, 0.0], [-70.17756985281541, -4.342439247318332, 0.0]], [[-70.17748080721127, -4.344514436842374, 0.0], [-70.17726609185662, -4.349518334103806, 0.0], [-70.178547467098, -4.351771816052853, 0.0]], [[-70.98504111003817, -4.349155708924236, 0.0], [-70.9876795587646, -4.347022742405628, 0.0], [-70.98917014539713, -4.3461252337283796, 0.0]], [[-70.99869058791964, -4.3474713371698925, 0.0], [-70.99921804048739, -4.3484449301626995, 0.0]], [[-70.99925788086905, -4.3487105708030285, 0.0], [-70.99901460357323, -4.349683310625231, 0.0]], [[-70.99814270045997, -4.351619453408659, 0.0], [-70.99780803072919, -4.351964819050345, 0.0]], [[-70.99348026496726, -4.355638912045968, 0.0], [-70.99183914086362, -4.356857946836769, 0.0], [-70.99136514143699, -4.35763670584187, 0.0]], [[-70.03582689648242, -4.357855615971893, 0.0], [-70.03656918188473, -4.356652383209138, 0.0]], [[-70.91638283351065, -4.3613203309073825, 0.0], [-70.91695086918727, -4.361587506658061, 0.0], [-70.91843951157415, -4.360809186594636, 0.0], [-70.92058313650247, -4.358755015431605, 0.0], [-70.92201833120298, -4.357168455700453, 0.0]], [[-70.19969658078429, -4.3588510460465315, 0.0], [-70.1998027345085, -4.358808092519396, 0.0], [-70.19983175606868, -4.358723826146225, 0.0]], [[-70.03495086757576, -4.359275644815739, 0.0], [-70.0352769260003, -4.35874710932552, 0.0]], [[-70.93462256400996, -4.35941440934441, 0.0], [-70.93535514232592, -4.364127386369674, 0.0], [-70.93608384828079, -4.369159097044992, 0.0]], [[-70.91454006363254, -4.360377116905902, 0.0], [-70.91466949510111, -4.360514461673013, 0.0], [-70.91569047088946, -4.360994677941008, 0.0]], [[-70.033796658422, -4.361020338361023, 0.0], [-70.03414093847846, -4.360503919712734, 0.0]], [[-70.98950560691497, -4.360691834546557, 0.0], [-70.98942387661059, -4.36082611363414, 0.0], [-70.98938764820568, -4.361068191011661, 0.0]], [[-70.03050601359115, -4.365956300730254, 0.0], [-70.03149919832934, -4.364466518914654, 0.0], [-70.03362385670063, -4.361279540222149, 0.0]], [[-70.9730231374416, -4.363426128644896, 0.0], [-70.97305570590721, -4.363319783028054, 0.0]], [[-70.98819221605366, -4.3690560414679425, 0.0], [-70.98766183762369, -4.372600018076298, 0.0], [-70.98746421250333, -4.3781394938424825, 0.0], [-70.98953381423412, -4.382236026271492, 0.0], [-70.99009661426372, -4.3826618214601964, 0.0]], [[-70.0027175159006, -4.373969682854515, 0.0], [-70.00748580502582, -4.3739296243526695, 0.0], [-70.01414477755938, -4.373621158689524, 0.0], [-70.02199115017139, -4.372304060184241, 0.0], [-70.02572048311376, -4.370661688586054, 0.0], [-70.02692545035458, -4.369870133836663, 0.0]], [[-70.93611471312613, -4.3701456640248395, 0.0], [-70.93574304870272, -4.37201707213012, 0.0], [-70.93335088533506, -4.377776174031176, 0.0], [-70.93315115670045, -4.3803847889268255, 0.0], [-70.93415416065501, -4.381480661304558, 0.0]], [[-71.04587565095244, -4.371219841810223, 0.0], [-71.0466570368217, -4.370436256073482, 0.0]], [[-70.97092885520225, -4.377422286496966, 0.0], [-70.97151519287186, -4.376775202513592, 0.0], [-70.97203349195205, -4.37374919247123, 0.0], [-70.97219666807267, -4.371377345136871, 0.0]], [[-71.05537883217225, -4.371881275363485, 0.0], [-71.05577458152305, -4.374972489881799, 0.0]], [[-71.07847666294323, -4.375618959190994, 0.0], [-71.08087842479947, -4.373740696575865, 0.0], [-71.0829097583133, -4.373266070990191, 0.0]], [[-71.0968912263688, -4.374904526410951, 0.0], [-71.10090695513955, -4.375758212719347, 0.0]], [[-71.04378513963825, -4.380244344002868, 0.0], [-71.04382989040108, -4.376434792558435, 0.0]], [[-71.07743256331443, -4.38324822787429, 0.0], [-71.07707262070484, -4.380122198580558, 0.0], [-71.077849945023, -4.376747495413426, 0.0]], [[-70.94601768457896, -4.377200093205381, 0.0], [-70.9483960809143, -4.376996676755205, 0.0], [-70.9499814281103, -4.3771234729770825, 0.0]], [[-71.2096714289972, -4.377655821862682, 0.0], [-71.21207927164104, -4.377624373865764, 0.0], [-71.21344640951683, -4.377709249110374, 0.0]], [[-71.21513938430297, -4.378327328144373, 0.0], [-71.2167237655228, -4.379851866544961, 0.0]], [[-70.96983789853395, -4.378586968726381, 0.0], [-70.96989102535049, -4.378567638585608, 0.0], [-70.96991800078847, -4.378537868412614, 0.0]], [[-71.20134803390101, -4.379729056097105, 0.0], [-71.20156320201146, -4.379593403147695, 0.0]], [[-70.95993220782874, -4.3803873832898645, 0.0], [-70.96145927772346, -4.380725189515786, 0.0], [-70.96213403038165, -4.3806027885725385, 0.0]], [[-71.2174797553419, -4.380978960458535, 0.0], [-71.21767000178032, -4.3813517938280455, 0.0]], [[-71.19858751666, -4.385501133387457, 0.0], [-71.19909803994258, -4.383299935043951, 0.0], [-71.20011348886557, -4.3811706728143065, 0.0]], [[-70.93920089198083, -4.38265892112085, 0.0], [-70.93965219119562, -4.382432488568412, 0.0], [-70.94022623939979, -4.381557301585794, 0.0]], [[-71.11000317007318, -4.381685002219946, 0.0], [-71.11003666617437, -4.38376109560302, 0.0]], [[-70.93494179718682, -4.382341225328155, 0.0], [-70.93510687852849, -4.382521591598518, 0.0]], [[-71.055749993217, -4.382563586232955, 0.0], [-71.05574645923163, -4.3833740499723675, 0.0], [-71.0560454715739, -4.384026283883067, 0.0]], [[-70.9355859309185, -4.383044999586403, 0.0], [-70.93569285304264, -4.383161821660643, 0.0], [-70.93577952320214, -4.38316945546223, 0.0]], [[-71.01375078818135, -4.38510377849358, 0.0], [-71.01448575171601, -4.384644881056374, 0.0], [-71.01573489618929, -4.383632161708704, 0.0]], [[-71.04555572424971, -4.385313289522195, 0.0], [-71.04490705016859, -4.383761651600139, 0.0]], [[-71.23209322360759, -4.3841197850791005, 0.0], [-71.23379428174994, -4.383868499931296, 0.0]], [[-71.13504444390398, -4.386619906903064, 0.0], [-71.13761048018974, -4.384763038882035, 0.0]], [[-71.2295099782244, -4.385397743491879, 0.0], [-71.23044798147068, -4.3848997893504915, 0.0]], [[-71.27005756830611, -4.3849422465385715, 0.0], [-71.27260383150151, -4.385698763287195, 0.0], [-71.2748883999888, -4.386797240290861, 0.0]], [[-71.25953346506, -4.386622933832349, 0.0], [-71.2627875535139, -4.385424338305164, 0.0]], [[-71.15223605536754, -4.385443818389021, 0.0], [-71.15227725049466, -4.386572561674349, 0.0], [-71.15127739921112, -4.389808067544067, 0.0]], [[-71.23705574662722, -4.385935346540805, 0.0], [-71.23897334004754, -4.3884611118907415, 0.0], [-71.24245054625567, -4.391041120251472, 0.0], [-71.24505984570675, -4.391471946305771, 0.0]], [[-71.24892382292289, -4.391461387900954, 0.0], [-71.24978640431907, -4.391379277931286, 0.0], [-71.25351821849098, -4.389819181709832, 0.0], [-71.25903128016651, -4.386830360532166, 0.0]], [[-71.20236868468135, -4.392437178241394, 0.0], [-71.20023032237147, -4.390096561407084, 0.0], [-71.19853289967351, -4.3869854693970325, 0.0]], [[-71.0050558315209, -4.388269373293916, 0.0], [-71.00723514398668, -4.388065801395555, 0.0], [-71.00966302850935, -4.387126235134495, 0.0]], [[-71.10937182961452, -4.38713252684245, 0.0], [-71.1089386279153, -4.388569679846789, 0.0], [-71.1073520826325, -4.392995580881255, 0.0], [-71.1069314103563, -4.397312697223086, 0.0], [-71.10718400024139, -4.398694786748138, 0.0]], [[-71.05754174701549, -4.387290100939687, 0.0], [-71.05783131526292, -4.387921734500431, 0.0], [-71.05839288126337, -4.388307271376988, 0.0]], [[-71.04713167246723, -4.3930555296201135, 0.0], [-71.04727619544002, -4.392491866106653, 0.0], [-71.04688463062115, -4.388492053065782, 0.0], [-71.04638921710614, -4.387307016667087, 0.0]], [[-70.99915385452587, -4.387868909346402, 0.0], [-70.99915807548474, -4.387870524405159, 0.0], [-70.99916276690941, -4.38787142790661, 0.0]], [[-71.12441463213557, -4.401324447776624, 0.0], [-71.1246658450527, -4.400870093280197, 0.0], [-71.1278962404191, -4.3936127676150605, 0.0], [-71.1333196572559, -4.3879534167068925, 0.0]], [[-71.02184862907075, -4.388341378642359, 0.0], [-71.02253767808592, -4.389768221478597, 0.0]], [[-71.00208495526337, -4.388434199678457, 0.0], [-71.00247896783011, -4.38851008087552, 0.0], [-71.00342892418396, -4.3884213444408715, 0.0]], [[-71.02284510868557, -4.3904048309781984, 0.0], [-71.02316213292603, -4.391061306434061, 0.0], [-71.02383037777757, -4.391628846574193, 0.0]], [[-71.08326467477441, -4.3909761391181945, 0.0], [-71.08323497681273, -4.390887909049702, 0.0], [-71.0831252778469, -4.390792215928094, 0.0]], [[-71.21957595636444, -4.391047855788045, 0.0], [-71.21869506952177, -4.397705876325077, 0.0], [-71.2186111741051, -4.399616828122319, 0.0]], [[-71.16249469633296, -4.392247691003583, 0.0], [-71.16358422581408, -4.392485118474596, 0.0]], [[-71.15848548347232, -4.394085663254863, 0.0], [-71.15889452506225, -4.3934379960666305, 0.0], [-71.16097697153387, -4.39227572805342, 0.0]], [[-71.08379790025286, -4.393375005523893, 0.0], [-71.08395361876445, -4.39302293196274, 0.0], [-71.08379790025286, -4.3925603057697415, 0.0]], [[-71.27405845398877, -4.397559496896676, 0.0], [-71.27106310937492, -4.394306822102102, 0.0], [-71.26730891557393, -4.392731333983825, 0.0], [-71.26446563787887, -4.393232553139782, 0.0], [-71.26188101509668, -4.394405238510899, 0.0], [-71.26112651537638, -4.396711711776078, 0.0], [-71.26140720008216, -4.397331858284005, 0.0]], [[-71.02542812711556, -4.392985814579532, 0.0], [-71.02579527296626, -4.393297631434002, 0.0]], [[-71.14931590494128, -4.393594186002815, 0.0], [-71.1477412382675, -4.396352769864421, 0.0], [-71.14741282024539, -4.400077770772413, 0.0], [-71.14908748200169, -4.402761450280636, 0.0], [-71.14997599947888, -4.403628148984552, 0.0]], [[-71.16906855446929, -4.394345210383541, 0.0], [-71.17157712788212, -4.394839383530659, 0.0], [-71.17487779267596, -4.394288356322527, 0.0], [-71.18009679825583, -4.393720951016945, 0.0]], [[-71.02635630583167, -4.393774116468364, 0.0], [-71.02933465586965, -4.396303628209765, 0.0], [-71.03040642789375, -4.39716643662905, 0.0]], [[-71.16721838065017, -4.393842377427468, 0.0], [-71.16794101596504, -4.39412309240673, 0.0], [-71.16839537441555, -4.3942125981570115, 0.0]], [[-71.07048633610047, -4.393999263488766, 0.0], [-71.0715633909377, -4.39461625363716, 0.0], [-71.07192650771132, -4.3947766451645975, 0.0]], [[-71.07665797324323, -4.396866570607436, 0.0], [-71.07687956234186, -4.396964448250586, 0.0], [-71.08009720442246, -4.396791857558092, 0.0], [-71.08283304640794, -4.395556502930255, 0.0], [-71.08300161346479, -4.395175379302749, 0.0]], [[-71.03778041729738, -4.401416601274519, 0.0], [-71.03912768839207, -4.401699304179516, 0.0], [-71.04291176846331, -4.400958558690483, 0.0], [-71.04597372800505, -4.397571704670398, 0.0], [-71.04624049979735, -4.396531250527822, 0.0]], [[-71.20687394526017, -4.397403232633991, 0.0], [-71.20686528660363, -4.39735908605293, 0.0], [-71.20684517199037, -4.3973370689222335, 0.0]], [[-71.1873289601142, -4.399124707115085, 0.0], [-71.18751377643954, -4.4013198226516295, 0.0], [-71.18711292807012, -4.404104894127023, 0.0]], [[-71.03319394090839, -4.399410467676432, 0.0], [-71.0349475414958, -4.400822168408304, 0.0], [-71.03696183812617, -4.401244835762306, 0.0]], [[-71.28044547247639, -4.399436034100965, 0.0], [-71.28041569517336, -4.39946267813319, 0.0]], [[-71.20365724690983, -4.409398643912219, 0.0], [-71.20589314645152, -4.406336921811395, 0.0], [-71.20764000128501, -4.401309006505429, 0.0], [-71.20736490302066, -4.399906404635402, 0.0]], [[-71.15796535455976, -4.400681379380309, 0.0], [-71.15792125613707, -4.400319785973274, 0.0]], [[-71.21850814231551, -4.4019636641162165, 0.0], [-71.21847244324861, -4.402776809801843, 0.0], [-71.2185753752288, -4.403125693617639, 0.0]], [[-71.21904683665772, -4.404723693210023, 0.0], [-71.21951521705361, -4.406311249764329, 0.0], [-71.22248848725378, -4.408193924709778, 0.0], [-71.22470669925471, -4.4083878949852675, 0.0], [-71.22751644033141, -4.407189846034463, 0.0], [-71.22885510637805, -4.405386157644976, 0.0], [-71.22885564956852, -4.402955853130095, 0.0], [-71.22864635271587, -4.4023883953056355, 0.0]], [[-71.15812126752887, -4.402639629022929, 0.0], [-71.15819307634936, -4.402548627517135, 0.0], [-71.15817776186341, -4.402423053476369, 0.0]], [[-71.15096877437948, -4.404596544926832, 0.0], [-71.15150425351847, -4.405118874636273, 0.0], [-71.15393235289567, -4.405720947363768, 0.0], [-71.15481141424338, -4.40543465299902, 0.0]], [[-71.10955280046811, -4.40686437515604, 0.0], [-71.11034040478579, -4.408555453071607, 0.0], [-71.11463164403516, -4.409935826976742, 0.0], [-71.11749893812541, -4.410217229341619, 0.0], [-71.12094835618166, -4.407593703686409, 0.0], [-71.12226713145225, -4.405208509960147, 0.0]], [[-71.26908880962945, -4.408347487344031, 0.0], [-71.26915386582988, -4.410611903292917, 0.0]], [[-71.2020850666037, -4.413525914277159, 0.0], [-71.20299024808521, -4.410587704044886, 0.0]], [[-71.26888352802014, -4.411279139651526, 0.0], [-71.2663463657921, -4.414879648476919, 0.0], [-71.26574633389131, -4.415962494540757, 0.0]], [[-71.30006943072055, -4.427895342968355, 0.0], [-71.3023366872882, -4.422886757817558, 0.0], [-71.3043638014482, -4.419634159089156, 0.0], [-71.30922264510895, -4.415677815678585, 0.0], [-71.31272397549307, -4.41486545181494, 0.0]], [[-71.19879793248307, -4.423118899919899, 0.0], [-71.19919982970835, -4.4229086104440185, 0.0], [-71.20095879571178, -4.420232898929086, 0.0], [-71.20137787307269, -4.4167944465219335, 0.0]], [[-71.31926896997483, -4.417174984960738, 0.0], [-71.32036022524417, -4.418776713974161, 0.0], [-71.32115429477271, -4.420010497775948, 0.0]], [[-71.18761475583541, -4.417866111276204, 0.0], [-71.18763803576674, -4.417972052767958, 0.0], [-71.18775051365284, -4.418149795959593, 0.0]], [[-71.19014842655176, -4.42193909807532, 0.0], [-71.19061042283272, -4.422669167747863, 0.0], [-71.19298126237537, -4.42448718773344, 0.0], [-71.19566385909977, -4.424758778494784, 0.0], [-71.19659092514912, -4.424273698675094, 0.0]], [[-71.2620407388811, -4.424477874123646, 0.0], [-71.26187366853492, -4.425067631765742, 0.0], [-71.26215552831043, -4.4258517684106025, 0.0]], [[-71.37608013732795, -4.426187977640396, 0.0], [-71.38107890736568, -4.42457435901936, 0.0], [-71.38582561316093, -4.425109511044276, 0.0]], [[-71.38605498576398, -4.42519047219033, 0.0], [-71.39141792682962, -4.427964229097249, 0.0]], [[-71.36627203198778, -4.433304153794161, 0.0], [-71.36811985744541, -4.432178262716633, 0.0], [-71.37519897775118, -4.4267061816336195, 0.0]], [[-71.26292179323768, -4.427983524912861, 0.0], [-71.26332407174844, -4.429102667653915, 0.0], [-71.26425615935395, -4.429652433908217, 0.0]], [[-71.43589915224844, -4.428261366959738, 0.0], [-71.43723826503381, -4.428693128085349, 0.0], [-71.4378660501997, -4.429120793050302, 0.0]], [[-71.35193451368487, -4.4287665477223825, 0.0], [-71.35364085626632, -4.4303367089930745, 0.0]], [[-71.39344496605054, -4.429430785427222, 0.0], [-71.39597898024573, -4.431519821382643, 0.0], [-71.39831242246836, -4.435427102885434, 0.0]], [[-71.41286096719624, -4.436262815711487, 0.0], [-71.41444661332051, -4.4361251821313985, 0.0], [-71.41732151477606, -4.43749867622293, 0.0], [-71.42051801559388, -4.438520033572644, 0.0], [-71.42315800064117, -4.43849155024477, 0.0], [-71.42582895923901, -4.436791123811247, 0.0], [-71.4286680838649, -4.432337315015076, 0.0], [-71.43122577892882, -4.429562593361034, 0.0]], [[-71.31715354744559, -4.431054325589358, 0.0], [-71.31587407691065, -4.432033639411301, 0.0]], [[-71.35484599177815, -4.431445663975055, 0.0], [-71.35817990447899, -4.434513500797408, 0.0], [-71.36328402743591, -4.435124762797535, 0.0], [-71.36616608358706, -4.433368708786979, 0.0]], [[-71.439334500187, -4.432443707630597, 0.0], [-71.43895490125836, -4.433932856085811, 0.0]], [[-71.45083434289114, -4.43290200623224, 0.0], [-71.45139084541982, -4.4325820835278265, 0.0]], [[-71.45385804545326, -4.432981811714285, 0.0], [-71.45555511327784, -4.435745658335364, 0.0], [-71.4571361772217, -4.4372322021960855, 0.0]], [[-71.44991540549954, -4.434282396615572, 0.0], [-71.45028207207469, -4.433483373180067, 0.0]], [[-71.34157843531214, -4.434060327140678, 0.0], [-71.34156840016148, -4.4338180105564575, 0.0]], [[-71.47271659468704, -4.434861831304602, 0.0], [-71.47530277560827, -4.434034552854328, 0.0]], [[-71.2842324231123, -4.442537624054275, 0.0], [-71.28665535805831, -4.44259833314652, 0.0], [-71.29266526828744, -4.440121351119387, 0.0], [-71.29643204450318, -4.436159375254931, 0.0], [-71.29727964195594, -4.434215743673207, 0.0]], [[-71.46794423353784, -4.437959484848676, 0.0], [-71.46806656701843, -4.437890793225527, 0.0], [-71.47251723461743, -4.434954070397943, 0.0]], [[-71.27216873906744, -4.435438633480672, 0.0], [-71.27304379719153, -4.436332154524138, 0.0]], [[-71.47966536595555, -4.435680918214722, 0.0], [-71.47956440887349, -4.43735250918099, 0.0]], [[-71.39846170163713, -4.43586739884708, 0.0], [-71.40040316267581, -4.444090258058928, 0.0], [-71.40222370256177, -4.445309887141548, 0.0], [-71.40685425152249, -4.446892596815886, 0.0], [-71.40863422209165, -4.44819198856937, 0.0], [-71.41044150866867, -4.450466326359823, 0.0], [-71.41146006850887, -4.452623899740672, 0.0]], [[-71.44987271290732, -4.436712728274429, 0.0], [-71.44979239969942, -4.435997399972678, 0.0]], [[-71.43796717947258, -4.436027346742101, 0.0], [-71.43471197947422, -4.440434424908766, 0.0], [-71.43438079255189, -4.441344142994076, 0.0]], [[-71.41171983783484, -4.437800831443681, 0.0], [-71.41272729043963, -4.43632407720532, 0.0]], [[-71.27348741923214, -4.436785136580625, 0.0], [-71.27415863473594, -4.4374705141124196, 0.0]], [[-71.30907875455135, -4.43723491329623, 0.0], [-71.30797357644596, -4.438137395344434, 0.0]], [[-71.50203926534414, -4.440509641391856, 0.0], [-71.50421088122717, -4.438644192175687, 0.0], [-71.50574433351578, -4.4381800997317455, 0.0]], [[-71.45865779131402, -4.438662850270845, 0.0], [-71.45942673965227, -4.439385828892881, 0.0], [-71.46183449006962, -4.44036512944713, 0.0], [-71.46429153682492, -4.440010515073176, 0.0], [-71.46555019224819, -4.4393037659181545, 0.0]], [[-71.34151443239585, -4.440556981607514, 0.0], [-71.34183415432274, -4.440235118056236, 0.0], [-71.34181340897766, -4.4397341847538385, 0.0]], [[-71.3123847667716, -4.4475440515044795, 0.0], [-71.31538650668183, -4.443700419039018, 0.0], [-71.32135194903313, -4.441068590842754, 0.0], [-71.33145161080314, -4.440795412778051, 0.0], [-71.3349439121318, -4.4420701460203915, 0.0], [-71.33706618625544, -4.4428838436144105, 0.0], [-71.33982335296531, -4.442259388559897, 0.0], [-71.34003513396321, -4.442046188968675, 0.0]], [[-71.30470774910442, -4.440804251061316, 0.0], [-71.30389310438323, -4.441469485228531, 0.0], [-71.30176516812794, -4.445067339985677, 0.0], [-71.30143452608246, -4.448677176410477, 0.0], [-71.30227514937859, -4.452744109452986, 0.0], [-71.30292895868769, -4.453957417546093, 0.0]], [[-71.4273921042131, -4.444078112961556, 0.0], [-71.42691811647781, -4.4438036872903055, 0.0], [-71.41715729047658, -4.442769060443794, 0.0], [-71.41346367215924, -4.440858800215395, 0.0]], [[-71.47795088903779, -4.441149912312667, 0.0], [-71.47762860867326, -4.441897397047136, 0.0], [-71.47761422769143, -4.44229253822229, 0.0]], [[-71.51041008633818, -4.441469378318587, 0.0], [-71.5104062516776, -4.4425673171356905, 0.0]], [[-71.28084408234817, -4.442146089700358, 0.0], [-71.28135551294648, -4.442465540152497, 0.0], [-71.28219746654878, -4.4424866361538875, 0.0]], [[-71.45209602171514, -4.445220766856174, 0.0], [-71.45234155951536, -4.4442840466713776, 0.0], [-71.45214879972733, -4.4437045169215, 0.0]], [[-71.43341282432259, -4.44400299859732, 0.0], [-71.43328704685965, -4.4443484893912455, 0.0], [-71.43339480002994, -4.444651273778057, 0.0]], [[-71.43072287028352, -4.446048910791731, 0.0], [-71.43067414129858, -4.445978320842826, 0.0], [-71.4306644395566, -4.445972703804969, 0.0]], [[-71.45082806435622, -4.447841315501719, 0.0], [-71.45151420481666, -4.447440382867342, 0.0], [-71.45184952546187, -4.4461611435142245, 0.0]], [[-71.49170748489003, -4.45116122310619, 0.0], [-71.49195240138218, -4.450862866228235, 0.0], [-71.49440224186989, -4.44799204139953, 0.0], [-71.49563811375508, -4.446768683893566, 0.0]], [[-71.43310195792898, -4.451085997389249, 0.0], [-71.4325966795931, -4.448763354844907, 0.0], [-71.43147356505911, -4.4471363848259315, 0.0]], [[-71.50737049623616, -4.448347495864503, 0.0], [-71.50693429368262, -4.449058247939739, 0.0], [-71.50695570587517, -4.44939387563862, 0.0]], [[-71.44822558554615, -4.449239226764554, 0.0], [-71.44848068993186, -4.449212957411994, 0.0], [-71.4487876475812, -4.449033592768593, 0.0]], [[-71.43660643121513, -4.449538473289628, 0.0], [-71.4371723474259, -4.449943086404282, 0.0], [-71.4426773135071, -4.449810559609588, 0.0], [-71.44408054886293, -4.449666061567257, 0.0]], [[-71.31187389956075, -4.459053976727709, 0.0], [-71.31195897092972, -4.458037903026799, 0.0], [-71.31162263343897, -4.44967330150542, 0.0]], [[-71.50725484781546, -4.453790769522712, 0.0], [-71.50771551019677, -4.456700441277896, 0.0]], [[-71.4786724374017, -4.4539247136276785, 0.0], [-71.47875422352854, -4.454280491451499, 0.0], [-71.4791841348605, -4.454719457911835, 0.0]], [[-71.41217712035974, -4.454142801159357, 0.0], [-71.41363481779256, -4.457230581625957, 0.0], [-71.41461763866906, -4.458693633906087, 0.0]], [[-71.43221882978219, -4.461257825421825, 0.0], [-71.4331490512877, -4.46060554660864, 0.0], [-71.43427658439681, -4.456485471727113, 0.0], [-71.43399024066994, -4.455169218733133, 0.0]], [[-71.48725787035488, -4.456476680830924, 0.0], [-71.48738571597795, -4.456425995063604, 0.0], [-71.48749356028708, -4.456294619299207, 0.0]], [[-71.50727084456862, -4.458378083092519, 0.0], [-71.5067491396077, -4.459602786286489, 0.0]], [[-71.50611682638034, -4.460310981505842, 0.0], [-71.50308386916002, -4.462482875422644, 0.0]], [[-71.31161530578308, -4.4617070448439335, 0.0], [-71.31165827001311, -4.4616294085702535, 0.0], [-71.31166311134676, -4.46157158474675, 0.0]], [[-71.30790929870142, -4.462385309836812, 0.0], [-71.30814210337526, -4.462729194896355, 0.0], [-71.31057292589978, -4.463590623108672, 0.0], [-71.31115216937252, -4.4625439313673, 0.0]], [[-71.5173988082646, -4.462820251979473, 0.0], [-71.51757907201377, -4.462732628704167, 0.0]], [[-71.51953238913818, -4.462952494573059, 0.0], [-71.52081831251512, -4.463812223255438, 0.0], [-71.52205051539768, -4.464409292494821, 0.0]], [[-71.53593228894337, -4.463378452308099, 0.0], [-71.53715471598758, -4.46373250876718, 0.0]], [[-71.52936762517773, -4.4648119795120635, 0.0], [-71.53292329690598, -4.463476270655384, 0.0]], [[-71.41785822102351, -4.4635787001265115, 0.0], [-71.41885431477473, -4.465097243842706, 0.0], [-71.421098376885, -4.467060193066494, 0.0]], [[-71.4266099758751, -4.465913149560542, 0.0], [-71.42775612184754, -4.464387112175373, 0.0], [-71.42865913791852, -4.4637539100320325, 0.0]], [[-71.51660302326404, -4.4652846741028185, 0.0], [-71.51663405082304, -4.463921611686196, 0.0]], [[-71.53807441392325, -4.464209643263096, 0.0], [-71.54001287857277, -4.466212612853461, 0.0]], [[-71.5250107425705, -4.465843683382488, 0.0], [-71.52539015732984, -4.466027530446105, 0.0], [-71.52606104117139, -4.465829741556568, 0.0]], [[-71.54033414725927, -4.4669094353261585, 0.0], [-71.54035566218404, -4.4694061619647485, 0.0], [-71.53842780549651, -4.473185552724388, 0.0]], [[-71.6116920079502, -4.4724144321719095, 0.0], [-71.61408826366235, -4.468874645548361, 0.0], [-71.61694192957829, -4.467829058532011, 0.0]], [[-71.75317350915638, -4.468753182330651, 0.0], [-71.75391800341889, -4.469308863405587, 0.0]], [[-71.42312320284736, -4.468831369778904, 0.0], [-71.42335375876891, -4.469033044039662, 0.0], [-71.42354967312414, -4.469016535328372, 0.0]], [[-71.74657445956126, -4.470889679574576, 0.0], [-71.74887702038255, -4.469055559781019, 0.0]], [[-71.75417431925837, -4.469696295229454, 0.0], [-71.75445619495058, -4.471634909639256, 0.0]], [[-71.4958946874522, -4.4697140775855715, 0.0], [-71.49556620921321, -4.470160901804178, 0.0], [-71.49528977499244, -4.4708645810589545, 0.0]], [[-71.51801639547797, -4.471170905024167, 0.0], [-71.51813757289061, -4.471012633526215, 0.0], [-71.51811933501673, -4.4706966164555695, 0.0]], [[-71.61158766001634, -4.475103644356757, 0.0], [-71.61167127340073, -4.472503302930576, 0.0]], [[-71.65978053524907, -4.472819067550979, 0.0], [-71.66122059771611, -4.474108611067486, 0.0]], [[-71.51520383208965, -4.474184760817899, 0.0], [-71.51591335431782, -4.473917716229593, 0.0], [-71.51634556573133, -4.473353198912434, 0.0]], [[-71.65148425007999, -4.4741956496274895, 0.0], [-71.65161085788858, -4.474082061919447, 0.0]], [[-71.4940008762695, -4.4741455471065095, 0.0], [-71.4939931438888, -4.474165230327607, 0.0]], [[-71.66141562184461, -4.474443055869379, 0.0], [-71.66159514503701, -4.476235259604046, 0.0]], [[-71.6273390474731, -4.474677652209159, 0.0], [-71.62837951080574, -4.477254596722226, 0.0], [-71.62775976729937, -4.480353182053655, 0.0], [-71.6244889806819, -4.484749751699603, 0.0], [-71.62444649760769, -4.4879303758861155, 0.0], [-71.6250095234047, -4.488529746718193, 0.0]], [[-71.49362816103073, -4.475094315246473, 0.0], [-71.49319607114171, -4.476194224983452, 0.0], [-71.49317724304227, -4.476459192590596, 0.0]], [[-71.61309007835408, -4.482171220782817, 0.0], [-71.61184258498885, -4.4766760050523615, 0.0]], [[-71.54992030743301, -4.476880709226329, 0.0], [-71.55363298037774, -4.477054969711034, 0.0], [-71.55790883762272, -4.4779505316916115, 0.0], [-71.55940081334214, -4.478621955907748, 0.0]], [[-71.5359814306713, -4.476983414618076, 0.0], [-71.53553828086699, -4.477663664146782, 0.0], [-71.53552256958875, -4.47854299762259, 0.0]], [[-71.54491668231647, -4.4782451840249, 0.0], [-71.54808981802576, -4.4771973119080855, 0.0]], [[-71.49956748012434, -4.484685329482794, 0.0], [-71.49980746054582, -4.484337825330321, 0.0], [-71.50138148726582, -4.48171777195757, 0.0], [-71.5033997008355, -4.478526813661489, 0.0], [-71.50530344993884, -4.4772506397575995, 0.0]], [[-71.66127776716947, -4.477305840042476, 0.0], [-71.6598192762386, -4.4791734720779885, 0.0], [-71.65949837274673, -4.479581977992332, 0.0]], [[-71.7504711078722, -4.47738844828406, 0.0], [-71.74991700376667, -4.478148312394623, 0.0], [-71.74987791418968, -4.478393441942487, 0.0]], [[-71.55983654761266, -4.479164976990425, 0.0], [-71.56011620020246, -4.479989143517805, 0.0]], [[-71.49293919555309, -4.479809231924001, 0.0], [-71.4928483680577, -4.481087446128704, 0.0], [-71.49337101014792, -4.483481660440582, 0.0]], [[-71.53549225197997, -4.480239822540057, 0.0], [-71.53547178949147, -4.481385073162571, 0.0], [-71.53703398293194, -4.483119003838944, 0.0], [-71.53883716770109, -4.483310046821174, 0.0], [-71.53916900184304, -4.483025786684948, 0.0]], [[-71.56011620020246, -4.4802894448700314, 0.0], [-71.55829221411435, -4.481742194846348, 0.0], [-71.55716317504685, -4.481975980066423, 0.0]], [[-71.64826561833362, -4.486176724282188, 0.0], [-71.64799754135336, -4.48442104679382, 0.0], [-71.64775687595801, -4.480432664582658, 0.0]], [[-71.74031739171171, -4.485914610575712, 0.0], [-71.74075805727718, -4.48236797087219, 0.0]], [[-71.55342725486351, -4.482749560846301, 0.0], [-71.55238463414354, -4.482965451794172, 0.0], [-71.55155977776148, -4.484566021104953, 0.0], [-71.55156976880752, -4.484684081063115, 0.0]], [[-71.78364436166271, -4.48358874934641, 0.0], [-71.78386636751739, -4.48354667364864, 0.0]], [[-71.78591948423812, -4.483561025996487, 0.0], [-71.78965911023055, -4.485256888228548, 0.0]], [[-71.49346399618182, -4.483907627842463, 0.0], [-71.4937652241857, -4.485287548081786, 0.0], [-71.49426981250615, -4.485823879894788, 0.0]], [[-71.77053277051995, -4.492121762878796, 0.0], [-71.77307386656562, -4.488949543386731, 0.0], [-71.77791255911733, -4.48553069958205, 0.0], [-71.78004769699137, -4.484615991020533, 0.0]], [[-71.65608915685891, -4.484677140223127, 0.0], [-71.65604550509599, -4.4847511168705125, 0.0], [-71.65603476745197, -4.484816665851774, 0.0]], [[-71.74887478830696, -4.484684013820463, 0.0], [-71.74880506130448, -4.485121269730783, 0.0], [-71.7490454020429, -4.486492938223705, 0.0]], [[-71.49467333032736, -4.486252782895193, 0.0], [-71.49503415949879, -4.486636311716339, 0.0], [-71.49690115026779, -4.4871203025598305, 0.0], [-71.49839317410569, -4.486385785775283, 0.0], [-71.49884080953682, -4.485737586350659, 0.0]], [[-71.5517164785556, -4.48641768800654, 0.0], [-71.55172395889356, -4.486506079991557, 0.0], [-71.55175431158307, -4.486543743962436, 0.0]], [[-71.552175554734, -4.487066455128698, 0.0], [-71.55321695399924, -4.488358704090935, 0.0], [-71.5570350266451, -4.4895033081311055, 0.0], [-71.56072623964907, -4.492079560537263, 0.0]], [[-71.62693467089083, -4.490579168355481, 0.0], [-71.62717502720568, -4.490835040404718, 0.0], [-71.62805547555742, -4.491133666615234, 0.0]], [[-71.64967068337225, -4.495636640881138, 0.0], [-71.64897900028056, -4.490848998173348, 0.0]], [[-71.73892154010213, -4.496008816438625, 0.0], [-71.73969476170382, -4.495482969663257, 0.0], [-71.74041047006715, -4.49207680450089, 0.0], [-71.74038869729706, -4.491417203675461, 0.0]], [[-71.74998527412653, -4.4918569598750935, 0.0], [-71.75015129244811, -4.492804456760226, 0.0], [-71.7504873816587, -4.49325300805873, 0.0]], [[-71.63117741988412, -4.492192552581699, 0.0], [-71.63178088231925, -4.4923972320496475, 0.0]], [[-71.76986644109054, -4.4964383468877855, 0.0], [-71.77032871854712, -4.49254089380743, 0.0]], [[-71.56127314912038, -4.493065249107765, 0.0], [-71.56313205959685, -4.497775648227588, 0.0], [-71.56354780079957, -4.4988024044400845, 0.0]], [[-71.63576084502638, -4.494676563914325, 0.0], [-71.6358434383376, -4.494743426547622, 0.0]], [[-71.62134964122542, -4.502077963304494, 0.0], [-71.61935870690188, -4.496344218987822, 0.0]], [[-71.75428925966116, -4.4976628934443, 0.0], [-71.75541493625026, -4.498561169162642, 0.0], [-71.75905460089496, -4.500489062333081, 0.0]], [[-71.65631313051986, -4.497801725531282, 0.0], [-71.65635287178756, -4.497956095397413, 0.0], [-71.65640958202317, -4.498033439382851, 0.0]], [[-71.72764891824421, -4.497939659313985, 0.0], [-71.73215729452345, -4.4985143216785275, 0.0], [-71.73345225100141, -4.498383669858406, 0.0]], [[-71.73540473591534, -4.498186678135475, 0.0], [-71.7357739136352, -4.498149430751631, 0.0], [-71.73600655235894, -4.497991219544829, 0.0]], [[-71.72462151778198, -4.4986738468134035, 0.0], [-71.72690388167898, -4.497998311377636, 0.0]], [[-71.68928223355273, -4.498028370195826, 0.0], [-71.69054834073334, -4.498457987246205, 0.0], [-71.69184270420655, -4.498897183451298, 0.0]], [[-71.77087227772141, -4.501439113924789, 0.0], [-71.7710382331279, -4.500082855339436, 0.0], [-71.7703011870464, -4.498191695590194, 0.0]], [[-71.68428292393703, -4.49929295948138, 0.0], [-71.68491760626247, -4.499042295665369, 0.0], [-71.68673195763589, -4.498271596808188, 0.0]], [[-71.64094020354375, -4.49932128311886, 0.0], [-71.6422569771777, -4.500519024733109, 0.0], [-71.64699847100256, -4.502803428635239, 0.0], [-71.64776013410483, -4.502957602196268, 0.0]], [[-71.7097120375926, -4.5103513823615415, 0.0], [-71.71043829299278, -4.510165282501752, 0.0], [-71.71458131407631, -4.508161151415955, 0.0], [-71.71785044504198, -4.505856075697302, 0.0], [-71.72022133224863, -4.5027864125628625, 0.0], [-71.72282741169838, -4.499765757621134, 0.0]], [[-71.69381002452245, -4.500281536090398, 0.0], [-71.69511198463034, -4.501834833610609, 0.0], [-71.69810106041554, -4.5049728802940905, 0.0], [-71.6987776375694, -4.505406187829273, 0.0]], [[-71.75930258371768, -4.500620416300251, 0.0], [-71.7613220170974, -4.5016900895259795, 0.0], [-71.76832024628234, -4.5044838136770196, 0.0], [-71.76856843129018, -4.504410284314595, 0.0]], [[-71.65184169973466, -4.502459064174026, 0.0], [-71.65208591153558, -4.5022132602337095, 0.0], [-71.65168364241632, -4.501346986079433, 0.0]], [[-71.65918825001133, -4.501823112518423, 0.0], [-71.65921395695855, -4.501858172816377, 0.0], [-71.65934790417978, -4.501944967562075, 0.0]], [[-71.56487405911385, -4.502077865122679, 0.0], [-71.56546329299651, -4.503533096275326, 0.0], [-71.56749098572304, -4.506048018384909, 0.0]], [[-71.6237840590753, -4.504686103558399, 0.0], [-71.62142535993716, -4.502214272794234, 0.0]], [[-71.66129287671374, -4.503205265423524, 0.0], [-71.66188160515192, -4.503586748029917, 0.0], [-71.66285122786667, -4.503923454376277, 0.0]], [[-71.77033444692071, -4.503887069780589, 0.0], [-71.7703403430324, -4.503885322949287, 0.0], [-71.77034479020135, -4.503868109348161, 0.0]], [[-71.66377721621559, -4.504245008470477, 0.0], [-71.66494209700014, -4.504649519159955, 0.0], [-71.66798231453218, -4.505233536198681, 0.0], [-71.67052461252084, -4.505959017494611, 0.0], [-71.67210209452257, -4.506345930317188, 0.0]], [[-71.67402975388076, -4.505641182691065, 0.0], [-71.67415912274527, -4.505533778461114, 0.0], [-71.67443157015967, -4.504553202435581, 0.0]], [[-71.62591857202516, -4.506309682105645, 0.0], [-71.62435139006647, -4.505253470670446, 0.0]], [[-71.67271842776648, -4.506497099861271, 0.0], [-71.67293485765755, -4.506550184143663, 0.0], [-71.67299879790772, -4.506497099861271, 0.0]], [[-71.63386391923767, -4.508786747496316, 0.0], [-71.63374868375475, -4.508617482710662, 0.0], [-71.62916716201381, -4.5076649264735735, 0.0]], [[-71.70220959215588, -4.5078533358961295, 0.0], [-71.70422741666194, -4.509606879953466, 0.0], [-71.7055154562905, -4.5101499355598165, 0.0]], [[-71.63480847254257, -4.510320797284493, 0.0], [-71.63483040989549, -4.5102063869151365, 0.0], [-71.63480165413408, -4.510164148728947, 0.0]], [[-71.70703449622593, -4.510790384141451, 0.0], [-71.7073990359367, -4.510944079205856, 0.0], [-71.70791641888697, -4.51081150202365, 0.0]], [[-71.57252413839821, -4.510822058312293, 0.0], [-71.57407436256982, -4.512092200142845, 0.0]], [[-71.63347299799199, -4.515354190476607, 0.0], [-71.63412374511475, -4.513891871612564, 0.0], [-71.63430356721543, -4.512954041373405, 0.0]], [[-71.57690734959719, -4.514413345300348, 0.0], [-71.57803208301416, -4.515334870707619, 0.0], [-71.58160535691583, -4.517652453170449, 0.0]], [[-71.63311772530889, -4.516135284131252, 0.0], [-71.63313511409424, -4.51611346236632, 0.0], [-71.63318742617797, -4.515995909872892, 0.0]], [[-71.63182859915933, -4.5177530514071265, 0.0], [-71.63185579914915, -4.517718917235371, 0.0]], [[-71.627075797198, -4.5225579880222, 0.0], [-71.63045975601285, -4.519470858193543, 0.0], [-71.63083858363137, -4.518995454816874, 0.0]], [[-71.58600143675314, -4.520951917945894, 0.0], [-71.58807320341553, -4.522594602059158, 0.0], [-71.58973128877841, -4.523859040553603, 0.0]], [[-71.60516796852905, -4.5296330003626295, 0.0], [-71.60760246728, -4.529969887300446, 0.0], [-71.6130373815699, -4.529439944697664, 0.0], [-71.61700411574729, -4.529031752313507, 0.0], [-71.62018408163, -4.527717349076319, 0.0], [-71.62477042441546, -4.524661141598386, 0.0], [-71.62576132368042, -4.523757160537976, 0.0]], [[-71.59646479006483, -4.528195545766657, 0.0], [-71.59671700488586, -4.528330258634448, 0.0], [-71.59753868182418, -4.528465582796635, 0.0]]]}}]}