{"type": "FeatureCollection", "features": [{"id": "0", "type": "Feature", "properties": {"Codigo_BR": "307", "Unidade_Fe": "AM", "Km_inicial": "0", "Km_final": "1,9", "Rodovia": "BR-307/AM", "Contratada": null, "Contrato": null, "Escopo": null, "Interv": null, "Edital": null, "Processo": null, "Situacao": null, "Gestao": null, "Fiscaliz": null, "Fiscal_tec": null, "ini_vigenc": null, "fin_vigenc": null, "in_servi": null, "fin_servic": null, "supervisao": null}, "geometry": {"type": "LineString", "coordinates": [[-72.71315077039168, -7.5054597195903625], [-72.71358531021383, -7.504556630284242], [-72.7139754702917, -7.501959069855161], [-72.71471864035294, -7.5001361098935035], [-72.71509682955502, -7.4985717104160585], [-72.71687871028422, -7.496591700046849], [-72.71931791988607, -7.490464809603225]]}}, {"id": "1", "type": "Feature", "properties": {"Codigo_BR": "307", "Unidade_Fe": "AM", "Km_inicial": "1,9", "Km_final": "2,6", "Rodovia": "BR-307/AM", "Contratada": null, "Contrato": null, "Escopo": null, "Interv": null, "Edital": null, "Processo": null, "Situacao": null, "Gestao": null, "Fiscaliz": null, "Fiscal_tec": null, "ini_vigenc": null, "fin_vigenc": null, "in_servi": null, "fin_servic": null, "supervisao": null}, "geometry": {"type": "LineString", "coordinates": [[-72.71931791988607, -7.490464809603225], [-72.7195771602577, -7.489813630294748], [-72.71981359022499, -7.488787459773391], [-72.72033510977747, -7.4874371304192096], [-72.72031493978261, -7.4868774598268715], [-72.71949240005421, -7.484684120375789], [-72.71870414967674, -7.4834693800078185]]}}, {"id": "2", "type": "Feature", "properties": {"Codigo_BR": "307", "Unidade_Fe": "AM", "Km_inicial": "2,6", "Km_final": "184,1", "Rodovia": "BR-307/AM", "Contratada": null, "Contrato": null, "Escopo": null, "Interv": null, "Edital": null, "Processo": null, "Situacao": null, "Gestao": null, "Fiscaliz": null, "Fiscal_tec": null, "ini_vigenc": null, "fin_vigenc": null, "in_servi": null, "fin_servic": null, "supervisao": null}, "geometry": {"type": "LineString", "coordinates": [[-72.71870414967674, -7.4834693800078185], [-72.74150170004339, -7.349781889722408], [-72.79165150001666, -7.208884840363055], [-72.81643024965626, -7.075460759706232], [-72.8226966096608, -7.041718839552743], [-72.83224895032873, -6.96291202027345], [-72.80836809011521, -6.862612420326911], [-72.80189452001605, -6.842430090376297], [-72.72717317959854, -6.609475349907427], [-72.66587212979493, -6.420317799926465], [-72.65241741762969, -6.378800404315143]]}}, {"id": "3", "type": "Feature", "properties": {"Codigo_BR": "307", "Unidade_Fe": "AM", "Km_inicial": "184,1", "Km_final": "254,1", "Rodovia": "BR-307/AM", "Contratada": null, "Contrato": null, "Escopo": null, "Interv": null, "Edital": null, "Processo": null, "Situacao": null, "Gestao": null, "Fiscaliz": null, "Fiscal_tec": null, "ini_vigenc": null, "fin_vigenc": null, "in_servi": null, "fin_servic": null, "supervisao": null}, "geometry": {"type": "LineString", "coordinates": [[-72.65241741762969, -6.378800404315143], [-72.5234583297381, -5.980869499627659], [-72.51615733839043, -5.958340726942936]]}}, {"id": "4", "type": "Feature", "properties": {"Codigo_BR": "307", "Unidade_Fe": "AM", "Km_inicial": "254,1", "Km_final": "307,8", "Rodovia": "BR-307/AM", "Contratada": null, "Contrato": null, "Escopo": null, "Interv": null, "Edital": null, "Processo": null, "Situacao": null, "Gestao": null, "Fiscaliz": null, "Fiscal_tec": null, "ini_vigenc": null, "fin_vigenc": null, "in_servi": null, "fin_servic": null, "supervisao": null}, "geometry": {"type": "LineString", "coordinates": [[-72.51615733839043, -5.958340726942936], [-72.4764241896246, -5.835735600217731], [-72.41346579001419, -5.63520143030172]]}}, {"id": "5", "type": "Feature", "properties": {"Codigo_BR": "307", "Unidade_Fe": "AM", "Km_inicial": "307,8", "Km_final": "377,8", "Rodovia": "BR-307/AM", "Contratada": null, "Contrato": null, "Escopo": null, "Interv": null, "Edital": null, "Processo": null, "Situacao": null, "Gestao": null, "Fiscaliz": null, "Fiscal_tec": null, "ini_vigenc": null, "fin_vigenc": null, "in_servi": null, "fin_servic": null, "supervisao": null}, "geometry": {"type": "LineString", "coordinates": [[-72.41346579001419, -5.63520143030172], [-72.41194587999831, -5.630360240332777], [-72.21612285988203, -5.458418069638128], [-72.06688597990399, -5.314866409557112], [-71.96537386990815, -5.217221420332237], [-71.86785657362196, -5.142133101661273]]}}, {"id": "6", "type": "Feature", "properties": {"Codigo_BR": "307", "Unidade_Fe": "AM", "Km_inicial": "377,8", "Km_final": "454,3", "Rodovia": "BR-307/AM", "Contratada": null, "Contrato": null, "Escopo": null, "Interv": null, "Edital": null, "Processo": null, "Situacao": null, "Gestao": null, "Fiscaliz": null, "Fiscal_tec": null, "ini_vigenc": null, "fin_vigenc": null, "in_servi": null, "fin_servic": null, "supervisao": null}, "geometry": {"type": "LineString", "coordinates": [[-71.86785657362196, -5.142133101661273], [-71.726565310041, -5.033338830322691], [-71.65845826024048, -4.987934129556379], [-71.47581631017454, -4.866172840304273], [-71.24178392019172, -4.706171099716414], [-71.20527209982748, -4.685633200311884]]}}, {"id": "7", "type": "Feature", "properties": {"Codigo_BR": "307", "Unidade_Fe": "AM", "Km_inicial": "454,3", "Km_final": "529,3", "Rodovia": "BR-307/AM", "Contratada": null, "Contrato": null, "Escopo": null, "Interv": null, "Edital": null, "Processo": null, "Situacao": null, "Gestao": null, "Fiscaliz": null, "Fiscal_tec": null, "ini_vigenc": null, "fin_vigenc": null, "in_servi": null, "fin_servic": null, "supervisao": null}, "geometry": {"type": "LineString", "coordinates": [[-71.20527209982748, -4.685633200311884], [-71.16536517955933, -4.663185559965598], [-70.76134351559074, -4.541538749014023]]}}, {"id": "8", "type": "Feature", "properties": {"Codigo_BR": "307", "Unidade_Fe": "AM", "Km_inicial": "529,3", "Km_final": "625,3", "Rodovia": "BR-307/AM", "Contratada": null, "Contrato": null, "Escopo": null, "Interv": null, "Edital": null, "Processo": null, "Situacao": null, "Gestao": null, "Fiscaliz": null, "Fiscal_tec": null, "ini_vigenc": null, "fin_vigenc": null, "in_servi": null, "fin_servic": null, "supervisao": null}, "geometry": {"type": "LineString", "coordinates": [[-70.76134351559074, -4.541538749014023], [-70.30581323988906, -4.404383220209411], [-70.18805840966786, -4.3689940802125875]]}}, {"id": "9", "type": "Feature", "properties": {"Codigo_BR": "307", "Unidade_Fe": "AM", "Km_inicial": "1087,3", "Km_final": "1157,3", "Rodovia": "BR-307/AM", "Contratada": null, "Contrato": null, "Escopo": null, "Interv": null, "Edital": null, "Processo": null, "Situacao": null, "Gestao": null, "Fiscaliz": null, "Fiscal_tec": null, "ini_vigenc": null, "fin_vigenc": null, "in_servi": null, "fin_servic": null, "supervisao": null}, "geometry": {"type": "LineString", "coordinates": [[-68.07798883171915, -1.6643491268106914], [-67.97389864960297, -1.4839261396795678], [-67.84863314030713, -1.2705833098718244], [-67.79513590180039, -1.1790313354277373]]}}, {"id": "10", "type": "Feature", "properties": {"Codigo_BR": "307", "Unidade_Fe": "AM", "Km_inicial": "1157,3", "Km_final": "1222,3", "Rodovia": "BR-307/AM", "Contratada": null, "Contrato": null, "Escopo": null, "Interv": null, "Edital": null, "Processo": null, "Situacao": null, "Gestao": null, "Fiscaliz": null, "Fiscal_tec": null, "ini_vigenc": null, "fin_vigenc": null, "in_servi": null, "fin_servic": null, "supervisao": null}, "geometry": {"type": "LineString", "coordinates": [[-67.79513590180039, -1.1790313354277373], [-67.65877760040587, -0.9456758903300511], [-67.5804866502387, -0.8125812897946503], [-67.5234285577817, -0.7342372760294325]]}}, {"id": "11", "type": "Feature", "properties": {"Codigo_BR": "307", "Unidade_Fe": "AM", "Km_inicial": "1222,3", "Km_final": "1302,3", "Rodovia": "BR-307/AM", "Contratada": null, "Contrato": null, "Escopo": null, "Interv": null, "Edital": null, "Processo": null, "Situacao": null, "Gestao": null, "Fiscaliz": null, "Fiscal_tec": null, "ini_vigenc": null, "fin_vigenc": null, "in_servi": null, "fin_servic": null, "supervisao": null}, "geometry": {"type": "LineString", "coordinates": [[-67.5234285577817, -0.7342372760294325], [-67.20273285044067, -0.2939037802352118], [-67.16638424983324, -0.24475812998366564], [-67.13079123892447, -0.23864291094156442]]}}, {"id": "12", "type": "Feature", "properties": {"Codigo_BR": "307", "Unidade_Fe": "AM", "Km_inicial": "1302,3", "Km_final": "1327,8", "Rodovia": "BR-307/AM", "Contratada": null, "Contrato": null, "Escopo": null, "Interv": null, "Edital": null, "Processo": null, "Situacao": null, "Gestao": null, "Fiscaliz": null, "Fiscal_tec": null, "ini_vigenc": null, "fin_vigenc": null, "in_servi": null, "fin_servic": null, "supervisao": null}, "geometry": {"type": "LineString", "coordinates": [[-67.13079123892447, -0.23864291094156442], [-66.97537511986587, -0.21194094042203915], [-66.95022281972729, -0.17231135758305527]]}}, {"id": "13", "type": "Feature", "properties": {"Codigo_BR": "307", "Unidade_Fe": "AM", "Km_inicial": "1327,8", "Km_final": "1331,4", "Rodovia": "BR-307/AM", "Contratada": null, "Contrato": null, "Escopo": null, "Interv": null, "Edital": null, "Processo": null, "Situacao": null, "Gestao": null, "Fiscaliz": null, "Fiscal_tec": null, "ini_vigenc": null, "fin_vigenc": null, "in_servi": null, "fin_servic": null, "supervisao": null}, "geometry": {"type": "LineString", "coordinates": [[-66.95022281972729, -0.17231135758305527], [-66.93474209956821, -0.1479201698799102]]}}, {"id": "14", "type": "Feature", "properties": {"Codigo_BR": "307", "Unidade_Fe": "AM", "Km_inicial": "1331,4", "Km_final": "1340,1", "Rodovia": "BR-307/AM", "Contratada": null, "Contrato": null, "Escopo": null, "Interv": null, "Edital": null, "Processo": null, "Situacao": null, "Gestao": null, "Fiscaliz": null, "Fiscal_tec": null, "ini_vigenc": null, "fin_vigenc": null, "in_servi": null, "fin_servic": null, "supervisao": null}, "geometry": {"type": "LineString", "coordinates": [[-66.93474209956821, -0.1479201698799102], [-66.93543194972466, -0.14767929995969098], [-66.93775361973371, -0.14714048014900527], [-66.93840599963715, -0.1471649399099988], [-66.94398690986793, -0.14827065996291822], [-66.94901886043203, -0.14908611033570196], [-66.95240764979314, -0.14970921011189375], [-66.9533209796794, -0.1498233799449622], [-66.95372056015566, -0.1496602797980131], [-66.9545197202089, -0.1490812998620754], [-66.9555861803579, -0.14818191036681583], [-66.9563725601455, -0.1479684104137391], [-66.95722799977233, -0.14782499013114148], [-66.9576012597903, -0.14788299010785977], [-66.95798892964535, -0.14800125995014923], [-66.95830432008825, -0.1481852396570389], [-66.95871170038464, -0.14849405965310325], [-66.96107056005826, -0.15033383963492497], [-66.96151078989101, -0.15045867992409967], [-66.96196312999439, -0.15037102030629512], [-66.96284353030467, -0.15013306958542216], [-66.9638666997883, -0.14996650974660497], [-66.96450915027702, -0.14982373967382046], [-66.96651760979984, -0.15011699959978841], [-66.96693155964374, -0.15026812977032478], [-66.96729951995684, -0.1504783903653788], [-66.97139301987193, -0.15279782016324361], [-66.97214206970074, -0.15311978015370187], [-66.97333695033996, -0.15346432032208668], [-66.97557364970413, -0.15405917958742066], [-66.9784564499052, -0.15488727982403816], [-66.98345265961251, -0.15621668015563728], [-66.98712311034325, -0.1572724203858229], [-66.98827297002151, -0.1576797997828976], [-66.98863435988778, -0.1579689102369457], [-66.98884461958346, -0.15827773023301006], [-66.98898917031391, -0.15857341023462368], [-66.98954111033396, -0.1600518003502316], [-66.99004705003131, -0.16141191972428715], [-66.99040185955812, -0.16189814987967566], [-66.99080267030695, -0.1622004003281745], [-66.99188024967373, -0.16254206986059216], [-66.99458735022597, -0.16329769013623263], [-66.99646655019109, -0.16377078029722725], [-66.99706018008322, -0.163767379960575], [-66.9972505395807, -0.16367220021180628], [-66.9975244200159, -0.16355395015460772], [-66.99782160997927, -0.1633152898687058], [-66.9985354495513, -0.16260145029662], [-66.99967959044073, -0.16120166002855285], [-67.00045493015085, -0.16029490958237602], [-67.00070460982982, -0.15976268989618347], [-67.00075061015252, -0.1592107597687118], [-67.00063890985774, -0.1581528899438922], [-67.00055348955186, -0.15629340042005424], [-67.00076043974246, -0.1559465202157071]]}}, {"id": "15", "type": "Feature", "properties": {"Codigo_BR": "307", "Unidade_Fe": "AM", "Km_inicial": "1340,1", "Km_final": "1345,9", "Rodovia": "BR-307/AM", "Contratada": null, "Contrato": null, "Escopo": null, "Interv": null, "Edital": null, "Processo": null, "Situacao": null, "Gestao": null, "Fiscaliz": null, "Fiscal_tec": null, "ini_vigenc": null, "fin_vigenc": null, "in_servi": null, "fin_servic": null, "supervisao": null}, "geometry": {"type": "LineString", "coordinates": [[-67.00076043974246, -0.1559465202157071], [-67.00120967988278, -0.15543657044133852], [-67.0019596002553, -0.1548938502709234], [-67.0040293503742, -0.15321833955465536], [-67.00587569990358, -0.15185164973382825], [-67.00621079988849, -0.1517136703495794], [-67.00674959002151, -0.15145741033114746], [-67.00994291982983, -0.15011699959978841], [-67.01349106006433, -0.14865175037795098], [-67.01378016961911, -0.14862547038910634], [-67.0140298501974, -0.1486846098068213], [-67.01770283971422, -0.1510040396046861], [-67.01816935043513, -0.15129315005879107], [-67.01858330027903, -0.15141141990108054], [-67.01892932972476, -0.15142273966768016], [-67.0196608904377, -0.15116173032953384], [-67.02172758016366, -0.1498808502209954], [-67.02240741007387, -0.1494730796188719], [-67.02259138978076, -0.14922339993989908], [-67.02279507992898, -0.1488422996323493], [-67.02301847961911, -0.1477844298075297], [-67.0238003798836, -0.1447028002939419], [-67.02397547968462, -0.1444725603603274], [-67.02471611995293, -0.14399903043084805], [-67.02708376960027, -0.14250560005336865], [-67.028294890197, -0.14239981999565998], [-67.03017942044386, -0.14222850004517795], [-67.03143577963749, -0.14171454019384555], [-67.03257792043462, -0.14091504019688728], [-67.03354317987379, -0.1398101304331476], [-67.03523088989363, -0.13774602985535012], [-67.0384848798733, -0.13364211039504426], [-67.04017761980128, -0.13136578959944245]]}}, {"id": "16", "type": "Feature", "properties": {"Codigo_BR": "307", "Unidade_Fe": "AM", "Km_inicial": "1345,9", "Km_final": "1373", "Rodovia": "BR-307/AM", "Contratada": null, "Contrato": null, "Escopo": null, "Interv": null, "Edital": null, "Processo": null, "Situacao": null, "Gestao": null, "Fiscaliz": null, "Fiscal_tec": null, "ini_vigenc": null, "fin_vigenc": null, "in_servi": null, "fin_servic": null, "supervisao": null}, "geometry": {"type": "LineString", "coordinates": [[-67.04017761980128, -0.13136578959944245], [-67.03752451994058, -0.12951299013235484], [-67.03386018999572, -0.12695897038014436], [-67.03252750983665, -0.12576179017440836], [-67.03022037017388, -0.12313047009507727], [-67.02796694971494, -0.12013306029245996], [-67.02771234984505, -0.11944452044821219], [-67.02749078027523, -0.1150544196257215], [-67.02710609976663, -0.11416557018486628], [-67.02585096994625, -0.11194708029347566], [-67.02513699008, -0.11057993991227022], [-67.02485451032737, -0.10964846980101584], [-67.02421771027906, -0.10514186990133112], [-67.02397040031366, -0.10416540041285316], [-67.0232496800287, -0.103121819915998], [-67.02234216965536, -0.10229370978680663], [-67.01973196026171, -0.0998116402948881], [-67.01723599984149, -0.0975092103817019], [-67.01449501013656, -0.09473371998512903], [-67.01410979992727, -0.0937211400185447], [-67.01342635024582, -0.09222113020092593], [-67.01248374023237, -0.09003072973433746], [-67.01103286037818, -0.08669487986475133], [-67.01043833026466, -0.08543068038153478], [-67.00950021955947, -0.08436887962005812], [-67.00569306018656, -0.08044274983296873], [-67.00324586010834, -0.07787184980600159], [-67.00139847995587, -0.07362666034202903], [-67.00135144990946, -0.07293326955471002], [-67.0016045398176, -0.0686667104002936], [-67.00142592007012, -0.06807824981132171], [-67.0011433198083, -0.06762827042831532], [-66.99466816960029, -0.06312416974458301], [-66.99386063955683, -0.06275296018094423], [-66.98378337989902, -0.060987099974624925], [-66.97685525016959, -0.05981609004049915], [-66.97634446042849, -0.05972115041072357], [-66.97569528031289, -0.05944751998703168], [-66.970696410411, -0.0571942200371609], [-66.97007758960905, -0.05674586033313744], [-66.9669241303443, -0.05327040960168006], [-66.96560435006069, -0.051738820090406534], [-66.96302996965733, -0.049180730006639806], [-66.96221937022773, -0.048537140076916785], [-66.95384450022345, -0.0458161198180278], [-66.94292784034752, -0.04226412958587389], [-66.94239015997783, -0.04184050033876474], [-66.93683407013617, -0.03043504004500619], [-66.93375459000231, -0.026467570222166614], [-66.93163643027702, -0.023624350083650825], [-66.9301944600063, -0.016752550289936607], [-66.92977082985988, -0.014536639654124883], [-66.9295264202081, -0.013909330151420818], [-66.92907021032192, -0.01343682005312985], [-66.92655286042611, -0.011603800275111098], [-66.92230024975669, -0.009428619934794824], [-66.9216973901224, -0.008956099943986828], [-66.9213715198797, -0.008206599554853256], [-66.92094788973327, -0.006593539560128647], [-66.9150844700722, 0.005492860407230182], [-66.91213309026983, 0.011785549863304823], [-66.91138358988076, 0.012600219624459896], [-66.91106441958726, 0.012811730277178413], [-66.90918396956448, 0.014082930083191059], [-66.9071309801106, 0.015500470270524147], [-66.90478471004627, 0.016021860320620362], [-66.89940784969247, 0.017015770361581417], [-66.89412875014165, 0.0178630297550626], [-66.88519989955569, 0.016437349803879897], [-66.88462962955373, 0.016421049591826886], [-66.88419784975093, 0.01653510970760408], [-66.87757526019004, 0.019706734378360125]]}}, {"id": "17", "type": "Feature", "properties": {"Codigo_BR": "307", "Unidade_Fe": "AM", "Km_inicial": "1373", "Km_final": "1391", "Rodovia": "BR-307/AM", "Contratada": null, "Contrato": null, "Escopo": null, "Interv": null, "Edital": null, "Processo": null, "Situacao": null, "Gestao": null, "Fiscaliz": null, "Fiscal_tec": null, "ini_vigenc": null, "fin_vigenc": null, "in_servi": null, "fin_servic": null, "supervisao": null}, "geometry": {"type": "LineString", "coordinates": [[-66.87757526019004, 0.019706734378360125], [-66.87627920042473, 0.02032743026671824], [-66.87579853977076, 0.020506649862056747], [-66.87528530027635, 0.020791789809322836], [-66.8748209299419, 0.021248009588020977], [-66.87325674989904, 0.026266410066796197], [-66.87216508984699, 0.02878375996260729], [-66.86617722020253, 0.03732564036607755], [-66.86260078999442, 0.04226258025391871], [-66.85904065999841, 0.044731040305293845], [-66.8559550204078, 0.04848033999576273], [-66.85072280970985, 0.05547662034979339], [-66.8449712000608, 0.06318346044838563], [-66.8437165999411, 0.06422623964931518], [-66.84133775013703, 0.06577413027196144], [-66.83069807965262, 0.06984343033008145], [-66.82988339999889, 0.07029557977722334], [-66.82933349964128, 0.07070291960411623], [-66.82881209969861, 0.07151759026464788], [-66.82625402040668, 0.07682928034705583], [-66.82390775034236, 0.0816195695875308], [-66.8222132297567, 0.08386807974812882], [-66.81965514956545, 0.08711049005711402], [-66.81890376959325, 0.08812316984847257], [-66.81820501974585, 0.08904942029454332], [-66.81493817036022, 0.10315960962833515], [-66.81282000973562, 0.11246321040886187], [-66.81252673002456, 0.11322492988665545], [-66.8027363603947, 0.127816799705613], [-66.80244512034596, 0.12848380978005025], [-66.80077502984369, 0.14107869992210453], [-66.80082754035868, 0.1455226395582372], [-66.80090130005493, 0.15320515029748094]]}}, {"id": "18", "type": "Feature", "properties": {"Codigo_BR": "307", "Unidade_Fe": "AM", "Km_inicial": "1391", "Km_final": "1402,9", "Rodovia": "BR-307/AM", "Contratada": null, "Contrato": null, "Escopo": null, "Interv": null, "Edital": null, "Processo": null, "Situacao": null, "Gestao": null, "Fiscaliz": null, "Fiscal_tec": null, "ini_vigenc": null, "fin_vigenc": null, "in_servi": null, "fin_servic": null, "supervisao": null}, "geometry": {"type": "LineString", "coordinates": [[-66.80090130005493, 0.15320515029748094], [-66.80108460976686, 0.16400368961865297], [-66.79853467023878, 0.1717756900960694], [-66.79695419987638, 0.17664745971256934], [-66.7963513402421, 0.17840715956282338], [-66.79587067958818, 0.17938477029093747], [-66.79476272022333, 0.18104671023752417], [-66.79222908000798, 0.18499787984831073], [-66.79049382013363, 0.18768632036744748], [-66.78932980962298, 0.18886917976885798], [-66.78468981957946, 0.19350915991986994], [-66.78417192969079, 0.19420371982585038], [-66.78389086996765, 0.1949491498834277], [-66.78325135036948, 0.19681882962532882], [-66.78317803044172, 0.1976742395745532], [-66.78320247041762, 0.20049301973710953], [-66.78349981956097, 0.20971107970262892], [-66.78358537026861, 0.2178293299596703], [-66.7835038997851, 0.2184484799134907], [-66.78333689028523, 0.21899839016361966], [-66.78179307988671, 0.222961789654903], [-66.78112504008851, 0.22486813026006303], [-66.7808073204015, 0.22817570994112657], [-66.78088878998562, 0.2287622801551379], [-66.78101914042094, 0.22921849993389287], [-66.78150793993944, 0.2309781997841469], [-66.78147535030712, 0.23163808992597978], [-66.78092136972538, 0.23262384041794348], [-66.78023705039953, 0.2334629600476319], [-66.77671861027562, 0.23776733029808383], [-66.77583779987452, 0.2383469397595377], [-66.77522678968455, 0.23851395015873322], [-66.77470946996601, 0.23856283011059531], [-66.77399256010852, 0.23842433991143253], [-66.7724039400897, 0.2380781000243246], [-66.77087234967917, 0.2376789098538552], [-66.76941408009566, 0.2373693299306865], [-66.76891712012895, 0.23730415965928842], [-66.76857089013441, 0.23733674029836038], [-66.76809023037981, 0.23739785013071923], [-66.76736924029814, 0.2376055899260905], [-66.76605354023866, 0.2382084495603749], [-66.7638335502781, 0.23926344964854707], [-66.76340991023915, 0.239422320283893], [-66.76309218965281, 0.23947120023575508], [-66.76283148968145, 0.23943860970410924], [-66.76261561012228, 0.23937750976432426], [-66.76232639984346, 0.2392390096725876], [-66.76188240005268, 0.23886833970215093]]}}, {"id": "19", "type": "Feature", "properties": {"Codigo_BR": "307", "Unidade_Fe": "AM", "Km_inicial": "1402,9", "Km_final": "1416,3", "Rodovia": "BR-307/AM", "Contratada": null, "Contrato": null, "Escopo": null, "Interv": null, "Edital": null, "Processo": null, "Situacao": null, "Gestao": null, "Fiscaliz": null, "Fiscal_tec": null, "ini_vigenc": null, "fin_vigenc": null, "in_servi": null, "fin_servic": null, "supervisao": null}, "geometry": {"type": "LineString", "coordinates": [[-66.76188240005268, 0.23886833970215093], [-66.76116954973492, 0.23825326007994363], [-66.76003716028669, 0.2371086398518969], [-66.75905139990215, 0.23638764977027904], [-66.75829374985665, 0.2359762396118299], [-66.75787011971022, 0.2358499604073927], [-66.75695360982121, 0.23580107955621088], [-66.75622854041478, 0.2358295898637266], [-66.75409409036996, 0.23611472981099269], [-66.75353197002437, 0.23619212996288752], [-66.75145047026297, 0.2364243097341614], [-66.75102684011654, 0.23635506013795293], [-66.7506968896497, 0.23619620029444377], [-66.75017957982374, 0.23580514988782397], [-66.74995553981626, 0.23555667979695727], [-66.7488760898596, 0.23335298015598482], [-66.74848505024482, 0.2327745595982833], [-66.74805327044203, 0.23252201018266305], [-66.74695345983429, 0.23216355030763225], [-66.74402063034779, 0.23126741006296925], [-66.74335258965027, 0.23109225000740707], [-66.74230165989366, 0.230790819740605], [-66.74146254026397, 0.23062382013324623], [-66.74088005027409, 0.23061566957755986], [-66.7398983602211, 0.23084785024815346], [-66.7384849002579, 0.23137331962306007], [-66.73216301970757, 0.2338336399105856], [-66.73146646960186, 0.23406175024962295], [-66.73043589959707, 0.23441205956896738], [-66.72961714961173, 0.23456684998018318], [-66.728973559682, 0.23455054976813017], [-66.72839514002368, 0.23432244032841254], [-66.72633400990657, 0.2327256796464212], [-66.72465170031569, 0.23159328030567394], [-66.7239225695709, 0.23153218036588896], [-66.72297754038112, 0.23176842956939936], [-66.72240727037916, 0.231923219980672], [-66.72168220996599, 0.23189878000476938], [-66.72085938964909, 0.2316625299018824], [-66.71746218982815, 0.22927553044144133], [-66.71582876018908, 0.228322349796656], [-66.7151118503316, 0.22804943972988667], [-66.71459452971374, 0.22805758039305601], [-66.71362505964873, 0.22824089010504167], [-66.71010974017236, 0.22962583976072892], [-66.70379192006101, 0.23183768006492755], [-66.7025739799052, 0.23213911033172963], [-66.70241920028582, 0.23215133031970936], [-66.70222774991066, 0.23206172007235182], [-66.70195890028299, 0.2318743400288099], [-66.690496410381, 0.22392718039509418], [-66.68998724031883, 0.22373980035155228], [-66.6892703196695, 0.2237642403274549], [-66.68817865961739, 0.22456261976913083], [-66.68691590984133, 0.2259068400286992], [-66.68620713974764, 0.2267133700260615], [-66.68551466986611, 0.22725106028826758], [-66.68475701982055, 0.2276583902225866], [-66.68374682035943, 0.22776429978267743], [-66.6803292598874, 0.22787021024203113], [-66.67134337969316, 0.22791093963820686], [-66.66821466977115, 0.2314617400672887], [-66.66415794043655, 0.23616768009441103], [-66.66355507990295, 0.23686831042425638], [-66.66277298988155, 0.23740598989456885], [-66.66186055032409, 0.23758522028174411], [-66.66085849962002, 0.23759744026972385], [-66.65974238969949, 0.23762188024562647], [-66.65619871010233, 0.23774152964790574]]}}, {"id": "20", "type": "Feature", "properties": {"Codigo_BR": "307", "Unidade_Fe": "AM", "Km_inicial": "1416,3", "Km_final": "1432,7", "Rodovia": "BR-307/AM", "Contratada": null, "Contrato": null, "Escopo": null, "Interv": null, "Edital": null, "Processo": null, "Situacao": null, "Gestao": null, "Fiscaliz": null, "Fiscal_tec": null, "ini_vigenc": null, "fin_vigenc": null, "in_servi": null, "fin_servic": null, "supervisao": null}, "geometry": {"type": "LineString", "coordinates": [[-66.65619871010233, 0.23774152964790574], [-66.65683324026179, 0.2402226395632283], [-66.65705957983567, 0.24263694963553917], [-66.65673447041945, 0.24479549971260894], [-66.65494706965148, 0.24716374021448928], [-66.65361838967692, 0.24915801023405493], [-66.65246098019003, 0.25010767003300316], [-66.65106615957558, 0.2504341203384115], [-66.64596892002959, 0.251615090264238], [-66.64325283974671, 0.2537276103410022], [-66.63937342973998, 0.2570817704074102], [-66.63922504969622, 0.2582391700017297], [-66.63969988004538, 0.25945592035446907], [-66.640461319834, 0.26153634003009074], [-66.64053676036315, 0.2631207197454728], [-66.64053676036315, 0.26485599041166097], [-66.63993318037194, 0.26742116985116127], [-66.63940505979565, 0.27043904012964504], [-66.6392541697441, 0.27489039017939376], [-66.63917871032919, 0.28168058998727474], [-66.63940505979565, 0.28575472030416904], [-66.64047148037446, 0.287708410215032], [-66.64382519977312, 0.29097142039478285], [-66.64514627957709, 0.2929141997306033], [-66.64596417970307, 0.2942368200732517], [-66.64498811041295, 0.3002102996656504], [-66.64536534003838, 0.3038317400428241], [-66.64608569969522, 0.3048913302707206], [-66.64775132956015, 0.30727079970768045], [-66.650130809789, 0.30917439018600135], [-66.651439510425, 0.3115538596229612], [-66.65162742016929, 0.3133078397850113], [-66.65147653011775, 0.3145149997674821], [-66.65064662044512, 0.3169292900547589], [-66.65004303955459, 0.31934358034197885], [-66.64808144010635, 0.32153153015605085], [-66.64476177983221, 0.3249266300599629], [-66.64106488004012, 0.32854807043713663], [-66.63940506968817, 0.32967977010537197], [-66.63706621003752, 0.3302833402040619], [-66.6359309103832, 0.33142261036522314], [-66.63539672028236, 0.33290645037243394], [-66.63533094027065, 0.3357155196555368], [-66.63570816989608, 0.33956328971407856], [-66.63661352999037, 0.3434337002051393], [-66.63593452026186, 0.3446408502950362], [-66.63428382993476, 0.3471217299838827], [-66.63459543962779, 0.35372486001432435], [-66.63495156036618, 0.35440743015880116], [-66.63550059018007, 0.35476354999786963], [-66.63708830997746, 0.3555203097145636], [-66.63955150000169, 0.35660351973666593], [-66.6401302002485, 0.356692549921263], [-66.64161405014823, 0.3567815899984339], [-66.64285346431586, 0.35680513604825137]]}}, {"id": "21", "type": "Feature", "properties": {"Codigo_BR": "307", "Unidade_Fe": "AM", "Km_inicial": "1432,7", "Km_final": "1442,4", "Rodovia": "BR-307/AM", "Contratada": null, "Contrato": null, "Escopo": null, "Interv": null, "Edital": null, "Processo": null, "Situacao": null, "Gestao": null, "Fiscaliz": null, "Fiscal_tec": null, "ini_vigenc": null, "fin_vigenc": null, "in_servi": null, "fin_servic": null, "supervisao": null}, "geometry": {"type": "LineString", "coordinates": [[-66.64285346431586, 0.35680513604825137], [-66.64391323980414, 0.35682527007020326], [-66.64441852029842, 0.3570635202652852], [-66.64492303007376, 0.35756803004062476], [-66.64723783016171, 0.36072862002981765], [-66.6507990699211, 0.3654175898499261], [-66.6526984003109, 0.36794012973325607], [-66.65278742959617, 0.3684446404078585], [-66.65280227020855, 0.36943882024542063], [-66.6526984003109, 0.3704626696165292], [-66.65259453041318, 0.3708781501065914], [-66.65231260014633, 0.37138265988187413], [-66.65188227994321, 0.3718278197981135], [-66.65044295008204, 0.37335617984388136], [-66.64897393989537, 0.3748548703560459], [-66.64878103981312, 0.37535938013132863], [-66.64872168006144, 0.3758193698680543], [-66.64938942038538, 0.3826153999807502], [-66.65007176030343, 0.38825392977508955], [-66.64906223983047, 0.3885206300230948], [-66.64694972964628, 0.39078403025882835], [-66.64596892002959, 0.39244387028844585], [-66.64370552968643, 0.3949336100980645], [-66.6416684699239, 0.39840413973928435], [-66.64053677025572, 0.4019501503792071], [-66.63948267038887, 0.40347584033781914], [-66.63650832999537, 0.40451685956549], [-66.63427757964655, 0.404963009635253], [-66.63155860984193, 0.40700506962832605], [-66.62892375992357, 0.41091169042221054], [-66.62773401980911, 0.4118039896624168], [-66.62594942042938, 0.4129937198842981], [-66.6235699500931, 0.4141834501061794], [-66.62163662982658, 0.41567063019545003], [-66.6167340098666, 0.4207780797446503], [-66.61545073936009, 0.42233530622945636]]}}, {"id": "22", "type": "Feature", "properties": {"Codigo_BR": "307", "Unidade_Fe": "AM", "Km_inicial": "1442,4", "Km_final": "1447,4", "Rodovia": "BR-307/AM", "Contratada": null, "Contrato": null, "Escopo": null, "Interv": null, "Edital": null, "Processo": null, "Situacao": null, "Gestao": null, "Fiscaliz": null, "Fiscal_tec": null, "ini_vigenc": null, "fin_vigenc": null, "in_servi": null, "fin_servic": null, "supervisao": null}, "geometry": {"type": "LineString", "coordinates": [[-66.61545073936009, 0.42233530622945636], [-66.61027689016629, 0.4286136802771807], [-66.60985242994565, 0.4311347398763701], [-66.61052094998183, 0.43263439985770447], [-66.61066549981291, 0.43424247041372155], [-66.61057516021543, 0.434892909580185], [-66.60882587001782, 0.4410925902508893], [-66.60777620021145, 0.44599403030031226], [-66.60670542961185, 0.45027708032301916], [-66.60670542961185, 0.4533704001239016], [-66.60723404031864, 0.4561823598281194], [-66.60809623025676, 0.4607688501023972], [-66.60933425677047, 0.4646174952013098]]}}, {"id": "23", "type": "Feature", "properties": {"Codigo_BR": "307", "Unidade_Fe": "AM", "Km_inicial": "1447,4", "Km_final": "1457,1", "Rodovia": "BR-307/AM", "Contratada": null, "Contrato": null, "Escopo": null, "Interv": null, "Edital": null, "Processo": null, "Situacao": null, "Gestao": null, "Fiscaliz": null, "Fiscal_tec": null, "ini_vigenc": null, "fin_vigenc": null, "in_servi": null, "fin_servic": null, "supervisao": null}, "geometry": {"type": "LineString", "coordinates": [[-66.60933425677047, 0.4646174952013098], [-66.6109836700603, 0.4697450104239351], [-66.61278262981449, 0.4743551798476915], [-66.61518929025351, 0.4805226998627745], [-66.61669921959327, 0.4841845701618581], [-66.61610437022046, 0.4873968495849681], [-66.61613084985879, 0.49113088957892614], [-66.61788895970767, 0.4976285696028526], [-66.61753205026389, 0.4995321600811735], [-66.61634231014943, 0.5019116196256164], [-66.6150009902035, 0.5044131198696391], [-66.61562846967809, 0.5072654402479202], [-66.61889274970059, 0.5199990103461118], [-66.6214581701584, 0.5274909502472269], [-66.62395661990206, 0.5340345001920923], [-66.62550328025213, 0.5383175403222822], [-66.62473040018779, 0.540148309996539], [-66.62312380002334, 0.5431954702947905], [-66.62049735966536, 0.5464785101751772], [-66.62030673486788, 0.5467167909471868]]}}, {"id": "24", "type": "Feature", "properties": {"Codigo_BR": "307", "Unidade_Fe": "AM", "Km_inicial": "1457,1", "Km_final": "1462,1", "Rodovia": "BR-307/AM", "Contratada": null, "Contrato": null, "Escopo": null, "Interv": null, "Edital": null, "Processo": null, "Situacao": null, "Gestao": null, "Fiscaliz": null, "Fiscal_tec": null, "ini_vigenc": null, "fin_vigenc": null, "in_servi": null, "fin_servic": null, "supervisao": null}, "geometry": {"type": "LineString", "coordinates": [[-66.62030673486788, 0.5467167909471868], [-66.61788895970767, 0.5497390103470821], [-66.61467667039199, 0.5528323301479645], [-66.61117198000284, 0.5556212204430153], [-66.60778239024506, 0.5587597401699327], [-66.60599159993234, 0.5608035601362644], [-66.60615035995113, 0.5685519201350644], [-66.60670544040369, 0.5725819396049019], [-66.60587264031005, 0.5750803902478765], [-66.60492085001715, 0.5787685702134127], [-66.60373110001024, 0.5815049598860469], [-66.60284106166563, 0.585146083724851]]}}, {"id": "25", "type": "Feature", "properties": {"Codigo_BR": "307", "Unidade_Fe": "AM", "Km_inicial": "1462,1", "Km_final": "1470", "Rodovia": "BR-307/AM", "Contratada": null, "Contrato": null, "Escopo": null, "Interv": null, "Edital": null, "Processo": null, "Situacao": null, "Gestao": null, "Fiscaliz": null, "Fiscal_tec": null, "ini_vigenc": null, "fin_vigenc": null, "in_servi": null, "fin_servic": null, "supervisao": null}, "geometry": {"type": "LineString", "coordinates": [[-66.60284106166563, 0.585146083724851], [-66.60242241016607, 0.586858779609031], [-66.60266035009505, 0.5912608000459159], [-66.6051587998387, 0.6054186597434068], [-66.6061105901316, 0.6114863199377396], [-66.6061105901316, 0.6141037400955724], [-66.60582681985181, 0.6168003095866652], [-66.60401056973194, 0.6212026600747436], [-66.59698123029949, 0.6354787500443422], [-66.59567682032895, 0.6372469601791408], [-66.59575988980703, 0.6396830599253462], [-66.59647373027838, 0.6453937998840047], [-66.59754448019356, 0.646583530105886], [-66.59897218002203, 0.6490819798495409], [-66.59897218002203, 0.6509855496434511], [-66.59889119337384, 0.6528371880858117]]}}, {"id": "26", "type": "Feature", "properties": {"Codigo_BR": "307", "Unidade_Fe": "AM", "Km_inicial": "1470", "Km_final": "1471,4", "Rodovia": "BR-307/AM", "Contratada": null, "Contrato": null, "Escopo": null, "Interv": null, "Edital": null, "Processo": null, "Situacao": null, "Gestao": null, "Fiscaliz": null, "Fiscal_tec": null, "ini_vigenc": null, "fin_vigenc": null, "in_servi": null, "fin_servic": null, "supervisao": null}, "geometry": {"type": "LineString", "coordinates": [[-66.59889119337384, 0.6528371880858117], [-66.59872045978136, 0.6567406900308583], [-66.59756098005516, 0.658552379688615], [-66.59538695984031, 0.6598567995517328], [-66.59429994029, 0.6617409403921215], [-66.5938180115919, 0.6635479562731916]]}}, {"id": "27", "type": "Feature", "properties": {"Codigo_BR": "307", "Unidade_Fe": "AM", "Km_inicial": "1471,4", "Km_final": "1480", "Rodovia": "BR-307/AM", "Contratada": null, "Contrato": null, "Escopo": null, "Interv": null, "Edital": null, "Processo": null, "Situacao": null, "Gestao": null, "Fiscaliz": null, "Fiscal_tec": null, "ini_vigenc": null, "fin_vigenc": null, "in_servi": null, "fin_servic": null, "supervisao": null}, "geometry": {"type": "LineString", "coordinates": [[-66.5938180115919, 0.6635479562731916], [-66.59345959038774, 0.6648918797565102], [-66.59351704987193, 0.6669892498540548], [-66.59401007980131, 0.6684079600593691], [-66.59458009979176, 0.6715287496521114], [-66.59647374017095, 0.6763269304435084], [-66.5986599003341, 0.6810099998116925], [-66.6043259898525, 0.6902468403194462], [-66.60877323000051, 0.6973866902436043], [-66.61190954009317, 0.7024676502618945], [-66.6169041103364, 0.7065518898579057], [-66.62089772974639, 0.7095399197315828], [-66.62586819995744, 0.711235050057553], [-66.62899988034019, 0.7122693603427592], [-66.63198301970056, 0.7131928300850632], [-66.63270617984631, 0.7139070302852701], [-66.63316588000134, 0.7146540395523289], [-66.63333826025246, 0.7166364798897007], [-66.63342446027059, 0.720486439797412], [-66.63359343928573, 0.7235648317516166]]}}, {"id": "28", "type": "Feature", "properties": {"Codigo_BR": "307", "Unidade_Fe": "AM", "Km_inicial": "1480", "Km_final": "1500,1", "Rodovia": "BR-307/AM", "Contratada": null, "Contrato": null, "Escopo": null, "Interv": null, "Edital": null, "Processo": null, "Situacao": null, "Gestao": null, "Fiscaliz": null, "Fiscal_tec": null, "ini_vigenc": null, "fin_vigenc": null, "in_servi": null, "fin_servic": null, "supervisao": null}, "geometry": {"type": "LineString", "coordinates": [[-66.63359343928573, 0.7235648317516166], [-66.63360476984423, 0.723771260335468], [-66.63376922976607, 0.7253419901408051], [-66.63414272990303, 0.7263475697845934], [-66.6354930898342, 0.7278415901173503], [-66.63734560961217, 0.7294255399567646], [-66.63915731006176, 0.7311647496535443], [-66.6413313203841, 0.7334837100052596], [-66.64141169009736, 0.7345933798806072], [-66.64083707007467, 0.7388743102013109], [-66.64040609966173, 0.745022750199837], [-66.64121057021163, 0.7474074204161525], [-66.64318432040005, 0.7492845096724068], [-66.64669392018823, 0.7515715800644216], [-66.65063435009512, 0.7546763797112135], [-66.6567668900799, 0.7589632599465403], [-66.65773092014581, 0.7597905004312793], [-66.65845898969059, 0.7610361298135899], [-66.65905254044236, 0.7653068600235997], [-66.65985701009288, 0.7712829197709539], [-66.6605465598758, 0.7756212996832801], [-66.66074766986901, 0.7767418099866177], [-66.661404809884, 0.7778482701815506], [-66.66262307019849, 0.7792390996048084], [-66.66454017029258, 0.7824305597226271], [-66.66491367042948, 0.783608530409424], [-66.6656319499545, 0.789354739629573], [-66.66607330034248, 0.7904226198081119], [-66.66810282018895, 0.7948711001212132], [-66.67255612986145, 0.8049844198951064], [-66.67666467003846, 0.8116500204321255], [-66.6769807097919, 0.812540680208258], [-66.6771530999356, 0.8188040499669569], [-66.67732548018671, 0.8197234502770812], [-66.67913554027291, 0.82365960031035], [-66.68149147984786, 0.8289173796334239], [-66.68177878985921, 0.8297793096674582], [-66.68312914979037, 0.8358702901817878], [-66.68186498987734, 0.8391743598089079], [-66.68114671035238, 0.8417314201689692], [-66.68189371961944, 0.8435414703625952], [-66.6908458500559, 0.8524803996507444], [-66.69459559041411, 0.8554489304238473], [-66.69913234008538, 0.8573611004345025], [-66.70008413037829, 0.8584318701347229], [-66.7011435101648, 0.8635382800676439], [-66.70157447967847, 0.866037880044189], [-66.70168940044545, 0.8677042797287982], [-66.69676636677434, 0.8773000216787068]]}}, {"id": "29", "type": "Feature", "properties": {"Codigo_BR": "307", "Unidade_Fe": "AM", "Km_inicial": "1500,1", "Km_final": "1511,9", "Rodovia": "BR-307/AM", "Contratada": null, "Contrato": null, "Escopo": null, "Interv": null, "Edital": null, "Processo": null, "Situacao": null, "Gestao": null, "Fiscaliz": null, "Fiscal_tec": null, "ini_vigenc": null, "fin_vigenc": null, "in_servi": null, "fin_servic": null, "supervisao": null}, "geometry": {"type": "LineString", "coordinates": [[-66.69676636677434, 0.8773000216787068], [-66.69660401036674, 0.8776164796169041], [-66.68976186032154, 0.8925286600696722], [-66.6890775499889, 0.8952244903180144], [-66.68858804989856, 0.8965502403013943], [-66.6888466301678, 0.8975845595797978], [-66.6939607499886, 0.9062900599383852], [-66.69309881995451, 0.9123810395533951], [-66.69272531981761, 0.9203108098960229], [-66.69238055032213, 0.9228965999981256], [-66.69407567974878, 0.9266603598877623], [-66.69717689020126, 0.9320835901855844], [-66.69921653011875, 0.9333657203517873], [-66.70229275021023, 0.9348199798582186], [-66.70443426982564, 0.9364856196157234], [-66.70635460028456, 0.9390836998529153], [-66.70768587030665, 0.9409332096000185], [-66.70908312988252, 0.9427909697275254], [-66.70946310963478, 0.9432523803930621], [-66.7096163496148, 0.9439043897758097], [-66.71211480025778, 0.9462838502195723], [-66.71413735035838, 0.9490202497847235], [-66.71497394019514, 0.9505925399138277], [-66.71509291960251, 0.9553514796870672], [-66.71580676007386, 0.9580878801515951], [-66.71687750998905, 0.9604673396960379], [-66.71925700011042, 0.9647503996113187], [-66.72056568995458, 0.9666539703045487], [-66.72056568995458, 0.9687954998125292], [-66.72036952443398, 0.9703068159068948]]}}, {"id": "30", "type": "Feature", "properties": {"Codigo_BR": "307", "Unidade_Fe": "AM", "Km_inicial": "1511,9", "Km_final": "1524,5", "Rodovia": "BR-307/AM", "Contratada": null, "Contrato": null, "Escopo": null, "Interv": null, "Edital": null, "Processo": null, "Situacao": null, "Gestao": null, "Fiscaliz": null, "Fiscal_tec": null, "ini_vigenc": null, "fin_vigenc": null, "in_servi": null, "fin_servic": null, "supervisao": null}, "geometry": {"type": "LineString", "coordinates": [[-66.72036952443398, 0.9703068159068948], [-66.71979438999904, 0.9747377999095761], [-66.71979438999904, 0.9775931501038144], [-66.72050822957112, 0.9794967396828156], [-66.7251481998295, 0.9821141499481314], [-66.72609998022989, 0.9840177296345587], [-66.72776562987985, 0.9885387303781386], [-66.72824151963039, 0.9912751200507728], [-66.72985004973998, 0.9931200603425623], [-66.7316346599116, 0.9956184903011263], [-66.73449001999836, 0.999901550216407], [-66.73663155040566, 1.0066830499828257], [-66.73817821974899, 1.0110850704197105], [-66.73901101984268, 1.012393780048967], [-66.7421043396435, 1.0114419897560651], [-66.74555456978754, 1.0110850704197105], [-66.74793404012382, 1.0109661000055326], [-66.75078941999567, 1.0128696697994428], [-66.75269298978958, 1.0144163301495723], [-66.75367232002151, 1.0175271804350814], [-66.75426719997125, 1.0237138101442724], [-66.75843126968732, 1.03311272017595], [-66.76224940978238, 1.0407740500824048], [-66.76581861034055, 1.0483883796200644], [-66.76914987996292, 1.0544560200293631], [-66.77082070970795, 1.0601997201410427], [-66.77097178142253, 1.0609298985959867]]}}, {"id": "31", "type": "Feature", "properties": {"Codigo_BR": "307", "Unidade_Fe": "AM", "Km_inicial": "1524,5", "Km_final": "1531,6", "Rodovia": "BR-307/AM", "Contratada": null, "Contrato": null, "Escopo": null, "Interv": null, "Edital": null, "Processo": null, "Situacao": null, "Gestao": null, "Fiscaliz": null, "Fiscal_tec": null, "ini_vigenc": null, "fin_vigenc": null, "in_servi": null, "fin_servic": null, "supervisao": null}, "geometry": {"type": "LineString", "coordinates": [[-66.77097178142253, 1.0609298985959867], [-66.7715345501793, 1.0636499502850256], [-66.77379505999397, 1.067457109657937], [-66.77712631972383, 1.0734057904448946], [-66.78005607982419, 1.081443490224956], [-66.78564785026805, 1.0964341698011708], [-66.7890980903046, 1.1054761703890108], [-66.79052577034798, 1.109878189926576], [-66.79290524967752, 1.1129714899423675], [-66.7968300916354, 1.1191396862475926]]}}, {"id": "32", "type": "Feature", "properties": {"Codigo_BR": "307", "Unidade_Fe": "AM", "Km_inicial": "1531,6", "Km_final": "1540,5", "Rodovia": "BR-307/AM", "Contratada": null, "Contrato": null, "Escopo": null, "Interv": null, "Edital": null, "Processo": null, "Situacao": null, "Gestao": null, "Fiscaliz": null, "Fiscal_tec": null, "ini_vigenc": null, "fin_vigenc": null, "in_servi": null, "fin_servic": null, "supervisao": null}, "geometry": {"type": "LineString", "coordinates": [[-66.7968300916354, 1.1191396862475926], [-66.79756387996906, 1.1202928896051958], [-66.7985846698466, 1.1212924096170696], [-66.80327461992772, 1.125884640263962], [-66.81184071008067, 1.1331420297809132], [-66.82207244988359, 1.141827100240505], [-66.82293109019764, 1.143372640035352], [-66.82326218010547, 1.1439686198559684], [-66.8250467902771, 1.1520588400434804], [-66.82575830959826, 1.1559853898139636], [-66.8282176100546, 1.1698602904201039], [-66.82893144962668, 1.172477719571134], [-66.8300022103337, 1.1785453698729498], [-66.83178681960601, 1.1802110096304546], [-66.83499910982101, 1.182352530145181], [-66.83702165992162, 1.1835422603670622]]}}, {"id": "33", "type": "Feature", "properties": {"Codigo_BR": "307", "Unidade_Fe": "AM", "Km_inicial": "0", "Km_final": "5,7", "Rodovia": "BR-307/AM", "Contratada": null, "Contrato": null, "Escopo": null, "Interv": null, "Edital": null, "Processo": null, "Situacao": null, "Gestao": null, "Fiscaliz": null, "Fiscal_tec": null, "ini_vigenc": null, "fin_vigenc": null, "in_servi": null, "fin_servic": null, "supervisao": null}, "geometry": {"type": "LineString", "coordinates": [[-67.04017761980128, -0.13136578959944245], [-67.04459849992077, -0.13441263963159145], [-67.04532717021272, -0.1348684897889143], [-67.04617479023432, -0.13517392024016317], [-67.04966053010935, -0.13573241002268333], [-67.05045374024786, -0.13565155017886354], [-67.05085220016889, -0.13555401960229574], [-67.05134682999216, -0.13531702036414117], [-67.05548800027094, -0.13203187966746555], [-67.05690718981492, -0.13097543976471115], [-67.05770424995114, -0.13038211024615975], [-67.06336268983625, -0.1306335202207265], [-67.06404544973765, -0.13082561001385784], [-67.06615366026318, -0.13133788993161488], [-67.06649580014101, -0.1313149895950687], [-67.06673793990399, -0.13117943028640866], [-67.06993233001299, -0.12877904981326083], [-67.07408735974383, -0.12572847029264267], [-67.07457367983142, -0.12547037026132557], [-67.07506293980276, -0.12554052997143117], [-67.07542625961418, -0.12584615017965461], [-67.07802707019312, -0.13017414022436924], [-67.07835016962457, -0.130565730224248], [-67.07875612989142, -0.13078737983369138], [-67.08248841980469, -0.13201509022417213], [-67.08358012032625, -0.13280160041347244]]}}, {"id": "34", "type": "Feature", "properties": {"Codigo_BR": "307", "Unidade_Fe": "AM", "Km_inicial": "625,3", "Km_final": "657,3", "Rodovia": "BR-307/AM", "Contratada": "LCM CONSTRUCAO E COMERCIO S.A", "Contrato": "00114/2024", "Escopo": "MANUTEN\u00c7\u00c3O", "Interv": "CONSERVA\u00c7\u00c3O ROD. PAV. PISTA SIMPLES", "Edital": "000619/2023-01", "Processo": "50601.002367/2022-81", "Situacao": "ATIVO", "Gestao": "CGMRR", "Fiscaliz": "SRE/AM", "Fiscal_tec": "DANIELA FONSECA", "ini_vigenc": "17/04/24", "fin_vigenc": "13/09/26", "in_servi": "17/04/24", "fin_servic": "16/04/26", "supervisao": "CONS\u00d3RCIO MATUPIRI"}, "geometry": {"type": "LineString", "coordinates": [[-70.18805840966786, -4.3689940802125875], [-70.18578139999158, -4.370190079608449], [-70.18556289980796, -4.3702360799310895], [-70.185217900086, -4.370144080185128], [-70.18502240006364, -4.36994858016277], [-70.18442440036574, -4.369063079797229], [-70.18407939974446, -4.368695079913948], [-70.18369990023018, -4.368442079938006], [-70.18325140023188, -4.368430580307006], [-70.18259589968096, -4.368568580375609], [-70.18222789979768, -4.368741080236589], [-70.18190590023704, -4.369051580166229], [-70.18175639963812, -4.369500080164528], [-70.18160689993846, -4.37012108002375], [-70.18129640000882, -4.37040857979207], [-70.18083640037952, -4.370650080137068], [-70.18072139957292, -4.370776579675351], [-70.18070989994192, -4.370949080435651], [-70.18084790001052, -4.371627580248571], [-70.1808248998492, -4.37190358038589], [-70.18051439991956, -4.372145079831512], [-70.17955989996938, -4.3727315798984705], [-70.17909989044756, -4.373076579620431], [-70.17882389031024, -4.373122579943072], [-70.17849039021928, -4.372973080243412], [-70.17806489038236, -4.3724095803378304], [-70.17746688978508, -4.371685080202269], [-70.1765123898349, -4.370650080137068], [-70.17619039027426, -4.3704545801147106], [-70.17592588976794, -4.3705120800684085], [-70.17569588995332, -4.370776579675351], [-70.17561538983836, -4.371167579720009], [-70.17591439013694, -4.372340579853812], [-70.17591439013694, -4.372685579575773], [-70.17568439032232, -4.373249080380731], [-70.17529339027772, -4.373479080195352], [-70.17485638991042, -4.373594080102691], [-70.17407438982121, -4.373605579733692], [-70.17383289037554, -4.3736515800563325], [-70.17351088991558, -4.373904580032274], [-70.17309688970965, -4.374502579730233], [-70.17280938994134, -4.375250080027115], [-70.17270588966505, -4.375583590010649], [-70.17241838989673, -4.376204589869872], [-70.17132588987789, -4.377929590278313], [-70.17108439043221, -4.378136589931614], [-70.17067038033372, -4.378332089953915], [-70.16938238029257, -4.378757589790894], [-70.16927888001624, -4.378872589698233], [-70.16919837990127, -4.379056590089533], [-70.16916388010895, -4.3796200899951145], [-70.16938238029257, -4.380689589852636], [-70.1694743800386, -4.381103590058615], [-70.1694858796696, -4.381402590357197], [-70.16937087976225, -4.3818395898251765], [-70.1692098804316, -4.382069589639798], [-70.168818880387, -4.382449090053399], [-70.1683933796507, -4.3827595899830385], [-70.16773787999915, -4.383127589866319], [-70.16751937981547, -4.38334609004994], [-70.16740437990819, -4.383564590233618], [-70.16738137974681, -4.383760090255919], [-70.16742738006951, -4.384105089977879], [-70.16788737969875, -4.386048599563196], [-70.16823238032003, -4.387152600112358], [-70.16831288043505, -4.38755509978796], [-70.16834738022737, -4.3878655997176], [-70.16833587969705, -4.388245100131201], [-70.16826688011241, -4.388670599968179], [-70.16793338002145, -4.389993099801643], [-70.1678068795838, -4.390303599731283], [-70.16749637965415, -4.390809599683223], [-70.16702488039385, -4.3916490997261235], [-70.16689837995625, -4.391959599655763], [-70.16689837995625, -4.392235599793025], [-70.16699037970221, -4.393017609774802], [-70.16695587990989, -4.393535110257062], [-70.16676037988759, -4.394064110370323], [-70.16655338023429, -4.394731109652923], [-70.16651888044191, -4.395053110112883], [-70.16658788002661, -4.395536109903503], [-70.16674888025659, -4.396467609692365], [-70.16673737972627, -4.396720609668364], [-70.16665687961125, -4.396973609644306], [-70.16648437975027, -4.397157610035606], [-70.16623137977433, -4.3973531100579635], [-70.16587488042137, -4.397433610172925], [-70.16561037991505, -4.397525609918944], [-70.16536887957011, -4.3977786098948854], [-70.16525387966277, -4.398330610169467], [-70.16528838035441, -4.398871109913728], [-70.16548388037671, -4.399618610210666], [-70.16549538000777, -4.399802609702647], [-70.16544937968507, -4.399998109724947], [-70.16517338044713, -4.400320110184907], [-70.16493188010213, -4.400515610207208], [-70.16486287961817, -4.4007571096528295], [-70.16486287961817, -4.401228609812449], [-70.16479388003347, -4.401815119771925], [-70.16462138017249, -4.402746619560787], [-70.16454088005753, -4.4041726196705895], [-70.16440287998887, -4.404575120245568], [-70.16424187975889, -4.404966120290169], [-70.16420737996657, -4.405276620219809], [-70.16424187975889, -4.405748120379428], [-70.16413838038193, -4.406058620309011], [-70.16302288020171, -4.407174119589911], [-70.16260887999579, -4.4073811201425315], [-70.16184987017533, -4.4077031197031715], [-70.16145887013073, -4.408117119909093], [-70.16104486992475, -4.409106119651653], [-70.16040086990421, -4.409865130371429], [-70.15941187016165, -4.410624130299311], [-70.15883686972569, -4.411291129581912], [-70.15849187000379, -4.412073129671171], [-70.15828487035043, -4.413016129990353], [-70.15816987044315, -4.413637129849633], [-70.15807786979781, -4.414419129938835], [-70.15791686956783, -4.415086130120756], [-70.15759487000719, -4.416098130024636], [-70.15734187003125, -4.416443129746597], [-70.15690486966395, -4.416719129883916], [-70.15614586973606, -4.416949129698537], [-70.15230485988133, -4.417156130251158], [-70.1518218600907, -4.416995130021178], [-70.15110885958615, -4.416535130391935], [-70.15071786044086, -4.416075129863316], [-70.15044186030354, -4.415615130234016], [-70.15005086025894, -4.415224130189415], [-70.14968286037566, -4.415086130120756], [-70.14906185961706, -4.415224130189415], [-70.14830285968918, -4.415500130326734], [-70.14733686010794, -4.416075129863316], [-70.14666985992608, -4.416650130299217], [-70.14579586009086, -4.416949129698537], [-70.14457684974178, -4.417363129904459], [-70.14367984974524, -4.417409130227156], [-70.14287485039398, -4.417639130041778], [-70.14163284977616, -4.418145129993718], [-70.14087384984828, -4.418674139999496], [-70.14022984982768, -4.419272139697455], [-70.13983884978308, -4.419824139972036], [-70.13917184960115, -4.420629140222616], [-70.1385738499032, -4.421411140311818], [-70.13825185034256, -4.421779140195099], [-70.13763084958401, -4.422262139985719], [-70.13707885020875, -4.423021139913601], [-70.13648083971896, -4.424217140208782], [-70.1360898396743, -4.424539139769422], [-70.1354918399764, -4.4247691395841], [-70.13500884018578, -4.424999140298041], [-70.1346638395645, -4.425367140181322], [-70.1329618402167, -4.427994899844691], [-70.1328180898829, -4.4282823996130105], [-70.13270884024075, -4.42865614976148], [-70.13250183968813, -4.4295646502883415], [-70.13228908976964, -4.430570899927034], [-70.13197283957487, -4.432249900012835], [-70.1317428397602, -4.4334459003080156], [-70.13151283994557, -4.434641899703877], [-70.13132883955427, -4.4351249102863335], [-70.13106433994727, -4.435538899700418], [-70.13065033974135, -4.436240409567176], [-70.13048934041069, -4.436481909912175], [-70.13024784006575, -4.436677409934475], [-70.12992583960579, -4.436999410394435], [-70.12961533967615, -4.437160409725095], [-70.1273613301612, -4.437689409838356], [-70.12670582961033, -4.437873410229656], [-70.12605032995873, -4.438091910413277], [-70.12567083044445, -4.438126410205598], [-70.12464733001025, -4.438137909836598], [-70.12333632980773, -4.438275909905258], [-70.1220713299279, -4.438873909603217], [-70.12099033043938, -4.43951790962376], [-70.1195413301682, -4.439885910406417], [-70.11544732033752, -4.440253910289698], [-70.11480332031692, -4.44036891019698], [-70.11402132022772, -4.440713909918941], [-70.1135613196991, -4.440920909572299], [-70.1129633200012, -4.440943909733619], [-70.11234232014192, -4.440897910310241], [-70.11183632018998, -4.441104909963599], [-70.11160632037536, -4.441403910262181], [-70.11128431002282, -4.441932910375442], [-70.11103131004688, -4.442254909936082], [-70.11036430986496, -4.4424389103273825], [-70.10914531030778, -4.442369909843421], [-70.1069143099474, -4.442185910351441], [-70.10516631027696, -4.442024910121461], [-70.10392430965913, -4.441564909592842], [-70.10144030032956, -4.440644910334299], [-70.09983029982845, -4.439977910152379], [-70.09909430006184, -4.439816909922399], [-70.09796730025067, -4.439632910430419], [-70.09711629967745, -4.439494910361759], [-70.09635729974957, -4.439195910063177], [-70.09497729996241, -4.438505909719936], [-70.09426430035711, -4.438045910090636], [-70.09394229000463, -4.4378849098606565], [-70.09371229019001, -4.4378849098606565], [-70.09348229037533, -4.437907910021977], [-70.0932522896614, -4.438091910413277], [-70.09316028991543, -4.438275909905258], [-70.09295329026207, -4.4383679096512765], [-70.0926082896408, -4.438390909812597], [-70.09184928971291, -4.438390909812597], [-70.09102129020033, -4.438252909743937], [-70.09051529024839, -4.438068910251957], [-70.08987129022785, -4.438045910090636], [-70.08874429041663, -4.438022909929316], [-70.08745629037548, -4.438022909929316], [-70.08635228982627, -4.437953910344618], [-70.08586929003565, -4.437861909699336], [-70.08529427970723, -4.437815910276015], [-70.08465027968663, -4.437976909606618], [-70.08421328021865, -4.438275909905258], [-70.08361527962143, -4.438482909558559], [-70.08315527999213, -4.438551910042577], [-70.0824882798102, -4.438666909949859], [-70.08207427960429, -4.438827910179839], [-70.08147627990633, -4.438942910087178], [-70.08101628027708, -4.438965910248498], [-70.0808552800471, -4.438965910248498], [-70.08044127984112, -4.438896909764537], [-70.08007327995784, -4.438873909603217], [-70.07984328014322, -4.438873909603217], [-70.0796132803286, -4.438781909857198], [-70.0793832796146, -4.438597910365218], [-70.07919928012262, -4.438413909973917], [-70.07908428021534, -4.438321910227955], [-70.07885428040066, -4.438321910227955], [-70.07841728003342, -4.438436910135238], [-70.07781928033546, -4.438482909558559], [-70.07749726998298, -4.438459910296558], [-70.0756572696672, -4.438137909836598], [-70.07425426971872, -4.437332909586075], [-70.07344927036752, -4.436895910118096], [-70.07303527016154, -4.436435909589534], [-70.07205777004998, -4.435090399702119], [-70.07187376965868, -4.434940909895033], [-70.07167252027057, -4.4348201597225625], [-70.07014301988443, -4.433882899775938], [-70.07001077008096, -4.433779400398976], [-70.06987852027743, -4.433503400261657], [-70.06976926973596, -4.433365400192997], [-70.06961401977117, -4.433261899916715], [-70.06941851974887, -4.433031900102037], [-70.06937252032549, -4.432847899710737], [-70.06940702011786, -4.432681150114945], [-70.06954502018647, -4.432336150392985], [-70.06957951997884, -4.432031399829214], [-70.06956802034784, -4.431168899624993], [-70.06955651981752, -4.430979149867824], [-70.06949901986383, -4.430731900157014], [-70.06917702030319, -4.429863649687661], [-70.06898152028089, -4.429576149919342], [-70.06872851041237, -4.42924840009357], [-70.06623875981086, -4.426637890326333], [-70.0657385101241, -4.426120389844073], [-70.06542801019447, -4.425901889660452], [-70.06500251035754, -4.425574139834623], [-70.06282325968567, -4.424096390036311], [-70.06169625987445, -4.42328564041992], [-70.06148926022115, -4.423187890408769], [-70.06128225966853, -4.42314764035126], [-70.06093725994657, -4.42313613982094], [-70.06060951012074, -4.423067140236299], [-70.06028750966078, -4.42297513959096], [-70.0595227495752, -4.42270488971883], [-70.05906850021108, -4.422538140123038], [-70.05893625040761, -4.4224576400080196], [-70.05877525017763, -4.42231963993936], [-70.05836124997165, -4.421945889790948], [-70.05799325008837, -4.421583640172798], [-70.0578322498584, -4.421439889839007], [-70.05768275015873, -4.4212041397591975], [-70.05760225004377, -4.421031639898217], [-70.05691224970053, -4.419812640341036], [-70.05685474974689, -4.419622889684547], [-70.05680300005838, -4.419444639558435], [-70.05664775009353, -4.418760390379646], [-70.05647525023255, -4.418231390266385], [-70.05631425000257, -4.417938130340417], [-70.0561934998301, -4.417811639795275], [-70.05599225044199, -4.4177311297877395], [-70.05561850029352, -4.4176851303644185], [-70.05508374991507, -4.417690879730287], [-70.05478474961649, -4.417644880306909], [-70.05443974989453, -4.417541380030627], [-70.05398549963104, -4.4173056299508175], [-70.05296775036135, -4.416673129561218], [-70.05279524960105, -4.4166213798727085], [-70.05257100005156, -4.416598379711388], [-70.0522777500181, -4.416632880403085], [-70.05198449009208, -4.416690380356727], [-70.05170849984734, -4.416730630414236], [-70.05146124024401, -4.416736379780048], [-70.0511910002644, -4.416730630414236], [-70.05084024038473, -4.416667380195406], [-70.05033998979866, -4.416552380288067], [-70.05004673976521, -4.416437380380728], [-70.0495464900784, -4.416034879805807], [-70.0477122400278, -4.414810129983437], [-70.04701074005357, -4.414298379766365], [-70.0466772399626, -4.414079879582744], [-70.04618848990685, -4.413619879953444], [-70.04530299044063, -4.412751630383411], [-70.04495798981935, -4.412377880234942], [-70.04427949000643, -4.411595880145683], [-70.04381949037713, -4.41121063036627], [-70.04362399035483, -4.41112437998612], [-70.04331347963335, -4.411055380401422], [-70.04296848980391, -4.41103812960597], [-70.04204847975348, -4.4109978804477805], [-70.04159997975523, -4.410894380171442], [-70.04091572967712, -4.410595379872859], [-70.04007048026841, -4.410112370189665], [-70.03762097972441, -4.408910619629353], [-70.03732198032509, -4.408703619976052], [-70.0371322296686, -4.408508119953751], [-70.036982729969, -4.408329869827583], [-70.03648248028219, -4.4077203695993035], [-70.03399271978816, -4.405707870321919], [-70.03329121981392, -4.405385869861959], [-70.03263572016232, -4.40525937032362], [-70.03200321977272, -4.405190369839659], [-70.03149721982078, -4.405017869978678], [-70.03115222009882, -4.404810870325377], [-70.03065771977788, -4.404350869796758], [-70.029887220219, -4.403465370330537], [-70.02966872003537, -4.403016870332237], [-70.02958821992036, -4.402729369664655], [-70.02958821992036, -4.402039370220734], [-70.02953071996671, -4.400923860147998], [-70.02935822010573, -4.400095859736098], [-70.02903621964577, -4.3994288595541775], [-70.02839221962518, -4.397933859859677], [-70.02828872024821, -4.397554360345396], [-70.02839221962518, -4.395622360283653], [-70.0284727197402, -4.395219859708732], [-70.02982972026535, -4.392586349780174], [-70.03043921959426, -4.3915168499226525], [-70.03068071993926, -4.390642850087431]]}}, {"id": "35", "type": "Feature", "properties": {"Codigo_BR": "307", "Unidade_Fe": "AM", "Km_inicial": "657,3", "Km_final": "730,3", "Rodovia": "BR-307/AM", "Contratada": null, "Contrato": null, "Escopo": null, "Interv": null, "Edital": null, "Processo": null, "Situacao": null, "Gestao": null, "Fiscaliz": null, "Fiscal_tec": null, "ini_vigenc": null, "fin_vigenc": null, "in_servi": null, "fin_servic": null, "supervisao": null}, "geometry": {"type": "LineString", "coordinates": [[-70.03068071993926, -4.390642850087431], [-69.99184774038088, -4.3963492697029665], [-69.56499525112991, -4.054998153941597]]}}, {"id": "36", "type": "Feature", "properties": {"Codigo_BR": "307", "Unidade_Fe": "AM", "Km_inicial": "730,3", "Km_final": "790,3", "Rodovia": "BR-307/AM", "Contratada": null, "Contrato": null, "Escopo": null, "Interv": null, "Edital": null, "Processo": null, "Situacao": null, "Gestao": null, "Fiscaliz": null, "Fiscal_tec": null, "ini_vigenc": null, "fin_vigenc": null, "in_servi": null, "fin_servic": null, "supervisao": null}, "geometry": {"type": "LineString", "coordinates": [[-69.56499525112991, -4.054998153941597], [-69.52238828009502, -4.020925640306018], [-69.43458897330243, -3.60312202336263]]}}, {"id": "37", "type": "Feature", "properties": {"Codigo_BR": "307", "Unidade_Fe": "AM", "Km_inicial": "790,3", "Km_final": "840,3", "Rodovia": "BR-307/AM", "Contratada": null, "Contrato": null, "Escopo": null, "Interv": null, "Edital": null, "Processo": null, "Situacao": null, "Gestao": null, "Fiscaliz": null, "Fiscal_tec": null, "ini_vigenc": null, "fin_vigenc": null, "in_servi": null, "fin_servic": null, "supervisao": null}, "geometry": {"type": "LineString", "coordinates": [[-69.43458897330243, -3.60312202336263], [-69.42706536017818, -3.5673200001178884], [-69.16745560189446, -3.3112451539406607]]}}, {"id": "38", "type": "Feature", "properties": {"Codigo_BR": "307", "Unidade_Fe": "AM", "Km_inicial": "840,3", "Km_final": "907,3", "Rodovia": "BR-307/AM", "Contratada": null, "Contrato": null, "Escopo": null, "Interv": null, "Edital": null, "Processo": null, "Situacao": null, "Gestao": null, "Fiscaliz": null, "Fiscal_tec": null, "ini_vigenc": null, "fin_vigenc": null, "in_servi": null, "fin_servic": null, "supervisao": null}, "geometry": {"type": "LineString", "coordinates": [[-69.16745560189446, -3.3112451539406607], [-69.13847644992819, -3.282660590313924], [-69.09857672963233, -3.2365469899515915], [-68.89968906999457, -3.0066850099052544], [-68.81377670722924, -2.906453923909396]]}}, {"id": "39", "type": "Feature", "properties": {"Codigo_BR": "307", "Unidade_Fe": "AM", "Km_inicial": "907,3", "Km_final": "967,3", "Rodovia": "BR-307/AM", "Contratada": null, "Contrato": null, "Escopo": null, "Interv": null, "Edital": null, "Processo": null, "Situacao": null, "Gestao": null, "Fiscaliz": null, "Fiscal_tec": null, "ini_vigenc": null, "fin_vigenc": null, "in_servi": null, "fin_servic": null, "supervisao": null}, "geometry": {"type": "LineString", "coordinates": [[-68.81377670722924, -2.906453923909396], [-68.78225265013964, -2.8696758601527677], [-68.69613260963217, -2.7248376101675262], [-68.56592827007358, -2.4997930600016502], [-68.56365407437602, -2.49586235086673]]}}, {"id": "40", "type": "Feature", "properties": {"Codigo_BR": "307", "Unidade_Fe": "AM", "Km_inicial": "967,3", "Km_final": "1027,3", "Rodovia": "BR-307/AM", "Contratada": null, "Contrato": null, "Escopo": null, "Interv": null, "Edital": null, "Processo": null, "Situacao": null, "Gestao": null, "Fiscaliz": null, "Fiscal_tec": null, "ini_vigenc": null, "fin_vigenc": null, "in_servi": null, "fin_servic": null, "supervisao": null}, "geometry": {"type": "LineString", "coordinates": [[-68.56365407437602, -2.49586235086673], [-68.53759344997769, -2.4508192998707727], [-68.4730034202716, -2.3431692602530916], [-68.35922049982616, -2.1482211896561125], [-68.31981098289049, -2.0806995499441996]]}}, {"id": "41", "type": "Feature", "properties": {"Codigo_BR": "307", "Unidade_Fe": "AM", "Km_inicial": "1027,3", "Km_final": "1087,3", "Rodovia": "BR-307/AM", "Contratada": null, "Contrato": null, "Escopo": null, "Interv": null, "Edital": null, "Processo": null, "Situacao": null, "Gestao": null, "Fiscaliz": null, "Fiscal_tec": null, "ini_vigenc": null, "fin_vigenc": null, "in_servi": null, "fin_servic": null, "supervisao": null}, "geometry": {"type": "LineString", "coordinates": [[-68.31981098289049, -2.0806995499441996], [-68.17941238007722, -1.8401499403673824], [-68.1410074904033, -1.7735814696090983], [-68.07798883171915, -1.6643491268106914]]}}, {"id": "42", "type": "Feature", "properties": {"Codigo_BR": "307", "Unidade_Fe": "AM", "Km_inicial": "0,00", "Km_final": "0,00", "Rodovia": "BR-307/AM", "Contratada": "CONS\u00d3RCIO SPU - ASSESSORAMENTO AM.", "Contrato": "00150/2025", "Escopo": "ASSESSORAMENTO", "Interv": "OUTROS", "Edital": "000417/2024-01", "Processo": "50601.002053/2023-69", "Situacao": "ATIVO", "Gestao": "DIREX", "Fiscaliz": "SRE/AM", "Fiscal_tec": "GUSTAVO FREDERICO BOERGER", "ini_vigenc": "29/04/25", "fin_vigenc": "27/10/30", "in_servi": "01/05/25", "fin_servic": "29/04/30", "supervisao": null}, "geometry": {"type": "MultiLineString", "coordinates": [[[-72.71315077039168, -7.5054597195903625], [-72.71358531021383, -7.504556630284242], [-72.7139754702917, -7.501959069855104], [-72.71471864035288, -7.500136109893447], [-72.71509682955497, -7.498571710416002], [-72.71687871028416, -7.496591700046849], [-72.71931791988601, -7.490464809603225], [-72.7195771602577, -7.489813630294691], [-72.71981359022493, -7.488787459773334], [-72.72033510977747, -7.487437130419153], [-72.72031493978261, -7.4868774598268715], [-72.71949240005421, -7.484684120375732], [-72.71870414967668, -7.4834693800078185], [-72.74150170004339, -7.349781889722408], [-72.7916515000166, -7.208884840362998], [-72.81643024965621, -7.075460759706175], [-72.8226966096608, -7.041718839552686], [-72.83224895032873, -6.96291202027345], [-72.80836809011515, -6.862612420326855], [-72.80189452001599, -6.842430090376297], [-72.72717317959848, -6.60947534990737], [-72.66587212979493, -6.420317799926465], [-72.65241741762964, -6.378800404315143], [-72.5234583297381, -5.980869499627602], [-72.51615733839043, -5.958340726942936], [-72.4764241896246, -5.835735600217731], [-72.41346579001413, -5.63520143030172], [-72.41194587999831, -5.63036024033272], [-72.21612285988203, -5.458418069638128], [-72.06688597990393, -5.314866409557112], [-71.96537386990809, -5.217221420332237], [-71.86785657362196, -5.142133101661216], [-71.726565310041, -5.033338830322634], [-71.65845826024042, -4.987934129556322], [-71.47581631017448, -4.866172840304216], [-71.24178392019166, -4.706171099716414], [-71.20527209982748, -4.685633200311884], [-71.16536517955933, -4.663185559965598], [-70.76134351559074, -4.541538749014023], [-70.305813239889, -4.404383220209354], [-70.1880584096678, -4.3689940802125875], [-70.18578139999153, -4.370190079608449], [-70.1855628998079, -4.370236079931033], [-70.18521790008595, -4.370144080185071], [-70.18502240006364, -4.36994858016277], [-70.18442440036569, -4.369063079797229], [-70.1840793997444, -4.368695079913948], [-70.18369990023018, -4.3684420799379495], [-70.18325140023188, -4.368430580307006], [-70.18259589968096, -4.368568580375609], [-70.18222789979762, -4.368741080236589], [-70.18190590023698, -4.369051580166172], [-70.18175639963806, -4.369500080164471], [-70.18160689993846, -4.37012108002375], [-70.18129640000876, -4.370408579792013], [-70.18083640037952, -4.370650080137068], [-70.18072139957286, -4.370776579675294], [-70.18070989994192, -4.370949080435651], [-70.18084790001046, -4.371627580248571], [-70.1808248998492, -4.37190358038589], [-70.18051439991956, -4.372145079831512], [-70.17955989996938, -4.372731579898414], [-70.1790998904475, -4.373076579620374], [-70.17882389031018, -4.373122579943015], [-70.17849039021928, -4.372973080243412], [-70.17806489038236, -4.3724095803378304], [-70.17746688978508, -4.371685080202269], [-70.1765123898349, -4.370650080137068], [-70.17619039027426, -4.370454580114654], [-70.17592588976788, -4.370512080068352], [-70.17569588995332, -4.370776579675294], [-70.1756153898383, -4.371167579720009], [-70.17591439013694, -4.372340579853812], [-70.17591439013694, -4.372685579575773], [-70.17568439032226, -4.373249080380731], [-70.17529339027766, -4.373479080195352], [-70.17485638991042, -4.3735940801026345], [-70.17407438982121, -4.373605579733692], [-70.17383289037548, -4.3736515800563325], [-70.17351088991552, -4.373904580032274], [-70.17309688970965, -4.374502579730176], [-70.17280938994134, -4.375250080027115], [-70.17270588966505, -4.375583590010592], [-70.17241838989673, -4.376204589869872], [-70.17132588987789, -4.377929590278313], [-70.17108439043221, -4.378136589931557], [-70.17067038033366, -4.378332089953858], [-70.16938238029257, -4.378757589790837], [-70.16927888001618, -4.378872589698233], [-70.16919837990127, -4.379056590089476], [-70.1691638801089, -4.379620089995058], [-70.16938238029257, -4.380689589852636], [-70.1694743800386, -4.381103590058558], [-70.16948587966954, -4.3814025903571405], [-70.16937087976225, -4.38183958982512], [-70.1692098804316, -4.382069589639798], [-70.168818880387, -4.382449090053399], [-70.16839337965064, -4.3827595899830385], [-70.1677378799991, -4.383127589866319], [-70.16751937981547, -4.38334609004994], [-70.16740437990819, -4.383564590233618], [-70.16738137974676, -4.383760090255919], [-70.16742738006951, -4.3841050899778224], [-70.16788737969875, -4.386048599563196], [-70.16823238032003, -4.387152600112302], [-70.16831288043505, -4.38755509978796], [-70.16834738022732, -4.387865599717543], [-70.16833587969705, -4.388245100131201], [-70.16826688011241, -4.388670599968179], [-70.1679333800214, -4.389993099801643], [-70.1678068795838, -4.390303599731226], [-70.16749637965415, -4.390809599683223], [-70.16702488039385, -4.3916490997261235], [-70.1668983799562, -4.391959599655706], [-70.1668983799562, -4.392235599793025], [-70.16699037970216, -4.393017609774802], [-70.16695587990989, -4.393535110257062], [-70.16676037988759, -4.394064110370323], [-70.16655338023423, -4.394731109652923], [-70.16651888044191, -4.395053110112826], [-70.16658788002661, -4.395536109903503], [-70.16674888025653, -4.396467609692365], [-70.16673737972627, -4.396720609668364], [-70.16665687961125, -4.396973609644249], [-70.16648437975027, -4.397157610035606], [-70.16623137977433, -4.397353110057907], [-70.16587488042137, -4.397433610172925], [-70.165610379915, -4.397525609918887], [-70.16536887957011, -4.3977786098948854], [-70.16525387966271, -4.398330610169467], [-70.16528838035435, -4.398871109913671], [-70.16548388037666, -4.399618610210666], [-70.16549538000771, -4.399802609702647], [-70.16544937968507, -4.399998109724947], [-70.16517338044707, -4.400320110184907], [-70.16493188010213, -4.400515610207208], [-70.16486287961811, -4.4007571096528295], [-70.16486287961811, -4.401228609812449], [-70.16479388003341, -4.401815119771925], [-70.16462138017243, -4.40274661956073], [-70.16454088005753, -4.4041726196705895], [-70.16440287998881, -4.404575120245568], [-70.16424187975889, -4.404966120290169], [-70.16420737996651, -4.405276620219752], [-70.16424187975889, -4.405748120379428], [-70.16413838038187, -4.406058620309011], [-70.16302288020165, -4.407174119589854], [-70.16260887999579, -4.4073811201425315], [-70.16184987017527, -4.4077031197031715], [-70.16145887013067, -4.408117119909093], [-70.16104486992475, -4.409106119651653], [-70.16040086990415, -4.409865130371429], [-70.15941187016159, -4.410624130299311], [-70.15883686972563, -4.411291129581855], [-70.15849187000379, -4.412073129671171], [-70.15828487035043, -4.413016129990353], [-70.15816987044315, -4.413637129849633], [-70.15807786979775, -4.414419129938835], [-70.15791686956777, -4.415086130120756], [-70.15759487000719, -4.416098130024636], [-70.15734187003119, -4.416443129746597], [-70.15690486966395, -4.416719129883916], [-70.15614586973601, -4.41694912969848], [-70.15230485988133, -4.417156130251101], [-70.15182186009065, -4.416995130021121], [-70.15110885958609, -4.416535130391935], [-70.15071786044086, -4.416075129863316], [-70.15044186030354, -4.415615130234016], [-70.15005086025889, -4.415224130189358], [-70.1496828603756, -4.415086130120756], [-70.14906185961706, -4.415224130189358], [-70.14830285968918, -4.415500130326734], [-70.14733686010788, -4.416075129863316], [-70.14666985992608, -4.416650130299217], [-70.1457958600908, -4.41694912969848], [-70.14457684974178, -4.417363129904402], [-70.14367984974518, -4.417409130227156], [-70.14287485039392, -4.417639130041721], [-70.1416328497761, -4.418145129993718], [-70.14087384984822, -4.418674139999496], [-70.14022984982762, -4.419272139697398], [-70.13983884978308, -4.419824139971979], [-70.13917184960115, -4.420629140222616], [-70.13857384990314, -4.421411140311818], [-70.1382518503425, -4.421779140195099], [-70.13763084958396, -4.422262139985662], [-70.1370788502087, -4.423021139913544], [-70.13648083971896, -4.424217140208782], [-70.13608983967424, -4.424539139769422], [-70.1354918399764, -4.4247691395841], [-70.13500884018572, -4.424999140298041], [-70.13466383956444, -4.425367140181322], [-70.13296184021664, -4.427994899844691], [-70.1328180898829, -4.4282823996130105], [-70.13270884024075, -4.42865614976148], [-70.13250183968813, -4.4295646502883415], [-70.13228908976959, -4.430570899926977], [-70.13197283957481, -4.432249900012778], [-70.1317428397602, -4.4334459003080156], [-70.13151283994551, -4.43464189970382], [-70.13132883955421, -4.435124910286277], [-70.13106433994722, -4.435538899700418], [-70.13065033974135, -4.4362404095671195], [-70.13048934041069, -4.436481909912118], [-70.13024784006575, -4.436677409934418], [-70.12992583960573, -4.436999410394378], [-70.12961533967615, -4.437160409725095], [-70.1273613301612, -4.437689409838299], [-70.12670582961033, -4.437873410229656], [-70.12605032995867, -4.438091910413277], [-70.12567083044445, -4.438126410205541], [-70.12464733001019, -4.438137909836598], [-70.12333632980767, -4.438275909905201], [-70.1220713299279, -4.438873909603217], [-70.12099033043938, -4.43951790962376], [-70.11954133016815, -4.439885910406417], [-70.11544732033752, -4.440253910289641], [-70.11480332031692, -4.44036891019698], [-70.11402132022772, -4.440713909918884], [-70.1135613196991, -4.440920909572299], [-70.1129633200012, -4.440943909733562], [-70.11234232014192, -4.440897910310184], [-70.11183632018992, -4.441104909963599], [-70.11160632037536, -4.441403910262181], [-70.11128431002282, -4.441932910375385], [-70.11103131004683, -4.442254909936082], [-70.1103643098649, -4.4424389103273825], [-70.10914531030778, -4.442369909843364], [-70.10691430994734, -4.442185910351384], [-70.1051663102769, -4.442024910121404], [-70.10392430965908, -4.441564909592842], [-70.1014403003295, -4.440644910334299], [-70.0998302998284, -4.439977910152322], [-70.09909430006184, -4.439816909922399], [-70.09796730025067, -4.439632910430419], [-70.09711629967745, -4.439494910361759], [-70.09635729974957, -4.43919591006312], [-70.09497729996241, -4.438505909719936], [-70.09426430035711, -4.438045910090636], [-70.09394229000458, -4.4378849098606], [-70.09371229019001, -4.4378849098606], [-70.09348229037528, -4.43790791002192], [-70.09325228966134, -4.438091910413277], [-70.09316028991537, -4.438275909905201], [-70.09295329026207, -4.4383679096512765], [-70.09260828964074, -4.438390909812597], [-70.09184928971285, -4.438390909812597], [-70.09102129020033, -4.4382529097438805], [-70.09051529024833, -4.438068910251957], [-70.08987129022785, -4.438045910090636], [-70.08874429041657, -4.438022909929316], [-70.08745629037548, -4.438022909929316], [-70.08635228982627, -4.437953910344618], [-70.08586929003565, -4.437861909699336], [-70.08529427970723, -4.437815910275958], [-70.08465027968663, -4.437976909606618], [-70.08421328021865, -4.438275909905201], [-70.08361527962143, -4.438482909558559], [-70.08315527999207, -4.43855191004252], [-70.08248827981015, -4.438666909949802], [-70.08207427960429, -4.438827910179839], [-70.08147627990627, -4.438942910087121], [-70.08101628027703, -4.438965910248442], [-70.0808552800471, -4.438965910248442], [-70.08044127984107, -4.43889690976448], [-70.08007327995779, -4.438873909603217], [-70.07984328014322, -4.438873909603217], [-70.07961328032854, -4.438781909857198], [-70.0793832796146, -4.438597910365218], [-70.07919928012262, -4.438413909973917], [-70.07908428021534, -4.438321910227955], [-70.07885428040066, -4.438321910227955], [-70.07841728003342, -4.438436910135238], [-70.07781928033546, -4.438482909558559], [-70.07749726998293, -4.438459910296558], [-70.0756572696672, -4.438137909836598], [-70.07425426971872, -4.437332909586019], [-70.07344927036752, -4.436895910118039], [-70.07303527016148, -4.436435909589534], [-70.07205777004998, -4.435090399702119], [-70.07187376965862, -4.434940909895033], [-70.07167252027051, -4.4348201597225625], [-70.07014301988437, -4.433882899775938], [-70.0700107700809, -4.433779400398976], [-70.06987852027743, -4.433503400261657], [-70.06976926973596, -4.433365400192997], [-70.06961401977111, -4.433261899916658], [-70.06941851974881, -4.433031900102037], [-70.06937252032543, -4.432847899710737], [-70.06940702011781, -4.432681150114888], [-70.06954502018641, -4.432336150392985], [-70.06957951997879, -4.432031399829157], [-70.06956802034784, -4.431168899624993], [-70.06955651981752, -4.430979149867767], [-70.06949901986377, -4.430731900157014], [-70.06917702030313, -4.429863649687661], [-70.06898152028083, -4.429576149919285], [-70.06872851041231, -4.429248400093513], [-70.0662387598108, -4.426637890326333], [-70.06573851012405, -4.426120389844016], [-70.06542801019447, -4.425901889660395], [-70.06500251035749, -4.425574139834623], [-70.06282325968567, -4.424096390036254], [-70.06169625987445, -4.423285640419863], [-70.0614892602211, -4.423187890408769], [-70.06128225966847, -4.42314764035126], [-70.06093725994657, -4.42313613982094], [-70.06060951012068, -4.423067140236299], [-70.06028750966078, -4.422975139590903], [-70.05952274957514, -4.42270488971883], [-70.05906850021108, -4.422538140122981], [-70.05893625040761, -4.422457640007963], [-70.05877525017763, -4.42231963993936], [-70.0583612499716, -4.421945889790948], [-70.05799325008832, -4.421583640172798], [-70.0578322498584, -4.42143988983895], [-70.05768275015873, -4.421204139759141], [-70.05760225004371, -4.42103163989816], [-70.05691224970047, -4.419812640341036], [-70.05685474974689, -4.419622889684547], [-70.05680300005832, -4.419444639558378], [-70.05664775009353, -4.418760390379646], [-70.05647525023255, -4.418231390266328], [-70.05631425000252, -4.417938130340417], [-70.0561934998301, -4.417811639795275], [-70.05599225044199, -4.417731129787683], [-70.05561850029346, -4.4176851303644185], [-70.05508374991501, -4.417690879730287], [-70.05478474961643, -4.417644880306909], [-70.05443974989453, -4.417541380030627], [-70.05398549963104, -4.4173056299508175], [-70.05296775036129, -4.416673129561161], [-70.05279524960105, -4.4166213798727085], [-70.05257100005156, -4.416598379711388], [-70.05227775001805, -4.416632880403029], [-70.05198449009202, -4.416690380356727], [-70.05170849984734, -4.416730630414236], [-70.05146124024395, -4.416736379779991], [-70.0511910002644, -4.416730630414236], [-70.05084024038467, -4.416667380195406], [-70.05033998979866, -4.41655238028801], [-70.05004673976515, -4.416437380380728], [-70.0495464900784, -4.416034879805807], [-70.0477122400278, -4.414810129983437], [-70.04701074005351, -4.414298379766308], [-70.0466772399626, -4.414079879582744], [-70.0461884899068, -4.413619879953444], [-70.04530299044058, -4.412751630383411], [-70.04495798981935, -4.412377880234885], [-70.04427949000643, -4.411595880145683], [-70.04381949037707, -4.411210630366213], [-70.04362399035477, -4.411124379986063], [-70.0433134796333, -4.411055380401422], [-70.04296848980391, -4.41103812960597], [-70.04204847975342, -4.410997880447724], [-70.04159997975523, -4.410894380171385], [-70.04091572967712, -4.410595379872859], [-70.04007048026841, -4.410112370189665], [-70.03762097972441, -4.408910619629353], [-70.03732198032503, -4.408703619975995], [-70.03713222966854, -4.408508119953694], [-70.036982729969, -4.408329869827583], [-70.03648248028213, -4.407720369599247], [-70.0339927197881, -4.405707870321919], [-70.03329121981392, -4.405385869861902], [-70.03263572016226, -4.40525937032362], [-70.03200321977272, -4.405190369839602], [-70.03149721982072, -4.4050178699786215], [-70.03115222009876, -4.404810870325377], [-70.03065771977782, -4.404350869796701], [-70.029887220219, -4.40346537033048], [-70.02966872003537, -4.403016870332181], [-70.02958821992036, -4.402729369664655], [-70.02958821992036, -4.4020393702206775], [-70.02953071996666, -4.400923860147998], [-70.02935822010568, -4.400095859736041], [-70.02903621964577, -4.399428859554121], [-70.02839221962518, -4.397933859859677], [-70.02828872024821, -4.397554360345396], [-70.02839221962518, -4.395622360283653], [-70.0284727197402, -4.395219859708732], [-70.0298297202653, -4.392586349780117], [-70.0304392195942, -4.3915168499226525], [-70.03068071993926, -4.390642850087374], [-69.99184774038088, -4.3963492697029665], [-69.56499525112991, -4.054998153941597], [-69.52238828009496, -4.020925640305961], [-69.43458897330237, -3.603122023362573], [-69.42706536017812, -3.5673200001178884], [-69.1674556018944, -3.311245153940604], [-69.13847644992813, -3.282660590313867], [-69.09857672963233, -3.2365469899515347], [-68.89968906999457, -3.0066850099052544], [-68.81377670722924, -2.906453923909339], [-68.78225265013964, -2.8696758601527677], [-68.69613260963212, -2.7248376101674694], [-68.56592827007353, -2.4997930600015934], [-68.56365407437602, -2.4958623508666733], [-68.53759344997769, -2.4508192998707727], [-68.4730034202716, -2.3431692602530916], [-68.35922049982616, -2.1482211896560557], [-68.31981098289043, -2.0806995499441427], [-68.17941238007717, -1.8401499403673256], [-68.14100749040324, -1.7735814696090415], [-68.0779888317191, -1.6643491268106914], [-67.97389864960297, -1.4839261396795678], [-67.84863314030713, -1.2705833098717676], [-67.79513590180034, -1.1790313354277373], [-67.65877760040581, -0.9456758903300511], [-67.5804866502387, -0.8125812897946503], [-67.52342855778164, -0.7342372760294325], [-67.20273285044061, -0.2939037802352118], [-67.16638424983324, -0.2447581299836088], [-67.13079123892442, -0.23864291094156442], [-66.97537511986582, -0.21194094042203915], [-66.95022281972729, -0.17231135758299843], [-66.93474209956815, -0.1479201698799102], [-66.9354319497246, -0.14767929995963414], [-66.93775361973366, -0.14714048014900527], [-66.9384059996371, -0.14716493990994195], [-66.94398690986793, -0.14827065996291822], [-66.94901886043198, -0.14908611033564512], [-66.95240764979309, -0.1497092101118369], [-66.9533209796794, -0.14982337994490535], [-66.95372056015566, -0.1496602797980131], [-66.9545197202089, -0.14908129986201857], [-66.9555861803579, -0.14818191036681583], [-66.9563725601455, -0.14796841041368225], [-66.95722799977227, -0.14782499013108463], [-66.9576012597903, -0.14788299010785977], [-66.95798892964535, -0.1480012599500924], [-66.95830432008825, -0.1481852396570389], [-66.95871170038458, -0.14849405965310325], [-66.96107056005826, -0.15033383963492497], [-66.96151078989101, -0.15045867992409967], [-66.96196312999433, -0.15037102030623828], [-66.96284353030467, -0.15013306958542216], [-66.9638666997883, -0.14996650974660497], [-66.96450915027702, -0.1498237396737636], [-66.96651760979978, -0.15011699959973157], [-66.96693155964374, -0.15026812977032478], [-66.96729951995678, -0.1504783903653788], [-66.97139301987193, -0.15279782016324361], [-66.97214206970074, -0.15311978015370187], [-66.97333695033996, -0.15346432032202983], [-66.97557364970407, -0.15405917958742066], [-66.97845644990514, -0.15488727982398132], [-66.98345265961251, -0.15621668015558043], [-66.98712311034325, -0.1572724203858229], [-66.98827297002146, -0.1576797997828976], [-66.98863435988778, -0.1579689102369457], [-66.98884461958346, -0.15827773023301006], [-66.98898917031386, -0.15857341023456684], [-66.98954111033396, -0.1600518003502316], [-66.99004705003131, -0.1614119197242303], [-66.99040185955812, -0.16189814987967566], [-66.99080267030689, -0.1622004003281745], [-66.99188024967373, -0.16254206986059216], [-66.99458735022597, -0.1632976901361758], [-66.99646655019109, -0.1637707802971704], [-66.99706018008317, -0.16376737996051816], [-66.9972505395807, -0.16367220021174944], [-66.9975244200159, -0.16355395015460772], [-66.99782160997921, -0.1633152898687058], [-66.9985354495513, -0.16260145029662], [-66.99967959044068, -0.16120166002855285], [-67.00045493015085, -0.16029490958237602], [-67.00070460982982, -0.15976268989618347], [-67.00075061015247, -0.1592107597687118], [-67.00063890985774, -0.1581528899438922], [-67.0005534895518, -0.15629340042005424], [-67.00076043974241, -0.15594652021565025], [-67.00120967988278, -0.15543657044133852], [-67.00195960025525, -0.1548938502709234], [-67.0040293503742, -0.15321833955459851], [-67.00587569990353, -0.15185164973382825], [-67.00621079988844, -0.1517136703495794], [-67.00674959002151, -0.15145741033109061], [-67.00994291982983, -0.15011699959973157], [-67.01349106006433, -0.14865175037795098], [-67.01378016961911, -0.14862547038910634], [-67.01402985019735, -0.1486846098068213], [-67.01770283971416, -0.15100403960462927], [-67.01816935043507, -0.15129315005879107], [-67.01858330027898, -0.15141141990108054], [-67.0189293297247, -0.15142273966762332], [-67.0196608904377, -0.151161730329477], [-67.0217275801636, -0.1498808502209954], [-67.02240741007387, -0.14947307961881506], [-67.0225913897807, -0.14922339993984224], [-67.02279507992898, -0.14884229963229245], [-67.02301847961911, -0.14778442980747286], [-67.0238003798836, -0.1447028002939419], [-67.02397547968462, -0.1444725603603274], [-67.02471611995293, -0.14399903043084805], [-67.02708376960021, -0.14250560005336865], [-67.028294890197, -0.14239981999565998], [-67.0301794204438, -0.14222850004517795], [-67.03143577963743, -0.1417145401937887], [-67.03257792043462, -0.14091504019683043], [-67.03354317987373, -0.1398101304331476], [-67.03523088989363, -0.13774602985529327], [-67.03848487987324, -0.13364211039504426], [-67.04017761980128, -0.13136578959944245]], [[-67.04017761980128, -0.13136578959944245], [-67.04459849992077, -0.1344126396315346], [-67.04532717021272, -0.1348684897889143], [-67.04617479023426, -0.13517392024016317], [-67.04966053010929, -0.13573241002262648], [-67.05045374024786, -0.13565155017886354], [-67.05085220016883, -0.1355540196022389], [-67.05134682999216, -0.13531702036414117], [-67.05548800027094, -0.13203187966746555], [-67.05690718981486, -0.13097543976471115], [-67.05770424995114, -0.1303821102461029], [-67.06336268983625, -0.1306335202207265], [-67.06404544973765, -0.13082561001385784], [-67.06615366026318, -0.13133788993161488], [-67.06649580014096, -0.1313149895950687], [-67.06673793990393, -0.13117943028640866], [-67.06993233001299, -0.12877904981326083], [-67.07408735974377, -0.12572847029264267], [-67.07457367983136, -0.12547037026132557], [-67.07506293980276, -0.12554052997143117], [-67.07542625961412, -0.12584615017959777], [-67.07802707019312, -0.13017414022436924], [-67.07835016962451, -0.130565730224248], [-67.07875612989142, -0.13078737983369138], [-67.08248841980463, -0.13201509022417213], [-67.08358012032625, -0.1328016004134156]], [[-67.04017761980128, -0.13136578959944245], [-67.03752451994052, -0.12951299013235484], [-67.03386018999572, -0.12695897038014436], [-67.03252750983665, -0.12576179017440836], [-67.03022037017388, -0.12313047009507727], [-67.02796694971494, -0.12013306029240312], [-67.02771234984505, -0.11944452044815534], [-67.02749078027523, -0.1150544196257215], [-67.02710609976663, -0.11416557018480944], [-67.02585096994619, -0.11194708029347566], [-67.02513699007994, -0.11057993991221338], [-67.02485451032732, -0.10964846980095899], [-67.02421771027906, -0.10514186990127428], [-67.02397040031366, -0.10416540041285316], [-67.0232496800287, -0.10312181991594116], [-67.02234216965536, -0.10229370978680663], [-67.01973196026165, -0.0998116402948881], [-67.01723599984143, -0.0975092103817019], [-67.01449501013656, -0.09473371998512903], [-67.01410979992721, -0.09372114001848786], [-67.01342635024577, -0.09222113020092593], [-67.01248374023231, -0.09003072973428061], [-67.01103286037812, -0.08669487986475133], [-67.0104383302646, -0.08543068038147794], [-67.00950021955941, -0.08436887962005812], [-67.0056930601865, -0.08044274983291189], [-67.00324586010828, -0.07787184980600159], [-67.00139847995587, -0.07362666034202903], [-67.00135144990941, -0.07293326955465318], [-67.00160453981755, -0.06866671040023675], [-67.00142592007012, -0.06807824981126487], [-67.0011433198083, -0.06762827042825847], [-66.99466816960029, -0.06312416974458301], [-66.99386063955683, -0.06275296018094423], [-66.98378337989897, -0.060987099974624925], [-66.97685525016959, -0.059816090040442305], [-66.97634446042849, -0.059721150410666723], [-66.97569528031289, -0.05944751998703168], [-66.97069641041094, -0.05719422003710406], [-66.97007758960905, -0.0567458603330806], [-66.96692413034424, -0.053270409601623214], [-66.96560435006069, -0.051738820090406534], [-66.96302996965733, -0.049180730006639806], [-66.96221937022773, -0.048537140076916785], [-66.95384450022345, -0.0458161198180278], [-66.94292784034747, -0.04226412958587389], [-66.94239015997783, -0.0418405003387079], [-66.93683407013611, -0.03043504004500619], [-66.93375459000231, -0.02646757022210977], [-66.93163643027697, -0.02362435008359398], [-66.93019446000625, -0.016752550289936607], [-66.92977082985982, -0.01453663965406804], [-66.9295264202081, -0.013909330151420818], [-66.92907021032187, -0.013436820053073006], [-66.92655286042606, -0.011603800275054255], [-66.92230024975669, -0.009428619934794824], [-66.92169739012235, -0.008956099943986828], [-66.92137151987964, -0.008206599554796412], [-66.92094788973321, -0.006593539560128647], [-66.91508447007214, 0.005492860407287026], [-66.91213309026983, 0.011785549863361666], [-66.91138358988076, 0.01260021962451674], [-66.9110644195872, 0.0128117302772921], [-66.90918396956448, 0.014082930083304745], [-66.9071309801106, 0.01550047027058099], [-66.90478471004621, 0.016021860320677206], [-66.89940784969247, 0.017015770361695104], [-66.89412875014159, 0.017863029755176285], [-66.88519989955569, 0.016437349803993584], [-66.88462962955373, 0.016421049591826886], [-66.88419784975088, 0.016535109707660922], [-66.87757526019004, 0.01970673437847381], [-66.87627920042473, 0.02032743026671824], [-66.8757985397707, 0.020506649862170434], [-66.87528530027635, 0.02079178980937968], [-66.8748209299419, 0.021248009588134664], [-66.87325674989899, 0.026266410066796197], [-66.87216508984693, 0.02878375996260729], [-66.86617722020247, 0.037325640366134394], [-66.86260078999442, 0.04226258025397556], [-66.85904065999841, 0.044731040305237], [-66.85595502040775, 0.04848033999587642], [-66.8507228097098, 0.055476620349850236], [-66.8449712000608, 0.06318346044844247], [-66.8437165999411, 0.06422623964937202], [-66.84133775013703, 0.06577413027196144], [-66.83069807965256, 0.06984343033013829], [-66.82988339999883, 0.07029557977728018], [-66.82933349964128, 0.07070291960417308], [-66.82881209969855, 0.07151759026470472], [-66.82625402040662, 0.07682928034716952], [-66.82390775034236, 0.08161956958764449], [-66.8222132297567, 0.08386807974812882], [-66.81965514956539, 0.08711049005722771], [-66.81890376959319, 0.08812316984847257], [-66.81820501974579, 0.08904942029460017], [-66.81493817036022, 0.10315960962833515], [-66.81282000973562, 0.11246321040897556], [-66.8125267300245, 0.11322492988665545], [-66.8027363603947, 0.127816799705613], [-66.80244512034596, 0.12848380978016394], [-66.80077502984363, 0.14107869992216138], [-66.80082754035868, 0.14552263955818034], [-66.80090130005493, 0.15320515029759463], [-66.80108460976686, 0.16400368961865297], [-66.79853467023878, 0.17177569009612625], [-66.79695419987638, 0.17664745971268303], [-66.7963513402421, 0.17840715956282338], [-66.79587067958812, 0.17938477029105115], [-66.79476272022333, 0.181046710237581], [-66.79222908000793, 0.18499787984831073], [-66.79049382013358, 0.18768632036756117], [-66.78932980962293, 0.18886917976891482], [-66.78468981957946, 0.1935091599199268], [-66.78417192969079, 0.19420371982590723], [-66.78389086996765, 0.19494914988348455], [-66.78325135036948, 0.19681882962538566], [-66.78317803044166, 0.19767423957461006], [-66.78320247041756, 0.20049301973716638], [-66.78349981956092, 0.20971107970262892], [-66.78358537026861, 0.21782932995972715], [-66.7835038997851, 0.21844847991343386], [-66.78333689028517, 0.21899839016356282], [-66.78179307988671, 0.22296178965501667], [-66.78112504008845, 0.22486813026006303], [-66.7808073204015, 0.22817570994112657], [-66.78088878998562, 0.22876228015519473], [-66.78101914042094, 0.22921849993394972], [-66.78150793993939, 0.2309781997841469], [-66.78147535030706, 0.23163808992597978], [-66.78092136972532, 0.23262384041805717], [-66.78023705039948, 0.23346296004768874], [-66.77671861027562, 0.23776733029814068], [-66.77583779987447, 0.2383469397595377], [-66.77522678968455, 0.23851395015879007], [-66.77470946996596, 0.23856283011065216], [-66.77399256010852, 0.23842433991143253], [-66.7724039400897, 0.2380781000243246], [-66.77087234967911, 0.23767890985379836], [-66.7694140800956, 0.2373693299306865], [-66.76891712012895, 0.2373041596594021], [-66.76857089013441, 0.23733674029836038], [-66.76809023037981, 0.23739785013077608], [-66.76736924029814, 0.2376055899260905], [-66.76605354023866, 0.2382084495604886], [-66.7638335502781, 0.23926344964866075], [-66.76340991023909, 0.239422320283893], [-66.76309218965275, 0.23947120023586876], [-66.76283148968145, 0.23943860970416608], [-66.76261561012223, 0.23937750976432426], [-66.7623263998434, 0.2392390096725876], [-66.76188240005268, 0.2388683397020941], [-66.76116954973492, 0.23825326008005732], [-66.76003716028663, 0.23710863985195374], [-66.75905139990209, 0.2363876497702222], [-66.75829374985665, 0.23597623961188674], [-66.75787011971022, 0.2358499604075064], [-66.75695360982121, 0.23580107955632457], [-66.75622854041478, 0.23582958986366975], [-66.7540940903699, 0.23611472981110637], [-66.75353197002437, 0.23619212996294436], [-66.75145047026291, 0.23642430973421824], [-66.75102684011648, 0.2363550601378961], [-66.7506968896497, 0.23619620029444377], [-66.75017957982374, 0.23580514988776713], [-66.7499555398162, 0.23555667979707096], [-66.74887608985955, 0.23335298015598482], [-66.74848505024482, 0.2327745595982833], [-66.74805327044197, 0.23252201018277674], [-66.74695345983423, 0.2321635503076891], [-66.74402063034779, 0.2312674100630261], [-66.74335258965027, 0.23109225000746392], [-66.7423016598936, 0.230790819740605], [-66.74146254026391, 0.23062382013318938], [-66.74088005027409, 0.2306156695776167], [-66.7398983602211, 0.2308478502482103], [-66.7384849002579, 0.23137331962306007], [-66.73216301970757, 0.23383363991064243], [-66.7314664696018, 0.23406175024962295], [-66.73043589959707, 0.23441205956896738], [-66.72961714961167, 0.23456684998018318], [-66.72897355968195, 0.234550549768187], [-66.72839514002368, 0.23432244032841254], [-66.72633400990651, 0.23272567964647806], [-66.72465170031569, 0.23159328030578763], [-66.7239225695709, 0.2315321803659458], [-66.72297754038107, 0.23176842956939936], [-66.72240727037916, 0.231923219980672], [-66.72168220996599, 0.23189878000476938], [-66.72085938964909, 0.2316625299018824], [-66.7174621898281, 0.2292755304413845], [-66.71582876018908, 0.22832234979676969], [-66.71511185033154, 0.22804943972994351], [-66.71459452971374, 0.22805758039305601], [-66.71362505964873, 0.22824089010515536], [-66.7101097401723, 0.22962583976072892], [-66.70379192006101, 0.2318376800648707], [-66.70257397990514, 0.23213911033178647], [-66.70241920028582, 0.23215133031982305], [-66.7022277499106, 0.23206172007240866], [-66.70195890028299, 0.23187434002886675], [-66.690496410381, 0.22392718039520787], [-66.68998724031883, 0.22373980035160912], [-66.6892703196695, 0.22376424032751174], [-66.68817865961734, 0.22456261976918768], [-66.68691590984133, 0.22590684002875605], [-66.68620713974758, 0.2267133700261752], [-66.68551466986605, 0.22725106028826758], [-66.6847570198205, 0.2276583902227003], [-66.68374682035937, 0.22776429978273427], [-66.6803292598874, 0.2278702102419743], [-66.67134337969316, 0.22791093963820686], [-66.66821466977109, 0.23146174006734554], [-66.6641579404365, 0.2361676800945247], [-66.66355507990295, 0.23686831042425638], [-66.66277298988155, 0.2374059898946257], [-66.66186055032404, 0.23758522028180096], [-66.66085849962002, 0.23759744026983753], [-66.65974238969949, 0.23762188024574016], [-66.65619871010233, 0.23774152964796258], [-66.65683324026179, 0.240222639563342], [-66.65705957983567, 0.242636949635596], [-66.6567344704194, 0.24479549971272263], [-66.65494706965148, 0.24716374021460297], [-66.65361838967692, 0.24915801023411177], [-66.65246098018997, 0.25010767003306], [-66.65106615957552, 0.25043412033846835], [-66.64596892002959, 0.25161509026418116], [-66.64325283974671, 0.2537276103411159], [-66.63937342973998, 0.2570817704074102], [-66.63922504969622, 0.2582391700017297], [-66.63969988004538, 0.25945592035446907], [-66.64046131983395, 0.26153634003009074], [-66.64053676036315, 0.26312071974552964], [-66.64053676036315, 0.2648559904117178], [-66.63993318037194, 0.26742116985127495], [-66.63940505979559, 0.2704390401297019], [-66.6392541697441, 0.2748903901793369], [-66.63917871032913, 0.28168058998727474], [-66.63940505979559, 0.2857547203041122], [-66.64047148037446, 0.2877084102151457], [-66.64382519977312, 0.29097142039489654], [-66.64514627957703, 0.292914199730717], [-66.64596417970307, 0.2942368200733654], [-66.64498811041295, 0.30021029966576407], [-66.64536534003838, 0.3038317400428241], [-66.64608569969516, 0.30489133027083426], [-66.64775132956015, 0.30727079970779414], [-66.650130809789, 0.30917439018611503], [-66.65143951042495, 0.3115538596230749], [-66.65162742016923, 0.31330783978506815], [-66.65147653011769, 0.31451499976753894], [-66.65064662044506, 0.3169292900548726], [-66.65004303955453, 0.3193435803420357], [-66.64808144010635, 0.32153153015605085], [-66.64476177983221, 0.32492663006001976], [-66.64106488004012, 0.32854807043713663], [-66.63940506968811, 0.32967977010548566], [-66.63706621003746, 0.33028334020411876], [-66.6359309103832, 0.3314226103653368], [-66.6353967202823, 0.3329064503724908], [-66.63533094027065, 0.33571551965559365], [-66.63570816989608, 0.33956328971407856], [-66.63661352999031, 0.34343370020519615], [-66.6359345202618, 0.3446408502951499], [-66.6342838299347, 0.34712172998382584], [-66.63459543962779, 0.35372486001432435], [-66.63495156036618, 0.35440743015891485], [-66.63550059018007, 0.3547635499979833], [-66.63708830997746, 0.3555203097145636], [-66.63955150000169, 0.35660351973666593], [-66.6401302002485, 0.3566925499213198], [-66.64161405014818, 0.35678158999849074], [-66.64285346431586, 0.35680513604825137], [-66.64391323980408, 0.35682527007031695], [-66.64441852029842, 0.35706352026534205], [-66.6449230300737, 0.35756803004062476], [-66.64723783016166, 0.36072862002981765], [-66.6507990699211, 0.3654175898499261], [-66.6526984003109, 0.36794012973336976], [-66.65278742959617, 0.3684446404078585], [-66.65280227020855, 0.3694388202455343], [-66.6526984003109, 0.37046266961664287], [-66.65259453041313, 0.37087815010664826], [-66.65231260014627, 0.3713826598819878], [-66.65188227994315, 0.37182781979817037], [-66.65044295008198, 0.37335617984399505], [-66.64897393989537, 0.37485487035610277], [-66.64878103981312, 0.3753593801314423], [-66.64872168006144, 0.3758193698680543], [-66.64938942038538, 0.3826153999807502], [-66.65007176030343, 0.38825392977508955], [-66.64906223983041, 0.3885206300230948], [-66.64694972964622, 0.3907840302588852], [-66.64596892002959, 0.39244387028855954], [-66.64370552968637, 0.39493361009812133], [-66.6416684699239, 0.3984041397393412], [-66.64053677025566, 0.4019501503793208], [-66.63948267038882, 0.403475840337876], [-66.63650832999537, 0.40451685956549], [-66.6342775796465, 0.404963009635253], [-66.63155860984193, 0.4070050696283829], [-66.62892375992357, 0.4109116904221537], [-66.62773401980905, 0.4118039896625305], [-66.62594942042932, 0.4129937198844118], [-66.6235699500931, 0.41418345010612256], [-66.62163662982653, 0.41567063019545003], [-66.6167340098666, 0.420778079744764], [-66.61545073936009, 0.42233530622945636], [-66.61027689016623, 0.4286136802772944], [-66.60985242994565, 0.4311347398764269], [-66.61052094998178, 0.4326343998576476], [-66.61066549981291, 0.43424247041383524], [-66.61057516021543, 0.434892909580185], [-66.60882587001782, 0.4410925902508893], [-66.60777620021139, 0.44599403030031226], [-66.6067054296118, 0.45027708032301916], [-66.6067054296118, 0.4533704001238448], [-66.60723404031859, 0.4561823598282331], [-66.60809623025676, 0.4607688501023972], [-66.60933425677047, 0.46461749520136664], [-66.6109836700603, 0.4697450104239351], [-66.61278262981443, 0.47435517984774833], [-66.61518929025345, 0.4805226998627745], [-66.61669921959327, 0.4841845701618581], [-66.61610437022046, 0.48739684958491125], [-66.61613084985879, 0.49113088957892614], [-66.61788895970767, 0.4976285696028526], [-66.61753205026389, 0.4995321600811735], [-66.61634231014938, 0.5019116196255595], [-66.6150009902035, 0.504413119869696], [-66.61562846967803, 0.507265440247977], [-66.61889274970059, 0.5199990103462255], [-66.6214581701584, 0.5274909502472269], [-66.62395661990206, 0.5340345001921492], [-66.62550328025208, 0.538317540322339], [-66.62473040018779, 0.5401483099964821], [-66.62312380002328, 0.5431954702947905], [-66.62049735966531, 0.5464785101752909], [-66.62030673486782, 0.5467167909473005], [-66.61788895970767, 0.5497390103471957], [-66.61467667039199, 0.5528323301480214], [-66.61117198000278, 0.5556212204430722], [-66.607782390245, 0.5587597401700464], [-66.60599159993228, 0.5608035601363213], [-66.60615035995107, 0.5685519201350644], [-66.60670544040363, 0.5725819396050156], [-66.60587264031005, 0.5750803902478197], [-66.60492085001715, 0.5787685702135263], [-66.60373110001018, 0.5815049598861037], [-66.60284106166563, 0.5851460837249647], [-66.60242241016607, 0.5868587796090878], [-66.60266035009505, 0.5912608000459727], [-66.60515879983865, 0.6054186597434068], [-66.60611059013155, 0.6114863199377396], [-66.60611059013155, 0.6141037400955156], [-66.60582681985176, 0.6168003095867789], [-66.60401056973194, 0.6212026600748572], [-66.59698123029943, 0.635478750044399], [-66.59567682032895, 0.6372469601791408], [-66.59575988980697, 0.6396830599254599], [-66.59647373027832, 0.6453937998840615], [-66.59754448019356, 0.6465835301059428], [-66.59897218002197, 0.6490819798495977], [-66.59897218002197, 0.6509855496434511], [-66.59889119337384, 0.6528371880858685], [-66.5987204597813, 0.6567406900308015], [-66.5975609800551, 0.6585523796886719], [-66.59538695984025, 0.6598567995518465], [-66.59429994029, 0.6617409403921215], [-66.59381801159185, 0.6635479562732485], [-66.59345959038768, 0.6648918797565102], [-66.59351704987188, 0.666989249853998], [-66.59401007980131, 0.6684079600593122], [-66.5945800997917, 0.6715287496521114], [-66.59647374017095, 0.6763269304434516], [-66.5986599003341, 0.6810099998116925], [-66.60432598985244, 0.6902468403194462], [-66.60877323000051, 0.697386690243718], [-66.61190954009311, 0.7024676502619513], [-66.61690411033635, 0.7065518898579057], [-66.62089772974639, 0.709539919731526], [-66.62586819995744, 0.7112350500576099], [-66.62899988034019, 0.7122693603428729], [-66.63198301970056, 0.71319283008512], [-66.63270617984625, 0.7139070302852701], [-66.63316588000134, 0.7146540395523289], [-66.6333382602524, 0.7166364798897007], [-66.63342446027053, 0.720486439797412], [-66.63359343928568, 0.7235648317517303], [-66.63360476984423, 0.723771260335468], [-66.63376922976607, 0.725341990140862], [-66.63414272990303, 0.7263475697845934], [-66.6354930898342, 0.7278415901172934], [-66.63734560961211, 0.7294255399568783], [-66.6391573100617, 0.731164749653658], [-66.64133132038404, 0.7334837100052027], [-66.64141169009736, 0.7345933798806641], [-66.64083707007467, 0.7388743102013109], [-66.64040609966167, 0.7450227501998938], [-66.64121057021163, 0.7474074204162093], [-66.64318432040005, 0.7492845096724636], [-66.64669392018817, 0.7515715800644216], [-66.65063435009506, 0.7546763797112703], [-66.6567668900799, 0.7589632599465972], [-66.65773092014581, 0.7597905004312793], [-66.65845898969053, 0.7610361298136468], [-66.65905254044236, 0.7653068600236566], [-66.65985701009282, 0.7712829197710107], [-66.6605465598758, 0.7756212996833938], [-66.66074766986895, 0.7767418099865608], [-66.661404809884, 0.7778482701814937], [-66.66262307019849, 0.7792390996048653], [-66.66454017029253, 0.7824305597227408], [-66.66491367042948, 0.783608530409424], [-66.6656319499545, 0.7893547396296867], [-66.66607330034248, 0.7904226198081119], [-66.66810282018889, 0.7948711001213269], [-66.67255612986145, 0.8049844198951064], [-66.6766646700384, 0.8116500204322392], [-66.6769807097919, 0.8125406802083717], [-66.6771530999356, 0.8188040499670706], [-66.67732548018671, 0.8197234502770812], [-66.67913554027291, 0.82365960031035], [-66.68149147984786, 0.8289173796333671], [-66.68177878985921, 0.8297793096675719], [-66.68312914979037, 0.8358702901818447], [-66.68186498987734, 0.8391743598090216], [-66.68114671035232, 0.8417314201690829], [-66.68189371961938, 0.8435414703627089], [-66.6908458500559, 0.8524803996508581], [-66.69459559041411, 0.8554489304239041], [-66.69913234008533, 0.8573611004345025], [-66.70008413037823, 0.8584318701347797], [-66.7011435101648, 0.8635382800677007], [-66.70157447967847, 0.8660378800443027], [-66.70168940044545, 0.867704279728855], [-66.69676636677428, 0.8773000216787068], [-66.69660401036668, 0.877616479616961], [-66.68976186032148, 0.8925286600697291], [-66.6890775499889, 0.8952244903180144], [-66.6885880498985, 0.8965502403013943], [-66.6888466301678, 0.8975845595797978], [-66.69396074998855, 0.906290059938442], [-66.69309881995446, 0.9123810395535088], [-66.69272531981761, 0.9203108098960797], [-66.69238055032207, 0.9228965999981256], [-66.69407567974878, 0.9266603598878191], [-66.6971768902012, 0.9320835901855844], [-66.69921653011869, 0.9333657203518442], [-66.70229275021023, 0.9348199798582755], [-66.70443426982564, 0.9364856196157803], [-66.70635460028456, 0.9390836998529721], [-66.70768587030659, 0.9409332096000753], [-66.70908312988246, 0.9427909697275254], [-66.70946310963478, 0.943252380393119], [-66.70961634961475, 0.9439043897759234], [-66.71211480025778, 0.9462838502195723], [-66.71413735035838, 0.9490202497847804], [-66.71497394019508, 0.9505925399138277], [-66.71509291960251, 0.9553514796871241], [-66.71580676007386, 0.9580878801517088], [-66.71687750998905, 0.9604673396961516], [-66.71925700011036, 0.9647503996114324], [-66.72056568995458, 0.9666539703046624], [-66.72056568995458, 0.9687954998125292], [-66.72036952443398, 0.9703068159070085], [-66.71979438999904, 0.9747377999096329], [-66.71979438999904, 0.9775931501038144], [-66.72050822957112, 0.9794967396829293], [-66.7251481998295, 0.9821141499481882], [-66.72609998022989, 0.9840177296345587], [-66.7277656298798, 0.9885387303781386], [-66.72824151963039, 0.9912751200508296], [-66.72985004973992, 0.9931200603426191], [-66.73163465991155, 0.9956184903011831], [-66.7344900199983, 0.999901550216407], [-66.73663155040566, 1.0066830499827688], [-66.73817821974899, 1.0110850704198242], [-66.73901101984268, 1.012393780049024], [-66.74210433964345, 1.0114419897560651], [-66.74555456978754, 1.0110850704198242], [-66.74793404012382, 1.0109661000055326], [-66.75078941999567, 1.012869669799386], [-66.75269298978958, 1.0144163301495723], [-66.75367232002151, 1.0175271804350814], [-66.75426719997125, 1.0237138101443861], [-66.75843126968732, 1.0331127201760069], [-66.76224940978233, 1.0407740500824616], [-66.76581861034055, 1.048388379620178], [-66.76914987996292, 1.0544560200293063], [-66.77082070970795, 1.0601997201410995], [-66.77097178142247, 1.0609298985960436], [-66.7715345501793, 1.0636499502850256], [-66.77379505999392, 1.0674571096580507], [-66.77712631972378, 1.0734057904448946], [-66.78005607982419, 1.081443490224956], [-66.78564785026799, 1.0964341698012277], [-66.7890980903046, 1.1054761703891245], [-66.79052577034798, 1.1098781899266328], [-66.79290524967752, 1.1129714899424243], [-66.79683009163534, 1.1191396862475926], [-66.797563879969, 1.1202928896053095], [-66.7985846698466, 1.1212924096171264], [-66.80327461992772, 1.1258846402640756], [-66.81184071008067, 1.13314202978097], [-66.82207244988354, 1.1418271002406186], [-66.82293109019759, 1.143372640035409], [-66.82326218010542, 1.1439686198560821], [-66.82504679027704, 1.1520588400435372], [-66.8257583095982, 1.1559853898140204], [-66.8282176100546, 1.1698602904201039], [-66.82893144962662, 1.1724777195711908], [-66.8300022103337, 1.1785453698730635], [-66.83178681960595, 1.1802110096305682], [-66.83499910982101, 1.1823525301452378], [-66.83702165992156, 1.183542260367119]]]}}, {"id": "43", "type": "Feature", "properties": {"Codigo_BR": "307", "Unidade_Fe": "AM", "Km_inicial": "0,00", "Km_final": "0,00", "Rodovia": "BR-307/AM", "Contratada": "CONS\u00d3RCIO SUPERVISOR STE/LBR/LAGHI", "Contrato": "00711/2025", "Escopo": "SUPERVIS\u00c3O", "Interv": "SUPERVIS\u00c3O", "Edital": "090201/2025-01", "Processo": "50601.002318/2025-91", "Situacao": "ATIVO", "Gestao": "CGMRR", "Fiscaliz": "SRE/AM", "Fiscal_tec": "GUSTAVO FREDERICO BOERGER", "ini_vigenc": "17/12/25", "fin_vigenc": "16/06/30", "in_servi": "02/01/26", "fin_servic": "02/01/30", "supervisao": null}, "geometry": {"type": "MultiLineString", "coordinates": [[[-72.71315077039168, -7.5054597195903625], [-72.71358531021383, -7.504556630284242], [-72.7139754702917, -7.501959069855104], [-72.71471864035288, -7.500136109893447], [-72.71509682955497, -7.498571710416002], [-72.71687871028416, -7.496591700046849], [-72.71931791988601, -7.490464809603225], [-72.7195771602577, -7.489813630294691], [-72.71981359022493, -7.488787459773334], [-72.72033510977747, -7.487437130419153], [-72.72031493978261, -7.4868774598268715], [-72.71949240005421, -7.484684120375732], [-72.71870414967668, -7.4834693800078185], [-72.74150170004339, -7.349781889722408], [-72.7916515000166, -7.208884840362998], [-72.81643024965621, -7.075460759706175], [-72.8226966096608, -7.041718839552686], [-72.83224895032873, -6.96291202027345], [-72.80836809011515, -6.862612420326855], [-72.80189452001599, -6.842430090376297], [-72.72717317959848, -6.60947534990737], [-72.66587212979493, -6.420317799926465], [-72.65241741762964, -6.378800404315143], [-72.5234583297381, -5.980869499627602], [-72.51615733839043, -5.958340726942936], [-72.4764241896246, -5.835735600217731], [-72.41346579001413, -5.63520143030172], [-72.41194587999831, -5.63036024033272], [-72.21612285988203, -5.458418069638128], [-72.06688597990393, -5.314866409557112], [-71.96537386990809, -5.217221420332237], [-71.86785657362196, -5.142133101661216], [-71.726565310041, -5.033338830322634], [-71.65845826024042, -4.987934129556322], [-71.47581631017448, -4.866172840304216], [-71.24178392019166, -4.706171099716414], [-71.20527209982748, -4.685633200311884], [-71.16536517955933, -4.663185559965598], [-70.76134351559074, -4.541538749014023], [-70.305813239889, -4.404383220209354], [-70.1880584096678, -4.3689940802125875], [-70.18578139999153, -4.370190079608449], [-70.1855628998079, -4.370236079931033], [-70.18521790008595, -4.370144080185071], [-70.18502240006364, -4.36994858016277], [-70.18442440036569, -4.369063079797229], [-70.1840793997444, -4.368695079913948], [-70.18369990023018, -4.3684420799379495], [-70.18325140023188, -4.368430580307006], [-70.18259589968096, -4.368568580375609], [-70.18222789979762, -4.368741080236589], [-70.18190590023698, -4.369051580166172], [-70.18175639963806, -4.369500080164471], [-70.18160689993846, -4.37012108002375], [-70.18129640000876, -4.370408579792013], [-70.18083640037952, -4.370650080137068], [-70.18072139957286, -4.370776579675294], [-70.18070989994192, -4.370949080435651], [-70.18084790001046, -4.371627580248571], [-70.1808248998492, -4.37190358038589], [-70.18051439991956, -4.372145079831512], [-70.17955989996938, -4.372731579898414], [-70.1790998904475, -4.373076579620374], [-70.17882389031018, -4.373122579943015], [-70.17849039021928, -4.372973080243412], [-70.17806489038236, -4.3724095803378304], [-70.17746688978508, -4.371685080202269], [-70.1765123898349, -4.370650080137068], [-70.17619039027426, -4.370454580114654], [-70.17592588976788, -4.370512080068352], [-70.17569588995332, -4.370776579675294], [-70.1756153898383, -4.371167579720009], [-70.17591439013694, -4.372340579853812], [-70.17591439013694, -4.372685579575773], [-70.17568439032226, -4.373249080380731], [-70.17529339027766, -4.373479080195352], [-70.17485638991042, -4.3735940801026345], [-70.17407438982121, -4.373605579733692], [-70.17383289037548, -4.3736515800563325], [-70.17351088991552, -4.373904580032274], [-70.17309688970965, -4.374502579730176], [-70.17280938994134, -4.375250080027115], [-70.17270588966505, -4.375583590010592], [-70.17241838989673, -4.376204589869872], [-70.17132588987789, -4.377929590278313], [-70.17108439043221, -4.378136589931557], [-70.17067038033366, -4.378332089953858], [-70.16938238029257, -4.378757589790837], [-70.16927888001618, -4.378872589698233], [-70.16919837990127, -4.379056590089476], [-70.1691638801089, -4.379620089995058], [-70.16938238029257, -4.380689589852636], [-70.1694743800386, -4.381103590058558], [-70.16948587966954, -4.3814025903571405], [-70.16937087976225, -4.38183958982512], [-70.1692098804316, -4.382069589639798], [-70.168818880387, -4.382449090053399], [-70.16839337965064, -4.3827595899830385], [-70.1677378799991, -4.383127589866319], [-70.16751937981547, -4.38334609004994], [-70.16740437990819, -4.383564590233618], [-70.16738137974676, -4.383760090255919], [-70.16742738006951, -4.3841050899778224], [-70.16788737969875, -4.386048599563196], [-70.16823238032003, -4.387152600112302], [-70.16831288043505, -4.38755509978796], [-70.16834738022732, -4.387865599717543], [-70.16833587969705, -4.388245100131201], [-70.16826688011241, -4.388670599968179], [-70.1679333800214, -4.389993099801643], [-70.1678068795838, -4.390303599731226], [-70.16749637965415, -4.390809599683223], [-70.16702488039385, -4.3916490997261235], [-70.1668983799562, -4.391959599655706], [-70.1668983799562, -4.392235599793025], [-70.16699037970216, -4.393017609774802], [-70.16695587990989, -4.393535110257062], [-70.16676037988759, -4.394064110370323], [-70.16655338023423, -4.394731109652923], [-70.16651888044191, -4.395053110112826], [-70.16658788002661, -4.395536109903503], [-70.16674888025653, -4.396467609692365], [-70.16673737972627, -4.396720609668364], [-70.16665687961125, -4.396973609644249], [-70.16648437975027, -4.397157610035606], [-70.16623137977433, -4.397353110057907], [-70.16587488042137, -4.397433610172925], [-70.165610379915, -4.397525609918887], [-70.16536887957011, -4.3977786098948854], [-70.16525387966271, -4.398330610169467], [-70.16528838035435, -4.398871109913671], [-70.16548388037666, -4.399618610210666], [-70.16549538000771, -4.399802609702647], [-70.16544937968507, -4.399998109724947], [-70.16517338044707, -4.400320110184907], [-70.16493188010213, -4.400515610207208], [-70.16486287961811, -4.4007571096528295], [-70.16486287961811, -4.401228609812449], [-70.16479388003341, -4.401815119771925], [-70.16462138017243, -4.40274661956073], [-70.16454088005753, -4.4041726196705895], [-70.16440287998881, -4.404575120245568], [-70.16424187975889, -4.404966120290169], [-70.16420737996651, -4.405276620219752], [-70.16424187975889, -4.405748120379428], [-70.16413838038187, -4.406058620309011], [-70.16302288020165, -4.407174119589854], [-70.16260887999579, -4.4073811201425315], [-70.16184987017527, -4.4077031197031715], [-70.16145887013067, -4.408117119909093], [-70.16104486992475, -4.409106119651653], [-70.16040086990415, -4.409865130371429], [-70.15941187016159, -4.410624130299311], [-70.15883686972563, -4.411291129581855], [-70.15849187000379, -4.412073129671171], [-70.15828487035043, -4.413016129990353], [-70.15816987044315, -4.413637129849633], [-70.15807786979775, -4.414419129938835], [-70.15791686956777, -4.415086130120756], [-70.15759487000719, -4.416098130024636], [-70.15734187003119, -4.416443129746597], [-70.15690486966395, -4.416719129883916], [-70.15614586973601, -4.41694912969848], [-70.15230485988133, -4.417156130251101], [-70.15182186009065, -4.416995130021121], [-70.15110885958609, -4.416535130391935], [-70.15071786044086, -4.416075129863316], [-70.15044186030354, -4.415615130234016], [-70.15005086025889, -4.415224130189358], [-70.1496828603756, -4.415086130120756], [-70.14906185961706, -4.415224130189358], [-70.14830285968918, -4.415500130326734], [-70.14733686010788, -4.416075129863316], [-70.14666985992608, -4.416650130299217], [-70.1457958600908, -4.41694912969848], [-70.14457684974178, -4.417363129904402], [-70.14367984974518, -4.417409130227156], [-70.14287485039392, -4.417639130041721], [-70.1416328497761, -4.418145129993718], [-70.14087384984822, -4.418674139999496], [-70.14022984982762, -4.419272139697398], [-70.13983884978308, -4.419824139971979], [-70.13917184960115, -4.420629140222616], [-70.13857384990314, -4.421411140311818], [-70.1382518503425, -4.421779140195099], [-70.13763084958396, -4.422262139985662], [-70.1370788502087, -4.423021139913544], [-70.13648083971896, -4.424217140208782], [-70.13608983967424, -4.424539139769422], [-70.1354918399764, -4.4247691395841], [-70.13500884018572, -4.424999140298041], [-70.13466383956444, -4.425367140181322], [-70.13296184021664, -4.427994899844691], [-70.1328180898829, -4.4282823996130105], [-70.13270884024075, -4.42865614976148], [-70.13250183968813, -4.4295646502883415], [-70.13228908976959, -4.430570899926977], [-70.13197283957481, -4.432249900012778], [-70.1317428397602, -4.4334459003080156], [-70.13151283994551, -4.43464189970382], [-70.13132883955421, -4.435124910286277], [-70.13106433994722, -4.435538899700418], [-70.13065033974135, -4.4362404095671195], [-70.13048934041069, -4.436481909912118], [-70.13024784006575, -4.436677409934418], [-70.12992583960573, -4.436999410394378], [-70.12961533967615, -4.437160409725095], [-70.1273613301612, -4.437689409838299], [-70.12670582961033, -4.437873410229656], [-70.12605032995867, -4.438091910413277], [-70.12567083044445, -4.438126410205541], [-70.12464733001019, -4.438137909836598], [-70.12333632980767, -4.438275909905201], [-70.1220713299279, -4.438873909603217], [-70.12099033043938, -4.43951790962376], [-70.11954133016815, -4.439885910406417], [-70.11544732033752, -4.440253910289641], [-70.11480332031692, -4.44036891019698], [-70.11402132022772, -4.440713909918884], [-70.1135613196991, -4.440920909572299], [-70.1129633200012, -4.440943909733562], [-70.11234232014192, -4.440897910310184], [-70.11183632018992, -4.441104909963599], [-70.11160632037536, -4.441403910262181], [-70.11128431002282, -4.441932910375385], [-70.11103131004683, -4.442254909936082], [-70.1103643098649, -4.4424389103273825], [-70.10914531030778, -4.442369909843364], [-70.10691430994734, -4.442185910351384], [-70.1051663102769, -4.442024910121404], [-70.10392430965908, -4.441564909592842], [-70.1014403003295, -4.440644910334299], [-70.0998302998284, -4.439977910152322], [-70.09909430006184, -4.439816909922399], [-70.09796730025067, -4.439632910430419], [-70.09711629967745, -4.439494910361759], [-70.09635729974957, -4.43919591006312], [-70.09497729996241, -4.438505909719936], [-70.09426430035711, -4.438045910090636], [-70.09394229000458, -4.4378849098606], [-70.09371229019001, -4.4378849098606], [-70.09348229037528, -4.43790791002192], [-70.09325228966134, -4.438091910413277], [-70.09316028991537, -4.438275909905201], [-70.09295329026207, -4.4383679096512765], [-70.09260828964074, -4.438390909812597], [-70.09184928971285, -4.438390909812597], [-70.09102129020033, -4.4382529097438805], [-70.09051529024833, -4.438068910251957], [-70.08987129022785, -4.438045910090636], [-70.08874429041657, -4.438022909929316], [-70.08745629037548, -4.438022909929316], [-70.08635228982627, -4.437953910344618], [-70.08586929003565, -4.437861909699336], [-70.08529427970723, -4.437815910275958], [-70.08465027968663, -4.437976909606618], [-70.08421328021865, -4.438275909905201], [-70.08361527962143, -4.438482909558559], [-70.08315527999207, -4.43855191004252], [-70.08248827981015, -4.438666909949802], [-70.08207427960429, -4.438827910179839], [-70.08147627990627, -4.438942910087121], [-70.08101628027703, -4.438965910248442], [-70.0808552800471, -4.438965910248442], [-70.08044127984107, -4.43889690976448], [-70.08007327995779, -4.438873909603217], [-70.07984328014322, -4.438873909603217], [-70.07961328032854, -4.438781909857198], [-70.0793832796146, -4.438597910365218], [-70.07919928012262, -4.438413909973917], [-70.07908428021534, -4.438321910227955], [-70.07885428040066, -4.438321910227955], [-70.07841728003342, -4.438436910135238], [-70.07781928033546, -4.438482909558559], [-70.07749726998293, -4.438459910296558], [-70.0756572696672, -4.438137909836598], [-70.07425426971872, -4.437332909586019], [-70.07344927036752, -4.436895910118039], [-70.07303527016148, -4.436435909589534], [-70.07205777004998, -4.435090399702119], [-70.07187376965862, -4.434940909895033], [-70.07167252027051, -4.4348201597225625], [-70.07014301988437, -4.433882899775938], [-70.0700107700809, -4.433779400398976], [-70.06987852027743, -4.433503400261657], [-70.06976926973596, -4.433365400192997], [-70.06961401977111, -4.433261899916658], [-70.06941851974881, -4.433031900102037], [-70.06937252032543, -4.432847899710737], [-70.06940702011781, -4.432681150114888], [-70.06954502018641, -4.432336150392985], [-70.06957951997879, -4.432031399829157], [-70.06956802034784, -4.431168899624993], [-70.06955651981752, -4.430979149867767], [-70.06949901986377, -4.430731900157014], [-70.06917702030313, -4.429863649687661], [-70.06898152028083, -4.429576149919285], [-70.06872851041231, -4.429248400093513], [-70.0662387598108, -4.426637890326333], [-70.06573851012405, -4.426120389844016], [-70.06542801019447, -4.425901889660395], [-70.06500251035749, -4.425574139834623], [-70.06282325968567, -4.424096390036254], [-70.06169625987445, -4.423285640419863], [-70.0614892602211, -4.423187890408769], [-70.06128225966847, -4.42314764035126], [-70.06093725994657, -4.42313613982094], [-70.06060951012068, -4.423067140236299], [-70.06028750966078, -4.422975139590903], [-70.05952274957514, -4.42270488971883], [-70.05906850021108, -4.422538140122981], [-70.05893625040761, -4.422457640007963], [-70.05877525017763, -4.42231963993936], [-70.0583612499716, -4.421945889790948], [-70.05799325008832, -4.421583640172798], [-70.0578322498584, -4.42143988983895], [-70.05768275015873, -4.421204139759141], [-70.05760225004371, -4.42103163989816], [-70.05691224970047, -4.419812640341036], [-70.05685474974689, -4.419622889684547], [-70.05680300005832, -4.419444639558378], [-70.05664775009353, -4.418760390379646], [-70.05647525023255, -4.418231390266328], [-70.05631425000252, -4.417938130340417], [-70.0561934998301, -4.417811639795275], [-70.05599225044199, -4.417731129787683], [-70.05561850029346, -4.4176851303644185], [-70.05508374991501, -4.417690879730287], [-70.05478474961643, -4.417644880306909], [-70.05443974989453, -4.417541380030627], [-70.05398549963104, -4.4173056299508175], [-70.05296775036129, -4.416673129561161], [-70.05279524960105, -4.4166213798727085], [-70.05257100005156, -4.416598379711388], [-70.05227775001805, -4.416632880403029], [-70.05198449009202, -4.416690380356727], [-70.05170849984734, -4.416730630414236], [-70.05146124024395, -4.416736379779991], [-70.0511910002644, -4.416730630414236], [-70.05084024038467, -4.416667380195406], [-70.05033998979866, -4.41655238028801], [-70.05004673976515, -4.416437380380728], [-70.0495464900784, -4.416034879805807], [-70.0477122400278, -4.414810129983437], [-70.04701074005351, -4.414298379766308], [-70.0466772399626, -4.414079879582744], [-70.0461884899068, -4.413619879953444], [-70.04530299044058, -4.412751630383411], [-70.04495798981935, -4.412377880234885], [-70.04427949000643, -4.411595880145683], [-70.04381949037707, -4.411210630366213], [-70.04362399035477, -4.411124379986063], [-70.0433134796333, -4.411055380401422], [-70.04296848980391, -4.41103812960597], [-70.04204847975342, -4.410997880447724], [-70.04159997975523, -4.410894380171385], [-70.04091572967712, -4.410595379872859], [-70.04007048026841, -4.410112370189665], [-70.03762097972441, -4.408910619629353], [-70.03732198032503, -4.408703619975995], [-70.03713222966854, -4.408508119953694], [-70.036982729969, -4.408329869827583], [-70.03648248028213, -4.407720369599247], [-70.0339927197881, -4.405707870321919], [-70.03329121981392, -4.405385869861902], [-70.03263572016226, -4.40525937032362], [-70.03200321977272, -4.405190369839602], [-70.03149721982072, -4.4050178699786215], [-70.03115222009876, -4.404810870325377], [-70.03065771977782, -4.404350869796701], [-70.029887220219, -4.40346537033048], [-70.02966872003537, -4.403016870332181], [-70.02958821992036, -4.402729369664655], [-70.02958821992036, -4.4020393702206775], [-70.02953071996666, -4.400923860147998], [-70.02935822010568, -4.400095859736041], [-70.02903621964577, -4.399428859554121], [-70.02839221962518, -4.397933859859677], [-70.02828872024821, -4.397554360345396], [-70.02839221962518, -4.395622360283653], [-70.0284727197402, -4.395219859708732], [-70.0298297202653, -4.392586349780117], [-70.0304392195942, -4.3915168499226525], [-70.03068071993926, -4.390642850087374], [-69.99184774038088, -4.3963492697029665], [-69.56499525112991, -4.054998153941597], [-69.52238828009496, -4.020925640305961], [-69.43458897330237, -3.603122023362573], [-69.42706536017812, -3.5673200001178884], [-69.1674556018944, -3.311245153940604], [-69.13847644992813, -3.282660590313867], [-69.09857672963233, -3.2365469899515347], [-68.89968906999457, -3.0066850099052544], [-68.81377670722924, -2.906453923909339], [-68.78225265013964, -2.8696758601527677], [-68.69613260963212, -2.7248376101674694], [-68.56592827007353, -2.4997930600015934], [-68.56365407437602, -2.4958623508666733], [-68.53759344997769, -2.4508192998707727], [-68.4730034202716, -2.3431692602530916], [-68.35922049982616, -2.1482211896560557], [-68.31981098289043, -2.0806995499441427], [-68.17941238007717, -1.8401499403673256], [-68.14100749040324, -1.7735814696090415], [-68.0779888317191, -1.6643491268106914], [-67.97389864960297, -1.4839261396795678], [-67.84863314030713, -1.2705833098717676], [-67.79513590180034, -1.1790313354277373], [-67.65877760040581, -0.9456758903300511], [-67.5804866502387, -0.8125812897946503], [-67.52342855778164, -0.7342372760294325], [-67.20273285044061, -0.2939037802352118], [-67.16638424983324, -0.2447581299836088], [-67.13079123892442, -0.23864291094156442], [-66.97537511986582, -0.21194094042203915], [-66.95022281972729, -0.17231135758299843], [-66.93474209956815, -0.1479201698799102], [-66.9354319497246, -0.14767929995963414], [-66.93775361973366, -0.14714048014900527], [-66.9384059996371, -0.14716493990994195], [-66.94398690986793, -0.14827065996291822], [-66.94901886043198, -0.14908611033564512], [-66.95240764979309, -0.1497092101118369], [-66.9533209796794, -0.14982337994490535], [-66.95372056015566, -0.1496602797980131], [-66.9545197202089, -0.14908129986201857], [-66.9555861803579, -0.14818191036681583], [-66.9563725601455, -0.14796841041368225], [-66.95722799977227, -0.14782499013108463], [-66.9576012597903, -0.14788299010785977], [-66.95798892964535, -0.1480012599500924], [-66.95830432008825, -0.1481852396570389], [-66.95871170038458, -0.14849405965310325], [-66.96107056005826, -0.15033383963492497], [-66.96151078989101, -0.15045867992409967], [-66.96196312999433, -0.15037102030623828], [-66.96284353030467, -0.15013306958542216], [-66.9638666997883, -0.14996650974660497], [-66.96450915027702, -0.1498237396737636], [-66.96651760979978, -0.15011699959973157], [-66.96693155964374, -0.15026812977032478], [-66.96729951995678, -0.1504783903653788], [-66.97139301987193, -0.15279782016324361], [-66.97214206970074, -0.15311978015370187], [-66.97333695033996, -0.15346432032202983], [-66.97557364970407, -0.15405917958742066], [-66.97845644990514, -0.15488727982398132], [-66.98345265961251, -0.15621668015558043], [-66.98712311034325, -0.1572724203858229], [-66.98827297002146, -0.1576797997828976], [-66.98863435988778, -0.1579689102369457], [-66.98884461958346, -0.15827773023301006], [-66.98898917031386, -0.15857341023456684], [-66.98954111033396, -0.1600518003502316], [-66.99004705003131, -0.1614119197242303], [-66.99040185955812, -0.16189814987967566], [-66.99080267030689, -0.1622004003281745], [-66.99188024967373, -0.16254206986059216], [-66.99458735022597, -0.1632976901361758], [-66.99646655019109, -0.1637707802971704], [-66.99706018008317, -0.16376737996051816], [-66.9972505395807, -0.16367220021174944], [-66.9975244200159, -0.16355395015460772], [-66.99782160997921, -0.1633152898687058], [-66.9985354495513, -0.16260145029662], [-66.99967959044068, -0.16120166002855285], [-67.00045493015085, -0.16029490958237602], [-67.00070460982982, -0.15976268989618347], [-67.00075061015247, -0.1592107597687118], [-67.00063890985774, -0.1581528899438922], [-67.0005534895518, -0.15629340042005424], [-67.00076043974241, -0.15594652021565025], [-67.00120967988278, -0.15543657044133852], [-67.00195960025525, -0.1548938502709234], [-67.0040293503742, -0.15321833955459851], [-67.00587569990353, -0.15185164973382825], [-67.00621079988844, -0.1517136703495794], [-67.00674959002151, -0.15145741033109061], [-67.00994291982983, -0.15011699959973157], [-67.01349106006433, -0.14865175037795098], [-67.01378016961911, -0.14862547038910634], [-67.01402985019735, -0.1486846098068213], [-67.01770283971416, -0.15100403960462927], [-67.01816935043507, -0.15129315005879107], [-67.01858330027898, -0.15141141990108054], [-67.0189293297247, -0.15142273966762332], [-67.0196608904377, -0.151161730329477], [-67.0217275801636, -0.1498808502209954], [-67.02240741007387, -0.14947307961881506], [-67.0225913897807, -0.14922339993984224], [-67.02279507992898, -0.14884229963229245], [-67.02301847961911, -0.14778442980747286], [-67.0238003798836, -0.1447028002939419], [-67.02397547968462, -0.1444725603603274], [-67.02471611995293, -0.14399903043084805], [-67.02708376960021, -0.14250560005336865], [-67.028294890197, -0.14239981999565998], [-67.0301794204438, -0.14222850004517795], [-67.03143577963743, -0.1417145401937887], [-67.03257792043462, -0.14091504019683043], [-67.03354317987373, -0.1398101304331476], [-67.03523088989363, -0.13774602985529327], [-67.03848487987324, -0.13364211039504426], [-67.04017761980128, -0.13136578959944245]], [[-67.04017761980128, -0.13136578959944245], [-67.04459849992077, -0.1344126396315346], [-67.04532717021272, -0.1348684897889143], [-67.04617479023426, -0.13517392024016317], [-67.04966053010929, -0.13573241002262648], [-67.05045374024786, -0.13565155017886354], [-67.05085220016883, -0.1355540196022389], [-67.05134682999216, -0.13531702036414117], [-67.05548800027094, -0.13203187966746555], [-67.05690718981486, -0.13097543976471115], [-67.05770424995114, -0.1303821102461029], [-67.06336268983625, -0.1306335202207265], [-67.06404544973765, -0.13082561001385784], [-67.06615366026318, -0.13133788993161488], [-67.06649580014096, -0.1313149895950687], [-67.06673793990393, -0.13117943028640866], [-67.06993233001299, -0.12877904981326083], [-67.07408735974377, -0.12572847029264267], [-67.07457367983136, -0.12547037026132557], [-67.07506293980276, -0.12554052997143117], [-67.07542625961412, -0.12584615017959777], [-67.07802707019312, -0.13017414022436924], [-67.07835016962451, -0.130565730224248], [-67.07875612989142, -0.13078737983369138], [-67.08248841980463, -0.13201509022417213], [-67.08358012032625, -0.1328016004134156]], [[-67.04017761980128, -0.13136578959944245], [-67.03752451994052, -0.12951299013235484], [-67.03386018999572, -0.12695897038014436], [-67.03252750983665, -0.12576179017440836], [-67.03022037017388, -0.12313047009507727], [-67.02796694971494, -0.12013306029240312], [-67.02771234984505, -0.11944452044815534], [-67.02749078027523, -0.1150544196257215], [-67.02710609976663, -0.11416557018480944], [-67.02585096994619, -0.11194708029347566], [-67.02513699007994, -0.11057993991221338], [-67.02485451032732, -0.10964846980095899], [-67.02421771027906, -0.10514186990127428], [-67.02397040031366, -0.10416540041285316], [-67.0232496800287, -0.10312181991594116], [-67.02234216965536, -0.10229370978680663], [-67.01973196026165, -0.0998116402948881], [-67.01723599984143, -0.0975092103817019], [-67.01449501013656, -0.09473371998512903], [-67.01410979992721, -0.09372114001848786], [-67.01342635024577, -0.09222113020092593], [-67.01248374023231, -0.09003072973428061], [-67.01103286037812, -0.08669487986475133], [-67.0104383302646, -0.08543068038147794], [-67.00950021955941, -0.08436887962005812], [-67.0056930601865, -0.08044274983291189], [-67.00324586010828, -0.07787184980600159], [-67.00139847995587, -0.07362666034202903], [-67.00135144990941, -0.07293326955465318], [-67.00160453981755, -0.06866671040023675], [-67.00142592007012, -0.06807824981126487], [-67.0011433198083, -0.06762827042825847], [-66.99466816960029, -0.06312416974458301], [-66.99386063955683, -0.06275296018094423], [-66.98378337989897, -0.060987099974624925], [-66.97685525016959, -0.059816090040442305], [-66.97634446042849, -0.059721150410666723], [-66.97569528031289, -0.05944751998703168], [-66.97069641041094, -0.05719422003710406], [-66.97007758960905, -0.0567458603330806], [-66.96692413034424, -0.053270409601623214], [-66.96560435006069, -0.051738820090406534], [-66.96302996965733, -0.049180730006639806], [-66.96221937022773, -0.048537140076916785], [-66.95384450022345, -0.0458161198180278], [-66.94292784034747, -0.04226412958587389], [-66.94239015997783, -0.0418405003387079], [-66.93683407013611, -0.03043504004500619], [-66.93375459000231, -0.02646757022210977], [-66.93163643027697, -0.02362435008359398], [-66.93019446000625, -0.016752550289936607], [-66.92977082985982, -0.01453663965406804], [-66.9295264202081, -0.013909330151420818], [-66.92907021032187, -0.013436820053073006], [-66.92655286042606, -0.011603800275054255], [-66.92230024975669, -0.009428619934794824], [-66.92169739012235, -0.008956099943986828], [-66.92137151987964, -0.008206599554796412], [-66.92094788973321, -0.006593539560128647], [-66.91508447007214, 0.005492860407287026], [-66.91213309026983, 0.011785549863361666], [-66.91138358988076, 0.01260021962451674], [-66.9110644195872, 0.0128117302772921], [-66.90918396956448, 0.014082930083304745], [-66.9071309801106, 0.01550047027058099], [-66.90478471004621, 0.016021860320677206], [-66.89940784969247, 0.017015770361695104], [-66.89412875014159, 0.017863029755176285], [-66.88519989955569, 0.016437349803993584], [-66.88462962955373, 0.016421049591826886], [-66.88419784975088, 0.016535109707660922], [-66.87757526019004, 0.01970673437847381], [-66.87627920042473, 0.02032743026671824], [-66.8757985397707, 0.020506649862170434], [-66.87528530027635, 0.02079178980937968], [-66.8748209299419, 0.021248009588134664], [-66.87325674989899, 0.026266410066796197], [-66.87216508984693, 0.02878375996260729], [-66.86617722020247, 0.037325640366134394], [-66.86260078999442, 0.04226258025397556], [-66.85904065999841, 0.044731040305237], [-66.85595502040775, 0.04848033999587642], [-66.8507228097098, 0.055476620349850236], [-66.8449712000608, 0.06318346044844247], [-66.8437165999411, 0.06422623964937202], [-66.84133775013703, 0.06577413027196144], [-66.83069807965256, 0.06984343033013829], [-66.82988339999883, 0.07029557977728018], [-66.82933349964128, 0.07070291960417308], [-66.82881209969855, 0.07151759026470472], [-66.82625402040662, 0.07682928034716952], [-66.82390775034236, 0.08161956958764449], [-66.8222132297567, 0.08386807974812882], [-66.81965514956539, 0.08711049005722771], [-66.81890376959319, 0.08812316984847257], [-66.81820501974579, 0.08904942029460017], [-66.81493817036022, 0.10315960962833515], [-66.81282000973562, 0.11246321040897556], [-66.8125267300245, 0.11322492988665545], [-66.8027363603947, 0.127816799705613], [-66.80244512034596, 0.12848380978016394], [-66.80077502984363, 0.14107869992216138], [-66.80082754035868, 0.14552263955818034], [-66.80090130005493, 0.15320515029759463], [-66.80108460976686, 0.16400368961865297], [-66.79853467023878, 0.17177569009612625], [-66.79695419987638, 0.17664745971268303], [-66.7963513402421, 0.17840715956282338], [-66.79587067958812, 0.17938477029105115], [-66.79476272022333, 0.181046710237581], [-66.79222908000793, 0.18499787984831073], [-66.79049382013358, 0.18768632036756117], [-66.78932980962293, 0.18886917976891482], [-66.78468981957946, 0.1935091599199268], [-66.78417192969079, 0.19420371982590723], [-66.78389086996765, 0.19494914988348455], [-66.78325135036948, 0.19681882962538566], [-66.78317803044166, 0.19767423957461006], [-66.78320247041756, 0.20049301973716638], [-66.78349981956092, 0.20971107970262892], [-66.78358537026861, 0.21782932995972715], [-66.7835038997851, 0.21844847991343386], [-66.78333689028517, 0.21899839016356282], [-66.78179307988671, 0.22296178965501667], [-66.78112504008845, 0.22486813026006303], [-66.7808073204015, 0.22817570994112657], [-66.78088878998562, 0.22876228015519473], [-66.78101914042094, 0.22921849993394972], [-66.78150793993939, 0.2309781997841469], [-66.78147535030706, 0.23163808992597978], [-66.78092136972532, 0.23262384041805717], [-66.78023705039948, 0.23346296004768874], [-66.77671861027562, 0.23776733029814068], [-66.77583779987447, 0.2383469397595377], [-66.77522678968455, 0.23851395015879007], [-66.77470946996596, 0.23856283011065216], [-66.77399256010852, 0.23842433991143253], [-66.7724039400897, 0.2380781000243246], [-66.77087234967911, 0.23767890985379836], [-66.7694140800956, 0.2373693299306865], [-66.76891712012895, 0.2373041596594021], [-66.76857089013441, 0.23733674029836038], [-66.76809023037981, 0.23739785013077608], [-66.76736924029814, 0.2376055899260905], [-66.76605354023866, 0.2382084495604886], [-66.7638335502781, 0.23926344964866075], [-66.76340991023909, 0.239422320283893], [-66.76309218965275, 0.23947120023586876], [-66.76283148968145, 0.23943860970416608], [-66.76261561012223, 0.23937750976432426], [-66.7623263998434, 0.2392390096725876], [-66.76188240005268, 0.2388683397020941], [-66.76116954973492, 0.23825326008005732], [-66.76003716028663, 0.23710863985195374], [-66.75905139990209, 0.2363876497702222], [-66.75829374985665, 0.23597623961188674], [-66.75787011971022, 0.2358499604075064], [-66.75695360982121, 0.23580107955632457], [-66.75622854041478, 0.23582958986366975], [-66.7540940903699, 0.23611472981110637], [-66.75353197002437, 0.23619212996294436], [-66.75145047026291, 0.23642430973421824], [-66.75102684011648, 0.2363550601378961], [-66.7506968896497, 0.23619620029444377], [-66.75017957982374, 0.23580514988776713], [-66.7499555398162, 0.23555667979707096], [-66.74887608985955, 0.23335298015598482], [-66.74848505024482, 0.2327745595982833], [-66.74805327044197, 0.23252201018277674], [-66.74695345983423, 0.2321635503076891], [-66.74402063034779, 0.2312674100630261], [-66.74335258965027, 0.23109225000746392], [-66.7423016598936, 0.230790819740605], [-66.74146254026391, 0.23062382013318938], [-66.74088005027409, 0.2306156695776167], [-66.7398983602211, 0.2308478502482103], [-66.7384849002579, 0.23137331962306007], [-66.73216301970757, 0.23383363991064243], [-66.7314664696018, 0.23406175024962295], [-66.73043589959707, 0.23441205956896738], [-66.72961714961167, 0.23456684998018318], [-66.72897355968195, 0.234550549768187], [-66.72839514002368, 0.23432244032841254], [-66.72633400990651, 0.23272567964647806], [-66.72465170031569, 0.23159328030578763], [-66.7239225695709, 0.2315321803659458], [-66.72297754038107, 0.23176842956939936], [-66.72240727037916, 0.231923219980672], [-66.72168220996599, 0.23189878000476938], [-66.72085938964909, 0.2316625299018824], [-66.7174621898281, 0.2292755304413845], [-66.71582876018908, 0.22832234979676969], [-66.71511185033154, 0.22804943972994351], [-66.71459452971374, 0.22805758039305601], [-66.71362505964873, 0.22824089010515536], [-66.7101097401723, 0.22962583976072892], [-66.70379192006101, 0.2318376800648707], [-66.70257397990514, 0.23213911033178647], [-66.70241920028582, 0.23215133031982305], [-66.7022277499106, 0.23206172007240866], [-66.70195890028299, 0.23187434002886675], [-66.690496410381, 0.22392718039520787], [-66.68998724031883, 0.22373980035160912], [-66.6892703196695, 0.22376424032751174], [-66.68817865961734, 0.22456261976918768], [-66.68691590984133, 0.22590684002875605], [-66.68620713974758, 0.2267133700261752], [-66.68551466986605, 0.22725106028826758], [-66.6847570198205, 0.2276583902227003], [-66.68374682035937, 0.22776429978273427], [-66.6803292598874, 0.2278702102419743], [-66.67134337969316, 0.22791093963820686], [-66.66821466977109, 0.23146174006734554], [-66.6641579404365, 0.2361676800945247], [-66.66355507990295, 0.23686831042425638], [-66.66277298988155, 0.2374059898946257], [-66.66186055032404, 0.23758522028180096], [-66.66085849962002, 0.23759744026983753], [-66.65974238969949, 0.23762188024574016], [-66.65619871010233, 0.23774152964796258], [-66.65683324026179, 0.240222639563342], [-66.65705957983567, 0.242636949635596], [-66.6567344704194, 0.24479549971272263], [-66.65494706965148, 0.24716374021460297], [-66.65361838967692, 0.24915801023411177], [-66.65246098018997, 0.25010767003306], [-66.65106615957552, 0.25043412033846835], [-66.64596892002959, 0.25161509026418116], [-66.64325283974671, 0.2537276103411159], [-66.63937342973998, 0.2570817704074102], [-66.63922504969622, 0.2582391700017297], [-66.63969988004538, 0.25945592035446907], [-66.64046131983395, 0.26153634003009074], [-66.64053676036315, 0.26312071974552964], [-66.64053676036315, 0.2648559904117178], [-66.63993318037194, 0.26742116985127495], [-66.63940505979559, 0.2704390401297019], [-66.6392541697441, 0.2748903901793369], [-66.63917871032913, 0.28168058998727474], [-66.63940505979559, 0.2857547203041122], [-66.64047148037446, 0.2877084102151457], [-66.64382519977312, 0.29097142039489654], [-66.64514627957703, 0.292914199730717], [-66.64596417970307, 0.2942368200733654], [-66.64498811041295, 0.30021029966576407], [-66.64536534003838, 0.3038317400428241], [-66.64608569969516, 0.30489133027083426], [-66.64775132956015, 0.30727079970779414], [-66.650130809789, 0.30917439018611503], [-66.65143951042495, 0.3115538596230749], [-66.65162742016923, 0.31330783978506815], [-66.65147653011769, 0.31451499976753894], [-66.65064662044506, 0.3169292900548726], [-66.65004303955453, 0.3193435803420357], [-66.64808144010635, 0.32153153015605085], [-66.64476177983221, 0.32492663006001976], [-66.64106488004012, 0.32854807043713663], [-66.63940506968811, 0.32967977010548566], [-66.63706621003746, 0.33028334020411876], [-66.6359309103832, 0.3314226103653368], [-66.6353967202823, 0.3329064503724908], [-66.63533094027065, 0.33571551965559365], [-66.63570816989608, 0.33956328971407856], [-66.63661352999031, 0.34343370020519615], [-66.6359345202618, 0.3446408502951499], [-66.6342838299347, 0.34712172998382584], [-66.63459543962779, 0.35372486001432435], [-66.63495156036618, 0.35440743015891485], [-66.63550059018007, 0.3547635499979833], [-66.63708830997746, 0.3555203097145636], [-66.63955150000169, 0.35660351973666593], [-66.6401302002485, 0.3566925499213198], [-66.64161405014818, 0.35678158999849074], [-66.64285346431586, 0.35680513604825137], [-66.64391323980408, 0.35682527007031695], [-66.64441852029842, 0.35706352026534205], [-66.6449230300737, 0.35756803004062476], [-66.64723783016166, 0.36072862002981765], [-66.6507990699211, 0.3654175898499261], [-66.6526984003109, 0.36794012973336976], [-66.65278742959617, 0.3684446404078585], [-66.65280227020855, 0.3694388202455343], [-66.6526984003109, 0.37046266961664287], [-66.65259453041313, 0.37087815010664826], [-66.65231260014627, 0.3713826598819878], [-66.65188227994315, 0.37182781979817037], [-66.65044295008198, 0.37335617984399505], [-66.64897393989537, 0.37485487035610277], [-66.64878103981312, 0.3753593801314423], [-66.64872168006144, 0.3758193698680543], [-66.64938942038538, 0.3826153999807502], [-66.65007176030343, 0.38825392977508955], [-66.64906223983041, 0.3885206300230948], [-66.64694972964622, 0.3907840302588852], [-66.64596892002959, 0.39244387028855954], [-66.64370552968637, 0.39493361009812133], [-66.6416684699239, 0.3984041397393412], [-66.64053677025566, 0.4019501503793208], [-66.63948267038882, 0.403475840337876], [-66.63650832999537, 0.40451685956549], [-66.6342775796465, 0.404963009635253], [-66.63155860984193, 0.4070050696283829], [-66.62892375992357, 0.4109116904221537], [-66.62773401980905, 0.4118039896625305], [-66.62594942042932, 0.4129937198844118], [-66.6235699500931, 0.41418345010612256], [-66.62163662982653, 0.41567063019545003], [-66.6167340098666, 0.420778079744764], [-66.61545073936009, 0.42233530622945636], [-66.61027689016623, 0.4286136802772944], [-66.60985242994565, 0.4311347398764269], [-66.61052094998178, 0.4326343998576476], [-66.61066549981291, 0.43424247041383524], [-66.61057516021543, 0.434892909580185], [-66.60882587001782, 0.4410925902508893], [-66.60777620021139, 0.44599403030031226], [-66.6067054296118, 0.45027708032301916], [-66.6067054296118, 0.4533704001238448], [-66.60723404031859, 0.4561823598282331], [-66.60809623025676, 0.4607688501023972], [-66.60933425677047, 0.46461749520136664], [-66.6109836700603, 0.4697450104239351], [-66.61278262981443, 0.47435517984774833], [-66.61518929025345, 0.4805226998627745], [-66.61669921959327, 0.4841845701618581], [-66.61610437022046, 0.48739684958491125], [-66.61613084985879, 0.49113088957892614], [-66.61788895970767, 0.4976285696028526], [-66.61753205026389, 0.4995321600811735], [-66.61634231014938, 0.5019116196255595], [-66.6150009902035, 0.504413119869696], [-66.61562846967803, 0.507265440247977], [-66.61889274970059, 0.5199990103462255], [-66.6214581701584, 0.5274909502472269], [-66.62395661990206, 0.5340345001921492], [-66.62550328025208, 0.538317540322339], [-66.62473040018779, 0.5401483099964821], [-66.62312380002328, 0.5431954702947905], [-66.62049735966531, 0.5464785101752909], [-66.62030673486782, 0.5467167909473005], [-66.61788895970767, 0.5497390103471957], [-66.61467667039199, 0.5528323301480214], [-66.61117198000278, 0.5556212204430722], [-66.607782390245, 0.5587597401700464], [-66.60599159993228, 0.5608035601363213], [-66.60615035995107, 0.5685519201350644], [-66.60670544040363, 0.5725819396050156], [-66.60587264031005, 0.5750803902478197], [-66.60492085001715, 0.5787685702135263], [-66.60373110001018, 0.5815049598861037], [-66.60284106166563, 0.5851460837249647], [-66.60242241016607, 0.5868587796090878], [-66.60266035009505, 0.5912608000459727], [-66.60515879983865, 0.6054186597434068], [-66.60611059013155, 0.6114863199377396], [-66.60611059013155, 0.6141037400955156], [-66.60582681985176, 0.6168003095867789], [-66.60401056973194, 0.6212026600748572], [-66.59698123029943, 0.635478750044399], [-66.59567682032895, 0.6372469601791408], [-66.59575988980697, 0.6396830599254599], [-66.59647373027832, 0.6453937998840615], [-66.59754448019356, 0.6465835301059428], [-66.59897218002197, 0.6490819798495977], [-66.59897218002197, 0.6509855496434511], [-66.59889119337384, 0.6528371880858685], [-66.5987204597813, 0.6567406900308015], [-66.5975609800551, 0.6585523796886719], [-66.59538695984025, 0.6598567995518465], [-66.59429994029, 0.6617409403921215], [-66.59381801159185, 0.6635479562732485], [-66.59345959038768, 0.6648918797565102], [-66.59351704987188, 0.666989249853998], [-66.59401007980131, 0.6684079600593122], [-66.5945800997917, 0.6715287496521114], [-66.59647374017095, 0.6763269304434516], [-66.5986599003341, 0.6810099998116925], [-66.60432598985244, 0.6902468403194462], [-66.60877323000051, 0.697386690243718], [-66.61190954009311, 0.7024676502619513], [-66.61690411033635, 0.7065518898579057], [-66.62089772974639, 0.709539919731526], [-66.62586819995744, 0.7112350500576099], [-66.62899988034019, 0.7122693603428729], [-66.63198301970056, 0.71319283008512], [-66.63270617984625, 0.7139070302852701], [-66.63316588000134, 0.7146540395523289], [-66.6333382602524, 0.7166364798897007], [-66.63342446027053, 0.720486439797412], [-66.63359343928568, 0.7235648317517303], [-66.63360476984423, 0.723771260335468], [-66.63376922976607, 0.725341990140862], [-66.63414272990303, 0.7263475697845934], [-66.6354930898342, 0.7278415901172934], [-66.63734560961211, 0.7294255399568783], [-66.6391573100617, 0.731164749653658], [-66.64133132038404, 0.7334837100052027], [-66.64141169009736, 0.7345933798806641], [-66.64083707007467, 0.7388743102013109], [-66.64040609966167, 0.7450227501998938], [-66.64121057021163, 0.7474074204162093], [-66.64318432040005, 0.7492845096724636], [-66.64669392018817, 0.7515715800644216], [-66.65063435009506, 0.7546763797112703], [-66.6567668900799, 0.7589632599465972], [-66.65773092014581, 0.7597905004312793], [-66.65845898969053, 0.7610361298136468], [-66.65905254044236, 0.7653068600236566], [-66.65985701009282, 0.7712829197710107], [-66.6605465598758, 0.7756212996833938], [-66.66074766986895, 0.7767418099865608], [-66.661404809884, 0.7778482701814937], [-66.66262307019849, 0.7792390996048653], [-66.66454017029253, 0.7824305597227408], [-66.66491367042948, 0.783608530409424], [-66.6656319499545, 0.7893547396296867], [-66.66607330034248, 0.7904226198081119], [-66.66810282018889, 0.7948711001213269], [-66.67255612986145, 0.8049844198951064], [-66.6766646700384, 0.8116500204322392], [-66.6769807097919, 0.8125406802083717], [-66.6771530999356, 0.8188040499670706], [-66.67732548018671, 0.8197234502770812], [-66.67913554027291, 0.82365960031035], [-66.68149147984786, 0.8289173796333671], [-66.68177878985921, 0.8297793096675719], [-66.68312914979037, 0.8358702901818447], [-66.68186498987734, 0.8391743598090216], [-66.68114671035232, 0.8417314201690829], [-66.68189371961938, 0.8435414703627089], [-66.6908458500559, 0.8524803996508581], [-66.69459559041411, 0.8554489304239041], [-66.69913234008533, 0.8573611004345025], [-66.70008413037823, 0.8584318701347797], [-66.7011435101648, 0.8635382800677007], [-66.70157447967847, 0.8660378800443027], [-66.70168940044545, 0.867704279728855], [-66.69676636677428, 0.8773000216787068], [-66.69660401036668, 0.877616479616961], [-66.68976186032148, 0.8925286600697291], [-66.6890775499889, 0.8952244903180144], [-66.6885880498985, 0.8965502403013943], [-66.6888466301678, 0.8975845595797978], [-66.69396074998855, 0.906290059938442], [-66.69309881995446, 0.9123810395535088], [-66.69272531981761, 0.9203108098960797], [-66.69238055032207, 0.9228965999981256], [-66.69407567974878, 0.9266603598878191], [-66.6971768902012, 0.9320835901855844], [-66.69921653011869, 0.9333657203518442], [-66.70229275021023, 0.9348199798582755], [-66.70443426982564, 0.9364856196157803], [-66.70635460028456, 0.9390836998529721], [-66.70768587030659, 0.9409332096000753], [-66.70908312988246, 0.9427909697275254], [-66.70946310963478, 0.943252380393119], [-66.70961634961475, 0.9439043897759234], [-66.71211480025778, 0.9462838502195723], [-66.71413735035838, 0.9490202497847804], [-66.71497394019508, 0.9505925399138277], [-66.71509291960251, 0.9553514796871241], [-66.71580676007386, 0.9580878801517088], [-66.71687750998905, 0.9604673396961516], [-66.71925700011036, 0.9647503996114324], [-66.72056568995458, 0.9666539703046624], [-66.72056568995458, 0.9687954998125292], [-66.72036952443398, 0.9703068159070085], [-66.71979438999904, 0.9747377999096329], [-66.71979438999904, 0.9775931501038144], [-66.72050822957112, 0.9794967396829293], [-66.7251481998295, 0.9821141499481882], [-66.72609998022989, 0.9840177296345587], [-66.7277656298798, 0.9885387303781386], [-66.72824151963039, 0.9912751200508296], [-66.72985004973992, 0.9931200603426191], [-66.73163465991155, 0.9956184903011831], [-66.7344900199983, 0.999901550216407], [-66.73663155040566, 1.0066830499827688], [-66.73817821974899, 1.0110850704198242], [-66.73901101984268, 1.012393780049024], [-66.74210433964345, 1.0114419897560651], [-66.74555456978754, 1.0110850704198242], [-66.74793404012382, 1.0109661000055326], [-66.75078941999567, 1.012869669799386], [-66.75269298978958, 1.0144163301495723], [-66.75367232002151, 1.0175271804350814], [-66.75426719997125, 1.0237138101443861], [-66.75843126968732, 1.0331127201760069], [-66.76224940978233, 1.0407740500824616], [-66.76581861034055, 1.048388379620178], [-66.76914987996292, 1.0544560200293063], [-66.77082070970795, 1.0601997201410995], [-66.77097178142247, 1.0609298985960436], [-66.7715345501793, 1.0636499502850256], [-66.77379505999392, 1.0674571096580507], [-66.77712631972378, 1.0734057904448946], [-66.78005607982419, 1.081443490224956], [-66.78564785026799, 1.0964341698012277], [-66.7890980903046, 1.1054761703891245], [-66.79052577034798, 1.1098781899266328], [-66.79290524967752, 1.1129714899424243], [-66.79683009163534, 1.1191396862475926], [-66.797563879969, 1.1202928896053095], [-66.7985846698466, 1.1212924096171264], [-66.80327461992772, 1.1258846402640756], [-66.81184071008067, 1.13314202978097], [-66.82207244988354, 1.1418271002406186], [-66.82293109019759, 1.143372640035409], [-66.82326218010542, 1.1439686198560821], [-66.82504679027704, 1.1520588400435372], [-66.8257583095982, 1.1559853898140204], [-66.8282176100546, 1.1698602904201039], [-66.82893144962662, 1.1724777195711908], [-66.8300022103337, 1.1785453698730635], [-66.83178681960595, 1.1802110096305682], [-66.83499910982101, 1.1823525301452378], [-66.83702165992156, 1.183542260367119]]]}}, {"id": "44", "type": "Feature", "properties": {"Codigo_BR": "307", "Unidade_Fe": "AM", "Km_inicial": "0,00", "Km_final": "0,00", "Rodovia": "BR-307/AM", "Contratada": "CONS\u00d3RCIO MODERA/SCB", "Contrato": "00712/2025", "Escopo": "SUPERVIS\u00c3O", "Interv": "SUPERVIS\u00c3O", "Edital": "090201/2025-01", "Processo": "50601.002319/2025-35", "Situacao": "ATIVO", "Gestao": "CGMRR", "Fiscaliz": "SRE/AM", "Fiscal_tec": "GUSTAVO FREDERICO BOERGER", "ini_vigenc": "27/11/25", "fin_vigenc": "26/05/30", "in_servi": "01/12/25", "fin_servic": "30/11/29", "supervisao": null}, "geometry": {"type": "MultiLineString", "coordinates": [[[-72.71315077039168, -7.5054597195903625], [-72.71358531021383, -7.504556630284242], [-72.7139754702917, -7.501959069855104], [-72.71471864035288, -7.500136109893447], [-72.71509682955497, -7.498571710416002], [-72.71687871028416, -7.496591700046849], [-72.71931791988601, -7.490464809603225], [-72.7195771602577, -7.489813630294691], [-72.71981359022493, -7.488787459773334], [-72.72033510977747, -7.487437130419153], [-72.72031493978261, -7.4868774598268715], [-72.71949240005421, -7.484684120375732], [-72.71870414967668, -7.4834693800078185], [-72.74150170004339, -7.349781889722408], [-72.7916515000166, -7.208884840362998], [-72.81643024965621, -7.075460759706175], [-72.8226966096608, -7.041718839552686], [-72.83224895032873, -6.96291202027345], [-72.80836809011515, -6.862612420326855], [-72.80189452001599, -6.842430090376297], [-72.72717317959848, -6.60947534990737], [-72.66587212979493, -6.420317799926465], [-72.65241741762964, -6.378800404315143], [-72.5234583297381, -5.980869499627602], [-72.51615733839043, -5.958340726942936], [-72.4764241896246, -5.835735600217731], [-72.41346579001413, -5.63520143030172], [-72.41194587999831, -5.63036024033272], [-72.21612285988203, -5.458418069638128], [-72.06688597990393, -5.314866409557112], [-71.96537386990809, -5.217221420332237], [-71.86785657362196, -5.142133101661216], [-71.726565310041, -5.033338830322634], [-71.65845826024042, -4.987934129556322], [-71.47581631017448, -4.866172840304216], [-71.24178392019166, -4.706171099716414], [-71.20527209982748, -4.685633200311884], [-71.16536517955933, -4.663185559965598], [-70.76134351559074, -4.541538749014023], [-70.305813239889, -4.404383220209354], [-70.1880584096678, -4.3689940802125875], [-70.18578139999153, -4.370190079608449], [-70.1855628998079, -4.370236079931033], [-70.18521790008595, -4.370144080185071], [-70.18502240006364, -4.36994858016277], [-70.18442440036569, -4.369063079797229], [-70.1840793997444, -4.368695079913948], [-70.18369990023018, -4.3684420799379495], [-70.18325140023188, -4.368430580307006], [-70.18259589968096, -4.368568580375609], [-70.18222789979762, -4.368741080236589], [-70.18190590023698, -4.369051580166172], [-70.18175639963806, -4.369500080164471], [-70.18160689993846, -4.37012108002375], [-70.18129640000876, -4.370408579792013], [-70.18083640037952, -4.370650080137068], [-70.18072139957286, -4.370776579675294], [-70.18070989994192, -4.370949080435651], [-70.18084790001046, -4.371627580248571], [-70.1808248998492, -4.37190358038589], [-70.18051439991956, -4.372145079831512], [-70.17955989996938, -4.372731579898414], [-70.1790998904475, -4.373076579620374], [-70.17882389031018, -4.373122579943015], [-70.17849039021928, -4.372973080243412], [-70.17806489038236, -4.3724095803378304], [-70.17746688978508, -4.371685080202269], [-70.1765123898349, -4.370650080137068], [-70.17619039027426, -4.370454580114654], [-70.17592588976788, -4.370512080068352], [-70.17569588995332, -4.370776579675294], [-70.1756153898383, -4.371167579720009], [-70.17591439013694, -4.372340579853812], [-70.17591439013694, -4.372685579575773], [-70.17568439032226, -4.373249080380731], [-70.17529339027766, -4.373479080195352], [-70.17485638991042, -4.3735940801026345], [-70.17407438982121, -4.373605579733692], [-70.17383289037548, -4.3736515800563325], [-70.17351088991552, -4.373904580032274], [-70.17309688970965, -4.374502579730176], [-70.17280938994134, -4.375250080027115], [-70.17270588966505, -4.375583590010592], [-70.17241838989673, -4.376204589869872], [-70.17132588987789, -4.377929590278313], [-70.17108439043221, -4.378136589931557], [-70.17067038033366, -4.378332089953858], [-70.16938238029257, -4.378757589790837], [-70.16927888001618, -4.378872589698233], [-70.16919837990127, -4.379056590089476], [-70.1691638801089, -4.379620089995058], [-70.16938238029257, -4.380689589852636], [-70.1694743800386, -4.381103590058558], [-70.16948587966954, -4.3814025903571405], [-70.16937087976225, -4.38183958982512], [-70.1692098804316, -4.382069589639798], [-70.168818880387, -4.382449090053399], [-70.16839337965064, -4.3827595899830385], [-70.1677378799991, -4.383127589866319], [-70.16751937981547, -4.38334609004994], [-70.16740437990819, -4.383564590233618], [-70.16738137974676, -4.383760090255919], [-70.16742738006951, -4.3841050899778224], [-70.16788737969875, -4.386048599563196], [-70.16823238032003, -4.387152600112302], [-70.16831288043505, -4.38755509978796], [-70.16834738022732, -4.387865599717543], [-70.16833587969705, -4.388245100131201], [-70.16826688011241, -4.388670599968179], [-70.1679333800214, -4.389993099801643], [-70.1678068795838, -4.390303599731226], [-70.16749637965415, -4.390809599683223], [-70.16702488039385, -4.3916490997261235], [-70.1668983799562, -4.391959599655706], [-70.1668983799562, -4.392235599793025], [-70.16699037970216, -4.393017609774802], [-70.16695587990989, -4.393535110257062], [-70.16676037988759, -4.394064110370323], [-70.16655338023423, -4.394731109652923], [-70.16651888044191, -4.395053110112826], [-70.16658788002661, -4.395536109903503], [-70.16674888025653, -4.396467609692365], [-70.16673737972627, -4.396720609668364], [-70.16665687961125, -4.396973609644249], [-70.16648437975027, -4.397157610035606], [-70.16623137977433, -4.397353110057907], [-70.16587488042137, -4.397433610172925], [-70.165610379915, -4.397525609918887], [-70.16536887957011, -4.3977786098948854], [-70.16525387966271, -4.398330610169467], [-70.16528838035435, -4.398871109913671], [-70.16548388037666, -4.399618610210666], [-70.16549538000771, -4.399802609702647], [-70.16544937968507, -4.399998109724947], [-70.16517338044707, -4.400320110184907], [-70.16493188010213, -4.400515610207208], [-70.16486287961811, -4.4007571096528295], [-70.16486287961811, -4.401228609812449], [-70.16479388003341, -4.401815119771925], [-70.16462138017243, -4.40274661956073], [-70.16454088005753, -4.4041726196705895], [-70.16440287998881, -4.404575120245568], [-70.16424187975889, -4.404966120290169], [-70.16420737996651, -4.405276620219752], [-70.16424187975889, -4.405748120379428], [-70.16413838038187, -4.406058620309011], [-70.16302288020165, -4.407174119589854], [-70.16260887999579, -4.4073811201425315], [-70.16184987017527, -4.4077031197031715], [-70.16145887013067, -4.408117119909093], [-70.16104486992475, -4.409106119651653], [-70.16040086990415, -4.409865130371429], [-70.15941187016159, -4.410624130299311], [-70.15883686972563, -4.411291129581855], [-70.15849187000379, -4.412073129671171], [-70.15828487035043, -4.413016129990353], [-70.15816987044315, -4.413637129849633], [-70.15807786979775, -4.414419129938835], [-70.15791686956777, -4.415086130120756], [-70.15759487000719, -4.416098130024636], [-70.15734187003119, -4.416443129746597], [-70.15690486966395, -4.416719129883916], [-70.15614586973601, -4.41694912969848], [-70.15230485988133, -4.417156130251101], [-70.15182186009065, -4.416995130021121], [-70.15110885958609, -4.416535130391935], [-70.15071786044086, -4.416075129863316], [-70.15044186030354, -4.415615130234016], [-70.15005086025889, -4.415224130189358], [-70.1496828603756, -4.415086130120756], [-70.14906185961706, -4.415224130189358], [-70.14830285968918, -4.415500130326734], [-70.14733686010788, -4.416075129863316], [-70.14666985992608, -4.416650130299217], [-70.1457958600908, -4.41694912969848], [-70.14457684974178, -4.417363129904402], [-70.14367984974518, -4.417409130227156], [-70.14287485039392, -4.417639130041721], [-70.1416328497761, -4.418145129993718], [-70.14087384984822, -4.418674139999496], [-70.14022984982762, -4.419272139697398], [-70.13983884978308, -4.419824139971979], [-70.13917184960115, -4.420629140222616], [-70.13857384990314, -4.421411140311818], [-70.1382518503425, -4.421779140195099], [-70.13763084958396, -4.422262139985662], [-70.1370788502087, -4.423021139913544], [-70.13648083971896, -4.424217140208782], [-70.13608983967424, -4.424539139769422], [-70.1354918399764, -4.4247691395841], [-70.13500884018572, -4.424999140298041], [-70.13466383956444, -4.425367140181322], [-70.13296184021664, -4.427994899844691], [-70.1328180898829, -4.4282823996130105], [-70.13270884024075, -4.42865614976148], [-70.13250183968813, -4.4295646502883415], [-70.13228908976959, -4.430570899926977], [-70.13197283957481, -4.432249900012778], [-70.1317428397602, -4.4334459003080156], [-70.13151283994551, -4.43464189970382], [-70.13132883955421, -4.435124910286277], [-70.13106433994722, -4.435538899700418], [-70.13065033974135, -4.4362404095671195], [-70.13048934041069, -4.436481909912118], [-70.13024784006575, -4.436677409934418], [-70.12992583960573, -4.436999410394378], [-70.12961533967615, -4.437160409725095], [-70.1273613301612, -4.437689409838299], [-70.12670582961033, -4.437873410229656], [-70.12605032995867, -4.438091910413277], [-70.12567083044445, -4.438126410205541], [-70.12464733001019, -4.438137909836598], [-70.12333632980767, -4.438275909905201], [-70.1220713299279, -4.438873909603217], [-70.12099033043938, -4.43951790962376], [-70.11954133016815, -4.439885910406417], [-70.11544732033752, -4.440253910289641], [-70.11480332031692, -4.44036891019698], [-70.11402132022772, -4.440713909918884], [-70.1135613196991, -4.440920909572299], [-70.1129633200012, -4.440943909733562], [-70.11234232014192, -4.440897910310184], [-70.11183632018992, -4.441104909963599], [-70.11160632037536, -4.441403910262181], [-70.11128431002282, -4.441932910375385], [-70.11103131004683, -4.442254909936082], [-70.1103643098649, -4.4424389103273825], [-70.10914531030778, -4.442369909843364], [-70.10691430994734, -4.442185910351384], [-70.1051663102769, -4.442024910121404], [-70.10392430965908, -4.441564909592842], [-70.1014403003295, -4.440644910334299], [-70.0998302998284, -4.439977910152322], [-70.09909430006184, -4.439816909922399], [-70.09796730025067, -4.439632910430419], [-70.09711629967745, -4.439494910361759], [-70.09635729974957, -4.43919591006312], [-70.09497729996241, -4.438505909719936], [-70.09426430035711, -4.438045910090636], [-70.09394229000458, -4.4378849098606], [-70.09371229019001, -4.4378849098606], [-70.09348229037528, -4.43790791002192], [-70.09325228966134, -4.438091910413277], [-70.09316028991537, -4.438275909905201], [-70.09295329026207, -4.4383679096512765], [-70.09260828964074, -4.438390909812597], [-70.09184928971285, -4.438390909812597], [-70.09102129020033, -4.4382529097438805], [-70.09051529024833, -4.438068910251957], [-70.08987129022785, -4.438045910090636], [-70.08874429041657, -4.438022909929316], [-70.08745629037548, -4.438022909929316], [-70.08635228982627, -4.437953910344618], [-70.08586929003565, -4.437861909699336], [-70.08529427970723, -4.437815910275958], [-70.08465027968663, -4.437976909606618], [-70.08421328021865, -4.438275909905201], [-70.08361527962143, -4.438482909558559], [-70.08315527999207, -4.43855191004252], [-70.08248827981015, -4.438666909949802], [-70.08207427960429, -4.438827910179839], [-70.08147627990627, -4.438942910087121], [-70.08101628027703, -4.438965910248442], [-70.0808552800471, -4.438965910248442], [-70.08044127984107, -4.43889690976448], [-70.08007327995779, -4.438873909603217], [-70.07984328014322, -4.438873909603217], [-70.07961328032854, -4.438781909857198], [-70.0793832796146, -4.438597910365218], [-70.07919928012262, -4.438413909973917], [-70.07908428021534, -4.438321910227955], [-70.07885428040066, -4.438321910227955], [-70.07841728003342, -4.438436910135238], [-70.07781928033546, -4.438482909558559], [-70.07749726998293, -4.438459910296558], [-70.0756572696672, -4.438137909836598], [-70.07425426971872, -4.437332909586019], [-70.07344927036752, -4.436895910118039], [-70.07303527016148, -4.436435909589534], [-70.07205777004998, -4.435090399702119], [-70.07187376965862, -4.434940909895033], [-70.07167252027051, -4.4348201597225625], [-70.07014301988437, -4.433882899775938], [-70.0700107700809, -4.433779400398976], [-70.06987852027743, -4.433503400261657], [-70.06976926973596, -4.433365400192997], [-70.06961401977111, -4.433261899916658], [-70.06941851974881, -4.433031900102037], [-70.06937252032543, -4.432847899710737], [-70.06940702011781, -4.432681150114888], [-70.06954502018641, -4.432336150392985], [-70.06957951997879, -4.432031399829157], [-70.06956802034784, -4.431168899624993], [-70.06955651981752, -4.430979149867767], [-70.06949901986377, -4.430731900157014], [-70.06917702030313, -4.429863649687661], [-70.06898152028083, -4.429576149919285], [-70.06872851041231, -4.429248400093513], [-70.0662387598108, -4.426637890326333], [-70.06573851012405, -4.426120389844016], [-70.06542801019447, -4.425901889660395], [-70.06500251035749, -4.425574139834623], [-70.06282325968567, -4.424096390036254], [-70.06169625987445, -4.423285640419863], [-70.0614892602211, -4.423187890408769], [-70.06128225966847, -4.42314764035126], [-70.06093725994657, -4.42313613982094], [-70.06060951012068, -4.423067140236299], [-70.06028750966078, -4.422975139590903], [-70.05952274957514, -4.42270488971883], [-70.05906850021108, -4.422538140122981], [-70.05893625040761, -4.422457640007963], [-70.05877525017763, -4.42231963993936], [-70.0583612499716, -4.421945889790948], [-70.05799325008832, -4.421583640172798], [-70.0578322498584, -4.42143988983895], [-70.05768275015873, -4.421204139759141], [-70.05760225004371, -4.42103163989816], [-70.05691224970047, -4.419812640341036], [-70.05685474974689, -4.419622889684547], [-70.05680300005832, -4.419444639558378], [-70.05664775009353, -4.418760390379646], [-70.05647525023255, -4.418231390266328], [-70.05631425000252, -4.417938130340417], [-70.0561934998301, -4.417811639795275], [-70.05599225044199, -4.417731129787683], [-70.05561850029346, -4.4176851303644185], [-70.05508374991501, -4.417690879730287], [-70.05478474961643, -4.417644880306909], [-70.05443974989453, -4.417541380030627], [-70.05398549963104, -4.4173056299508175], [-70.05296775036129, -4.416673129561161], [-70.05279524960105, -4.4166213798727085], [-70.05257100005156, -4.416598379711388], [-70.05227775001805, -4.416632880403029], [-70.05198449009202, -4.416690380356727], [-70.05170849984734, -4.416730630414236], [-70.05146124024395, -4.416736379779991], [-70.0511910002644, -4.416730630414236], [-70.05084024038467, -4.416667380195406], [-70.05033998979866, -4.41655238028801], [-70.05004673976515, -4.416437380380728], [-70.0495464900784, -4.416034879805807], [-70.0477122400278, -4.414810129983437], [-70.04701074005351, -4.414298379766308], [-70.0466772399626, -4.414079879582744], [-70.0461884899068, -4.413619879953444], [-70.04530299044058, -4.412751630383411], [-70.04495798981935, -4.412377880234885], [-70.04427949000643, -4.411595880145683], [-70.04381949037707, -4.411210630366213], [-70.04362399035477, -4.411124379986063], [-70.0433134796333, -4.411055380401422], [-70.04296848980391, -4.41103812960597], [-70.04204847975342, -4.410997880447724], [-70.04159997975523, -4.410894380171385], [-70.04091572967712, -4.410595379872859], [-70.04007048026841, -4.410112370189665], [-70.03762097972441, -4.408910619629353], [-70.03732198032503, -4.408703619975995], [-70.03713222966854, -4.408508119953694], [-70.036982729969, -4.408329869827583], [-70.03648248028213, -4.407720369599247], [-70.0339927197881, -4.405707870321919], [-70.03329121981392, -4.405385869861902], [-70.03263572016226, -4.40525937032362], [-70.03200321977272, -4.405190369839602], [-70.03149721982072, -4.4050178699786215], [-70.03115222009876, -4.404810870325377], [-70.03065771977782, -4.404350869796701], [-70.029887220219, -4.40346537033048], [-70.02966872003537, -4.403016870332181], [-70.02958821992036, -4.402729369664655], [-70.02958821992036, -4.4020393702206775], [-70.02953071996666, -4.400923860147998], [-70.02935822010568, -4.400095859736041], [-70.02903621964577, -4.399428859554121], [-70.02839221962518, -4.397933859859677], [-70.02828872024821, -4.397554360345396], [-70.02839221962518, -4.395622360283653], [-70.0284727197402, -4.395219859708732], [-70.0298297202653, -4.392586349780117], [-70.0304392195942, -4.3915168499226525], [-70.03068071993926, -4.390642850087374], [-69.99184774038088, -4.3963492697029665], [-69.56499525112991, -4.054998153941597], [-69.52238828009496, -4.020925640305961], [-69.43458897330237, -3.603122023362573], [-69.42706536017812, -3.5673200001178884], [-69.1674556018944, -3.311245153940604], [-69.13847644992813, -3.282660590313867], [-69.09857672963233, -3.2365469899515347], [-68.89968906999457, -3.0066850099052544], [-68.81377670722924, -2.906453923909339], [-68.78225265013964, -2.8696758601527677], [-68.69613260963212, -2.7248376101674694], [-68.56592827007353, -2.4997930600015934], [-68.56365407437602, -2.4958623508666733], [-68.53759344997769, -2.4508192998707727], [-68.4730034202716, -2.3431692602530916], [-68.35922049982616, -2.1482211896560557], [-68.31981098289043, -2.0806995499441427], [-68.17941238007717, -1.8401499403673256], [-68.14100749040324, -1.7735814696090415], [-68.0779888317191, -1.6643491268106914], [-67.97389864960297, -1.4839261396795678], [-67.84863314030713, -1.2705833098717676], [-67.79513590180034, -1.1790313354277373], [-67.65877760040581, -0.9456758903300511], [-67.5804866502387, -0.8125812897946503], [-67.52342855778164, -0.7342372760294325], [-67.20273285044061, -0.2939037802352118], [-67.16638424983324, -0.2447581299836088], [-67.13079123892442, -0.23864291094156442], [-66.97537511986582, -0.21194094042203915], [-66.95022281972729, -0.17231135758299843], [-66.93474209956815, -0.1479201698799102], [-66.9354319497246, -0.14767929995963414], [-66.93775361973366, -0.14714048014900527], [-66.9384059996371, -0.14716493990994195], [-66.94398690986793, -0.14827065996291822], [-66.94901886043198, -0.14908611033564512], [-66.95240764979309, -0.1497092101118369], [-66.9533209796794, -0.14982337994490535], [-66.95372056015566, -0.1496602797980131], [-66.9545197202089, -0.14908129986201857], [-66.9555861803579, -0.14818191036681583], [-66.9563725601455, -0.14796841041368225], [-66.95722799977227, -0.14782499013108463], [-66.9576012597903, -0.14788299010785977], [-66.95798892964535, -0.1480012599500924], [-66.95830432008825, -0.1481852396570389], [-66.95871170038458, -0.14849405965310325], [-66.96107056005826, -0.15033383963492497], [-66.96151078989101, -0.15045867992409967], [-66.96196312999433, -0.15037102030623828], [-66.96284353030467, -0.15013306958542216], [-66.9638666997883, -0.14996650974660497], [-66.96450915027702, -0.1498237396737636], [-66.96651760979978, -0.15011699959973157], [-66.96693155964374, -0.15026812977032478], [-66.96729951995678, -0.1504783903653788], [-66.97139301987193, -0.15279782016324361], [-66.97214206970074, -0.15311978015370187], [-66.97333695033996, -0.15346432032202983], [-66.97557364970407, -0.15405917958742066], [-66.97845644990514, -0.15488727982398132], [-66.98345265961251, -0.15621668015558043], [-66.98712311034325, -0.1572724203858229], [-66.98827297002146, -0.1576797997828976], [-66.98863435988778, -0.1579689102369457], [-66.98884461958346, -0.15827773023301006], [-66.98898917031386, -0.15857341023456684], [-66.98954111033396, -0.1600518003502316], [-66.99004705003131, -0.1614119197242303], [-66.99040185955812, -0.16189814987967566], [-66.99080267030689, -0.1622004003281745], [-66.99188024967373, -0.16254206986059216], [-66.99458735022597, -0.1632976901361758], [-66.99646655019109, -0.1637707802971704], [-66.99706018008317, -0.16376737996051816], [-66.9972505395807, -0.16367220021174944], [-66.9975244200159, -0.16355395015460772], [-66.99782160997921, -0.1633152898687058], [-66.9985354495513, -0.16260145029662], [-66.99967959044068, -0.16120166002855285], [-67.00045493015085, -0.16029490958237602], [-67.00070460982982, -0.15976268989618347], [-67.00075061015247, -0.1592107597687118], [-67.00063890985774, -0.1581528899438922], [-67.0005534895518, -0.15629340042005424], [-67.00076043974241, -0.15594652021565025], [-67.00120967988278, -0.15543657044133852], [-67.00195960025525, -0.1548938502709234], [-67.0040293503742, -0.15321833955459851], [-67.00587569990353, -0.15185164973382825], [-67.00621079988844, -0.1517136703495794], [-67.00674959002151, -0.15145741033109061], [-67.00994291982983, -0.15011699959973157], [-67.01349106006433, -0.14865175037795098], [-67.01378016961911, -0.14862547038910634], [-67.01402985019735, -0.1486846098068213], [-67.01770283971416, -0.15100403960462927], [-67.01816935043507, -0.15129315005879107], [-67.01858330027898, -0.15141141990108054], [-67.0189293297247, -0.15142273966762332], [-67.0196608904377, -0.151161730329477], [-67.0217275801636, -0.1498808502209954], [-67.02240741007387, -0.14947307961881506], [-67.0225913897807, -0.14922339993984224], [-67.02279507992898, -0.14884229963229245], [-67.02301847961911, -0.14778442980747286], [-67.0238003798836, -0.1447028002939419], [-67.02397547968462, -0.1444725603603274], [-67.02471611995293, -0.14399903043084805], [-67.02708376960021, -0.14250560005336865], [-67.028294890197, -0.14239981999565998], [-67.0301794204438, -0.14222850004517795], [-67.03143577963743, -0.1417145401937887], [-67.03257792043462, -0.14091504019683043], [-67.03354317987373, -0.1398101304331476], [-67.03523088989363, -0.13774602985529327], [-67.03848487987324, -0.13364211039504426], [-67.04017761980128, -0.13136578959944245]], [[-67.04017761980128, -0.13136578959944245], [-67.04459849992077, -0.1344126396315346], [-67.04532717021272, -0.1348684897889143], [-67.04617479023426, -0.13517392024016317], [-67.04966053010929, -0.13573241002262648], [-67.05045374024786, -0.13565155017886354], [-67.05085220016883, -0.1355540196022389], [-67.05134682999216, -0.13531702036414117], [-67.05548800027094, -0.13203187966746555], [-67.05690718981486, -0.13097543976471115], [-67.05770424995114, -0.1303821102461029], [-67.06336268983625, -0.1306335202207265], [-67.06404544973765, -0.13082561001385784], [-67.06615366026318, -0.13133788993161488], [-67.06649580014096, -0.1313149895950687], [-67.06673793990393, -0.13117943028640866], [-67.06993233001299, -0.12877904981326083], [-67.07408735974377, -0.12572847029264267], [-67.07457367983136, -0.12547037026132557], [-67.07506293980276, -0.12554052997143117], [-67.07542625961412, -0.12584615017959777], [-67.07802707019312, -0.13017414022436924], [-67.07835016962451, -0.130565730224248], [-67.07875612989142, -0.13078737983369138], [-67.08248841980463, -0.13201509022417213], [-67.08358012032625, -0.1328016004134156]], [[-67.04017761980128, -0.13136578959944245], [-67.03752451994052, -0.12951299013235484], [-67.03386018999572, -0.12695897038014436], [-67.03252750983665, -0.12576179017440836], [-67.03022037017388, -0.12313047009507727], [-67.02796694971494, -0.12013306029240312], [-67.02771234984505, -0.11944452044815534], [-67.02749078027523, -0.1150544196257215], [-67.02710609976663, -0.11416557018480944], [-67.02585096994619, -0.11194708029347566], [-67.02513699007994, -0.11057993991221338], [-67.02485451032732, -0.10964846980095899], [-67.02421771027906, -0.10514186990127428], [-67.02397040031366, -0.10416540041285316], [-67.0232496800287, -0.10312181991594116], [-67.02234216965536, -0.10229370978680663], [-67.01973196026165, -0.0998116402948881], [-67.01723599984143, -0.0975092103817019], [-67.01449501013656, -0.09473371998512903], [-67.01410979992721, -0.09372114001848786], [-67.01342635024577, -0.09222113020092593], [-67.01248374023231, -0.09003072973428061], [-67.01103286037812, -0.08669487986475133], [-67.0104383302646, -0.08543068038147794], [-67.00950021955941, -0.08436887962005812], [-67.0056930601865, -0.08044274983291189], [-67.00324586010828, -0.07787184980600159], [-67.00139847995587, -0.07362666034202903], [-67.00135144990941, -0.07293326955465318], [-67.00160453981755, -0.06866671040023675], [-67.00142592007012, -0.06807824981126487], [-67.0011433198083, -0.06762827042825847], [-66.99466816960029, -0.06312416974458301], [-66.99386063955683, -0.06275296018094423], [-66.98378337989897, -0.060987099974624925], [-66.97685525016959, -0.059816090040442305], [-66.97634446042849, -0.059721150410666723], [-66.97569528031289, -0.05944751998703168], [-66.97069641041094, -0.05719422003710406], [-66.97007758960905, -0.0567458603330806], [-66.96692413034424, -0.053270409601623214], [-66.96560435006069, -0.051738820090406534], [-66.96302996965733, -0.049180730006639806], [-66.96221937022773, -0.048537140076916785], [-66.95384450022345, -0.0458161198180278], [-66.94292784034747, -0.04226412958587389], [-66.94239015997783, -0.0418405003387079], [-66.93683407013611, -0.03043504004500619], [-66.93375459000231, -0.02646757022210977], [-66.93163643027697, -0.02362435008359398], [-66.93019446000625, -0.016752550289936607], [-66.92977082985982, -0.01453663965406804], [-66.9295264202081, -0.013909330151420818], [-66.92907021032187, -0.013436820053073006], [-66.92655286042606, -0.011603800275054255], [-66.92230024975669, -0.009428619934794824], [-66.92169739012235, -0.008956099943986828], [-66.92137151987964, -0.008206599554796412], [-66.92094788973321, -0.006593539560128647], [-66.91508447007214, 0.005492860407287026], [-66.91213309026983, 0.011785549863361666], [-66.91138358988076, 0.01260021962451674], [-66.9110644195872, 0.0128117302772921], [-66.90918396956448, 0.014082930083304745], [-66.9071309801106, 0.01550047027058099], [-66.90478471004621, 0.016021860320677206], [-66.89940784969247, 0.017015770361695104], [-66.89412875014159, 0.017863029755176285], [-66.88519989955569, 0.016437349803993584], [-66.88462962955373, 0.016421049591826886], [-66.88419784975088, 0.016535109707660922], [-66.87757526019004, 0.01970673437847381], [-66.87627920042473, 0.02032743026671824], [-66.8757985397707, 0.020506649862170434], [-66.87528530027635, 0.02079178980937968], [-66.8748209299419, 0.021248009588134664], [-66.87325674989899, 0.026266410066796197], [-66.87216508984693, 0.02878375996260729], [-66.86617722020247, 0.037325640366134394], [-66.86260078999442, 0.04226258025397556], [-66.85904065999841, 0.044731040305237], [-66.85595502040775, 0.04848033999587642], [-66.8507228097098, 0.055476620349850236], [-66.8449712000608, 0.06318346044844247], [-66.8437165999411, 0.06422623964937202], [-66.84133775013703, 0.06577413027196144], [-66.83069807965256, 0.06984343033013829], [-66.82988339999883, 0.07029557977728018], [-66.82933349964128, 0.07070291960417308], [-66.82881209969855, 0.07151759026470472], [-66.82625402040662, 0.07682928034716952], [-66.82390775034236, 0.08161956958764449], [-66.8222132297567, 0.08386807974812882], [-66.81965514956539, 0.08711049005722771], [-66.81890376959319, 0.08812316984847257], [-66.81820501974579, 0.08904942029460017], [-66.81493817036022, 0.10315960962833515], [-66.81282000973562, 0.11246321040897556], [-66.8125267300245, 0.11322492988665545], [-66.8027363603947, 0.127816799705613], [-66.80244512034596, 0.12848380978016394], [-66.80077502984363, 0.14107869992216138], [-66.80082754035868, 0.14552263955818034], [-66.80090130005493, 0.15320515029759463], [-66.80108460976686, 0.16400368961865297], [-66.79853467023878, 0.17177569009612625], [-66.79695419987638, 0.17664745971268303], [-66.7963513402421, 0.17840715956282338], [-66.79587067958812, 0.17938477029105115], [-66.79476272022333, 0.181046710237581], [-66.79222908000793, 0.18499787984831073], [-66.79049382013358, 0.18768632036756117], [-66.78932980962293, 0.18886917976891482], [-66.78468981957946, 0.1935091599199268], [-66.78417192969079, 0.19420371982590723], [-66.78389086996765, 0.19494914988348455], [-66.78325135036948, 0.19681882962538566], [-66.78317803044166, 0.19767423957461006], [-66.78320247041756, 0.20049301973716638], [-66.78349981956092, 0.20971107970262892], [-66.78358537026861, 0.21782932995972715], [-66.7835038997851, 0.21844847991343386], [-66.78333689028517, 0.21899839016356282], [-66.78179307988671, 0.22296178965501667], [-66.78112504008845, 0.22486813026006303], [-66.7808073204015, 0.22817570994112657], [-66.78088878998562, 0.22876228015519473], [-66.78101914042094, 0.22921849993394972], [-66.78150793993939, 0.2309781997841469], [-66.78147535030706, 0.23163808992597978], [-66.78092136972532, 0.23262384041805717], [-66.78023705039948, 0.23346296004768874], [-66.77671861027562, 0.23776733029814068], [-66.77583779987447, 0.2383469397595377], [-66.77522678968455, 0.23851395015879007], [-66.77470946996596, 0.23856283011065216], [-66.77399256010852, 0.23842433991143253], [-66.7724039400897, 0.2380781000243246], [-66.77087234967911, 0.23767890985379836], [-66.7694140800956, 0.2373693299306865], [-66.76891712012895, 0.2373041596594021], [-66.76857089013441, 0.23733674029836038], [-66.76809023037981, 0.23739785013077608], [-66.76736924029814, 0.2376055899260905], [-66.76605354023866, 0.2382084495604886], [-66.7638335502781, 0.23926344964866075], [-66.76340991023909, 0.239422320283893], [-66.76309218965275, 0.23947120023586876], [-66.76283148968145, 0.23943860970416608], [-66.76261561012223, 0.23937750976432426], [-66.7623263998434, 0.2392390096725876], [-66.76188240005268, 0.2388683397020941], [-66.76116954973492, 0.23825326008005732], [-66.76003716028663, 0.23710863985195374], [-66.75905139990209, 0.2363876497702222], [-66.75829374985665, 0.23597623961188674], [-66.75787011971022, 0.2358499604075064], [-66.75695360982121, 0.23580107955632457], [-66.75622854041478, 0.23582958986366975], [-66.7540940903699, 0.23611472981110637], [-66.75353197002437, 0.23619212996294436], [-66.75145047026291, 0.23642430973421824], [-66.75102684011648, 0.2363550601378961], [-66.7506968896497, 0.23619620029444377], [-66.75017957982374, 0.23580514988776713], [-66.7499555398162, 0.23555667979707096], [-66.74887608985955, 0.23335298015598482], [-66.74848505024482, 0.2327745595982833], [-66.74805327044197, 0.23252201018277674], [-66.74695345983423, 0.2321635503076891], [-66.74402063034779, 0.2312674100630261], [-66.74335258965027, 0.23109225000746392], [-66.7423016598936, 0.230790819740605], [-66.74146254026391, 0.23062382013318938], [-66.74088005027409, 0.2306156695776167], [-66.7398983602211, 0.2308478502482103], [-66.7384849002579, 0.23137331962306007], [-66.73216301970757, 0.23383363991064243], [-66.7314664696018, 0.23406175024962295], [-66.73043589959707, 0.23441205956896738], [-66.72961714961167, 0.23456684998018318], [-66.72897355968195, 0.234550549768187], [-66.72839514002368, 0.23432244032841254], [-66.72633400990651, 0.23272567964647806], [-66.72465170031569, 0.23159328030578763], [-66.7239225695709, 0.2315321803659458], [-66.72297754038107, 0.23176842956939936], [-66.72240727037916, 0.231923219980672], [-66.72168220996599, 0.23189878000476938], [-66.72085938964909, 0.2316625299018824], [-66.7174621898281, 0.2292755304413845], [-66.71582876018908, 0.22832234979676969], [-66.71511185033154, 0.22804943972994351], [-66.71459452971374, 0.22805758039305601], [-66.71362505964873, 0.22824089010515536], [-66.7101097401723, 0.22962583976072892], [-66.70379192006101, 0.2318376800648707], [-66.70257397990514, 0.23213911033178647], [-66.70241920028582, 0.23215133031982305], [-66.7022277499106, 0.23206172007240866], [-66.70195890028299, 0.23187434002886675], [-66.690496410381, 0.22392718039520787], [-66.68998724031883, 0.22373980035160912], [-66.6892703196695, 0.22376424032751174], [-66.68817865961734, 0.22456261976918768], [-66.68691590984133, 0.22590684002875605], [-66.68620713974758, 0.2267133700261752], [-66.68551466986605, 0.22725106028826758], [-66.6847570198205, 0.2276583902227003], [-66.68374682035937, 0.22776429978273427], [-66.6803292598874, 0.2278702102419743], [-66.67134337969316, 0.22791093963820686], [-66.66821466977109, 0.23146174006734554], [-66.6641579404365, 0.2361676800945247], [-66.66355507990295, 0.23686831042425638], [-66.66277298988155, 0.2374059898946257], [-66.66186055032404, 0.23758522028180096], [-66.66085849962002, 0.23759744026983753], [-66.65974238969949, 0.23762188024574016], [-66.65619871010233, 0.23774152964796258], [-66.65683324026179, 0.240222639563342], [-66.65705957983567, 0.242636949635596], [-66.6567344704194, 0.24479549971272263], [-66.65494706965148, 0.24716374021460297], [-66.65361838967692, 0.24915801023411177], [-66.65246098018997, 0.25010767003306], [-66.65106615957552, 0.25043412033846835], [-66.64596892002959, 0.25161509026418116], [-66.64325283974671, 0.2537276103411159], [-66.63937342973998, 0.2570817704074102], [-66.63922504969622, 0.2582391700017297], [-66.63969988004538, 0.25945592035446907], [-66.64046131983395, 0.26153634003009074], [-66.64053676036315, 0.26312071974552964], [-66.64053676036315, 0.2648559904117178], [-66.63993318037194, 0.26742116985127495], [-66.63940505979559, 0.2704390401297019], [-66.6392541697441, 0.2748903901793369], [-66.63917871032913, 0.28168058998727474], [-66.63940505979559, 0.2857547203041122], [-66.64047148037446, 0.2877084102151457], [-66.64382519977312, 0.29097142039489654], [-66.64514627957703, 0.292914199730717], [-66.64596417970307, 0.2942368200733654], [-66.64498811041295, 0.30021029966576407], [-66.64536534003838, 0.3038317400428241], [-66.64608569969516, 0.30489133027083426], [-66.64775132956015, 0.30727079970779414], [-66.650130809789, 0.30917439018611503], [-66.65143951042495, 0.3115538596230749], [-66.65162742016923, 0.31330783978506815], [-66.65147653011769, 0.31451499976753894], [-66.65064662044506, 0.3169292900548726], [-66.65004303955453, 0.3193435803420357], [-66.64808144010635, 0.32153153015605085], [-66.64476177983221, 0.32492663006001976], [-66.64106488004012, 0.32854807043713663], [-66.63940506968811, 0.32967977010548566], [-66.63706621003746, 0.33028334020411876], [-66.6359309103832, 0.3314226103653368], [-66.6353967202823, 0.3329064503724908], [-66.63533094027065, 0.33571551965559365], [-66.63570816989608, 0.33956328971407856], [-66.63661352999031, 0.34343370020519615], [-66.6359345202618, 0.3446408502951499], [-66.6342838299347, 0.34712172998382584], [-66.63459543962779, 0.35372486001432435], [-66.63495156036618, 0.35440743015891485], [-66.63550059018007, 0.3547635499979833], [-66.63708830997746, 0.3555203097145636], [-66.63955150000169, 0.35660351973666593], [-66.6401302002485, 0.3566925499213198], [-66.64161405014818, 0.35678158999849074], [-66.64285346431586, 0.35680513604825137], [-66.64391323980408, 0.35682527007031695], [-66.64441852029842, 0.35706352026534205], [-66.6449230300737, 0.35756803004062476], [-66.64723783016166, 0.36072862002981765], [-66.6507990699211, 0.3654175898499261], [-66.6526984003109, 0.36794012973336976], [-66.65278742959617, 0.3684446404078585], [-66.65280227020855, 0.3694388202455343], [-66.6526984003109, 0.37046266961664287], [-66.65259453041313, 0.37087815010664826], [-66.65231260014627, 0.3713826598819878], [-66.65188227994315, 0.37182781979817037], [-66.65044295008198, 0.37335617984399505], [-66.64897393989537, 0.37485487035610277], [-66.64878103981312, 0.3753593801314423], [-66.64872168006144, 0.3758193698680543], [-66.64938942038538, 0.3826153999807502], [-66.65007176030343, 0.38825392977508955], [-66.64906223983041, 0.3885206300230948], [-66.64694972964622, 0.3907840302588852], [-66.64596892002959, 0.39244387028855954], [-66.64370552968637, 0.39493361009812133], [-66.6416684699239, 0.3984041397393412], [-66.64053677025566, 0.4019501503793208], [-66.63948267038882, 0.403475840337876], [-66.63650832999537, 0.40451685956549], [-66.6342775796465, 0.404963009635253], [-66.63155860984193, 0.4070050696283829], [-66.62892375992357, 0.4109116904221537], [-66.62773401980905, 0.4118039896625305], [-66.62594942042932, 0.4129937198844118], [-66.6235699500931, 0.41418345010612256], [-66.62163662982653, 0.41567063019545003], [-66.6167340098666, 0.420778079744764], [-66.61545073936009, 0.42233530622945636], [-66.61027689016623, 0.4286136802772944], [-66.60985242994565, 0.4311347398764269], [-66.61052094998178, 0.4326343998576476], [-66.61066549981291, 0.43424247041383524], [-66.61057516021543, 0.434892909580185], [-66.60882587001782, 0.4410925902508893], [-66.60777620021139, 0.44599403030031226], [-66.6067054296118, 0.45027708032301916], [-66.6067054296118, 0.4533704001238448], [-66.60723404031859, 0.4561823598282331], [-66.60809623025676, 0.4607688501023972], [-66.60933425677047, 0.46461749520136664], [-66.6109836700603, 0.4697450104239351], [-66.61278262981443, 0.47435517984774833], [-66.61518929025345, 0.4805226998627745], [-66.61669921959327, 0.4841845701618581], [-66.61610437022046, 0.48739684958491125], [-66.61613084985879, 0.49113088957892614], [-66.61788895970767, 0.4976285696028526], [-66.61753205026389, 0.4995321600811735], [-66.61634231014938, 0.5019116196255595], [-66.6150009902035, 0.504413119869696], [-66.61562846967803, 0.507265440247977], [-66.61889274970059, 0.5199990103462255], [-66.6214581701584, 0.5274909502472269], [-66.62395661990206, 0.5340345001921492], [-66.62550328025208, 0.538317540322339], [-66.62473040018779, 0.5401483099964821], [-66.62312380002328, 0.5431954702947905], [-66.62049735966531, 0.5464785101752909], [-66.62030673486782, 0.5467167909473005], [-66.61788895970767, 0.5497390103471957], [-66.61467667039199, 0.5528323301480214], [-66.61117198000278, 0.5556212204430722], [-66.607782390245, 0.5587597401700464], [-66.60599159993228, 0.5608035601363213], [-66.60615035995107, 0.5685519201350644], [-66.60670544040363, 0.5725819396050156], [-66.60587264031005, 0.5750803902478197], [-66.60492085001715, 0.5787685702135263], [-66.60373110001018, 0.5815049598861037], [-66.60284106166563, 0.5851460837249647], [-66.60242241016607, 0.5868587796090878], [-66.60266035009505, 0.5912608000459727], [-66.60515879983865, 0.6054186597434068], [-66.60611059013155, 0.6114863199377396], [-66.60611059013155, 0.6141037400955156], [-66.60582681985176, 0.6168003095867789], [-66.60401056973194, 0.6212026600748572], [-66.59698123029943, 0.635478750044399], [-66.59567682032895, 0.6372469601791408], [-66.59575988980697, 0.6396830599254599], [-66.59647373027832, 0.6453937998840615], [-66.59754448019356, 0.6465835301059428], [-66.59897218002197, 0.6490819798495977], [-66.59897218002197, 0.6509855496434511], [-66.59889119337384, 0.6528371880858685], [-66.5987204597813, 0.6567406900308015], [-66.5975609800551, 0.6585523796886719], [-66.59538695984025, 0.6598567995518465], [-66.59429994029, 0.6617409403921215], [-66.59381801159185, 0.6635479562732485], [-66.59345959038768, 0.6648918797565102], [-66.59351704987188, 0.666989249853998], [-66.59401007980131, 0.6684079600593122], [-66.5945800997917, 0.6715287496521114], [-66.59647374017095, 0.6763269304434516], [-66.5986599003341, 0.6810099998116925], [-66.60432598985244, 0.6902468403194462], [-66.60877323000051, 0.697386690243718], [-66.61190954009311, 0.7024676502619513], [-66.61690411033635, 0.7065518898579057], [-66.62089772974639, 0.709539919731526], [-66.62586819995744, 0.7112350500576099], [-66.62899988034019, 0.7122693603428729], [-66.63198301970056, 0.71319283008512], [-66.63270617984625, 0.7139070302852701], [-66.63316588000134, 0.7146540395523289], [-66.6333382602524, 0.7166364798897007], [-66.63342446027053, 0.720486439797412], [-66.63359343928568, 0.7235648317517303], [-66.63360476984423, 0.723771260335468], [-66.63376922976607, 0.725341990140862], [-66.63414272990303, 0.7263475697845934], [-66.6354930898342, 0.7278415901172934], [-66.63734560961211, 0.7294255399568783], [-66.6391573100617, 0.731164749653658], [-66.64133132038404, 0.7334837100052027], [-66.64141169009736, 0.7345933798806641], [-66.64083707007467, 0.7388743102013109], [-66.64040609966167, 0.7450227501998938], [-66.64121057021163, 0.7474074204162093], [-66.64318432040005, 0.7492845096724636], [-66.64669392018817, 0.7515715800644216], [-66.65063435009506, 0.7546763797112703], [-66.6567668900799, 0.7589632599465972], [-66.65773092014581, 0.7597905004312793], [-66.65845898969053, 0.7610361298136468], [-66.65905254044236, 0.7653068600236566], [-66.65985701009282, 0.7712829197710107], [-66.6605465598758, 0.7756212996833938], [-66.66074766986895, 0.7767418099865608], [-66.661404809884, 0.7778482701814937], [-66.66262307019849, 0.7792390996048653], [-66.66454017029253, 0.7824305597227408], [-66.66491367042948, 0.783608530409424], [-66.6656319499545, 0.7893547396296867], [-66.66607330034248, 0.7904226198081119], [-66.66810282018889, 0.7948711001213269], [-66.67255612986145, 0.8049844198951064], [-66.6766646700384, 0.8116500204322392], [-66.6769807097919, 0.8125406802083717], [-66.6771530999356, 0.8188040499670706], [-66.67732548018671, 0.8197234502770812], [-66.67913554027291, 0.82365960031035], [-66.68149147984786, 0.8289173796333671], [-66.68177878985921, 0.8297793096675719], [-66.68312914979037, 0.8358702901818447], [-66.68186498987734, 0.8391743598090216], [-66.68114671035232, 0.8417314201690829], [-66.68189371961938, 0.8435414703627089], [-66.6908458500559, 0.8524803996508581], [-66.69459559041411, 0.8554489304239041], [-66.69913234008533, 0.8573611004345025], [-66.70008413037823, 0.8584318701347797], [-66.7011435101648, 0.8635382800677007], [-66.70157447967847, 0.8660378800443027], [-66.70168940044545, 0.867704279728855], [-66.69676636677428, 0.8773000216787068], [-66.69660401036668, 0.877616479616961], [-66.68976186032148, 0.8925286600697291], [-66.6890775499889, 0.8952244903180144], [-66.6885880498985, 0.8965502403013943], [-66.6888466301678, 0.8975845595797978], [-66.69396074998855, 0.906290059938442], [-66.69309881995446, 0.9123810395535088], [-66.69272531981761, 0.9203108098960797], [-66.69238055032207, 0.9228965999981256], [-66.69407567974878, 0.9266603598878191], [-66.6971768902012, 0.9320835901855844], [-66.69921653011869, 0.9333657203518442], [-66.70229275021023, 0.9348199798582755], [-66.70443426982564, 0.9364856196157803], [-66.70635460028456, 0.9390836998529721], [-66.70768587030659, 0.9409332096000753], [-66.70908312988246, 0.9427909697275254], [-66.70946310963478, 0.943252380393119], [-66.70961634961475, 0.9439043897759234], [-66.71211480025778, 0.9462838502195723], [-66.71413735035838, 0.9490202497847804], [-66.71497394019508, 0.9505925399138277], [-66.71509291960251, 0.9553514796871241], [-66.71580676007386, 0.9580878801517088], [-66.71687750998905, 0.9604673396961516], [-66.71925700011036, 0.9647503996114324], [-66.72056568995458, 0.9666539703046624], [-66.72056568995458, 0.9687954998125292], [-66.72036952443398, 0.9703068159070085], [-66.71979438999904, 0.9747377999096329], [-66.71979438999904, 0.9775931501038144], [-66.72050822957112, 0.9794967396829293], [-66.7251481998295, 0.9821141499481882], [-66.72609998022989, 0.9840177296345587], [-66.7277656298798, 0.9885387303781386], [-66.72824151963039, 0.9912751200508296], [-66.72985004973992, 0.9931200603426191], [-66.73163465991155, 0.9956184903011831], [-66.7344900199983, 0.999901550216407], [-66.73663155040566, 1.0066830499827688], [-66.73817821974899, 1.0110850704198242], [-66.73901101984268, 1.012393780049024], [-66.74210433964345, 1.0114419897560651], [-66.74555456978754, 1.0110850704198242], [-66.74793404012382, 1.0109661000055326], [-66.75078941999567, 1.012869669799386], [-66.75269298978958, 1.0144163301495723], [-66.75367232002151, 1.0175271804350814], [-66.75426719997125, 1.0237138101443861], [-66.75843126968732, 1.0331127201760069], [-66.76224940978233, 1.0407740500824616], [-66.76581861034055, 1.048388379620178], [-66.76914987996292, 1.0544560200293063], [-66.77082070970795, 1.0601997201410995], [-66.77097178142247, 1.0609298985960436], [-66.7715345501793, 1.0636499502850256], [-66.77379505999392, 1.0674571096580507], [-66.77712631972378, 1.0734057904448946], [-66.78005607982419, 1.081443490224956], [-66.78564785026799, 1.0964341698012277], [-66.7890980903046, 1.1054761703891245], [-66.79052577034798, 1.1098781899266328], [-66.79290524967752, 1.1129714899424243], [-66.79683009163534, 1.1191396862475926], [-66.797563879969, 1.1202928896053095], [-66.7985846698466, 1.1212924096171264], [-66.80327461992772, 1.1258846402640756], [-66.81184071008067, 1.13314202978097], [-66.82207244988354, 1.1418271002406186], [-66.82293109019759, 1.143372640035409], [-66.82326218010542, 1.1439686198560821], [-66.82504679027704, 1.1520588400435372], [-66.8257583095982, 1.1559853898140204], [-66.8282176100546, 1.1698602904201039], [-66.82893144962662, 1.1724777195711908], [-66.8300022103337, 1.1785453698730635], [-66.83178681960595, 1.1802110096305682], [-66.83499910982101, 1.1823525301452378], [-66.83702165992156, 1.183542260367119]]]}}, {"id": "45", "type": "Feature", "properties": {"Codigo_BR": "307", "Unidade_Fe": "AM", "Km_inicial": "625,3", "Km_final": "657,3", "Rodovia": "BR-307/AM", "Contratada": "LCM CONSTRUCAO E COMERCIO S.A", "Contrato": "00394/2025", "Escopo": "EMERG\u00caNCIA", "Interv": "Execu\u00e7\u00e3o dos Servi\u00e7o Emergencial de Recupera\u00e7\u00e3o de Eros\u00f5es", "Edital": null, "Processo": "50601.001029/2025-74", "Situacao": "ATIVO", "Gestao": "CGMRR", "Fiscaliz": "SRE/AM", "Fiscal_tec": "DANIELA FONSECA", "ini_vigenc": "07/07/25", "fin_vigenc": "06/07/26", "in_servi": "07/07/25", "fin_servic": "06/07/26", "supervisao": "STE/LBR/LAGHI"}, "geometry": {"type": "LineString", "coordinates": [[-70.18805840966786, -4.3689940802125875], [-70.18578139999158, -4.370190079608449], [-70.18556289980796, -4.3702360799310895], [-70.185217900086, -4.370144080185128], [-70.18502240006364, -4.36994858016277], [-70.18442440036574, -4.369063079797229], [-70.18407939974446, -4.368695079913948], [-70.18369990023018, -4.368442079938006], [-70.18325140023188, -4.368430580307006], [-70.18259589968096, -4.368568580375609], [-70.18222789979768, -4.368741080236589], [-70.18190590023704, -4.369051580166229], [-70.18175639963812, -4.369500080164528], [-70.18160689993846, -4.37012108002375], [-70.18129640000882, -4.37040857979207], [-70.18083640037952, -4.370650080137068], [-70.18072139957292, -4.370776579675351], [-70.18070989994192, -4.370949080435651], [-70.18084790001052, -4.371627580248571], [-70.1808248998492, -4.37190358038589], [-70.18051439991956, -4.372145079831512], [-70.17955989996938, -4.3727315798984705], [-70.17909989044756, -4.373076579620431], [-70.17882389031024, -4.373122579943072], [-70.17849039021928, -4.372973080243412], [-70.17806489038236, -4.3724095803378304], [-70.17746688978508, -4.371685080202269], [-70.1765123898349, -4.370650080137068], [-70.17619039027426, -4.3704545801147106], [-70.17592588976794, -4.3705120800684085], [-70.17569588995332, -4.370776579675351], [-70.17561538983836, -4.371167579720009], [-70.17591439013694, -4.372340579853812], [-70.17591439013694, -4.372685579575773], [-70.17568439032232, -4.373249080380731], [-70.17529339027772, -4.373479080195352], [-70.17485638991042, -4.373594080102691], [-70.17407438982121, -4.373605579733692], [-70.17383289037554, -4.3736515800563325], [-70.17351088991558, -4.373904580032274], [-70.17309688970965, -4.374502579730233], [-70.17280938994134, -4.375250080027115], [-70.17270588966505, -4.375583590010649], [-70.17241838989673, -4.376204589869872], [-70.17132588987789, -4.377929590278313], [-70.17108439043221, -4.378136589931614], [-70.17067038033372, -4.378332089953915], [-70.16938238029257, -4.378757589790894], [-70.16927888001624, -4.378872589698233], [-70.16919837990127, -4.379056590089533], [-70.16916388010895, -4.3796200899951145], [-70.16938238029257, -4.380689589852636], [-70.1694743800386, -4.381103590058615], [-70.1694858796696, -4.381402590357197], [-70.16937087976225, -4.3818395898251765], [-70.1692098804316, -4.382069589639798], [-70.168818880387, -4.382449090053399], [-70.1683933796507, -4.3827595899830385], [-70.16773787999915, -4.383127589866319], [-70.16751937981547, -4.38334609004994], [-70.16740437990819, -4.383564590233618], [-70.16738137974681, -4.383760090255919], [-70.16742738006951, -4.384105089977879], [-70.16788737969875, -4.386048599563196], [-70.16823238032003, -4.387152600112358], [-70.16831288043505, -4.38755509978796], [-70.16834738022737, -4.3878655997176], [-70.16833587969705, -4.388245100131201], [-70.16826688011241, -4.388670599968179], [-70.16793338002145, -4.389993099801643], [-70.1678068795838, -4.390303599731283], [-70.16749637965415, -4.390809599683223], [-70.16702488039385, -4.3916490997261235], [-70.16689837995625, -4.391959599655763], [-70.16689837995625, -4.392235599793025], [-70.16699037970221, -4.393017609774802], [-70.16695587990989, -4.393535110257062], [-70.16676037988759, -4.394064110370323], [-70.16655338023429, -4.394731109652923], [-70.16651888044191, -4.395053110112883], [-70.16658788002661, -4.395536109903503], [-70.16674888025659, -4.396467609692365], [-70.16673737972627, -4.396720609668364], [-70.16665687961125, -4.396973609644306], [-70.16648437975027, -4.397157610035606], [-70.16623137977433, -4.3973531100579635], [-70.16587488042137, -4.397433610172925], [-70.16561037991505, -4.397525609918944], [-70.16536887957011, -4.3977786098948854], [-70.16525387966277, -4.398330610169467], [-70.16528838035441, -4.398871109913728], [-70.16548388037671, -4.399618610210666], [-70.16549538000777, -4.399802609702647], [-70.16544937968507, -4.399998109724947], [-70.16517338044713, -4.400320110184907], [-70.16493188010213, -4.400515610207208], [-70.16486287961817, -4.4007571096528295], [-70.16486287961817, -4.401228609812449], [-70.16479388003347, -4.401815119771925], [-70.16462138017249, -4.402746619560787], [-70.16454088005753, -4.4041726196705895], [-70.16440287998887, -4.404575120245568], [-70.16424187975889, -4.404966120290169], [-70.16420737996657, -4.405276620219809], [-70.16424187975889, -4.405748120379428], [-70.16413838038193, -4.406058620309011], [-70.16302288020171, -4.407174119589911], [-70.16260887999579, -4.4073811201425315], [-70.16184987017533, -4.4077031197031715], [-70.16145887013073, -4.408117119909093], [-70.16104486992475, -4.409106119651653], [-70.16040086990421, -4.409865130371429], [-70.15941187016165, -4.410624130299311], [-70.15883686972569, -4.411291129581912], [-70.15849187000379, -4.412073129671171], [-70.15828487035043, -4.413016129990353], [-70.15816987044315, -4.413637129849633], [-70.15807786979781, -4.414419129938835], [-70.15791686956783, -4.415086130120756], [-70.15759487000719, -4.416098130024636], [-70.15734187003125, -4.416443129746597], [-70.15690486966395, -4.416719129883916], [-70.15614586973606, -4.416949129698537], [-70.15230485988133, -4.417156130251158], [-70.1518218600907, -4.416995130021178], [-70.15110885958615, -4.416535130391935], [-70.15071786044086, -4.416075129863316], [-70.15044186030354, -4.415615130234016], [-70.15005086025894, -4.415224130189415], [-70.14968286037566, -4.415086130120756], [-70.14906185961706, -4.415224130189415], [-70.14830285968918, -4.415500130326734], [-70.14733686010794, -4.416075129863316], [-70.14666985992608, -4.416650130299217], [-70.14579586009086, -4.416949129698537], [-70.14457684974178, -4.417363129904459], [-70.14367984974524, -4.417409130227156], [-70.14287485039398, -4.417639130041778], [-70.14163284977616, -4.418145129993718], [-70.14087384984828, -4.418674139999496], [-70.14022984982768, -4.419272139697455], [-70.13983884978308, -4.419824139972036], [-70.13917184960115, -4.420629140222616], [-70.1385738499032, -4.421411140311818], [-70.13825185034256, -4.421779140195099], [-70.13763084958401, -4.422262139985719], [-70.13707885020875, -4.423021139913601], [-70.13648083971896, -4.424217140208782], [-70.1360898396743, -4.424539139769422], [-70.1354918399764, -4.4247691395841], [-70.13500884018578, -4.424999140298041], [-70.1346638395645, -4.425367140181322], [-70.1329618402167, -4.427994899844691], [-70.1328180898829, -4.4282823996130105], [-70.13270884024075, -4.42865614976148], [-70.13250183968813, -4.4295646502883415], [-70.13228908976964, -4.430570899927034], [-70.13197283957487, -4.432249900012835], [-70.1317428397602, -4.4334459003080156], [-70.13151283994557, -4.434641899703877], [-70.13132883955427, -4.4351249102863335], [-70.13106433994727, -4.435538899700418], [-70.13065033974135, -4.436240409567176], [-70.13048934041069, -4.436481909912175], [-70.13024784006575, -4.436677409934475], [-70.12992583960579, -4.436999410394435], [-70.12961533967615, -4.437160409725095], [-70.1273613301612, -4.437689409838356], [-70.12670582961033, -4.437873410229656], [-70.12605032995873, -4.438091910413277], [-70.12567083044445, -4.438126410205598], [-70.12464733001025, -4.438137909836598], [-70.12333632980773, -4.438275909905258], [-70.1220713299279, -4.438873909603217], [-70.12099033043938, -4.43951790962376], [-70.1195413301682, -4.439885910406417], [-70.11544732033752, -4.440253910289698], [-70.11480332031692, -4.44036891019698], [-70.11402132022772, -4.440713909918941], [-70.1135613196991, -4.440920909572299], [-70.1129633200012, -4.440943909733619], [-70.11234232014192, -4.440897910310241], [-70.11183632018998, -4.441104909963599], [-70.11160632037536, -4.441403910262181], [-70.11128431002282, -4.441932910375442], [-70.11103131004688, -4.442254909936082], [-70.11036430986496, -4.4424389103273825], [-70.10914531030778, -4.442369909843421], [-70.1069143099474, -4.442185910351441], [-70.10516631027696, -4.442024910121461], [-70.10392430965913, -4.441564909592842], [-70.10144030032956, -4.440644910334299], [-70.09983029982845, -4.439977910152379], [-70.09909430006184, -4.439816909922399], [-70.09796730025067, -4.439632910430419], [-70.09711629967745, -4.439494910361759], [-70.09635729974957, -4.439195910063177], [-70.09497729996241, -4.438505909719936], [-70.09426430035711, -4.438045910090636], [-70.09394229000463, -4.4378849098606565], [-70.09371229019001, -4.4378849098606565], [-70.09348229037533, -4.437907910021977], [-70.0932522896614, -4.438091910413277], [-70.09316028991543, -4.438275909905258], [-70.09295329026207, -4.4383679096512765], [-70.0926082896408, -4.438390909812597], [-70.09184928971291, -4.438390909812597], [-70.09102129020033, -4.438252909743937], [-70.09051529024839, -4.438068910251957], [-70.08987129022785, -4.438045910090636], [-70.08874429041663, -4.438022909929316], [-70.08745629037548, -4.438022909929316], [-70.08635228982627, -4.437953910344618], [-70.08586929003565, -4.437861909699336], [-70.08529427970723, -4.437815910276015], [-70.08465027968663, -4.437976909606618], [-70.08421328021865, -4.438275909905258], [-70.08361527962143, -4.438482909558559], [-70.08315527999213, -4.438551910042577], [-70.0824882798102, -4.438666909949859], [-70.08207427960429, -4.438827910179839], [-70.08147627990633, -4.438942910087178], [-70.08101628027708, -4.438965910248498], [-70.0808552800471, -4.438965910248498], [-70.08044127984112, -4.438896909764537], [-70.08007327995784, -4.438873909603217], [-70.07984328014322, -4.438873909603217], [-70.0796132803286, -4.438781909857198], [-70.0793832796146, -4.438597910365218], [-70.07919928012262, -4.438413909973917], [-70.07908428021534, -4.438321910227955], [-70.07885428040066, -4.438321910227955], [-70.07841728003342, -4.438436910135238], [-70.07781928033546, -4.438482909558559], [-70.07749726998298, -4.438459910296558], [-70.0756572696672, -4.438137909836598], [-70.07425426971872, -4.437332909586075], [-70.07344927036752, -4.436895910118096], [-70.07303527016154, -4.436435909589534], [-70.07205777004998, -4.435090399702119], [-70.07187376965868, -4.434940909895033], [-70.07167252027057, -4.4348201597225625], [-70.07014301988443, -4.433882899775938], [-70.07001077008096, -4.433779400398976], [-70.06987852027743, -4.433503400261657], [-70.06976926973596, -4.433365400192997], [-70.06961401977117, -4.433261899916715], [-70.06941851974887, -4.433031900102037], [-70.06937252032549, -4.432847899710737], [-70.06940702011786, -4.432681150114945], [-70.06954502018647, -4.432336150392985], [-70.06957951997884, -4.432031399829214], [-70.06956802034784, -4.431168899624993], [-70.06955651981752, -4.430979149867824], [-70.06949901986383, -4.430731900157014], [-70.06917702030319, -4.429863649687661], [-70.06898152028089, -4.429576149919342], [-70.06872851041237, -4.42924840009357], [-70.06623875981086, -4.426637890326333], [-70.0657385101241, -4.426120389844073], [-70.06542801019447, -4.425901889660452], [-70.06500251035754, -4.425574139834623], [-70.06282325968567, -4.424096390036311], [-70.06169625987445, -4.42328564041992], [-70.06148926022115, -4.423187890408769], [-70.06128225966853, -4.42314764035126], [-70.06093725994657, -4.42313613982094], [-70.06060951012074, -4.423067140236299], [-70.06028750966078, -4.42297513959096], [-70.0595227495752, -4.42270488971883], [-70.05906850021108, -4.422538140123038], [-70.05893625040761, -4.4224576400080196], [-70.05877525017763, -4.42231963993936], [-70.05836124997165, -4.421945889790948], [-70.05799325008837, -4.421583640172798], [-70.0578322498584, -4.421439889839007], [-70.05768275015873, -4.4212041397591975], [-70.05760225004377, -4.421031639898217], [-70.05691224970053, -4.419812640341036], [-70.05685474974689, -4.419622889684547], [-70.05680300005838, -4.419444639558435], [-70.05664775009353, -4.418760390379646], [-70.05647525023255, -4.418231390266385], [-70.05631425000257, -4.417938130340417], [-70.0561934998301, -4.417811639795275], [-70.05599225044199, -4.4177311297877395], [-70.05561850029352, -4.4176851303644185], [-70.05508374991507, -4.417690879730287], [-70.05478474961649, -4.417644880306909], [-70.05443974989453, -4.417541380030627], [-70.05398549963104, -4.4173056299508175], [-70.05296775036135, -4.416673129561218], [-70.05279524960105, -4.4166213798727085], [-70.05257100005156, -4.416598379711388], [-70.0522777500181, -4.416632880403085], [-70.05198449009208, -4.416690380356727], [-70.05170849984734, -4.416730630414236], [-70.05146124024401, -4.416736379780048], [-70.0511910002644, -4.416730630414236], [-70.05084024038473, -4.416667380195406], [-70.05033998979866, -4.416552380288067], [-70.05004673976521, -4.416437380380728], [-70.0495464900784, -4.416034879805807], [-70.0477122400278, -4.414810129983437], [-70.04701074005357, -4.414298379766365], [-70.0466772399626, -4.414079879582744], [-70.04618848990685, -4.413619879953444], [-70.04530299044063, -4.412751630383411], [-70.04495798981935, -4.412377880234942], [-70.04427949000643, -4.411595880145683], [-70.04381949037713, -4.41121063036627], [-70.04362399035483, -4.41112437998612], [-70.04331347963335, -4.411055380401422], [-70.04296848980391, -4.41103812960597], [-70.04204847975348, -4.4109978804477805], [-70.04159997975523, -4.410894380171442], [-70.04091572967712, -4.410595379872859], [-70.04007048026841, -4.410112370189665], [-70.03762097972441, -4.408910619629353], [-70.03732198032509, -4.408703619976052], [-70.0371322296686, -4.408508119953751], [-70.036982729969, -4.408329869827583], [-70.03648248028219, -4.4077203695993035], [-70.03399271978816, -4.405707870321919], [-70.03329121981392, -4.405385869861959], [-70.03263572016232, -4.40525937032362], [-70.03200321977272, -4.405190369839659], [-70.03149721982078, -4.405017869978678], [-70.03115222009882, -4.404810870325377], [-70.03065771977788, -4.404350869796758], [-70.029887220219, -4.403465370330537], [-70.02966872003537, -4.403016870332237], [-70.02958821992036, -4.402729369664655], [-70.02958821992036, -4.402039370220734], [-70.02953071996671, -4.400923860147998], [-70.02935822010573, -4.400095859736098], [-70.02903621964577, -4.3994288595541775], [-70.02839221962518, -4.397933859859677], [-70.02828872024821, -4.397554360345396], [-70.02839221962518, -4.395622360283653], [-70.0284727197402, -4.395219859708732], [-70.02982972026535, -4.392586349780174], [-70.03043921959426, -4.3915168499226525], [-70.03068071993926, -4.390642850087431]]}}]}