{"type": "FeatureCollection", "features": [{"id": "0", "type": "Feature", "properties": {"PONTOS": 1.0, "LONGITUDE": -58.2466721785, "LATITUDE": -6.42337001087, "F4": null}, "geometry": {"type": "Point", "coordinates": [-58.24667217852357, -6.423370010873555]}}, {"id": "1", "type": "Feature", "properties": {"PONTOS": 2.0, "LONGITUDE": -58.2518191247, "LATITUDE": -6.4244336928, "F4": null}, "geometry": {"type": "Point", "coordinates": [-58.251819124737324, -6.42443369280096]}}, {"id": "2", "type": "Feature", "properties": {"PONTOS": 3.0, "LONGITUDE": -58.2560801101, "LATITUDE": -6.42551758233, "F4": null}, "geometry": {"type": "Point", "coordinates": [-58.25608011014293, -6.4255175823296895]}}, {"id": "3", "type": "Feature", "properties": {"PONTOS": 4.0, "LONGITUDE": -58.2599784435, "LATITUDE": -6.42618630073, "F4": null}, "geometry": {"type": "Point", "coordinates": [-58.259978443478985, -6.426186300726329]}}, {"id": "4", "type": "Feature", "properties": {"PONTOS": 5.0, "LONGITUDE": -58.2697362318, "LATITUDE": -6.42720223867, "F4": null}, "geometry": {"type": "Point", "coordinates": [-58.26973623179924, -6.4272022386716685]}}, {"id": "5", "type": "Feature", "properties": {"PONTOS": 6.0, "LONGITUDE": -58.2787490719, "LATITUDE": -6.4267818554, "F4": null}, "geometry": {"type": "Point", "coordinates": [-58.278749071932225, -6.426781855401259]}}, {"id": "6", "type": "Feature", "properties": {"PONTOS": 7.0, "LONGITUDE": -58.2846882549, "LATITUDE": -6.42648661418, "F4": null}, "geometry": {"type": "Point", "coordinates": [-58.28468825492092, -6.426486614177691]}}, {"id": "7", "type": "Feature", "properties": {"PONTOS": 8.0, "LONGITUDE": -58.2874232598, "LATITUDE": -6.42473426014, "F4": null}, "geometry": {"type": "Point", "coordinates": [-58.287423259826426, -6.424734260137768]}}, {"id": "8", "type": "Feature", "properties": {"PONTOS": 9.0, "LONGITUDE": -58.296015326, "LATITUDE": -6.41885212297, "F4": null}, "geometry": {"type": "Point", "coordinates": [-58.29601532603772, -6.418852122967451]}}, {"id": "9", "type": "Feature", "properties": {"PONTOS": 10.0, "LONGITUDE": -58.2992375023, "LATITUDE": -6.41672768877, "F4": null}, "geometry": {"type": "Point", "coordinates": [-58.29923750227164, -6.416727688772141]}}, {"id": "10", "type": "Feature", "properties": {"PONTOS": 11.0, "LONGITUDE": -58.3083802932, "LATITUDE": -6.4177535132, "F4": null}, "geometry": {"type": "Point", "coordinates": [-58.30838029319864, -6.417753513198704]}}, {"id": "11", "type": "Feature", "properties": {"PONTOS": 12.0, "LONGITUDE": -58.3154808048, "LATITUDE": -6.41913712546, "F4": null}, "geometry": {"type": "Point", "coordinates": [-58.31548080475841, -6.419137125461134]}}, {"id": "12", "type": "Feature", "properties": {"PONTOS": 13.0, "LONGITUDE": -58.319429052, "LATITUDE": -6.42165924079, "F4": null}, "geometry": {"type": "Point", "coordinates": [-58.31942905203954, -6.421659240789893]}}, {"id": "13", "type": "Feature", "properties": {"PONTOS": 14.0, "LONGITUDE": -58.3215394062, "LATITUDE": -6.42315507152, "F4": null}, "geometry": {"type": "Point", "coordinates": [-58.32153940617712, -6.4231550715155095]}}, {"id": "14", "type": "Feature", "properties": {"PONTOS": 15.0, "LONGITUDE": -58.3307699317, "LATITUDE": -6.43007678188, "F4": null}, "geometry": {"type": "Point", "coordinates": [-58.33076993173802, -6.430076781884907]}}, {"id": "15", "type": "Feature", "properties": {"PONTOS": 16.0, "LONGITUDE": -58.3414673395, "LATITUDE": -6.44120880458, "F4": null}, "geometry": {"type": "Point", "coordinates": [-58.341467339527355, -6.441208804580185]}}, {"id": "16", "type": "Feature", "properties": {"PONTOS": 17.0, "LONGITUDE": -58.341608632, "LATITUDE": -6.44336988625, "F4": null}, "geometry": {"type": "Point", "coordinates": [-58.341608631982524, -6.443369886245023]}}, {"id": "17", "type": "Feature", "properties": {"PONTOS": 18.0, "LONGITUDE": -58.3490452416, "LATITUDE": -6.46570632054, "F4": null}, "geometry": {"type": "Point", "coordinates": [-58.34904524159532, -6.465706320540164]}}, {"id": "18", "type": "Feature", "properties": {"PONTOS": 19.0, "LONGITUDE": -58.3523972766, "LATITUDE": -6.46822965086, "F4": null}, "geometry": {"type": "Point", "coordinates": [-58.352397276566535, -6.468229650859541]}}, {"id": "19", "type": "Feature", "properties": {"PONTOS": 20.0, "LONGITUDE": -58.3575205694, "LATITUDE": -6.4704136078, "F4": null}, "geometry": {"type": "Point", "coordinates": [-58.35752056936758, -6.470413607795365]}}, {"id": "20", "type": "Feature", "properties": {"PONTOS": 21.0, "LONGITUDE": -58.3805412425, "LATITUDE": -6.48082406278, "F4": null}, "geometry": {"type": "Point", "coordinates": [-58.38054124249504, -6.480824062782688]}}, {"id": "21", "type": "Feature", "properties": {"PONTOS": 22.0, "LONGITUDE": -58.3859151814, "LATITUDE": -6.48201220662, "F4": null}, "geometry": {"type": "Point", "coordinates": [-58.38591518136877, -6.482012206619572]}}, {"id": "22", "type": "Feature", "properties": {"PONTOS": 23.0, "LONGITUDE": -58.3908447684, "LATITUDE": -6.4860140478, "F4": null}, "geometry": {"type": "Point", "coordinates": [-58.39084476837502, -6.486014047797767]}}, {"id": "23", "type": "Feature", "properties": {"PONTOS": 24.0, "LONGITUDE": -58.3969250831, "LATITUDE": -6.49087178684, "F4": null}, "geometry": {"type": "Point", "coordinates": [-58.39692508313237, -6.4908717868434564]}}, {"id": "24", "type": "Feature", "properties": {"PONTOS": 25.0, "LONGITUDE": -58.4006313819, "LATITUDE": -6.49385495285, "F4": null}, "geometry": {"type": "Point", "coordinates": [-58.40063138194398, -6.493854952847414]}}, {"id": "25", "type": "Feature", "properties": {"PONTOS": 26.0, "LONGITUDE": -58.4061357916, "LATITUDE": -6.49638995981, "F4": null}, "geometry": {"type": "Point", "coordinates": [-58.406135791571614, -6.4963899598091075]}}, {"id": "26", "type": "Feature", "properties": {"PONTOS": 27.0, "LONGITUDE": -58.4091487378, "LATITUDE": -6.4971231459, "F4": null}, "geometry": {"type": "Point", "coordinates": [-58.40914873779985, -6.4971231459005025]}}, {"id": "27", "type": "Feature", "properties": {"PONTOS": 28.0, "LONGITUDE": -58.3450933616, "LATITUDE": -6.44828954181, "F4": null}, "geometry": {"type": "Point", "coordinates": [-58.345093361602665, -6.448289541810993]}}, {"id": "28", "type": "Feature", "properties": {"PONTOS": 29.0, "LONGITUDE": -58.4167896617, "LATITUDE": -6.50058353902, "F4": null}, "geometry": {"type": "Point", "coordinates": [-58.41678966173015, -6.500583539022045]}}, {"id": "29", "type": "Feature", "properties": {"PONTOS": 30.0, "LONGITUDE": -58.4332957385, "LATITUDE": -6.50867607749, "F4": null}, "geometry": {"type": "Point", "coordinates": [-58.43329573848774, -6.508676077494442]}}, {"id": "30", "type": "Feature", "properties": {"PONTOS": 31.0, "LONGITUDE": -58.4377595203, "LATITUDE": -6.5108338, "F4": null}, "geometry": {"type": "Point", "coordinates": [-58.437759520330644, -6.510833800001876]}}, {"id": "31", "type": "Feature", "properties": {"PONTOS": 32.0, "LONGITUDE": -58.4429869827, "LATITUDE": -6.51127105978, "F4": null}, "geometry": {"type": "Point", "coordinates": [-58.44298698270626, -6.5112710597804835]}}, {"id": "32", "type": "Feature", "properties": {"PONTOS": 33.0, "LONGITUDE": -58.4525195675, "LATITUDE": -6.51526800093, "F4": null}, "geometry": {"type": "Point", "coordinates": [-58.45251956748848, -6.515268000927165]}}, {"id": "33", "type": "Feature", "properties": {"PONTOS": 34.0, "LONGITUDE": -58.4572640175, "LATITUDE": -6.51751514442, "F4": null}, "geometry": {"type": "Point", "coordinates": [-58.45726401747561, -6.517515144419974]}}, {"id": "34", "type": "Feature", "properties": {"PONTOS": 35.0, "LONGITUDE": -58.4663599866, "LATITUDE": -6.5205544507, "F4": null}, "geometry": {"type": "Point", "coordinates": [-58.46635998658542, -6.520554450699308]}}, {"id": "35", "type": "Feature", "properties": {"PONTOS": 36.0, "LONGITUDE": -58.4753937395, "LATITUDE": -6.52084461741, "F4": null}, "geometry": {"type": "Point", "coordinates": [-58.475393739510935, -6.520844617405658]}}, {"id": "36", "type": "Feature", "properties": {"PONTOS": 37.0, "LONGITUDE": -58.4918492136, "LATITUDE": -6.5205791747, "F4": null}, "geometry": {"type": "Point", "coordinates": [-58.4918492136149, -6.520579174696934]}}, {"id": "37", "type": "Feature", "properties": {"PONTOS": 38.0, "LONGITUDE": -58.5002833527, "LATITUDE": -6.51993922567, "F4": null}, "geometry": {"type": "Point", "coordinates": [-58.50028335268712, -6.519939225669646]}}, {"id": "38", "type": "Feature", "properties": {"PONTOS": 39.0, "LONGITUDE": -58.513391065, "LATITUDE": -6.51897767718, "F4": null}, "geometry": {"type": "Point", "coordinates": [-58.5133910650095, -6.518977677179407]}}, {"id": "39", "type": "Feature", "properties": {"PONTOS": 40.0, "LONGITUDE": -58.5205686429, "LATITUDE": -6.52146100978, "F4": null}, "geometry": {"type": "Point", "coordinates": [-58.52056864288966, -6.521461009776715]}}, {"id": "40", "type": "Feature", "properties": {"PONTOS": 41.0, "LONGITUDE": -58.5263707216, "LATITUDE": -6.52653468634, "F4": null}, "geometry": {"type": "Point", "coordinates": [-58.526370721566366, -6.526534686343609]}}, {"id": "41", "type": "Feature", "properties": {"PONTOS": 42.0, "LONGITUDE": -58.5344770039, "LATITUDE": -6.53108580277, "F4": null}, "geometry": {"type": "Point", "coordinates": [-58.534477003936786, -6.5310858027719405]}}, {"id": "42", "type": "Feature", "properties": {"PONTOS": 43.0, "LONGITUDE": -58.5550423722, "LATITUDE": -6.53831126696, "F4": null}, "geometry": {"type": "Point", "coordinates": [-58.55504237218122, -6.538311266959113]}}, {"id": "43", "type": "Feature", "properties": {"PONTOS": 44.0, "LONGITUDE": -58.5769861472, "LATITUDE": -6.55820034772, "F4": null}, "geometry": {"type": "Point", "coordinates": [-58.57698614719055, -6.558200347723471]}}, {"id": "44", "type": "Feature", "properties": {"PONTOS": 45.0, "LONGITUDE": -58.5825388569, "LATITUDE": -6.56418723866, "F4": null}, "geometry": {"type": "Point", "coordinates": [-58.58253885690715, -6.564187238659542]}}, {"id": "45", "type": "Feature", "properties": {"PONTOS": 46.0, "LONGITUDE": -58.8058522023, "LATITUDE": -6.56458595676, "F4": null}, "geometry": {"type": "Point", "coordinates": [-58.805852202333426, -6.564585956756559]}}, {"id": "46", "type": "Feature", "properties": {"PONTOS": 47.0, "LONGITUDE": -58.5957930553, "LATITUDE": -6.5778267822, "F4": null}, "geometry": {"type": "Point", "coordinates": [-58.59579305526768, -6.577826782201271]}}, {"id": "47", "type": "Feature", "properties": {"PONTOS": 48.0, "LONGITUDE": -58.6008924399, "LATITUDE": -6.58329937609, "F4": null}, "geometry": {"type": "Point", "coordinates": [-58.600892439875736, -6.583299376093976]}}, {"id": "48", "type": "Feature", "properties": {"PONTOS": 49.0, "LONGITUDE": -58.6014634472, "LATITUDE": -6.58371350829, "F4": null}, "geometry": {"type": "Point", "coordinates": [-58.60146344716884, -6.583713508289634]}}, {"id": "49", "type": "Feature", "properties": {"PONTOS": 50.0, "LONGITUDE": -58.6121782985, "LATITUDE": -6.59474719755, "F4": null}, "geometry": {"type": "Point", "coordinates": [-58.612178298491926, -6.5947471975468375]}}, {"id": "50", "type": "Feature", "properties": {"PONTOS": 51.0, "LONGITUDE": -58.6168776393, "LATITUDE": -6.59944317191, "F4": null}, "geometry": {"type": "Point", "coordinates": [-58.616877639250504, -6.5994431719065005]}}, {"id": "51", "type": "Feature", "properties": {"PONTOS": 52.0, "LONGITUDE": -58.6197234712, "LATITUDE": -6.60141425476, "F4": null}, "geometry": {"type": "Point", "coordinates": [-58.61972347124208, -6.601414254763711]}}, {"id": "52", "type": "Feature", "properties": {"PONTOS": 53.0, "LONGITUDE": -58.6654087658, "LATITUDE": -6.61272032863, "F4": null}, "geometry": {"type": "Point", "coordinates": [-58.665408765849804, -6.612720328627972]}}, {"id": "53", "type": "Feature", "properties": {"PONTOS": 54.0, "LONGITUDE": -58.6485638157, "LATITUDE": -6.61327377584, "F4": null}, "geometry": {"type": "Point", "coordinates": [-58.64856381572383, -6.6132737758423445]}}, {"id": "54", "type": "Feature", "properties": {"PONTOS": 55.0, "LONGITUDE": -58.6562878655, "LATITUDE": -6.61370927742, "F4": null}, "geometry": {"type": "Point", "coordinates": [-58.65628786545892, -6.613709277418366]}}, {"id": "55", "type": "Feature", "properties": {"PONTOS": 56.0, "LONGITUDE": -58.6649502934, "LATITUDE": -6.61623030124, "F4": null}, "geometry": {"type": "Point", "coordinates": [-58.664950293443894, -6.616230301244343]}}, {"id": "56", "type": "Feature", "properties": {"PONTOS": 57.0, "LONGITUDE": -58.6680402725, "LATITUDE": -6.61812787962, "F4": null}, "geometry": {"type": "Point", "coordinates": [-58.668040272527946, -6.618127879617248]}}, {"id": "57", "type": "Feature", "properties": {"PONTOS": 58.0, "LONGITUDE": -58.6696086515, "LATITUDE": -6.61930716052, "F4": null}, "geometry": {"type": "Point", "coordinates": [-58.66960865153044, -6.619307160516314]}}, {"id": "58", "type": "Feature", "properties": {"PONTOS": 59.0, "LONGITUDE": -58.6741391815, "LATITUDE": -6.62200461477, "F4": null}, "geometry": {"type": "Point", "coordinates": [-58.67413918150777, -6.622004614771811]}}, {"id": "59", "type": "Feature", "properties": {"PONTOS": 60.0, "LONGITUDE": -58.6755175633, "LATITUDE": -6.62314834136, "F4": null}, "geometry": {"type": "Point", "coordinates": [-58.67551756325287, -6.623148341357194]}}, {"id": "60", "type": "Feature", "properties": {"PONTOS": 61.0, "LONGITUDE": -58.6794956811, "LATITUDE": -6.62559440941, "F4": null}, "geometry": {"type": "Point", "coordinates": [-58.67949568107014, -6.625594409408393]}}, {"id": "61", "type": "Feature", "properties": {"PONTOS": 62.0, "LONGITUDE": -58.6835296339, "LATITUDE": -6.63115983156, "F4": null}, "geometry": {"type": "Point", "coordinates": [-58.68352963388185, -6.631159831558364]}}, {"id": "62", "type": "Feature", "properties": {"PONTOS": 63.0, "LONGITUDE": -58.6932479772, "LATITUDE": -6.63825203198, "F4": null}, "geometry": {"type": "Point", "coordinates": [-58.69324797716621, -6.638252031977856]}}, {"id": "63", "type": "Feature", "properties": {"PONTOS": 64.0, "LONGITUDE": -58.7027761963, "LATITUDE": -6.64257771579, "F4": null}, "geometry": {"type": "Point", "coordinates": [-58.70277619633373, -6.642577715788946]}}, {"id": "64", "type": "Feature", "properties": {"PONTOS": 65.0, "LONGITUDE": -58.7047952565, "LATITUDE": -6.64328510111, "F4": null}, "geometry": {"type": "Point", "coordinates": [-58.704795256496254, -6.643285101107779]}}, {"id": "65", "type": "Feature", "properties": {"PONTOS": 66.0, "LONGITUDE": -58.7121256248, "LATITUDE": -6.64485122618, "F4": null}, "geometry": {"type": "Point", "coordinates": [-58.71212562484544, -6.644851226184585]}}, {"id": "66", "type": "Feature", "properties": {"PONTOS": 67.0, "LONGITUDE": -58.7175549008, "LATITUDE": -6.64582705208, "F4": null}, "geometry": {"type": "Point", "coordinates": [-58.717554900845016, -6.645827052075333]}}, {"id": "67", "type": "Feature", "properties": {"PONTOS": 68.0, "LONGITUDE": -58.7255958619, "LATITUDE": -6.64888243335, "F4": null}, "geometry": {"type": "Point", "coordinates": [-58.725595861864065, -6.648882433347978]}}, {"id": "68", "type": "Feature", "properties": {"PONTOS": 69.0, "LONGITUDE": -58.7341914709, "LATITUDE": -6.65277662267, "F4": null}, "geometry": {"type": "Point", "coordinates": [-58.73419147094734, -6.65277662266891]}}, {"id": "69", "type": "Feature", "properties": {"PONTOS": 70.0, "LONGITUDE": -58.7382037572, "LATITUDE": -6.65452572773, "F4": null}, "geometry": {"type": "Point", "coordinates": [-58.738203757192366, -6.654525727728924]}}, {"id": "70", "type": "Feature", "properties": {"PONTOS": 71.0, "LONGITUDE": -58.7415454718, "LATITUDE": -6.65587930827, "F4": null}, "geometry": {"type": "Point", "coordinates": [-58.74154547184702, -6.655879308265639]}}, {"id": "71", "type": "Feature", "properties": {"PONTOS": 72.0, "LONGITUDE": -58.7471794261, "LATITUDE": -6.65844542815, "F4": null}, "geometry": {"type": "Point", "coordinates": [-58.747179426063155, -6.658445428145683]}}, {"id": "72", "type": "Feature", "properties": {"PONTOS": 73.0, "LONGITUDE": -58.7485840564, "LATITUDE": -6.65927231962, "F4": null}, "geometry": {"type": "Point", "coordinates": [-58.74858405641123, -6.659272319616832]}}, {"id": "73", "type": "Feature", "properties": {"PONTOS": 74.0, "LONGITUDE": -58.7538826052, "LATITUDE": -6.66159539842, "F4": null}, "geometry": {"type": "Point", "coordinates": [-58.75388260523596, -6.661595398416978]}}, {"id": "74", "type": "Feature", "properties": {"PONTOS": 75.0, "LONGITUDE": -58.7604406443, "LATITUDE": -6.66460110224, "F4": null}, "geometry": {"type": "Point", "coordinates": [-58.76044064434683, -6.6646011022430685]}}, {"id": "75", "type": "Feature", "properties": {"PONTOS": 76.0, "LONGITUDE": -58.7651610323, "LATITUDE": -6.66707076263, "F4": null}, "geometry": {"type": "Point", "coordinates": [-58.765161032317394, -6.66707076263134]}}, {"id": "76", "type": "Feature", "properties": {"PONTOS": 77.0, "LONGITUDE": -58.7714384849, "LATITUDE": -6.66997782649, "F4": null}, "geometry": {"type": "Point", "coordinates": [-58.77143848493074, -6.66997782649247]}}, {"id": "77", "type": "Feature", "properties": {"PONTOS": 78.0, "LONGITUDE": -58.7774752948, "LATITUDE": -6.67133950657, "F4": null}, "geometry": {"type": "Point", "coordinates": [-58.77747529479262, -6.671339506566028]}}, {"id": "78", "type": "Feature", "properties": {"PONTOS": 79.0, "LONGITUDE": -58.7804443758, "LATITUDE": -6.67213351628, "F4": null}, "geometry": {"type": "Point", "coordinates": [-58.780444375818206, -6.6721335162793025]}}, {"id": "79", "type": "Feature", "properties": {"PONTOS": 80.0, "LONGITUDE": -58.7846258099, "LATITUDE": -6.67307682878, "F4": null}, "geometry": {"type": "Point", "coordinates": [-58.784625809927206, -6.673076828777766]}}, {"id": "80", "type": "Feature", "properties": {"PONTOS": 81.0, "LONGITUDE": -58.7870526698, "LATITUDE": -6.67397221516, "F4": null}, "geometry": {"type": "Point", "coordinates": [-58.787052669767036, -6.673972215157903]}}, {"id": "81", "type": "Feature", "properties": {"PONTOS": 82.0, "LONGITUDE": -58.7945860681, "LATITUDE": -6.67653982502, "F4": null}, "geometry": {"type": "Point", "coordinates": [-58.794586068056674, -6.676539825024861]}}, {"id": "82", "type": "Feature", "properties": {"PONTOS": 83.0, "LONGITUDE": -58.7978562501, "LATITUDE": -6.67805595506, "F4": null}, "geometry": {"type": "Point", "coordinates": [-58.79785625008026, -6.678055955055527]}}, {"id": "83", "type": "Feature", "properties": {"PONTOS": 84.0, "LONGITUDE": -58.7988254954, "LATITUDE": -6.67849546098, "F4": null}, "geometry": {"type": "Point", "coordinates": [-58.798825495353185, -6.678495460975341]}}, {"id": "84", "type": "Feature", "properties": {"PONTOS": 85.0, "LONGITUDE": -58.8090067901, "LATITUDE": -6.68300613501, "F4": null}, "geometry": {"type": "Point", "coordinates": [-58.8090067900896, -6.683006135007133]}}, {"id": "85", "type": "Feature", "properties": {"PONTOS": 86.0, "LONGITUDE": -58.8128112596, "LATITUDE": -6.68470101084, "F4": null}, "geometry": {"type": "Point", "coordinates": [-58.81281125957776, -6.6847010108417635]}}, {"id": "86", "type": "Feature", "properties": {"PONTOS": 87.0, "LONGITUDE": -58.8206593728, "LATITUDE": -6.68672448471, "F4": null}, "geometry": {"type": "Point", "coordinates": [-58.82065937279725, -6.686724484711476]}}, {"id": "87", "type": "Feature", "properties": {"PONTOS": 88.0, "LONGITUDE": -58.8243765631, "LATITUDE": -6.6868192139, "F4": null}, "geometry": {"type": "Point", "coordinates": [-58.82437656312118, -6.6868192139006055]}}, {"id": "88", "type": "Feature", "properties": {"PONTOS": 89.0, "LONGITUDE": -58.8300090995, "LATITUDE": -6.68641854933, "F4": null}, "geometry": {"type": "Point", "coordinates": [-58.830009099454514, -6.686418549334633]}}, {"id": "89", "type": "Feature", "properties": {"PONTOS": 90.0, "LONGITUDE": -58.8330521064, "LATITUDE": -6.68760974747, "F4": null}, "geometry": {"type": "Point", "coordinates": [-58.83305210640856, -6.687609747468002]}}, {"id": "90", "type": "Feature", "properties": {"PONTOS": 91.0, "LONGITUDE": -58.8354905087, "LATITUDE": -6.68914675777, "F4": null}, "geometry": {"type": "Point", "coordinates": [-58.835490508733756, -6.689146757769265]}}, {"id": "91", "type": "Feature", "properties": {"PONTOS": 92.0, "LONGITUDE": -58.8409446333, "LATITUDE": -6.69182074148, "F4": null}, "geometry": {"type": "Point", "coordinates": [-58.84094463327102, -6.691820741483696]}}, {"id": "92", "type": "Feature", "properties": {"PONTOS": 93.0, "LONGITUDE": -58.8428484683, "LATITUDE": -6.69307941823, "F4": null}, "geometry": {"type": "Point", "coordinates": [-58.84284846826904, -6.693079418230241]}}, {"id": "93", "type": "Feature", "properties": {"PONTOS": 94.0, "LONGITUDE": -58.8483921064, "LATITUDE": -6.69549075784, "F4": null}, "geometry": {"type": "Point", "coordinates": [-58.848392106392794, -6.695490757838343]}}, {"id": "94", "type": "Feature", "properties": {"PONTOS": 95.0, "LONGITUDE": -58.861370822, "LATITUDE": -6.698253639, "F4": null}, "geometry": {"type": "Point", "coordinates": [-58.861370821961884, -6.698253639000882]}}, {"id": "95", "type": "Feature", "properties": {"PONTOS": 96.0, "LONGITUDE": -58.8693262969, "LATITUDE": -6.69991415963, "F4": null}, "geometry": {"type": "Point", "coordinates": [-58.86932629686925, -6.699914159631476]}}, {"id": "96", "type": "Feature", "properties": {"PONTOS": 97.0, "LONGITUDE": -58.8750097177, "LATITUDE": -6.70100457427, "F4": null}, "geometry": {"type": "Point", "coordinates": [-58.87500971767054, -6.701004574268893]}}, {"id": "97", "type": "Feature", "properties": {"PONTOS": 98.0, "LONGITUDE": -58.8773625928, "LATITUDE": -6.70142052477, "F4": null}, "geometry": {"type": "Point", "coordinates": [-58.87736259279666, -6.7014205247674]}}, {"id": "98", "type": "Feature", "properties": {"PONTOS": 99.0, "LONGITUDE": -58.8796707375, "LATITUDE": -6.70196321248, "F4": null}, "geometry": {"type": "Point", "coordinates": [-58.879670737452045, -6.701963212479825]}}, {"id": "99", "type": "Feature", "properties": {"PONTOS": 100.0, "LONGITUDE": -58.884422092, "LATITUDE": -6.70289433063, "F4": null}, "geometry": {"type": "Point", "coordinates": [-58.88442209203606, -6.7028943306290785]}}, {"id": "100", "type": "Feature", "properties": {"PONTOS": 101.0, "LONGITUDE": -58.887113329, "LATITUDE": -6.70428538756, "F4": null}, "geometry": {"type": "Point", "coordinates": [-58.88711332899794, -6.704285387563971]}}, {"id": "101", "type": "Feature", "properties": {"PONTOS": 102.0, "LONGITUDE": -58.8888456418, "LATITUDE": -6.70558970559, "F4": null}, "geometry": {"type": "Point", "coordinates": [-58.88884564180074, -6.705589705588579]}}, {"id": "102", "type": "Feature", "properties": {"PONTOS": 103.0, "LONGITUDE": -58.8939051644, "LATITUDE": -6.70903299381, "F4": null}, "geometry": {"type": "Point", "coordinates": [-58.89390516440989, -6.709032993810922]}}, {"id": "103", "type": "Feature", "properties": {"PONTOS": 104.0, "LONGITUDE": -58.9015215742, "LATITUDE": -6.71416604089, "F4": null}, "geometry": {"type": "Point", "coordinates": [-58.90152157422858, -6.714166040890689]}}, {"id": "104", "type": "Feature", "properties": {"PONTOS": 105.0, "LONGITUDE": -58.9051301912, "LATITUDE": -6.7165569764, "F4": null}, "geometry": {"type": "Point", "coordinates": [-58.90513019124859, -6.716556976403638]}}, {"id": "105", "type": "Feature", "properties": {"PONTOS": 106.0, "LONGITUDE": -58.9067900281, "LATITUDE": -6.71780723993, "F4": null}, "geometry": {"type": "Point", "coordinates": [-58.906790028084686, -6.717807239928277]}}, {"id": "106", "type": "Feature", "properties": {"PONTOS": 107.0, "LONGITUDE": -58.9125570377, "LATITUDE": -6.72172668728, "F4": null}, "geometry": {"type": "Point", "coordinates": [-58.912557037745955, -6.721726687281432]}}, {"id": "107", "type": "Feature", "properties": {"PONTOS": 108.0, "LONGITUDE": -58.917524082, "LATITUDE": -6.72457328479, "F4": null}, "geometry": {"type": "Point", "coordinates": [-58.917524081984425, -6.724573284790267]}}, {"id": "108", "type": "Feature", "properties": {"PONTOS": 109.0, "LONGITUDE": -58.9239580071, "LATITUDE": -6.72556966753, "F4": null}, "geometry": {"type": "Point", "coordinates": [-58.92395800711614, -6.725569667527964]}}, {"id": "109", "type": "Feature", "properties": {"PONTOS": 110.0, "LONGITUDE": -58.9261749378, "LATITUDE": -6.72588642154, "F4": null}, "geometry": {"type": "Point", "coordinates": [-58.92617493777294, -6.72588642153687]}}, {"id": "110", "type": "Feature", "properties": {"PONTOS": 111.0, "LONGITUDE": -58.9310787015, "LATITUDE": -6.72642763154, "F4": null}, "geometry": {"type": "Point", "coordinates": [-58.931078701510785, -6.726427631536865]}}, {"id": "111", "type": "Feature", "properties": {"PONTOS": 112.0, "LONGITUDE": -58.9364900404, "LATITUDE": -6.72725609203, "F4": null}, "geometry": {"type": "Point", "coordinates": [-58.93649004042322, -6.72725609202962]}}, {"id": "112", "type": "Feature", "properties": {"PONTOS": 113.0, "LONGITUDE": -58.9455104848, "LATITUDE": -6.7305383239, "F4": null}, "geometry": {"type": "Point", "coordinates": [-58.94551048482282, -6.730538323895303]}}, {"id": "113", "type": "Feature", "properties": {"PONTOS": 114.0, "LONGITUDE": -58.9484710062, "LATITUDE": -6.73135829898, "F4": null}, "geometry": {"type": "Point", "coordinates": [-58.94847100618608, -6.7313582989836505]}}, {"id": "114", "type": "Feature", "properties": {"PONTOS": 115.0, "LONGITUDE": -58.9512779748, "LATITUDE": -6.73222407103, "F4": null}, "geometry": {"type": "Point", "coordinates": [-58.95127797477983, -6.73222407103043]}}, {"id": "115", "type": "Feature", "properties": {"PONTOS": 116.0, "LONGITUDE": -58.9536155941, "LATITUDE": -6.73331772371, "F4": null}, "geometry": {"type": "Point", "coordinates": [-58.95361559407422, -6.733317723712787]}}, {"id": "116", "type": "Feature", "properties": {"PONTOS": 117.0, "LONGITUDE": -58.9586324045, "LATITUDE": -6.73497924527, "F4": null}, "geometry": {"type": "Point", "coordinates": [-58.958632404505124, -6.734979245273507]}}, {"id": "117", "type": "Feature", "properties": {"PONTOS": 118.0, "LONGITUDE": -58.9645546004, "LATITUDE": -6.73689020827, "F4": null}, "geometry": {"type": "Point", "coordinates": [-58.96455460043762, -6.736890208265606]}}, {"id": "118", "type": "Feature", "properties": {"PONTOS": 119.0, "LONGITUDE": -58.9730957573, "LATITUDE": -6.74011950817, "F4": null}, "geometry": {"type": "Point", "coordinates": [-58.97309575727411, -6.740119508166686]}}, {"id": "119", "type": "Feature", "properties": {"PONTOS": 120.0, "LONGITUDE": -58.9797249228, "LATITUDE": -6.74239806517, "F4": null}, "geometry": {"type": "Point", "coordinates": [-58.979724922795754, -6.742398065167379]}}, {"id": "120", "type": "Feature", "properties": {"PONTOS": 121.0, "LONGITUDE": -58.9895103747, "LATITUDE": -6.75132666289, "F4": null}, "geometry": {"type": "Point", "coordinates": [-58.98951037472949, -6.751326662892097]}}, {"id": "121", "type": "Feature", "properties": {"PONTOS": 122.0, "LONGITUDE": -58.99231642, "LATITUDE": -6.75414493993, "F4": null}, "geometry": {"type": "Point", "coordinates": [-58.9923164200423, -6.754144939928381]}}, {"id": "122", "type": "Feature", "properties": {"PONTOS": 123.0, "LONGITUDE": -58.9961948426, "LATITUDE": -6.75822449157, "F4": null}, "geometry": {"type": "Point", "coordinates": [-58.99619484257647, -6.758224491567034]}}, {"id": "123", "type": "Feature", "properties": {"PONTOS": 124.0, "LONGITUDE": -58.9981641902, "LATITUDE": -6.75988893693, "F4": null}, "geometry": {"type": "Point", "coordinates": [-58.99816419023733, -6.75988893692579]}}, {"id": "124", "type": "Feature", "properties": {"PONTOS": 125.0, "LONGITUDE": -59.0027690767, "LATITUDE": -6.76466155273, "F4": null}, "geometry": {"type": "Point", "coordinates": [-59.00276907669479, -6.764661552734765]}}, {"id": "125", "type": "Feature", "properties": {"PONTOS": 126.0, "LONGITUDE": -59.0106029223, "LATITUDE": -6.76947499524, "F4": null}, "geometry": {"type": "Point", "coordinates": [-59.01060292233899, -6.769474995241808]}}, {"id": "126", "type": "Feature", "properties": {"PONTOS": 127.0, "LONGITUDE": -59.0142480135, "LATITUDE": -6.77392594977, "F4": null}, "geometry": {"type": "Point", "coordinates": [-59.0142480134985, -6.773925949767317]}}, {"id": "127", "type": "Feature", "properties": {"PONTOS": 128.0, "LONGITUDE": -59.0159970182, "LATITUDE": -6.77694728457, "F4": null}, "geometry": {"type": "Point", "coordinates": [-59.01599701816002, -6.776947284573623]}}, {"id": "128", "type": "Feature", "properties": {"PONTOS": 129.0, "LONGITUDE": -59.0210801803, "LATITUDE": -6.78355286747, "F4": null}, "geometry": {"type": "Point", "coordinates": [-59.02108018031231, -6.7835528674677334]}}, {"id": "129", "type": "Feature", "properties": {"PONTOS": 130.0, "LONGITUDE": -59.0258780634, "LATITUDE": -6.78678743696, "F4": null}, "geometry": {"type": "Point", "coordinates": [-59.02587806343382, -6.786787436957411]}}, {"id": "130", "type": "Feature", "properties": {"PONTOS": 131.0, "LONGITUDE": -59.0279626212, "LATITUDE": -6.78783646062, "F4": null}, "geometry": {"type": "Point", "coordinates": [-59.0279626211958, -6.787836460618394]}}, {"id": "131", "type": "Feature", "properties": {"PONTOS": 132.0, "LONGITUDE": -59.0483249972, "LATITUDE": -6.79732461724, "F4": null}, "geometry": {"type": "Point", "coordinates": [-59.048324997201576, -6.797324617241884]}}, {"id": "132", "type": "Feature", "properties": {"PONTOS": 133.0, "LONGITUDE": -59.0613961267, "LATITUDE": -6.80420305191, "F4": null}, "geometry": {"type": "Point", "coordinates": [-59.0613961267112, -6.80420305190853]}}, {"id": "133", "type": "Feature", "properties": {"PONTOS": 134.0, "LONGITUDE": -59.0667722294, "LATITUDE": -6.80719955964, "F4": null}, "geometry": {"type": "Point", "coordinates": [-59.0667722294167, -6.807199559641788]}}, {"id": "134", "type": "Feature", "properties": {"PONTOS": 135.0, "LONGITUDE": -59.0759367593, "LATITUDE": -6.81201489183, "F4": null}, "geometry": {"type": "Point", "coordinates": [-59.07593675927649, -6.812014891832007]}}, {"id": "135", "type": "Feature", "properties": {"PONTOS": 136.0, "LONGITUDE": -59.076217675, "LATITUDE": -6.81214024767, "F4": null}, "geometry": {"type": "Point", "coordinates": [-59.07621767498756, -6.8121402476732555]}}, {"id": "136", "type": "Feature", "properties": {"PONTOS": 137.0, "LONGITUDE": -59.0834019152, "LATITUDE": -6.81492985294, "F4": null}, "geometry": {"type": "Point", "coordinates": [-59.0834019152465, -6.814929852943351]}}, {"id": "137", "type": "Feature", "properties": {"PONTOS": 138.0, "LONGITUDE": -59.0891511478, "LATITUDE": -6.81632431595, "F4": null}, "geometry": {"type": "Point", "coordinates": [-59.08915114776181, -6.816324315948577]}}, {"id": "138", "type": "Feature", "properties": {"PONTOS": 139.0, "LONGITUDE": -59.1029314138, "LATITUDE": -6.81762953565, "F4": null}, "geometry": {"type": "Point", "coordinates": [-59.10293141383386, -6.817629535653964]}}, {"id": "139", "type": "Feature", "properties": {"PONTOS": 140.0, "LONGITUDE": -59.1055011438, "LATITUDE": -6.81788953442, "F4": null}, "geometry": {"type": "Point", "coordinates": [-59.10550114382329, -6.817889534417645]}}, {"id": "140", "type": "Feature", "properties": {"PONTOS": 141.0, "LONGITUDE": -59.1174260305, "LATITUDE": -6.81479088874, "F4": null}, "geometry": {"type": "Point", "coordinates": [-59.11742603054802, -6.814790888741868]}}, {"id": "141", "type": "Feature", "properties": {"PONTOS": 142.0, "LONGITUDE": -59.124610489, "LATITUDE": -6.81555484563, "F4": null}, "geometry": {"type": "Point", "coordinates": [-59.12461048897336, -6.815554845631084]}}, {"id": "142", "type": "Feature", "properties": {"PONTOS": 143.0, "LONGITUDE": -59.1284407308, "LATITUDE": -6.81658660681, "F4": null}, "geometry": {"type": "Point", "coordinates": [-59.12844073082647, -6.816586606810517]}}, {"id": "143", "type": "Feature", "properties": {"PONTOS": 144.0, "LONGITUDE": -59.1330123091, "LATITUDE": -6.81755177754, "F4": null}, "geometry": {"type": "Point", "coordinates": [-59.13301230908837, -6.8175517775416665]}}, {"id": "144", "type": "Feature", "properties": {"PONTOS": 145.0, "LONGITUDE": -59.1372950058, "LATITUDE": -6.81863569709, "F4": null}, "geometry": {"type": "Point", "coordinates": [-59.13729500584287, -6.818635697094635]}}, {"id": "145", "type": "Feature", "properties": {"PONTOS": 146.0, "LONGITUDE": -59.1400198154, "LATITUDE": -6.81920217273, "F4": null}, "geometry": {"type": "Point", "coordinates": [-59.140019815378196, -6.8192021727322185]}}, {"id": "146", "type": "Feature", "properties": {"PONTOS": 147.0, "LONGITUDE": -59.1450270892, "LATITUDE": -6.82051783527, "F4": null}, "geometry": {"type": "Point", "coordinates": [-59.14502708922413, -6.820517835270607]}}, {"id": "147", "type": "Feature", "properties": {"PONTOS": 148.0, "LONGITUDE": -59.148970047, "LATITUDE": -6.82248000639, "F4": null}, "geometry": {"type": "Point", "coordinates": [-59.148970047043406, -6.822480006394926]}}, {"id": "148", "type": "Feature", "properties": {"PONTOS": 149.0, "LONGITUDE": -59.1512457405, "LATITUDE": -6.82373543283, "F4": null}, "geometry": {"type": "Point", "coordinates": [-59.15124574054914, -6.823735432827618]}}, {"id": "149", "type": "Feature", "properties": {"PONTOS": 150.0, "LONGITUDE": -59.1562781088, "LATITUDE": -6.82660568155, "F4": null}, "geometry": {"type": "Point", "coordinates": [-59.15627810881705, -6.826605681550859]}}, {"id": "150", "type": "Feature", "properties": {"PONTOS": 151.0, "LONGITUDE": -59.1575301546, "LATITUDE": -6.82748597524, "F4": null}, "geometry": {"type": "Point", "coordinates": [-59.15753015458819, -6.827485975238687]}}, {"id": "151", "type": "Feature", "properties": {"PONTOS": 152.0, "LONGITUDE": -59.1713837757, "LATITUDE": -6.83504420591, "F4": null}, "geometry": {"type": "Point", "coordinates": [-59.171383775744914, -6.83504420590765]}}, {"id": "152", "type": "Feature", "properties": {"PONTOS": 153.0, "LONGITUDE": -59.1800600257, "LATITUDE": -6.83965136189, "F4": null}, "geometry": {"type": "Point", "coordinates": [-59.180060025732814, -6.839651361887832]}}, {"id": "153", "type": "Feature", "properties": {"PONTOS": 154.0, "LONGITUDE": -59.1810946262, "LATITUDE": -6.84043311926, "F4": null}, "geometry": {"type": "Point", "coordinates": [-59.18109462621487, -6.840433119262116]}}, {"id": "154", "type": "Feature", "properties": {"PONTOS": 155.0, "LONGITUDE": -59.1811495886, "LATITUDE": -6.84058654351, "F4": null}, "geometry": {"type": "Point", "coordinates": [-59.18114958856654, -6.840586543506731]}}, {"id": "155", "type": "Feature", "properties": {"PONTOS": 156.0, "LONGITUDE": -59.1830185958, "LATITUDE": -6.84187976847, "F4": null}, "geometry": {"type": "Point", "coordinates": [-59.18301859582368, -6.841879768473746]}}, {"id": "156", "type": "Feature", "properties": {"PONTOS": 157.0, "LONGITUDE": -59.1854874886, "LATITUDE": -6.84382110729, "F4": null}, "geometry": {"type": "Point", "coordinates": [-59.185487488575745, -6.843821107287795]}}, {"id": "157", "type": "Feature", "properties": {"PONTOS": 158.0, "LONGITUDE": -59.1907885836, "LATITUDE": -6.84802749552, "F4": null}, "geometry": {"type": "Point", "coordinates": [-59.19078858357676, -6.848027495516305]}}, {"id": "158", "type": "Feature", "properties": {"PONTOS": 159.0, "LONGITUDE": -59.1952628885, "LATITUDE": -6.85139689936, "F4": null}, "geometry": {"type": "Point", "coordinates": [-59.19526288849977, -6.851396899361191]}}, {"id": "159", "type": "Feature", "properties": {"PONTOS": 160.0, "LONGITUDE": -59.1997199498, "LATITUDE": -6.8549380708, "F4": null}, "geometry": {"type": "Point", "coordinates": [-59.199719949800624, -6.854938070801381]}}, {"id": "160", "type": "Feature", "properties": {"PONTOS": 161.0, "LONGITUDE": -59.2046122818, "LATITUDE": -6.85871220611, "F4": null}, "geometry": {"type": "Point", "coordinates": [-59.2046122817527, -6.8587122061112495]}}, {"id": "161", "type": "Feature", "properties": {"PONTOS": 162.0, "LONGITUDE": -59.2162077109, "LATITUDE": -6.87051847841, "F4": null}, "geometry": {"type": "Point", "coordinates": [-59.21620771092074, -6.870518478413089]}}, {"id": "162", "type": "Feature", "properties": {"PONTOS": 163.0, "LONGITUDE": -59.2243415798, "LATITUDE": -6.87693486951, "F4": null}, "geometry": {"type": "Point", "coordinates": [-59.22434157982991, -6.876934869507181]}}, {"id": "163", "type": "Feature", "properties": {"PONTOS": 164.0, "LONGITUDE": -59.2298929594, "LATITUDE": -6.88036205155, "F4": null}, "geometry": {"type": "Point", "coordinates": [-59.22989295941517, -6.880362051548104]}}, {"id": "164", "type": "Feature", "properties": {"PONTOS": 165.0, "LONGITUDE": -59.2308091231, "LATITUDE": -6.88092725586, "F4": null}, "geometry": {"type": "Point", "coordinates": [-59.230809123100016, -6.880927255862105]}}, {"id": "165", "type": "Feature", "properties": {"PONTOS": 166.0, "LONGITUDE": -59.2328866748, "LATITUDE": -6.88227345518, "F4": null}, "geometry": {"type": "Point", "coordinates": [-59.23288667476345, -6.8822734551783356]}}, {"id": "166", "type": "Feature", "properties": {"PONTOS": 167.0, "LONGITUDE": -59.2366938771, "LATITUDE": -6.88406351639, "F4": null}, "geometry": {"type": "Point", "coordinates": [-59.236693877133746, -6.884063516392416]}}, {"id": "167", "type": "Feature", "properties": {"PONTOS": 168.0, "LONGITUDE": -59.2405896801, "LATITUDE": -6.88545539586, "F4": null}, "geometry": {"type": "Point", "coordinates": [-59.24058968008893, -6.885455395856468]}}, {"id": "168", "type": "Feature", "properties": {"PONTOS": 169.0, "LONGITUDE": -59.2432525798, "LATITUDE": -6.88624739694, "F4": null}, "geometry": {"type": "Point", "coordinates": [-59.243252579808086, -6.886247396939325]}}, {"id": "169", "type": "Feature", "properties": {"PONTOS": 170.0, "LONGITUDE": -59.2504748572, "LATITUDE": -6.88912405991, "F4": null}, "geometry": {"type": "Point", "coordinates": [-59.25047485720438, -6.889124059909079]}}, {"id": "170", "type": "Feature", "properties": {"PONTOS": 171.0, "LONGITUDE": -59.2615987349, "LATITUDE": -6.8888636275, "F4": null}, "geometry": {"type": "Point", "coordinates": [-59.261598734888594, -6.888863627497756]}}, {"id": "171", "type": "Feature", "properties": {"PONTOS": 172.0, "LONGITUDE": -59.2675498088, "LATITUDE": -6.89068842949, "F4": null}, "geometry": {"type": "Point", "coordinates": [-59.26754980881293, -6.89068842949257]}}, {"id": "172", "type": "Feature", "properties": {"PONTOS": 173.0, "LONGITUDE": -59.2709653236, "LATITUDE": -6.8937725986, "F4": null}, "geometry": {"type": "Point", "coordinates": [-59.27096532356262, -6.8937725985956035]}}, {"id": "173", "type": "Feature", "properties": {"PONTOS": 174.0, "LONGITUDE": -59.2774572912, "LATITUDE": -6.89899334179, "F4": null}, "geometry": {"type": "Point", "coordinates": [-59.277457291249505, -6.898993341786422]}}, {"id": "174", "type": "Feature", "properties": {"PONTOS": 175.0, "LONGITUDE": -59.294448215, "LATITUDE": -6.91124099653, "F4": null}, "geometry": {"type": "Point", "coordinates": [-59.29444821499828, -6.911240996529898]}}, {"id": "175", "type": "Feature", "properties": {"PONTOS": 176.0, "LONGITUDE": -59.2991337557, "LATITUDE": -6.9131617569, "F4": null}, "geometry": {"type": "Point", "coordinates": [-59.299133755661444, -6.913161756904742]}}, {"id": "176", "type": "Feature", "properties": {"PONTOS": 177.0, "LONGITUDE": -59.3112118693, "LATITUDE": -6.91937620405, "F4": null}, "geometry": {"type": "Point", "coordinates": [-59.31121186931176, -6.919376204054686]}}, {"id": "177", "type": "Feature", "properties": {"PONTOS": 178.0, "LONGITUDE": -59.3177768113, "LATITUDE": -6.92457770198, "F4": null}, "geometry": {"type": "Point", "coordinates": [-59.31777681132348, -6.924577701979672]}}, {"id": "178", "type": "Feature", "properties": {"PONTOS": 179.0, "LONGITUDE": -59.3203002141, "LATITUDE": -6.92639121634, "F4": null}, "geometry": {"type": "Point", "coordinates": [-59.32030021406962, -6.926391216335105]}}, {"id": "179", "type": "Feature", "properties": {"PONTOS": 180.0, "LONGITUDE": -59.3421141813, "LATITUDE": -6.94231868195, "F4": null}, "geometry": {"type": "Point", "coordinates": [-59.34211418127842, -6.942318681946176]}}, {"id": "180", "type": "Feature", "properties": {"PONTOS": 181.0, "LONGITUDE": -59.3602547389, "LATITUDE": -6.94329526151, "F4": null}, "geometry": {"type": "Point", "coordinates": [-59.36025473887264, -6.943295261506535]}}, {"id": "181", "type": "Feature", "properties": {"PONTOS": 182.0, "LONGITUDE": -59.3711210876, "LATITUDE": -6.94211123109, "F4": null}, "geometry": {"type": "Point", "coordinates": [-59.37112108755832, -6.9421112310897115]}}, {"id": "182", "type": "Feature", "properties": {"PONTOS": 183.0, "LONGITUDE": -59.3859678569, "LATITUDE": -6.94466689962, "F4": null}, "geometry": {"type": "Point", "coordinates": [-59.3859678569396, -6.944666899616038]}}, {"id": "183", "type": "Feature", "properties": {"PONTOS": 184.0, "LONGITUDE": -59.4012603446, "LATITUDE": -6.94949742051, "F4": null}, "geometry": {"type": "Point", "coordinates": [-59.401260344631396, -6.949497420507953]}}, {"id": "184", "type": "Feature", "properties": {"PONTOS": 185.0, "LONGITUDE": -59.4242138093, "LATITUDE": -6.96659801138, "F4": null}, "geometry": {"type": "Point", "coordinates": [-59.42421380927112, -6.966598011376675]}}, {"id": "185", "type": "Feature", "properties": {"PONTOS": 186.0, "LONGITUDE": -59.4285273604, "LATITUDE": -6.96815751588, "F4": null}, "geometry": {"type": "Point", "coordinates": [-59.42852736038628, -6.968157515875021]}}, {"id": "186", "type": "Feature", "properties": {"PONTOS": 187.0, "LONGITUDE": -59.4332952349, "LATITUDE": -6.97186567585, "F4": null}, "geometry": {"type": "Point", "coordinates": [-59.433295234900754, -6.97186567584879]}}, {"id": "187", "type": "Feature", "properties": {"PONTOS": 188.0, "LONGITUDE": -59.4487378608, "LATITUDE": -6.98451119875, "F4": null}, "geometry": {"type": "Point", "coordinates": [-59.448737860751805, -6.984511198747384]}}, {"id": "188", "type": "Feature", "properties": {"PONTOS": 189.0, "LONGITUDE": -59.4553260068, "LATITUDE": -6.98857106986, "F4": null}, "geometry": {"type": "Point", "coordinates": [-59.455326006763016, -6.988571069856448]}}, {"id": "189", "type": "Feature", "properties": {"PONTOS": 190.0, "LONGITUDE": -59.4652920619, "LATITUDE": -6.99508948451, "F4": null}, "geometry": {"type": "Point", "coordinates": [-59.46529206190888, -6.99508948450557]}}, {"id": "190", "type": "Feature", "properties": {"PONTOS": 191.0, "LONGITUDE": -59.4672170128, "LATITUDE": -6.99648025102, "F4": null}, "geometry": {"type": "Point", "coordinates": [-59.46721701279307, -6.996480251020159]}}, {"id": "191", "type": "Feature", "properties": {"PONTOS": 192.0, "LONGITUDE": -59.4743131602, "LATITUDE": -7.00076301855, "F4": null}, "geometry": {"type": "Point", "coordinates": [-59.474313160171334, -7.000763018545285]}}, {"id": "192", "type": "Feature", "properties": {"PONTOS": 193.0, "LONGITUDE": -59.4781448287, "LATITUDE": -7.00349933815, "F4": null}, "geometry": {"type": "Point", "coordinates": [-59.47814482866397, -7.003499338152096]}}, {"id": "193", "type": "Feature", "properties": {"PONTOS": 194.0, "LONGITUDE": -59.4884557295, "LATITUDE": -7.00671648355, "F4": null}, "geometry": {"type": "Point", "coordinates": [-59.48845572948545, -7.006716483553134]}}, {"id": "194", "type": "Feature", "properties": {"PONTOS": 195.0, "LONGITUDE": -59.5022519441, "LATITUDE": -7.01382804641, "F4": null}, "geometry": {"type": "Point", "coordinates": [-59.50225194413679, -7.013828046413494]}}, {"id": "195", "type": "Feature", "properties": {"PONTOS": 196.0, "LONGITUDE": -59.5048239464, "LATITUDE": -7.02116182751, "F4": null}, "geometry": {"type": "Point", "coordinates": [-59.50482394642012, -7.021161827505523]}}, {"id": "196", "type": "Feature", "properties": {"PONTOS": 197.0, "LONGITUDE": -59.5078380877, "LATITUDE": -7.02320626368, "F4": null}, "geometry": {"type": "Point", "coordinates": [-59.50783808770336, -7.023206263677935]}}, {"id": "197", "type": "Feature", "properties": {"PONTOS": 198.0, "LONGITUDE": -59.5149091543, "LATITUDE": -7.02775036224, "F4": null}, "geometry": {"type": "Point", "coordinates": [-59.514909154286386, -7.027750362238407]}}, {"id": "198", "type": "Feature", "properties": {"PONTOS": 199.0, "LONGITUDE": -59.518457934, "LATITUDE": -7.02995450118, "F4": null}, "geometry": {"type": "Point", "coordinates": [-59.51845793396927, -7.029954501175439]}}, {"id": "199", "type": "Feature", "properties": {"PONTOS": 200.0, "LONGITUDE": -59.5308140943, "LATITUDE": -7.03990125192, "F4": null}, "geometry": {"type": "Point", "coordinates": [-59.530814094276195, -7.039901251916035]}}, {"id": "200", "type": "Feature", "properties": {"PONTOS": 201.0, "LONGITUDE": -59.5396758328, "LATITUDE": -7.05093290212, "F4": null}, "geometry": {"type": "Point", "coordinates": [-59.53967583280922, -7.050932902123293]}}, {"id": "201", "type": "Feature", "properties": {"PONTOS": 202.0, "LONGITUDE": -59.5411078805, "LATITUDE": -7.05144023427, "F4": null}, "geometry": {"type": "Point", "coordinates": [-59.54110788054038, -7.051440234272604]}}, {"id": "202", "type": "Feature", "properties": {"PONTOS": 203.0, "LONGITUDE": -59.5509637095, "LATITUDE": -7.05559781784, "F4": null}, "geometry": {"type": "Point", "coordinates": [-59.55096370954726, -7.0555978178356895]}}, {"id": "203", "type": "Feature", "properties": {"PONTOS": 204.0, "LONGITUDE": -59.5532895264, "LATITUDE": -7.05577487717, "F4": null}, "geometry": {"type": "Point", "coordinates": [-59.553289526368076, -7.05577487716937]}}, {"id": "204", "type": "Feature", "properties": {"PONTOS": 205.0, "LONGITUDE": -59.5550602245, "LATITUDE": -7.05534947462, "F4": null}, "geometry": {"type": "Point", "coordinates": [-59.55506022453562, -7.055349474617003]}}, {"id": "205", "type": "Feature", "properties": {"PONTOS": 206.0, "LONGITUDE": -59.5793853156, "LATITUDE": -7.0684819486, "F4": null}, "geometry": {"type": "Point", "coordinates": [-59.579385315578065, -7.068481948600379]}}, {"id": "206", "type": "Feature", "properties": {"PONTOS": 207.0, "LONGITUDE": -59.5879352308, "LATITUDE": -7.07683886555, "F4": null}, "geometry": {"type": "Point", "coordinates": [-59.58793523083767, -7.076838865547188]}}, {"id": "207", "type": "Feature", "properties": {"PONTOS": 208.0, "LONGITUDE": -59.5951509671, "LATITUDE": -7.08112733417, "F4": null}, "geometry": {"type": "Point", "coordinates": [-59.59515096713608, -7.0811273341738]}}, {"id": "208", "type": "Feature", "properties": {"PONTOS": 209.0, "LONGITUDE": -59.6005021851, "LATITUDE": -7.083609676, "F4": null}, "geometry": {"type": "Point", "coordinates": [-59.600502185104574, -7.083609675999412]}}, {"id": "209", "type": "Feature", "properties": {"PONTOS": 210.0, "LONGITUDE": -59.6079239653, "LATITUDE": -7.084291034, "F4": null}, "geometry": {"type": "Point", "coordinates": [-59.60792396526824, -7.084291033999477]}}, {"id": "210", "type": "Feature", "properties": {"PONTOS": 211.0, "LONGITUDE": -59.6209408074, "LATITUDE": -7.08417262255, "F4": null}, "geometry": {"type": "Point", "coordinates": [-59.62094080744208, -7.0841726225471575]}}, {"id": "211", "type": "Feature", "properties": {"PONTOS": 212.0, "LONGITUDE": -59.6336347214, "LATITUDE": -7.0861521702, "F4": null}, "geometry": {"type": "Point", "coordinates": [-59.63363472142345, -7.086152170198204]}}, {"id": "212", "type": "Feature", "properties": {"PONTOS": 213.0, "LONGITUDE": -59.6557826248, "LATITUDE": -7.08986658729, "F4": null}, "geometry": {"type": "Point", "coordinates": [-59.655782624765095, -7.089866587286167]}}, {"id": "213", "type": "Feature", "properties": {"PONTOS": 214.0, "LONGITUDE": -59.6617123454, "LATITUDE": -7.09066398552, "F4": null}, "geometry": {"type": "Point", "coordinates": [-59.661712345400474, -7.090663985524884]}}, {"id": "214", "type": "Feature", "properties": {"PONTOS": 215.0, "LONGITUDE": -59.6635874557, "LATITUDE": -7.09111408841, "F4": null}, "geometry": {"type": "Point", "coordinates": [-59.66358745566532, -7.091114088407608]}}, {"id": "215", "type": "Feature", "properties": {"PONTOS": 216.0, "LONGITUDE": -59.6650730299, "LATITUDE": -7.09146701849, "F4": null}, "geometry": {"type": "Point", "coordinates": [-59.66507302987469, -7.091467018487606]}}, {"id": "216", "type": "Feature", "properties": {"PONTOS": 217.0, "LONGITUDE": -59.6773986812, "LATITUDE": -7.09547146684, "F4": null}, "geometry": {"type": "Point", "coordinates": [-59.67739868119827, -7.095471466835534]}}, {"id": "217", "type": "Feature", "properties": {"PONTOS": 218.0, "LONGITUDE": -59.6842608879, "LATITUDE": -7.0995161998, "F4": null}, "geometry": {"type": "Point", "coordinates": [-59.684260887872426, -7.099516199801769]}}, {"id": "218", "type": "Feature", "properties": {"PONTOS": 219.0, "LONGITUDE": -59.6861206089, "LATITUDE": -7.10042712647, "F4": null}, "geometry": {"type": "Point", "coordinates": [-59.686120608948045, -7.100427126466741]}}, {"id": "219", "type": "Feature", "properties": {"PONTOS": 220.0, "LONGITUDE": -59.6958314084, "LATITUDE": -7.10584667934, "F4": null}, "geometry": {"type": "Point", "coordinates": [-59.69583140844344, -7.105846679340118]}}, {"id": "220", "type": "Feature", "properties": {"PONTOS": 221.0, "LONGITUDE": -59.6969283163, "LATITUDE": -7.10624692239, "F4": null}, "geometry": {"type": "Point", "coordinates": [-59.696928316291974, -7.1062469223872995]}}, {"id": "221", "type": "Feature", "properties": {"PONTOS": 222.0, "LONGITUDE": -59.6985932614, "LATITUDE": -7.106327589, "F4": null}, "geometry": {"type": "Point", "coordinates": [-59.69859326137333, -7.106327589002547]}}, {"id": "222", "type": "Feature", "properties": {"PONTOS": 223.0, "LONGITUDE": -59.7309069918, "LATITUDE": -7.1066081113, "F4": null}, "geometry": {"type": "Point", "coordinates": [-59.73090699175532, -7.106608111300545]}}, {"id": "223", "type": "Feature", "properties": {"PONTOS": 224.0, "LONGITUDE": -59.740302221, "LATITUDE": -7.11214581038, "F4": null}, "geometry": {"type": "Point", "coordinates": [-59.74030222098696, -7.112145810380639]}}, {"id": "224", "type": "Feature", "properties": {"PONTOS": 225.0, "LONGITUDE": -59.7433309956, "LATITUDE": -7.11340191967, "F4": null}, "geometry": {"type": "Point", "coordinates": [-59.74333099563148, -7.1134019196724125]}}, {"id": "225", "type": "Feature", "properties": {"PONTOS": 226.0, "LONGITUDE": -59.7474234448, "LATITUDE": -7.11402822054, "F4": null}, "geometry": {"type": "Point", "coordinates": [-59.74742344480126, -7.114028220540661]}}, {"id": "226", "type": "Feature", "properties": {"PONTOS": 227.0, "LONGITUDE": -59.7553287345, "LATITUDE": -7.11541790147, "F4": null}, "geometry": {"type": "Point", "coordinates": [-59.75532873447122, -7.115417901471687]}}, {"id": "227", "type": "Feature", "properties": {"PONTOS": 228.0, "LONGITUDE": -59.7591898303, "LATITUDE": -7.11668699636, "F4": null}, "geometry": {"type": "Point", "coordinates": [-59.75918983025974, -7.1166869963565205]}}, {"id": "228", "type": "Feature", "properties": {"PONTOS": 229.0, "LONGITUDE": -59.7683528498, "LATITUDE": -7.12265901187, "F4": null}, "geometry": {"type": "Point", "coordinates": [-59.76835284981905, -7.122659011874475]}}, {"id": "229", "type": "Feature", "properties": {"PONTOS": 230.0, "LONGITUDE": -59.7779646384, "LATITUDE": -7.1295135379, "F4": null}, "geometry": {"type": "Point", "coordinates": [-59.77796463836387, -7.129513537897765]}}, {"id": "230", "type": "Feature", "properties": {"PONTOS": 231.0, "LONGITUDE": -59.7817512591, "LATITUDE": -7.13640291149, "F4": null}, "geometry": {"type": "Point", "coordinates": [-59.78175125910252, -7.1364029114912455]}}, {"id": "231", "type": "Feature", "properties": {"PONTOS": 232.0, "LONGITUDE": -59.7908895376, "LATITUDE": -7.1501177357, "F4": null}, "geometry": {"type": "Point", "coordinates": [-59.790889537579915, -7.150117735703645]}}, {"id": "232", "type": "Feature", "properties": {"PONTOS": 233.0, "LONGITUDE": -59.7958585657, "LATITUDE": -7.15501188741, "F4": null}, "geometry": {"type": "Point", "coordinates": [-59.79585856572089, -7.155011887406317]}}, {"id": "233", "type": "Feature", "properties": {"PONTOS": 234.0, "LONGITUDE": -59.8043808446, "LATITUDE": -7.15956805301, "F4": null}, "geometry": {"type": "Point", "coordinates": [-59.80438084464964, -7.15956805301289]}}, {"id": "234", "type": "Feature", "properties": {"PONTOS": 235.0, "LONGITUDE": -59.8094394177, "LATITUDE": -7.15984437908, "F4": null}, "geometry": {"type": "Point", "coordinates": [-59.80943941767924, -7.159844379081392]}}, {"id": "235", "type": "Feature", "properties": {"PONTOS": 236.0, "LONGITUDE": -59.8137748561, "LATITUDE": -7.16021542483, "F4": null}, "geometry": {"type": "Point", "coordinates": [-59.81377485610932, -7.160215424826902]}}, {"id": "236", "type": "Feature", "properties": {"PONTOS": 237.0, "LONGITUDE": -59.8190609982, "LATITUDE": -7.16219790444, "F4": null}, "geometry": {"type": "Point", "coordinates": [-59.81906099823084, -7.162197904444611]}}, {"id": "237", "type": "Feature", "properties": {"PONTOS": 238.0, "LONGITUDE": -59.819197409, "LATITUDE": -7.16231452585, "F4": null}, "geometry": {"type": "Point", "coordinates": [-59.81919740901208, -7.162314525846114]}}, {"id": "238", "type": "Feature", "properties": {"PONTOS": 239.0, "LONGITUDE": -59.8192551547, "LATITUDE": -7.17170176587, "F4": null}, "geometry": {"type": "Point", "coordinates": [-59.81925515471602, -7.171701765869727]}}, {"id": "239", "type": "Feature", "properties": {"PONTOS": 240.0, "LONGITUDE": -59.8419576791, "LATITUDE": -7.17545590776, "F4": null}, "geometry": {"type": "Point", "coordinates": [-59.84195767906323, -7.175455907758305]}}, {"id": "240", "type": "Feature", "properties": {"PONTOS": 241.0, "LONGITUDE": -59.8487956632, "LATITUDE": -7.17819628645, "F4": null}, "geometry": {"type": "Point", "coordinates": [-59.848795663230476, -7.178196286448781]}}, {"id": "241", "type": "Feature", "properties": {"PONTOS": 242.0, "LONGITUDE": -59.8487333537, "LATITUDE": -7.17835930328, "F4": null}, "geometry": {"type": "Point", "coordinates": [-59.848733353707814, -7.178359303276807]}}, {"id": "242", "type": "Feature", "properties": {"PONTOS": 243.0, "LONGITUDE": -59.85578917, "LATITUDE": -7.18120661038, "F4": null}, "geometry": {"type": "Point", "coordinates": [-59.85578916995382, -7.181206610383185]}}, {"id": "243", "type": "Feature", "properties": {"PONTOS": 244.0, "LONGITUDE": -59.8590901002, "LATITUDE": -7.18249610211, "F4": null}, "geometry": {"type": "Point", "coordinates": [-59.85909010018122, -7.182496102107564]}}, {"id": "244", "type": "Feature", "properties": {"PONTOS": 245.0, "LONGITUDE": -59.8663826611, "LATITUDE": -7.18557662444, "F4": null}, "geometry": {"type": "Point", "coordinates": [-59.866382661112425, -7.185576624443456]}}, {"id": "245", "type": "Feature", "properties": {"PONTOS": 246.0, "LONGITUDE": -59.8695384376, "LATITUDE": -7.18679464595, "F4": null}, "geometry": {"type": "Point", "coordinates": [-59.86953843760807, -7.186794645952887]}}, {"id": "246", "type": "Feature", "properties": {"PONTOS": 247.0, "LONGITUDE": -59.8765126525, "LATITUDE": -7.18958783347, "F4": null}, "geometry": {"type": "Point", "coordinates": [-59.876512652530664, -7.189587833474377]}}, {"id": "247", "type": "Feature", "properties": {"PONTOS": 248.0, "LONGITUDE": -59.8873176762, "LATITUDE": -7.19589833625, "F4": null}, "geometry": {"type": "Point", "coordinates": [-59.88731767616014, -7.195898336248717]}}, {"id": "248", "type": "Feature", "properties": {"PONTOS": 249.0, "LONGITUDE": -59.8954336791, "LATITUDE": -7.2032464142, "F4": null}, "geometry": {"type": "Point", "coordinates": [-59.89543367905753, -7.2032464142039885]}}, {"id": "249", "type": "Feature", "properties": {"PONTOS": 250.0, "LONGITUDE": -59.898023107, "LATITUDE": -7.20642825616, "F4": null}, "geometry": {"type": "Point", "coordinates": [-59.89802310698269, -7.206428256163576]}}, {"id": "250", "type": "Feature", "properties": {"PONTOS": 251.0, "LONGITUDE": -59.9053661464, "LATITUDE": -7.21167587064, "F4": null}, "geometry": {"type": "Point", "coordinates": [-59.905366146355504, -7.211675870637123]}}, {"id": "251", "type": "Feature", "properties": {"PONTOS": 252.0, "LONGITUDE": -59.9283679962, "LATITUDE": -7.21255885386, "F4": null}, "geometry": {"type": "Point", "coordinates": [-59.9283679962212, -7.212558853857445]}}, {"id": "252", "type": "Feature", "properties": {"PONTOS": 253.0, "LONGITUDE": -59.9428067738, "LATITUDE": -7.22526754657, "F4": null}, "geometry": {"type": "Point", "coordinates": [-59.94280677375809, -7.225267546570365]}}, {"id": "253", "type": "Feature", "properties": {"PONTOS": 254.0, "LONGITUDE": -59.9491002365, "LATITUDE": -7.23178569433, "F4": null}, "geometry": {"type": "Point", "coordinates": [-59.949100236511356, -7.231785694328266]}}, {"id": "254", "type": "Feature", "properties": {"PONTOS": 255.0, "LONGITUDE": -59.961432537, "LATITUDE": -7.23344924011, "F4": null}, "geometry": {"type": "Point", "coordinates": [-59.96143253703815, -7.233449240110019]}}, {"id": "255", "type": "Feature", "properties": {"PONTOS": 256.0, "LONGITUDE": -59.9658720404, "LATITUDE": -7.23170386795, "F4": null}, "geometry": {"type": "Point", "coordinates": [-59.965872040410204, -7.231703867946067]}}, {"id": "256", "type": "Feature", "properties": {"PONTOS": 257.0, "LONGITUDE": -59.9875379016, "LATITUDE": -7.23440791457, "F4": null}, "geometry": {"type": "Point", "coordinates": [-59.98753790157019, -7.2344079145725]}}, {"id": "257", "type": "Feature", "properties": {"PONTOS": 258.0, "LONGITUDE": -59.9725040654, "LATITUDE": -7.22908593131, "F4": null}, "geometry": {"type": "Point", "coordinates": [-59.972504065364205, -7.229085931314785]}}, {"id": "258", "type": "Feature", "properties": {"PONTOS": 259.0, "LONGITUDE": -59.9771452387, "LATITUDE": -7.22776376373, "F4": null}, "geometry": {"type": "Point", "coordinates": [-59.97714523867603, -7.227763763734117]}}, {"id": "259", "type": "Feature", "properties": {"PONTOS": 260.0, "LONGITUDE": -59.981527728, "LATITUDE": -7.23114090007, "F4": null}, "geometry": {"type": "Point", "coordinates": [-59.98152772804849, -7.231140900074536]}}, {"id": "260", "type": "Feature", "properties": {"PONTOS": 261.0, "LONGITUDE": -59.9875379016, "LATITUDE": -7.23440791457, "F4": null}, "geometry": {"type": "Point", "coordinates": [-59.98753790157019, -7.2344079145725]}}, {"id": "261", "type": "Feature", "properties": {"PONTOS": 262.0, "LONGITUDE": -59.9917689734, "LATITUDE": -7.2326365914, "F4": null}, "geometry": {"type": "Point", "coordinates": [-59.99176897336872, -7.232636591397693]}}, {"id": "262", "type": "Feature", "properties": {"PONTOS": 263.0, "LONGITUDE": -60.0124468689, "LATITUDE": -7.23534733901, "F4": null}, "geometry": {"type": "Point", "coordinates": [-60.012446868889526, -7.235347339009309]}}, {"id": "263", "type": "Feature", "properties": {"PONTOS": 264.0, "LONGITUDE": -60.0182419601, "LATITUDE": -7.24141097557, "F4": null}, "geometry": {"type": "Point", "coordinates": [-60.01824196009812, -7.241410975573558]}}, {"id": "264", "type": "Feature", "properties": {"PONTOS": 265.0, "LONGITUDE": -60.0324665899, "LATITUDE": -7.25609400189, "F4": null}, "geometry": {"type": "Point", "coordinates": [-60.03246658994698, -7.256094001886595]}}, {"id": "265", "type": "Feature", "properties": {"PONTOS": 266.0, "LONGITUDE": -60.0372222524, "LATITUDE": -7.26070534936, "F4": null}, "geometry": {"type": "Point", "coordinates": [-60.03722225241563, -7.260705349355419]}}, {"id": "266", "type": "Feature", "properties": {"PONTOS": 267.0, "LONGITUDE": -60.0502128141, "LATITUDE": -7.27335656079, "F4": null}, "geometry": {"type": "Point", "coordinates": [-60.050212814058796, -7.273356560790887]}}, {"id": "267", "type": "Feature", "properties": {"PONTOS": 268.0, "LONGITUDE": -60.0945713424, "LATITUDE": -7.29192923018, "F4": null}, "geometry": {"type": "Point", "coordinates": [-60.09457134241222, -7.291929230180244]}}, {"id": "268", "type": "Feature", "properties": {"PONTOS": 269.0, "LONGITUDE": -60.1164611534, "LATITUDE": -7.29443658825, "F4": null}, "geometry": {"type": "Point", "coordinates": [-60.11646115340545, -7.2944365882486295]}}, {"id": "269", "type": "Feature", "properties": {"PONTOS": 270.0, "LONGITUDE": -60.1223024476, "LATITUDE": -7.2950611095, "F4": null}, "geometry": {"type": "Point", "coordinates": [-60.122302447553295, -7.295061109502228]}}, {"id": "270", "type": "Feature", "properties": {"PONTOS": 271.0, "LONGITUDE": -60.1245928177, "LATITUDE": -7.29630442744, "F4": null}, "geometry": {"type": "Point", "coordinates": [-60.12459281766013, -7.296304427436553]}}, {"id": "271", "type": "Feature", "properties": {"PONTOS": 272.0, "LONGITUDE": -60.1272988434, "LATITUDE": -7.29764073183, "F4": null}, "geometry": {"type": "Point", "coordinates": [-60.12729884344748, -7.2976407318341785]}}, {"id": "272", "type": "Feature", "properties": {"PONTOS": 273.0, "LONGITUDE": -60.131699624, "LATITUDE": -7.29998162956, "F4": null}, "geometry": {"type": "Point", "coordinates": [-60.13169962396978, -7.299981629563433]}}, {"id": "273", "type": "Feature", "properties": {"PONTOS": 274.0, "LONGITUDE": -60.1345902979, "LATITUDE": -7.30074988621, "F4": null}, "geometry": {"type": "Point", "coordinates": [-60.134590297858495, -7.300749886213623]}}, {"id": "274", "type": "Feature", "properties": {"PONTOS": 275.0, "LONGITUDE": -60.1371978816, "LATITUDE": -7.30050442866, "F4": null}, "geometry": {"type": "Point", "coordinates": [-60.13719788159483, -7.300504428658996]}}, {"id": "275", "type": "Feature", "properties": {"PONTOS": 276.0, "LONGITUDE": -60.1513634295, "LATITUDE": -7.30554524199, "F4": null}, "geometry": {"type": "Point", "coordinates": [-60.15136342954645, -7.305545241989648]}}, {"id": "276", "type": "Feature", "properties": {"PONTOS": 277.0, "LONGITUDE": -60.1660172241, "LATITUDE": -7.31072432548, "F4": null}, "geometry": {"type": "Point", "coordinates": [-60.16601722411656, -7.3107243254822265]}}, {"id": "277", "type": "Feature", "properties": {"PONTOS": 278.0, "LONGITUDE": -60.1709620679, "LATITUDE": -7.31008680156, "F4": null}, "geometry": {"type": "Point", "coordinates": [-60.170962067882556, -7.3100868015635]}}, {"id": "278", "type": "Feature", "properties": {"PONTOS": 279.0, "LONGITUDE": -60.175337184, "LATITUDE": -7.30939143648, "F4": null}, "geometry": {"type": "Point", "coordinates": [-60.17533718399454, -7.309391436475664]}}, {"id": "279", "type": "Feature", "properties": {"PONTOS": 280.0, "LONGITUDE": -60.1783078629, "LATITUDE": -7.30898539357, "F4": null}, "geometry": {"type": "Point", "coordinates": [-60.178307862933366, -7.308985393565422]}}, {"id": "280", "type": "Feature", "properties": {"PONTOS": 281.0, "LONGITUDE": -60.1877015952, "LATITUDE": -7.31032711047, "F4": null}, "geometry": {"type": "Point", "coordinates": [-60.18770159519664, -7.310327110469984]}}, {"id": "281", "type": "Feature", "properties": {"PONTOS": 282.0, "LONGITUDE": -60.1914212263, "LATITUDE": -7.31171463336, "F4": null}, "geometry": {"type": "Point", "coordinates": [-60.191421226316834, -7.311714633361646]}}, {"id": "282", "type": "Feature", "properties": {"PONTOS": 283.0, "LONGITUDE": -60.2131653467, "LATITUDE": -7.32217714414, "F4": null}, "geometry": {"type": "Point", "coordinates": [-60.213165346715016, -7.32217714414287]}}, {"id": "283", "type": "Feature", "properties": {"PONTOS": 284.0, "LONGITUDE": -60.2235613223, "LATITUDE": -7.33129498404, "F4": null}, "geometry": {"type": "Point", "coordinates": [-60.22356132234353, -7.331294984044803]}}, {"id": "284", "type": "Feature", "properties": {"PONTOS": 285.0, "LONGITUDE": -60.2258194966, "LATITUDE": -7.33491409874, "F4": null}, "geometry": {"type": "Point", "coordinates": [-60.22581949658928, -7.33491409874091]}}, {"id": "285", "type": "Feature", "properties": {"PONTOS": 286.0, "LONGITUDE": -60.2363990375, "LATITUDE": -7.34078016534, "F4": null}, "geometry": {"type": "Point", "coordinates": [-60.23639903754963, -7.340780165343688]}}, {"id": "286", "type": "Feature", "properties": {"PONTOS": 287.0, "LONGITUDE": -60.2381252849, "LATITUDE": -7.34116125135, "F4": null}, "geometry": {"type": "Point", "coordinates": [-60.23812528492931, -7.3411612513468185]}}, {"id": "287", "type": "Feature", "properties": {"PONTOS": 288.0, "LONGITUDE": -60.2418362331, "LATITUDE": -7.34257556024, "F4": null}, "geometry": {"type": "Point", "coordinates": [-60.24183623314292, -7.342575560242722]}}, {"id": "288", "type": "Feature", "properties": {"PONTOS": 289.0, "LONGITUDE": -60.2423232056, "LATITUDE": -7.34285865792, "F4": null}, "geometry": {"type": "Point", "coordinates": [-60.24232320561987, -7.342858657922079]}}, {"id": "289", "type": "Feature", "properties": {"PONTOS": 290.0, "LONGITUDE": -60.2466742983, "LATITUDE": -7.3446744404, "F4": null}, "geometry": {"type": "Point", "coordinates": [-60.24667429830885, -7.3446744403997855]}}, {"id": "290", "type": "Feature", "properties": {"PONTOS": 291.0, "LONGITUDE": -60.2542642863, "LATITUDE": -7.34816357118, "F4": null}, "geometry": {"type": "Point", "coordinates": [-60.254264286269745, -7.348163571176258]}}, {"id": "291", "type": "Feature", "properties": {"PONTOS": 292.0, "LONGITUDE": -60.2565310694, "LATITUDE": -7.3504363798, "F4": null}, "geometry": {"type": "Point", "coordinates": [-60.25653106940001, -7.35043637979669]}}, {"id": "292", "type": "Feature", "properties": {"PONTOS": 293.0, "LONGITUDE": -60.2611724781, "LATITUDE": -7.35511818296, "F4": null}, "geometry": {"type": "Point", "coordinates": [-60.26117247812226, -7.355118182964247]}}, {"id": "293", "type": "Feature", "properties": {"PONTOS": 294.0, "LONGITUDE": -60.2812002072, "LATITUDE": -7.36579412855, "F4": null}, "geometry": {"type": "Point", "coordinates": [-60.28120020717904, -7.365794128545758]}}, {"id": "294", "type": "Feature", "properties": {"PONTOS": 295.0, "LONGITUDE": -60.2873363968, "LATITUDE": -7.36735845774, "F4": null}, "geometry": {"type": "Point", "coordinates": [-60.287336396793876, -7.367358457741545]}}, {"id": "295", "type": "Feature", "properties": {"PONTOS": 296.0, "LONGITUDE": -60.2910400517, "LATITUDE": -7.36856461993, "F4": null}, "geometry": {"type": "Point", "coordinates": [-60.29104005167716, -7.36856461993176]}}, {"id": "296", "type": "Feature", "properties": {"PONTOS": 297.0, "LONGITUDE": -60.3028132047, "LATITUDE": -7.37347008182, "F4": null}, "geometry": {"type": "Point", "coordinates": [-60.302813204656786, -7.373470081821267]}}, {"id": "297", "type": "Feature", "properties": {"PONTOS": 298.0, "LONGITUDE": -60.308398318, "LATITUDE": -7.37939529473, "F4": null}, "geometry": {"type": "Point", "coordinates": [-60.30839831796595, -7.379395294731353]}}, {"id": "298", "type": "Feature", "properties": {"PONTOS": 299.0, "LONGITUDE": -60.3105103409, "LATITUDE": -7.38189295238, "F4": null}, "geometry": {"type": "Point", "coordinates": [-60.310510340855615, -7.381892952377598]}}, {"id": "299", "type": "Feature", "properties": {"PONTOS": 300.0, "LONGITUDE": -60.3114494927, "LATITUDE": -7.38226005479, "F4": null}, "geometry": {"type": "Point", "coordinates": [-60.31144949268008, -7.382260054788901]}}, {"id": "300", "type": "Feature", "properties": {"PONTOS": 301.0, "LONGITUDE": -60.3168836261, "LATITUDE": -7.3832415503, "F4": null}, "geometry": {"type": "Point", "coordinates": [-60.3168836260711, -7.383241550302387]}}, {"id": "301", "type": "Feature", "properties": {"PONTOS": 302.0, "LONGITUDE": -60.3353189107, "LATITUDE": -7.38830388943, "F4": null}, "geometry": {"type": "Point", "coordinates": [-60.335318910712886, -7.388303889428926]}}, {"id": "302", "type": "Feature", "properties": {"PONTOS": 303.0, "LONGITUDE": -60.3403113806, "LATITUDE": -7.39052048025, "F4": null}, "geometry": {"type": "Point", "coordinates": [-60.340311380579294, -7.390520480252519]}}, {"id": "303", "type": "Feature", "properties": {"PONTOS": 304.0, "LONGITUDE": -60.3789458118, "LATITUDE": -7.40588556554, "F4": null}, "geometry": {"type": "Point", "coordinates": [-60.37894581184821, -7.4058855655398474]}}, {"id": "304", "type": "Feature", "properties": {"PONTOS": 305.0, "LONGITUDE": -60.3896539465, "LATITUDE": -7.41683769482, "F4": null}, "geometry": {"type": "Point", "coordinates": [-60.38965394648454, -7.416837694820458]}}, {"id": "305", "type": "Feature", "properties": {"PONTOS": 306.0, "LONGITUDE": -60.397372214, "LATITUDE": -7.42057898814, "F4": null}, "geometry": {"type": "Point", "coordinates": [-60.39737221396808, -7.4205789881422675]}}, {"id": "306", "type": "Feature", "properties": {"PONTOS": 307.0, "LONGITUDE": -60.4136501842, "LATITUDE": -7.42978320622, "F4": null}, "geometry": {"type": "Point", "coordinates": [-60.41365018423784, -7.429783206216314]}}, {"id": "307", "type": "Feature", "properties": {"PONTOS": 308.0, "LONGITUDE": -60.4211015397, "LATITUDE": -7.43436310237, "F4": null}, "geometry": {"type": "Point", "coordinates": [-60.42110153972857, -7.434363102374732]}}, {"id": "308", "type": "Feature", "properties": {"PONTOS": 309.0, "LONGITUDE": -60.4261543228, "LATITUDE": -7.43731138956, "F4": null}, "geometry": {"type": "Point", "coordinates": [-60.42615432283901, -7.437311389557294]}}, {"id": "309", "type": "Feature", "properties": {"PONTOS": 310.0, "LONGITUDE": -60.4408282416, "LATITUDE": -7.44078525336, "F4": null}, "geometry": {"type": "Point", "coordinates": [-60.440828241612394, -7.440785253355216]}}, {"id": "310", "type": "Feature", "properties": {"PONTOS": 311.0, "LONGITUDE": -60.4491051987, "LATITUDE": -7.4436073764, "F4": null}, "geometry": {"type": "Point", "coordinates": [-60.44910519872661, -7.443607376403918]}}, {"id": "311", "type": "Feature", "properties": {"PONTOS": 312.0, "LONGITUDE": -60.4517521569, "LATITUDE": -7.44461669693, "F4": null}, "geometry": {"type": "Point", "coordinates": [-60.451752156853786, -7.444616696934077]}}, {"id": "312", "type": "Feature", "properties": {"PONTOS": 313.0, "LONGITUDE": -60.4537041396, "LATITUDE": -7.44525148754, "F4": null}, "geometry": {"type": "Point", "coordinates": [-60.45370413958449, -7.44525148753695]}}, {"id": "313", "type": "Feature", "properties": {"PONTOS": 314.0, "LONGITUDE": -60.4830599802, "LATITUDE": -7.45905664263, "F4": null}, "geometry": {"type": "Point", "coordinates": [-60.48305998017105, -7.459056642628468]}}, {"id": "314", "type": "Feature", "properties": {"PONTOS": 315.0, "LONGITUDE": -60.5035860095, "LATITUDE": -7.463935802, "F4": null}, "geometry": {"type": "Point", "coordinates": [-60.50358600952876, -7.463935801997991]}}, {"id": "315", "type": "Feature", "properties": {"PONTOS": 316.0, "LONGITUDE": -60.5039212266, "LATITUDE": -7.46390154706, "F4": null}, "geometry": {"type": "Point", "coordinates": [-60.503921226550574, -7.463901547055173]}}, {"id": "316", "type": "Feature", "properties": {"PONTOS": 317.0, "LONGITUDE": -60.5286753245, "LATITUDE": -7.4706291712, "F4": null}, "geometry": {"type": "Point", "coordinates": [-60.52867532450847, -7.470629171196265]}}, {"id": "317", "type": "Feature", "properties": {"PONTOS": 318.0, "LONGITUDE": -60.5356116859, "LATITUDE": -7.475430802, "F4": null}, "geometry": {"type": "Point", "coordinates": [-60.53561168587697, -7.47543080200262]}}, {"id": "318", "type": "Feature", "properties": {"PONTOS": 319.0, "LONGITUDE": -60.5398746314, "LATITUDE": -7.4790244834, "F4": null}, "geometry": {"type": "Point", "coordinates": [-60.53987463144756, -7.4790244833959605]}}, {"id": "319", "type": "Feature", "properties": {"PONTOS": 320.0, "LONGITUDE": -60.543646045, "LATITUDE": -7.47984987193, "F4": null}, "geometry": {"type": "Point", "coordinates": [-60.543646044966636, -7.479849871932515]}}, {"id": "320", "type": "Feature", "properties": {"PONTOS": 321.0, "LONGITUDE": -60.5466210957, "LATITUDE": -7.48058946028, "F4": null}, "geometry": {"type": "Point", "coordinates": [-60.54662109568142, -7.480589460275155]}}, {"id": "321", "type": "Feature", "properties": {"PONTOS": 322.0, "LONGITUDE": -60.5497526953, "LATITUDE": -7.48248673161, "F4": null}, "geometry": {"type": "Point", "coordinates": [-60.549752695257325, -7.482486731611118]}}, {"id": "322", "type": "Feature", "properties": {"PONTOS": 323.0, "LONGITUDE": -60.550934573, "LATITUDE": -7.48327054854, "F4": null}, "geometry": {"type": "Point", "coordinates": [-60.5509345729605, -7.48327054854434]}}, {"id": "323", "type": "Feature", "properties": {"PONTOS": 324.0, "LONGITUDE": -60.5535588254, "LATITUDE": -7.48521920953, "F4": null}, "geometry": {"type": "Point", "coordinates": [-60.55355882536281, -7.485219209534421]}}, {"id": "324", "type": "Feature", "properties": {"PONTOS": 325.0, "LONGITUDE": -60.5554617087, "LATITUDE": -7.48662159173, "F4": null}, "geometry": {"type": "Point", "coordinates": [-60.55546170867399, -7.48662159173233]}}, {"id": "325", "type": "Feature", "properties": {"PONTOS": 326.0, "LONGITUDE": -60.5567335584, "LATITUDE": -7.48751435254, "F4": null}, "geometry": {"type": "Point", "coordinates": [-60.5567335583641, -7.487514352542632]}}, {"id": "326", "type": "Feature", "properties": {"PONTOS": 327.0, "LONGITUDE": -60.5586628246, "LATITUDE": -7.48906147814, "F4": null}, "geometry": {"type": "Point", "coordinates": [-60.55866282456833, -7.4890614781404]}}, {"id": "327", "type": "Feature", "properties": {"PONTOS": 328.0, "LONGITUDE": -60.560737443, "LATITUDE": -7.49052806494, "F4": null}, "geometry": {"type": "Point", "coordinates": [-60.560737443023754, -7.4905280649388715]}}, {"id": "328", "type": "Feature", "properties": {"PONTOS": 329.0, "LONGITUDE": -60.5685895432, "LATITUDE": -7.49689800899, "F4": null}, "geometry": {"type": "Point", "coordinates": [-60.568589543216376, -7.496898008985681]}}, {"id": "329", "type": "Feature", "properties": {"PONTOS": 330.0, "LONGITUDE": -60.573308939, "LATITUDE": -7.50156050931, "F4": null}, "geometry": {"type": "Point", "coordinates": [-60.57330893899848, -7.50156050930741]}}, {"id": "330", "type": "Feature", "properties": {"PONTOS": 331.0, "LONGITUDE": -60.5785362524, "LATITUDE": -7.50282753606, "F4": null}, "geometry": {"type": "Point", "coordinates": [-60.5785362524133, -7.502827536059385]}}, {"id": "331", "type": "Feature", "properties": {"PONTOS": 332.0, "LONGITUDE": -60.5894666141, "LATITUDE": -7.502869559, "F4": null}, "geometry": {"type": "Point", "coordinates": [-60.58946661408709, -7.502869559000601]}}, {"id": "332", "type": "Feature", "properties": {"PONTOS": 333.0, "LONGITUDE": -60.6016447201, "LATITUDE": -7.50659661212, "F4": null}, "geometry": {"type": "Point", "coordinates": [-60.60164472005016, -7.506596612118813]}}, {"id": "333", "type": "Feature", "properties": {"PONTOS": 334.0, "LONGITUDE": -60.6077631856, "LATITUDE": -7.50889854366, "F4": null}, "geometry": {"type": "Point", "coordinates": [-60.60776318560556, -7.50889854366045]}}, {"id": "334", "type": "Feature", "properties": {"PONTOS": 335.0, "LONGITUDE": -60.6309800215, "LATITUDE": -7.51792709644, "F4": null}, "geometry": {"type": "Point", "coordinates": [-60.630980021549135, -7.517927096442236]}}, {"id": "335", "type": "Feature", "properties": {"PONTOS": 336.0, "LONGITUDE": -60.6359867307, "LATITUDE": -7.51989734228, "F4": null}, "geometry": {"type": "Point", "coordinates": [-60.635986730659795, -7.519897342275897]}}, {"id": "336", "type": "Feature", "properties": {"PONTOS": 337.0, "LONGITUDE": -60.6745189503, "LATITUDE": -7.52244438442, "F4": null}, "geometry": {"type": "Point", "coordinates": [-60.674518950259255, -7.522444384416133]}}, {"id": "337", "type": "Feature", "properties": {"PONTOS": 338.0, "LONGITUDE": -60.6754589732, "LATITUDE": -7.52280187307, "F4": null}, "geometry": {"type": "Point", "coordinates": [-60.675458973224636, -7.522801873069739]}}, {"id": "338", "type": "Feature", "properties": {"PONTOS": 339.0, "LONGITUDE": -60.6800113033, "LATITUDE": -7.52343157636, "F4": null}, "geometry": {"type": "Point", "coordinates": [-60.680011303263484, -7.523431576355335]}}, {"id": "339", "type": "Feature", "properties": {"PONTOS": 340.0, "LONGITUDE": -60.6851350511, "LATITUDE": -7.52561889063, "F4": null}, "geometry": {"type": "Point", "coordinates": [-60.68513505111963, -7.525618890633041]}}, {"id": "340", "type": "Feature", "properties": {"PONTOS": 341.0, "LONGITUDE": -60.759109125, "LATITUDE": -7.59705921045, "F4": null}, "geometry": {"type": "Point", "coordinates": [-60.75910912504787, -7.597059210451221]}}, {"id": "341", "type": "Feature", "properties": {"PONTOS": 342.0, "LONGITUDE": -60.7738730581, "LATITUDE": -7.60807247035, "F4": null}, "geometry": {"type": "Point", "coordinates": [-60.773873058086394, -7.6080724703496685]}}, {"id": "342", "type": "Feature", "properties": {"PONTOS": 343.0, "LONGITUDE": -60.7760943887, "LATITUDE": -7.60948493237, "F4": null}, "geometry": {"type": "Point", "coordinates": [-60.77609438872514, -7.60948493236674]}}, {"id": "343", "type": "Feature", "properties": {"PONTOS": 344.0, "LONGITUDE": -60.7787981089, "LATITUDE": -7.61046598218, "F4": null}, "geometry": {"type": "Point", "coordinates": [-60.77879810892796, -7.610465982175754]}}, {"id": "344", "type": "Feature", "properties": {"PONTOS": 345.0, "LONGITUDE": -60.7850605616, "LATITUDE": -7.61177255492, "F4": null}, "geometry": {"type": "Point", "coordinates": [-60.78506056155703, -7.611772554922879]}}, {"id": "345", "type": "Feature", "properties": {"PONTOS": 346.0, "LONGITUDE": -60.7873592583, "LATITUDE": -7.6122452967, "F4": null}, "geometry": {"type": "Point", "coordinates": [-60.787359258253446, -7.612245296702952]}}, {"id": "346", "type": "Feature", "properties": {"PONTOS": 347.0, "LONGITUDE": -60.793576315, "LATITUDE": -7.61358768556, "F4": null}, "geometry": {"type": "Point", "coordinates": [-60.79357631503319, -7.613587685560958]}}, {"id": "347", "type": "Feature", "properties": {"PONTOS": 348.0, "LONGITUDE": -60.8163230831, "LATITUDE": -7.6283014699, "F4": null}, "geometry": {"type": "Point", "coordinates": [-60.81632308305802, -7.628301469898133]}}, {"id": "348", "type": "Feature", "properties": {"PONTOS": 349.0, "LONGITUDE": -60.8183630141, "LATITUDE": -7.63338283899, "F4": null}, "geometry": {"type": "Point", "coordinates": [-60.818363014064005, -7.633382838990997]}}, {"id": "349", "type": "Feature", "properties": {"PONTOS": 350.0, "LONGITUDE": -60.8208680877, "LATITUDE": -7.63429037557, "F4": null}, "geometry": {"type": "Point", "coordinates": [-60.82086808771925, -7.634290375574096]}}, {"id": "350", "type": "Feature", "properties": {"PONTOS": 351.0, "LONGITUDE": -60.8277382386, "LATITUDE": -7.64096892678, "F4": null}, "geometry": {"type": "Point", "coordinates": [-60.827738238558595, -7.64096892678333]}}, {"id": "351", "type": "Feature", "properties": {"PONTOS": 352.0, "LONGITUDE": -60.8420768475, "LATITUDE": -7.64718768334, "F4": null}, "geometry": {"type": "Point", "coordinates": [-60.8420768474993, -7.647187683341031]}}, {"id": "352", "type": "Feature", "properties": {"PONTOS": 353.0, "LONGITUDE": -60.844033528, "LATITUDE": -7.64726978333, "F4": null}, "geometry": {"type": "Point", "coordinates": [-60.84403352800433, -7.647269783330671]}}, {"id": "353", "type": "Feature", "properties": {"PONTOS": 354.0, "LONGITUDE": -60.8589623366, "LATITUDE": -7.64972154876, "F4": null}, "geometry": {"type": "Point", "coordinates": [-60.858962336613274, -7.649721548764489]}}, {"id": "354", "type": "Feature", "properties": {"PONTOS": 355.0, "LONGITUDE": -60.8674445363, "LATITUDE": -7.65128223603, "F4": null}, "geometry": {"type": "Point", "coordinates": [-60.8674445363215, -7.6512822360269865]}}, {"id": "355", "type": "Feature", "properties": {"PONTOS": 356.0, "LONGITUDE": -60.8701831761, "LATITUDE": -7.65265171884, "F4": null}, "geometry": {"type": "Point", "coordinates": [-60.870183176067485, -7.652651718839309]}}, {"id": "356", "type": "Feature", "properties": {"PONTOS": 357.0, "LONGITUDE": -60.8733389433, "LATITUDE": -7.65395996977, "F4": null}, "geometry": {"type": "Point", "coordinates": [-60.873338943290605, -7.6539599697659355]}}, {"id": "357", "type": "Feature", "properties": {"PONTOS": 358.0, "LONGITUDE": -60.8786456969, "LATITUDE": -7.65639067786, "F4": null}, "geometry": {"type": "Point", "coordinates": [-60.87864569693937, -7.656390677859918]}}, {"id": "358", "type": "Feature", "properties": {"PONTOS": 359.0, "LONGITUDE": -60.8829701562, "LATITUDE": -7.65958488447, "F4": null}, "geometry": {"type": "Point", "coordinates": [-60.88297015621191, -7.659584884467847]}}, {"id": "359", "type": "Feature", "properties": {"PONTOS": 360.0, "LONGITUDE": -60.8841415568, "LATITUDE": -7.66091043875, "F4": null}, "geometry": {"type": "Point", "coordinates": [-60.88414155682386, -7.660910438750022]}}, {"id": "360", "type": "Feature", "properties": {"PONTOS": 361.0, "LONGITUDE": -60.8862329012, "LATITUDE": -7.66310832257, "F4": null}, "geometry": {"type": "Point", "coordinates": [-60.88623290121586, -7.66310832256903]}}, {"id": "361", "type": "Feature", "properties": {"PONTOS": 362.0, "LONGITUDE": -60.8897588262, "LATITUDE": -7.66656072259, "F4": null}, "geometry": {"type": "Point", "coordinates": [-60.88975882624993, -7.666560722588883]}}, {"id": "362", "type": "Feature", "properties": {"PONTOS": 363.0, "LONGITUDE": -60.8927967515, "LATITUDE": -7.66975760468, "F4": null}, "geometry": {"type": "Point", "coordinates": [-60.89279675147128, -7.669757604675908]}}, {"id": "363", "type": "Feature", "properties": {"PONTOS": 364.0, "LONGITUDE": -60.9013212487, "LATITUDE": -7.67576555215, "F4": null}, "geometry": {"type": "Point", "coordinates": [-60.90132124866358, -7.675765552151802]}}, {"id": "364", "type": "Feature", "properties": {"PONTOS": 365.0, "LONGITUDE": -60.9051673018, "LATITUDE": -7.67865897872, "F4": null}, "geometry": {"type": "Point", "coordinates": [-60.90516730176944, -7.6786589787186585]}}, {"id": "365", "type": "Feature", "properties": {"PONTOS": 366.0, "LONGITUDE": -60.9127645688, "LATITUDE": -7.68163390991, "F4": null}, "geometry": {"type": "Point", "coordinates": [-60.9127645688186, -7.681633909908669]}}, {"id": "366", "type": "Feature", "properties": {"PONTOS": 367.0, "LONGITUDE": -60.9226778404, "LATITUDE": -7.68542449917, "F4": null}, "geometry": {"type": "Point", "coordinates": [-60.92267784041917, -7.6854244991675955]}}, {"id": "367", "type": "Feature", "properties": {"PONTOS": 368.0, "LONGITUDE": -60.9325978572, "LATITUDE": -7.6859967069, "F4": null}, "geometry": {"type": "Point", "coordinates": [-60.93259785719255, -7.685996706895651]}}, {"id": "368", "type": "Feature", "properties": {"PONTOS": 369.0, "LONGITUDE": -60.9380964629, "LATITUDE": -7.68641187483, "F4": null}, "geometry": {"type": "Point", "coordinates": [-60.93809646286758, -7.686411874831947]}}, {"id": "369", "type": "Feature", "properties": {"PONTOS": 370.0, "LONGITUDE": -60.9424090023, "LATITUDE": -7.68661337005, "F4": null}, "geometry": {"type": "Point", "coordinates": [-60.942409002292266, -7.686613370048008]}}, {"id": "370", "type": "Feature", "properties": {"PONTOS": 371.0, "LONGITUDE": -60.950148929, "LATITUDE": -7.68641536222, "F4": null}, "geometry": {"type": "Point", "coordinates": [-60.950148929040836, -7.686415362218156]}}, {"id": "371", "type": "Feature", "properties": {"PONTOS": 372.0, "LONGITUDE": -60.9618957524, "LATITUDE": -7.68591985199, "F4": null}, "geometry": {"type": "Point", "coordinates": [-60.961895752385715, -7.685919851991173]}}, {"id": "372", "type": "Feature", "properties": {"PONTOS": 373.0, "LONGITUDE": -60.999122901, "LATITUDE": -7.69760333471, "F4": null}, "geometry": {"type": "Point", "coordinates": [-60.9991229010339, -7.697603334710777]}}, {"id": "373", "type": "Feature", "properties": {"PONTOS": 374.0, "LONGITUDE": -61.0051952817, "LATITUDE": -7.70525266292, "F4": null}, "geometry": {"type": "Point", "coordinates": [-61.00519528167888, -7.705252662915427]}}, {"id": "374", "type": "Feature", "properties": {"PONTOS": 375.0, "LONGITUDE": -61.0190256198, "LATITUDE": -7.70708879187, "F4": null}, "geometry": {"type": "Point", "coordinates": [-61.019025619839624, -7.70708879186742]}}, {"id": "375", "type": "Feature", "properties": {"PONTOS": 376.0, "LONGITUDE": -61.0240761752, "LATITUDE": -7.7065425828, "F4": null}, "geometry": {"type": "Point", "coordinates": [-61.02407617518264, -7.706542582800182]}}, {"id": "376", "type": "Feature", "properties": {"PONTOS": 377.0, "LONGITUDE": -61.0423598369, "LATITUDE": -7.71164408028, "F4": null}, "geometry": {"type": "Point", "coordinates": [-61.04235983691785, -7.711644080279825]}}, {"id": "377", "type": "Feature", "properties": {"PONTOS": 378.0, "LONGITUDE": -61.0486614338, "LATITUDE": -7.71499980108, "F4": null}, "geometry": {"type": "Point", "coordinates": [-61.04866143381315, -7.714999801083991]}}, {"id": "378", "type": "Feature", "properties": {"PONTOS": 379.0, "LONGITUDE": -61.0626183609, "LATITUDE": -7.72305519184, "F4": null}, "geometry": {"type": "Point", "coordinates": [-61.06261836091193, -7.723055191841297]}}, {"id": "379", "type": "Feature", "properties": {"PONTOS": 380.0, "LONGITUDE": -61.0639745544, "LATITUDE": -7.7237845922, "F4": null}, "geometry": {"type": "Point", "coordinates": [-61.06397455437923, -7.723784592195784]}}, {"id": "380", "type": "Feature", "properties": {"PONTOS": 381.0, "LONGITUDE": -61.0647521846, "LATITUDE": -7.72418590474, "F4": null}, "geometry": {"type": "Point", "coordinates": [-61.06475218457763, -7.724185904737055]}}, {"id": "381", "type": "Feature", "properties": {"PONTOS": 382.0, "LONGITUDE": -61.064842982, "LATITUDE": -7.72415015338, "F4": null}, "geometry": {"type": "Point", "coordinates": [-61.06484298201997, -7.724150153377195]}}, {"id": "382", "type": "Feature", "properties": {"PONTOS": 383.0, "LONGITUDE": -61.0999687962, "LATITUDE": -7.74743429755, "F4": null}, "geometry": {"type": "Point", "coordinates": [-61.09996879618677, -7.747434297550569]}}, {"id": "383", "type": "Feature", "properties": {"PONTOS": 384.0, "LONGITUDE": -61.1088367466, "LATITUDE": -7.74265497061, "F4": null}, "geometry": {"type": "Point", "coordinates": [-61.10883674660823, -7.742654970611568]}}, {"id": "384", "type": "Feature", "properties": {"PONTOS": 385.0, "LONGITUDE": -61.1275599066, "LATITUDE": -7.7536681768, "F4": null}, "geometry": {"type": "Point", "coordinates": [-61.12755990661316, -7.753668176798669]}}, {"id": "385", "type": "Feature", "properties": {"PONTOS": 386.0, "LONGITUDE": -61.1327407753, "LATITUDE": -7.75868156888, "F4": null}, "geometry": {"type": "Point", "coordinates": [-61.132740775274954, -7.758681568879069]}}, {"id": "386", "type": "Feature", "properties": {"PONTOS": 387.0, "LONGITUDE": -61.1505564565, "LATITUDE": -7.77233007129, "F4": null}, "geometry": {"type": "Point", "coordinates": [-61.15055645654439, -7.772330071286262]}}, {"id": "387", "type": "Feature", "properties": {"PONTOS": 388.0, "LONGITUDE": -61.161726103, "LATITUDE": -7.77404214138, "F4": null}, "geometry": {"type": "Point", "coordinates": [-61.161726103035676, -7.774042141377208]}}, {"id": "388", "type": "Feature", "properties": {"PONTOS": 389.0, "LONGITUDE": -61.1757784467, "LATITUDE": -7.77998857881, "F4": null}, "geometry": {"type": "Point", "coordinates": [-61.175778446690344, -7.779988578807661]}}, {"id": "389", "type": "Feature", "properties": {"PONTOS": 390.0, "LONGITUDE": -61.1819973323, "LATITUDE": -7.78416520036, "F4": null}, "geometry": {"type": "Point", "coordinates": [-61.18199733225072, -7.784165200356085]}}, {"id": "390", "type": "Feature", "properties": {"PONTOS": 391.0, "LONGITUDE": -61.1897462918, "LATITUDE": -7.78883652473, "F4": null}, "geometry": {"type": "Point", "coordinates": [-61.18974629177882, -7.788836524729106]}}, {"id": "391", "type": "Feature", "properties": {"PONTOS": 392.0, "LONGITUDE": -61.2024279707, "LATITUDE": -7.7996858526, "F4": null}, "geometry": {"type": "Point", "coordinates": [-61.2024279707486, -7.799685852599453]}}, {"id": "392", "type": "Feature", "properties": {"PONTOS": 393.0, "LONGITUDE": -61.2068957286, "LATITUDE": -7.80433397498, "F4": null}, "geometry": {"type": "Point", "coordinates": [-61.20689572860158, -7.804333974980807]}}, {"id": "393", "type": "Feature", "properties": {"PONTOS": 394.0, "LONGITUDE": -61.2156343457, "LATITUDE": -7.81096210164, "F4": null}, "geometry": {"type": "Point", "coordinates": [-61.21563434571971, -7.810962101644009]}}, {"id": "394", "type": "Feature", "properties": {"PONTOS": 395.0, "LONGITUDE": -61.2261961389, "LATITUDE": -7.81531028722, "F4": null}, "geometry": {"type": "Point", "coordinates": [-61.22619613893579, -7.815310287223781]}}, {"id": "395", "type": "Feature", "properties": {"PONTOS": 396.0, "LONGITUDE": -61.2550746575, "LATITUDE": -7.82782656472, "F4": null}, "geometry": {"type": "Point", "coordinates": [-61.25507465745801, -7.827826564716247]}}, {"id": "396", "type": "Feature", "properties": {"PONTOS": 397.0, "LONGITUDE": -61.3169585959, "LATITUDE": -7.84959766281, "F4": null}, "geometry": {"type": "Point", "coordinates": [-61.31695859588234, -7.849597662805365]}}, {"id": "397", "type": "Feature", "properties": {"PONTOS": 398.0, "LONGITUDE": -62.3812940372, "LATITUDE": -7.79379834809, "F4": null}, "geometry": {"type": "Point", "coordinates": [-62.381294037179885, -7.793798348088501]}}, {"id": "398", "type": "Feature", "properties": {"PONTOS": 399.0, "LONGITUDE": -62.3996785049, "LATITUDE": -7.78698665626, "F4": null}, "geometry": {"type": "Point", "coordinates": [-62.39967850492462, -7.7869866562613765]}}, {"id": "399", "type": "Feature", "properties": {"PONTOS": 400.0, "LONGITUDE": -62.5159047297, "LATITUDE": -7.72228920024, "F4": null}, "geometry": {"type": "Point", "coordinates": [-62.515904729669785, -7.722289200239572]}}, {"id": "400", "type": "Feature", "properties": {"PONTOS": 401.0, "LONGITUDE": -62.5158956718, "LATITUDE": -7.72228014462, "F4": null}, "geometry": {"type": "Point", "coordinates": [-62.515895671845044, -7.72228014462155]}}, {"id": "401", "type": "Feature", "properties": {"PONTOS": 402.0, "LONGITUDE": -62.515886614, "LATITUDE": -7.722271089, "F4": null}, "geometry": {"type": "Point", "coordinates": [-62.5158866140207, -7.722271089003243]}}, {"id": "402", "type": "Feature", "properties": {"PONTOS": 403.0, "LONGITUDE": -62.5346965417, "LATITUDE": -7.7116003315, "F4": null}, "geometry": {"type": "Point", "coordinates": [-62.53469654174489, -7.711600331504826]}}, {"id": "403", "type": "Feature", "properties": {"PONTOS": 404.0, "LONGITUDE": -62.5504671332, "LATITUDE": -7.70163105211, "F4": null}, "geometry": {"type": "Point", "coordinates": [-62.550467133154484, -7.7016310521077]}}, {"id": "404", "type": "Feature", "properties": {"PONTOS": 405.0, "LONGITUDE": -62.5534981686, "LATITUDE": -7.69932763953, "F4": null}, "geometry": {"type": "Point", "coordinates": [-62.55349816861337, -7.699327639524995]}}, {"id": "405", "type": "Feature", "properties": {"PONTOS": 406.0, "LONGITUDE": -62.5788079688, "LATITUDE": -7.67907335378, "F4": null}, "geometry": {"type": "Point", "coordinates": [-62.57880796882023, -7.679073353775607]}}, {"id": "406", "type": "Feature", "properties": {"PONTOS": 407.0, "LONGITUDE": -62.5787989104, "LATITUDE": -7.67906429944, "F4": null}, "geometry": {"type": "Point", "coordinates": [-62.57879891044661, -7.679064299444349]}}, {"id": "407", "type": "Feature", "properties": {"PONTOS": 408.0, "LONGITUDE": -62.5787898521, "LATITUDE": -7.67905524511, "F4": null}, "geometry": {"type": "Point", "coordinates": [-62.578789852073385, -7.679055245113034]}}, {"id": "408", "type": "Feature", "properties": {"PONTOS": 409.0, "LONGITUDE": -62.63706024, "LATITUDE": -7.64244689467, "F4": null}, "geometry": {"type": "Point", "coordinates": [-62.63706023997116, -7.642446894673867]}}, {"id": "409", "type": "Feature", "properties": {"PONTOS": 410.0, "LONGITUDE": -62.637051181, "LATITUDE": -7.64243784153, "F4": null}, "geometry": {"type": "Point", "coordinates": [-62.63705118103957, -7.6424378415291585]}}, {"id": "410", "type": "Feature", "properties": {"PONTOS": 411.0, "LONGITUDE": -62.6762230234, "LATITUDE": -7.62486630911, "F4": null}, "geometry": {"type": "Point", "coordinates": [-62.67622302339544, -7.624866309105869]}}, {"id": "411", "type": "Feature", "properties": {"PONTOS": 412.0, "LONGITUDE": -62.6805409605, "LATITUDE": -7.62162215521, "F4": null}, "geometry": {"type": "Point", "coordinates": [-62.68054096046012, -7.621622155206637]}}, {"id": "412", "type": "Feature", "properties": {"PONTOS": 413.0, "LONGITUDE": -62.6825999809, "LATITUDE": -7.62026683234, "F4": null}, "geometry": {"type": "Point", "coordinates": [-62.682599980897294, -7.620266832340633]}}, {"id": "413", "type": "Feature", "properties": {"PONTOS": 414.0, "LONGITUDE": -62.6981008981, "LATITUDE": -7.61047248983, "F4": null}, "geometry": {"type": "Point", "coordinates": [-62.69810089809931, -7.610472489830613]}}, {"id": "414", "type": "Feature", "properties": {"PONTOS": 415.0, "LONGITUDE": -62.6762364197, "LATITUDE": -7.6070193943, "F4": null}, "geometry": {"type": "Point", "coordinates": [-62.67623641971841, -7.607019394304473]}}, {"id": "415", "type": "Feature", "properties": {"PONTOS": 416.0, "LONGITUDE": -62.7066130942, "LATITUDE": -7.62488797718, "F4": null}, "geometry": {"type": "Point", "coordinates": [-62.706613094188356, -7.624887977177252]}}, {"id": "416", "type": "Feature", "properties": {"PONTOS": 417.0, "LONGITUDE": -62.7066040341, "LATITUDE": -7.62487892544, "F4": null}, "geometry": {"type": "Point", "coordinates": [-62.70660403408522, -7.6248789254364056]}}, {"id": "417", "type": "Feature", "properties": {"PONTOS": 418.0, "LONGITUDE": -62.7279991721, "LATITUDE": -7.59812690857, "F4": null}, "geometry": {"type": "Point", "coordinates": [-62.72799917206402, -7.59812690856603]}}, {"id": "418", "type": "Feature", "properties": {"PONTOS": 419.0, "LONGITUDE": -62.7343375666, "LATITUDE": -7.59576087675, "F4": null}, "geometry": {"type": "Point", "coordinates": [-62.734337566586305, -7.5957608767508304]}}, {"id": "419", "type": "Feature", "properties": {"PONTOS": 420.0, "LONGITUDE": -62.7684772353, "LATITUDE": -7.58201292237, "F4": null}, "geometry": {"type": "Point", "coordinates": [-62.76847723527601, -7.58201292237203]}}, {"id": "420", "type": "Feature", "properties": {"PONTOS": 421.0, "LONGITUDE": -62.789899514, "LATITUDE": -7.58057648425, "F4": null}, "geometry": {"type": "Point", "coordinates": [-62.789899513972045, -7.580576484251424]}}, {"id": "421", "type": "Feature", "properties": {"PONTOS": 422.0, "LONGITUDE": -62.768479115, "LATITUDE": -7.57849416122, "F4": null}, "geometry": {"type": "Point", "coordinates": [-62.76847911502722, -7.578494161216497]}}, {"id": "422", "type": "Feature", "properties": {"PONTOS": 423.0, "LONGITUDE": -62.7861859201, "LATITUDE": -7.57405274576, "F4": null}, "geometry": {"type": "Point", "coordinates": [-62.78618592011446, -7.574052745758763]}}, {"id": "423", "type": "Feature", "properties": {"PONTOS": 424.0, "LONGITUDE": -62.7979007218, "LATITUDE": -7.56871234008, "F4": null}, "geometry": {"type": "Point", "coordinates": [-62.79790072183363, -7.568712340075763]}}, {"id": "424", "type": "Feature", "properties": {"PONTOS": 425.0, "LONGITUDE": -62.8111021962, "LATITUDE": -7.56271192155, "F4": null}, "geometry": {"type": "Point", "coordinates": [-62.81110219622366, -7.562711921548555]}}, {"id": "425", "type": "Feature", "properties": {"PONTOS": 426.0, "LONGITUDE": -62.8173756509, "LATITUDE": -7.56163815496, "F4": null}, "geometry": {"type": "Point", "coordinates": [-62.81737565089088, -7.561638154963134]}}, {"id": "426", "type": "Feature", "properties": {"PONTOS": 427.0, "LONGITUDE": -62.8236123283, "LATITUDE": -7.56176736051, "F4": null}, "geometry": {"type": "Point", "coordinates": [-62.823612328287425, -7.561767360510032]}}, {"id": "427", "type": "Feature", "properties": {"PONTOS": 428.0, "LONGITUDE": -62.8268034057, "LATITUDE": -7.56128921674, "F4": null}, "geometry": {"type": "Point", "coordinates": [-62.82680340566941, -7.561289216740363]}}, {"id": "428", "type": "Feature", "properties": {"PONTOS": 429.0, "LONGITUDE": -62.8306923512, "LATITUDE": -7.56114601178, "F4": null}, "geometry": {"type": "Point", "coordinates": [-62.8306923511588, -7.561146011776486]}}, {"id": "429", "type": "Feature", "properties": {"PONTOS": 430.0, "LONGITUDE": -62.8484325819, "LATITUDE": -7.56114348868, "F4": null}, "geometry": {"type": "Point", "coordinates": [-62.84843258193001, -7.5611434886810684]}}, {"id": "430", "type": "Feature", "properties": {"PONTOS": 431.0, "LONGITUDE": -62.8484235201, "LATITUDE": -7.56113443982, "F4": null}, "geometry": {"type": "Point", "coordinates": [-62.8484235200703, -7.561134439823434]}}, {"id": "431", "type": "Feature", "properties": {"PONTOS": 432.0, "LONGITUDE": -62.8646871405, "LATITUDE": -7.55800092242, "F4": null}, "geometry": {"type": "Point", "coordinates": [-62.86468714053393, -7.55800092241509]}}, {"id": "432", "type": "Feature", "properties": {"PONTOS": 433.0, "LONGITUDE": -62.8710425262, "LATITUDE": -7.55513535277, "F4": null}, "geometry": {"type": "Point", "coordinates": [-62.87104252623698, -7.555135352770321]}}, {"id": "433", "type": "Feature", "properties": {"PONTOS": 434.0, "LONGITUDE": -62.871033464, "LATITUDE": -7.55512630437, "F4": null}, "geometry": {"type": "Point", "coordinates": [-62.87103346402091, -7.555126304373175]}}, {"id": "434", "type": "Feature", "properties": {"PONTOS": 435.0, "LONGITUDE": -62.8710244018, "LATITUDE": -7.55511725598, "F4": null}, "geometry": {"type": "Point", "coordinates": [-62.87102440180513, -7.555117255975858]}}, {"id": "435", "type": "Feature", "properties": {"PONTOS": 436.0, "LONGITUDE": -62.8817335126, "LATITUDE": -7.54237485798, "F4": null}, "geometry": {"type": "Point", "coordinates": [-62.88173351256705, -7.542374857983987]}}, {"id": "436", "type": "Feature", "properties": {"PONTOS": 437.0, "LONGITUDE": -62.9502142089, "LATITUDE": -7.48653046537, "F4": null}, "geometry": {"type": "Point", "coordinates": [-62.95021420887258, -7.486530465365263]}}, {"id": "437", "type": "Feature", "properties": {"PONTOS": 438.0, "LONGITUDE": -62.9722384261, "LATITUDE": -7.48778071979, "F4": null}, "geometry": {"type": "Point", "coordinates": [-62.972238426082015, -7.487780719793193]}}, {"id": "438", "type": "Feature", "properties": {"PONTOS": 439.0, "LONGITUDE": -62.9793260738, "LATITUDE": -7.48836908449, "F4": null}, "geometry": {"type": "Point", "coordinates": [-62.97932607375469, -7.488369084492206]}}, {"id": "439", "type": "Feature", "properties": {"PONTOS": 440.0, "LONGITUDE": -62.9952235271, "LATITUDE": -7.48737450894, "F4": null}, "geometry": {"type": "Point", "coordinates": [-62.995223527113296, -7.487374508941286]}}, {"id": "440", "type": "Feature", "properties": {"PONTOS": 441.0, "LONGITUDE": -63.024272566, "LATITUDE": -7.49588593442, "F4": null}, "geometry": {"type": "Point", "coordinates": [-63.024272565983665, -7.49588593441689]}}, {"id": "441", "type": "Feature", "properties": {"PONTOS": 442.0, "LONGITUDE": -63.0246351136, "LATITUDE": -7.49588591427, "F4": null}, "geometry": {"type": "Point", "coordinates": [-63.024635113623106, -7.4958859142707865]}}, {"id": "442", "type": "Feature", "properties": {"PONTOS": 443.0, "LONGITUDE": -63.025124556, "LATITUDE": -7.4959401612, "F4": null}, "geometry": {"type": "Point", "coordinates": [-63.025124556045796, -7.495940161200224]}}, {"id": "443", "type": "Feature", "properties": {"PONTOS": 444.0, "LONGITUDE": -63.025278643, "LATITUDE": -7.49601251851, "F4": null}, "geometry": {"type": "Point", "coordinates": [-63.02527864298423, -7.496012518509872]}}, {"id": "444", "type": "Feature", "properties": {"PONTOS": 445.0, "LONGITUDE": -63.0256140023, "LATITUDE": -7.49605772795, "F4": null}, "geometry": {"type": "Point", "coordinates": [-63.02561400228808, -7.4960577279513245]}}, {"id": "445", "type": "Feature", "properties": {"PONTOS": 446.0, "LONGITUDE": -63.0260943872, "LATITUDE": -7.49621147776, "F4": null}, "geometry": {"type": "Point", "coordinates": [-63.02609438724835, -7.496211477760369]}}, {"id": "446", "type": "Feature", "properties": {"PONTOS": 447.0, "LONGITUDE": -63.0264569504, "LATITUDE": -7.49646473757, "F4": null}, "geometry": {"type": "Point", "coordinates": [-63.026456950440604, -7.49646473757349]}}, {"id": "447", "type": "Feature", "properties": {"PONTOS": 448.0, "LONGITUDE": -63.0266382179, "LATITUDE": -7.49635617744, "F4": null}, "geometry": {"type": "Point", "coordinates": [-63.02663821789952, -7.496356177440077]}}, {"id": "448", "type": "Feature", "properties": {"PONTOS": 449.0, "LONGITUDE": -63.0267832642, "LATITUDE": -7.49679941119, "F4": null}, "geometry": {"type": "Point", "coordinates": [-63.02678326419425, -7.496799411188192]}}, {"id": "449", "type": "Feature", "properties": {"PONTOS": 450.0, "LONGITUDE": -63.0268195534, "LATITUDE": -7.49736024648, "F4": null}, "geometry": {"type": "Point", "coordinates": [-63.02681955335373, -7.497360246480184]}}, {"id": "450", "type": "Feature", "properties": {"PONTOS": 451.0, "LONGITUDE": -63.0268286187, "LATITUDE": -7.49738738323, "F4": null}, "geometry": {"type": "Point", "coordinates": [-63.02682861873632, -7.497387383225657]}}, {"id": "451", "type": "Feature", "properties": {"PONTOS": 452.0, "LONGITUDE": -63.0270461849, "LATITUDE": -7.49798439046, "F4": null}, "geometry": {"type": "Point", "coordinates": [-63.027046184907704, -7.497984390455088]}}, {"id": "452", "type": "Feature", "properties": {"PONTOS": 453.0, "LONGITUDE": -63.0270643141, "LATITUDE": -7.49801152664, "F4": null}, "geometry": {"type": "Point", "coordinates": [-63.0270643140521, -7.4980115266375265]}}, {"id": "453", "type": "Feature", "properties": {"PONTOS": 454.0, "LONGITUDE": -63.0273090777, "LATITUDE": -7.4986989897, "F4": null}, "geometry": {"type": "Point", "coordinates": [-63.027309077736106, -7.498698989698596]}}, {"id": "454", "type": "Feature", "properties": {"PONTOS": 455.0, "LONGITUDE": -63.0273997322, "LATITUDE": -7.49897035702, "F4": null}, "geometry": {"type": "Point", "coordinates": [-63.027399732195875, -7.4989703570237225]}}, {"id": "455", "type": "Feature", "properties": {"PONTOS": 456.0, "LONGITUDE": -63.0274813219, "LATITUDE": -7.49922363336, "F4": null}, "geometry": {"type": "Point", "coordinates": [-63.02748132187338, -7.4992236333623055]}}, {"id": "456", "type": "Feature", "properties": {"PONTOS": 457.0, "LONGITUDE": -63.0274903885, "LATITUDE": -7.49926886162, "F4": null}, "geometry": {"type": "Point", "coordinates": [-63.02749038847105, -7.4992688616219425]}}, {"id": "457", "type": "Feature", "properties": {"PONTOS": 458.0, "LONGITUDE": -63.0275901069, "LATITUDE": -7.49954022833, "F4": null}, "geometry": {"type": "Point", "coordinates": [-63.02759010692836, -7.499540228333444]}}, {"id": "458", "type": "Feature", "properties": {"PONTOS": 459.0, "LONGITUDE": -63.027680764, "LATITUDE": -7.49984777865, "F4": null}, "geometry": {"type": "Point", "coordinates": [-63.0276807640239, -7.4998477786487]}}, {"id": "459", "type": "Feature", "properties": {"PONTOS": 460.0, "LONGITUDE": -63.0276898312, "LATITUDE": -7.49990205267, "F4": null}, "geometry": {"type": "Point", "coordinates": [-63.027689831227065, -7.499902052667835]}}, {"id": "460", "type": "Feature", "properties": {"PONTOS": 461.0, "LONGITUDE": -63.0277804822, "LATITUDE": -7.50011009954, "F4": null}, "geometry": {"type": "Point", "coordinates": [-63.02778048215845, -7.500110099544202]}}, {"id": "461", "type": "Feature", "properties": {"PONTOS": 462.0, "LONGITUDE": -63.0278983343, "LATITUDE": -7.50047192268, "F4": null}, "geometry": {"type": "Point", "coordinates": [-63.02789833431706, -7.5004719226755014]}}, {"id": "462", "type": "Feature", "properties": {"PONTOS": 463.0, "LONGITUDE": -63.0278802044, "LATITUDE": -7.50043574077, "F4": null}, "geometry": {"type": "Point", "coordinates": [-63.02788020444302, -7.500435740766363]}}, {"id": "463", "type": "Feature", "properties": {"PONTOS": 464.0, "LONGITUDE": -63.028088708, "LATITUDE": -7.50100561067, "F4": null}, "geometry": {"type": "Point", "coordinates": [-63.02808870803676, -7.50100561066813]}}, {"id": "464", "type": "Feature", "properties": {"PONTOS": 465.0, "LONGITUDE": -63.0281068403, "LATITUDE": -7.50107797563, "F4": null}, "geometry": {"type": "Point", "coordinates": [-63.02810684027355, -7.501077975625151]}}, {"id": "465", "type": "Feature", "properties": {"PONTOS": 466.0, "LONGITUDE": -63.0283153351, "LATITUDE": -7.50150311317, "F4": null}, "geometry": {"type": "Point", "coordinates": [-63.02831533511397, -7.501503113173953]}}, {"id": "466", "type": "Feature", "properties": {"PONTOS": 467.0, "LONGITUDE": -63.0284150605, "LATITUDE": -7.50186493731, "F4": null}, "geometry": {"type": "Point", "coordinates": [-63.02841506046417, -7.501864937307744]}}, {"id": "467", "type": "Feature", "properties": {"PONTOS": 468.0, "LONGITUDE": -63.0284059966, "LATITUDE": -7.50186493789, "F4": null}, "geometry": {"type": "Point", "coordinates": [-63.02840599664978, -7.501864937893345]}}, {"id": "468", "type": "Feature", "properties": {"PONTOS": 469.0, "LONGITUDE": -63.0287323551, "LATITUDE": -7.50279663037, "F4": null}, "geometry": {"type": "Point", "coordinates": [-63.02873235509338, -7.502796630368493]}}, {"id": "469", "type": "Feature", "properties": {"PONTOS": 470.0, "LONGITUDE": -63.0288592732, "LATITUDE": -7.50316749836, "F4": null}, "geometry": {"type": "Point", "coordinates": [-63.02885927320568, -7.503167498363553]}}, {"id": "470", "type": "Feature", "properties": {"PONTOS": 471.0, "LONGITUDE": -63.0289318001, "LATITUDE": -7.50341172921, "F4": null}, "geometry": {"type": "Point", "coordinates": [-63.02893180007288, -7.5034117292102]}}, {"id": "471", "type": "Feature", "properties": {"PONTOS": 472.0, "LONGITUDE": -63.028968062, "LATITUDE": -7.50351123022, "F4": null}, "geometry": {"type": "Point", "coordinates": [-63.02896806204086, -7.503511230219715]}}, {"id": "472", "type": "Feature", "properties": {"PONTOS": 473.0, "LONGITUDE": -63.0291131065, "LATITUDE": -7.50385495964, "F4": null}, "geometry": {"type": "Point", "coordinates": [-63.029113106469765, -7.503854959643377]}}, {"id": "473", "type": "Feature", "properties": {"PONTOS": 474.0, "LONGITUDE": -63.0291946975, "LATITUDE": -7.50409918984, "F4": null}, "geometry": {"type": "Point", "coordinates": [-63.02919469745433, -7.504099189837916]}}, {"id": "474", "type": "Feature", "properties": {"PONTOS": 475.0, "LONGITUDE": -63.029185639, "LATITUDE": -7.50418060231, "F4": null}, "geometry": {"type": "Point", "coordinates": [-63.02918563902051, -7.5041806023071445]}}, {"id": "475", "type": "Feature", "properties": {"PONTOS": 476.0, "LONGITUDE": -63.0293034868, "LATITUDE": -7.50444292159, "F4": null}, "geometry": {"type": "Point", "coordinates": [-63.029303486786716, -7.504442921594659]}}, {"id": "476", "type": "Feature", "properties": {"PONTOS": 477.0, "LONGITUDE": -63.0294032057, "LATITUDE": -7.50468715053, "F4": null}, "geometry": {"type": "Point", "coordinates": [-63.0294032057335, -7.504687150534153]}}, {"id": "477", "type": "Feature", "properties": {"PONTOS": 478.0, "LONGITUDE": -63.0294122733, "LATITUDE": -7.5047414245, "F4": null}, "geometry": {"type": "Point", "coordinates": [-63.02941227325249, -7.504741424504516]}}, {"id": "478", "type": "Feature", "properties": {"PONTOS": 479.0, "LONGITUDE": -63.029548257, "LATITUDE": -7.50512133742, "F4": null}, "geometry": {"type": "Point", "coordinates": [-63.02954825700209, -7.5051213374196095]}}, {"id": "479", "type": "Feature", "properties": {"PONTOS": 480.0, "LONGITUDE": -63.0296026495, "LATITUDE": -7.5052570202, "F4": null}, "geometry": {"type": "Point", "coordinates": [-63.02960264946722, -7.50525702019911]}}, {"id": "480", "type": "Feature", "properties": {"PONTOS": 481.0, "LONGITUDE": -63.0296389148, "LATITUDE": -7.50540174996, "F4": null}, "geometry": {"type": "Point", "coordinates": [-63.02963891480425, -7.505401749956263]}}, {"id": "481", "type": "Feature", "properties": {"PONTOS": 482.0, "LONGITUDE": -63.0297023737, "LATITUDE": -7.50557361516, "F4": null}, "geometry": {"type": "Point", "coordinates": [-63.02970237367805, -7.505573615159847]}}, {"id": "482", "type": "Feature", "properties": {"PONTOS": 483.0, "LONGITUDE": -63.0298292657, "LATITUDE": -7.50553742352, "F4": null}, "geometry": {"type": "Point", "coordinates": [-63.029829265687056, -7.505537423516387]}}, {"id": "483", "type": "Feature", "properties": {"PONTOS": 484.0, "LONGITUDE": -63.0300921459, "LATITUDE": -7.50593541914, "F4": null}, "geometry": {"type": "Point", "coordinates": [-63.03009214586564, -7.505935419140599]}}, {"id": "484", "type": "Feature", "properties": {"PONTOS": 485.0, "LONGITUDE": -63.0297658486, "LATITUDE": -7.50598067017, "F4": null}, "geometry": {"type": "Point", "coordinates": [-63.02976584859448, -7.505980670172562]}}, {"id": "485", "type": "Feature", "properties": {"PONTOS": 486.0, "LONGITUDE": -63.0299471631, "LATITUDE": -7.50651435782, "F4": null}, "geometry": {"type": "Point", "coordinates": [-63.029947163097575, -7.506514357822994]}}, {"id": "486", "type": "Feature", "properties": {"PONTOS": 487.0, "LONGITUDE": -63.0300106223, "LATITUDE": -7.50668622297, "F4": null}, "geometry": {"type": "Point", "coordinates": [-63.03001062225519, -7.5066862229722915]}}, {"id": "487", "type": "Feature", "properties": {"PONTOS": 488.0, "LONGITUDE": -63.0299834869, "LATITUDE": -7.50750938915, "F4": null}, "geometry": {"type": "Point", "coordinates": [-63.02998348690579, -7.507509389149732]}}, {"id": "488", "type": "Feature", "properties": {"PONTOS": 489.0, "LONGITUDE": -63.0297570769, "LATITUDE": -7.51027740744, "F4": null}, "geometry": {"type": "Point", "coordinates": [-63.0297570768692, -7.510277407436149]}}, {"id": "489", "type": "Feature", "properties": {"PONTOS": 490.0, "LONGITUDE": -63.0297299193, "LATITUDE": -7.51078397186, "F4": null}, "geometry": {"type": "Point", "coordinates": [-63.02972991932944, -7.5107839718589275]}}, {"id": "490", "type": "Feature", "properties": {"PONTOS": 491.0, "LONGITUDE": -63.0296755771, "LATITUDE": -7.51139908723, "F4": null}, "geometry": {"type": "Point", "coordinates": [-63.02967557706495, -7.511399087227517]}}, {"id": "491", "type": "Feature", "properties": {"PONTOS": 492.0, "LONGITUDE": -63.029657457, "LATITUDE": -7.51151668333, "F4": null}, "geometry": {"type": "Point", "coordinates": [-63.02965745701471, -7.511516683332104]}}, {"id": "492", "type": "Feature", "properties": {"PONTOS": 493.0, "LONGITUDE": -63.02958494, "LATITUDE": -7.51144432214, "F4": null}, "geometry": {"type": "Point", "coordinates": [-63.02958494000683, -7.511444322142779]}}, {"id": "493", "type": "Feature", "properties": {"PONTOS": 494.0, "LONGITUDE": -63.0295849449, "LATITUDE": -7.51151668822, "F4": null}, "geometry": {"type": "Point", "coordinates": [-63.0295849449015, -7.511516688222855]}}, {"id": "494", "type": "Feature", "properties": {"PONTOS": 495.0, "LONGITUDE": -63.029557773, "LATITUDE": -7.51181520013, "F4": null}, "geometry": {"type": "Point", "coordinates": [-63.029557773031115, -7.51181520013148]}}, {"id": "495", "type": "Feature", "properties": {"PONTOS": 496.0, "LONGITUDE": -63.0293675367, "LATITUDE": -7.5134253581, "F4": null}, "geometry": {"type": "Point", "coordinates": [-63.02936753672452, -7.513425358102268]}}, {"id": "496", "type": "Feature", "properties": {"PONTOS": 497.0, "LONGITUDE": -63.0293494195, "LATITUDE": -7.51358818298, "F4": null}, "geometry": {"type": "Point", "coordinates": [-63.02934941954521, -7.513588182979845]}}, {"id": "497", "type": "Feature", "properties": {"PONTOS": 498.0, "LONGITUDE": -63.0292769089, "LATITUDE": -7.5136153251, "F4": null}, "geometry": {"type": "Point", "coordinates": [-63.02927690890522, -7.513615325098499]}}, {"id": "498", "type": "Feature", "properties": {"PONTOS": 499.0, "LONGITUDE": -63.0292134859, "LATITUDE": -7.51399525121, "F4": null}, "geometry": {"type": "Point", "coordinates": [-63.02921348588336, -7.513995251206154]}}, {"id": "499", "type": "Feature", "properties": {"PONTOS": 500.0, "LONGITUDE": -63.0292678739, "LATITUDE": -7.51404952214, "F4": null}, "geometry": {"type": "Point", "coordinates": [-63.029267873909646, -7.514049522137896]}}, {"id": "500", "type": "Feature", "properties": {"PONTOS": 501.0, "LONGITUDE": -63.0292588849, "LATITUDE": -7.51517119683, "F4": null}, "geometry": {"type": "Point", "coordinates": [-63.02925888490455, -7.515171196826486]}}, {"id": "501", "type": "Feature", "properties": {"PONTOS": 502.0, "LONGITUDE": -63.0292226642, "LATITUDE": -7.51570489899, "F4": null}, "geometry": {"type": "Point", "coordinates": [-63.02922266421933, -7.515704898987735]}}, {"id": "502", "type": "Feature", "properties": {"PONTOS": 503.0, "LONGITUDE": -63.0291864042, "LATITUDE": -7.51565062685, "F4": null}, "geometry": {"type": "Point", "coordinates": [-63.02918640419182, -7.515650626850174]}}, {"id": "503", "type": "Feature", "properties": {"PONTOS": 504.0, "LONGITUDE": -63.0296214951, "LATITUDE": -7.51585865014, "F4": null}, "geometry": {"type": "Point", "coordinates": [-63.02962149508261, -7.515858650144594]}}, {"id": "504", "type": "Feature", "properties": {"PONTOS": 505.0, "LONGITUDE": -63.0295398968, "LATITUDE": -7.5155420541, "F4": null}, "geometry": {"type": "Point", "coordinates": [-63.02953989675177, -7.5155420541027524]}}, {"id": "505", "type": "Feature", "properties": {"PONTOS": 506.0, "LONGITUDE": -63.0297303068, "LATITUDE": -7.5164828001, "F4": null}, "geometry": {"type": "Point", "coordinates": [-63.029730306782426, -7.516482800097208]}}, {"id": "506", "type": "Feature", "properties": {"PONTOS": 507.0, "LONGITUDE": -63.0297121884, "LATITUDE": -7.51662753345, "F4": null}, "geometry": {"type": "Point", "coordinates": [-63.02971218838633, -7.5166275334514125]}}, {"id": "507", "type": "Feature", "properties": {"PONTOS": 508.0, "LONGITUDE": -63.0298209591, "LATITUDE": -7.51664561759, "F4": null}, "geometry": {"type": "Point", "coordinates": [-63.029820959061624, -7.516645617590029]}}, {"id": "508", "type": "Feature", "properties": {"PONTOS": 509.0, "LONGITUDE": -63.0300022514, "LATITUDE": -7.51679033736, "F4": null}, "geometry": {"type": "Point", "coordinates": [-63.03000225140488, -7.516790337359964]}}, {"id": "509", "type": "Feature", "properties": {"PONTOS": 510.0, "LONGITUDE": -63.0303285567, "LATITUDE": -7.51674508614, "F4": null}, "geometry": {"type": "Point", "coordinates": [-63.03032855671006, -7.516745086142691]}}, {"id": "510", "type": "Feature", "properties": {"PONTOS": 511.0, "LONGITUDE": -63.0304373621, "LATITUDE": -7.5172606868, "F4": null}, "geometry": {"type": "Point", "coordinates": [-63.03043736208525, -7.5172606867995455]}}, {"id": "511", "type": "Feature", "properties": {"PONTOS": 512.0, "LONGITUDE": -63.0386771657, "LATITUDE": -7.52298600129, "F4": null}, "geometry": {"type": "Point", "coordinates": [-63.03867716567083, -7.522986001285801]}}, {"id": "512", "type": "Feature", "properties": {"PONTOS": 513.0, "LONGITUDE": -63.0455936925, "LATITUDE": -7.5278067229, "F4": null}, "geometry": {"type": "Point", "coordinates": [-63.04559369249171, -7.527806722904131]}}, {"id": "513", "type": "Feature", "properties": {"PONTOS": 514.0, "LONGITUDE": -63.0521296238, "LATITUDE": -7.53228364041, "F4": null}, "geometry": {"type": "Point", "coordinates": [-63.052129623798464, -7.532283640411265]}}, {"id": "514", "type": "Feature", "properties": {"PONTOS": 515.0, "LONGITUDE": -63.066244452, "LATITUDE": -7.54210541184, "F4": null}, "geometry": {"type": "Point", "coordinates": [-63.06624445197832, -7.542105411844375]}}, {"id": "515", "type": "Feature", "properties": {"PONTOS": 516.0, "LONGITUDE": -63.0732613065, "LATITUDE": -7.54697994703, "F4": null}, "geometry": {"type": "Point", "coordinates": [-63.07326130651876, -7.5469799470292855]}}, {"id": "516", "type": "Feature", "properties": {"PONTOS": 517.0, "LONGITUDE": -63.0928622461, "LATITUDE": -7.56087046741, "F4": null}, "geometry": {"type": "Point", "coordinates": [-63.09286224607803, -7.560870467413167]}}, {"id": "517", "type": "Feature", "properties": {"PONTOS": 518.0, "LONGITUDE": -63.1157010159, "LATITUDE": -7.57575426445, "F4": null}, "geometry": {"type": "Point", "coordinates": [-63.11570101587489, -7.575754264454417]}}, {"id": "518", "type": "Feature", "properties": {"PONTOS": 519.0, "LONGITUDE": -63.1178586906, "LATITUDE": -7.57621501744, "F4": null}, "geometry": {"type": "Point", "coordinates": [-63.117858690611, -7.576215017437562]}}, {"id": "519", "type": "Feature", "properties": {"PONTOS": 520.0, "LONGITUDE": -63.1259547683, "LATITUDE": -7.57871841365, "F4": null}, "geometry": {"type": "Point", "coordinates": [-63.12595476834014, -7.57871841364647]}}, {"id": "520", "type": "Feature", "properties": {"PONTOS": 521.0, "LONGITUDE": -63.1331986829, "LATITUDE": -7.58088722791, "F4": null}, "geometry": {"type": "Point", "coordinates": [-63.13319868291694, -7.580887227910807]}}, {"id": "521", "type": "Feature", "properties": {"PONTOS": 522.0, "LONGITUDE": -63.1432805364, "LATITUDE": -7.58418570792, "F4": null}, "geometry": {"type": "Point", "coordinates": [-63.143280536398834, -7.584185707919687]}}, {"id": "522", "type": "Feature", "properties": {"PONTOS": 523.0, "LONGITUDE": -63.1432714739, "LATITUDE": -7.58419475661, "F4": null}, "geometry": {"type": "Point", "coordinates": [-63.143271473890536, -7.584194756607872]}}, {"id": "523", "type": "Feature", "properties": {"PONTOS": 524.0, "LONGITUDE": -63.1489018393, "LATITUDE": -7.58620101168, "F4": null}, "geometry": {"type": "Point", "coordinates": [-63.148901839309474, -7.5862010116769625]}}, {"id": "524", "type": "Feature", "properties": {"PONTOS": 525.0, "LONGITUDE": -63.1619304949, "LATITUDE": -7.59014932477, "F4": null}, "geometry": {"type": "Point", "coordinates": [-63.161930494887315, -7.590149324773108]}}, {"id": "525", "type": "Feature", "properties": {"PONTOS": 526.0, "LONGITUDE": -63.1647684599, "LATITUDE": -7.59126992424, "F4": null}, "geometry": {"type": "Point", "coordinates": [-63.16476845988046, -7.591269924237963]}}, {"id": "526", "type": "Feature", "properties": {"PONTOS": 527.0, "LONGITUDE": -63.1723665272, "LATITUDE": -7.59393545559, "F4": null}, "geometry": {"type": "Point", "coordinates": [-63.17236652716781, -7.593935455591634]}}, {"id": "527", "type": "Feature", "properties": {"PONTOS": 528.0, "LONGITUDE": -63.1833356542, "LATITUDE": -7.59308971741, "F4": null}, "geometry": {"type": "Point", "coordinates": [-63.18333565422313, -7.5930897174085885]}}, {"id": "528", "type": "Feature", "properties": {"PONTOS": 529.0, "LONGITUDE": -63.1854932444, "LATITUDE": -7.59299834499, "F4": null}, "geometry": {"type": "Point", "coordinates": [-63.18549324440403, -7.592998344988928]}}, {"id": "529", "type": "Feature", "properties": {"PONTOS": 530.0, "LONGITUDE": -63.3076604956, "LATITUDE": -7.85852431541, "F4": null}, "geometry": {"type": "Point", "coordinates": [-63.307660495569735, -7.858524315410023]}}, {"id": "530", "type": "Feature", "properties": {"PONTOS": 531.0, "LONGITUDE": -63.2141583074, "LATITUDE": -7.59188159284, "F4": null}, "geometry": {"type": "Point", "coordinates": [-63.214158307356115, -7.591881592839229]}}, {"id": "531", "type": "Feature", "properties": {"PONTOS": 532.0, "LONGITUDE": -63.2371438864, "LATITUDE": -7.58305014608, "F4": null}, "geometry": {"type": "Point", "coordinates": [-63.23714388638558, -7.583050146084645]}}, {"id": "532", "type": "Feature", "properties": {"PONTOS": 533.0, "LONGITUDE": -63.2383583947, "LATITUDE": -7.58257910839, "F4": null}, "geometry": {"type": "Point", "coordinates": [-63.23835839473679, -7.582579108386369]}}, {"id": "533", "type": "Feature", "properties": {"PONTOS": 534.0, "LONGITUDE": -63.2427808626, "LATITUDE": -7.57998056092, "F4": null}, "geometry": {"type": "Point", "coordinates": [-63.24278086257817, -7.579980560920376]}}, {"id": "534", "type": "Feature", "properties": {"PONTOS": 535.0, "LONGITUDE": -63.2451369297, "LATITUDE": -7.57834197732, "F4": null}, "geometry": {"type": "Point", "coordinates": [-63.245136929721355, -7.5783419773227365]}}, {"id": "535", "type": "Feature", "properties": {"PONTOS": 536.0, "LONGITUDE": -63.2479735787, "LATITUDE": -7.57694734063, "F4": null}, "geometry": {"type": "Point", "coordinates": [-63.247973578727226, -7.576947340625452]}}, {"id": "536", "type": "Feature", "properties": {"PONTOS": 537.0, "LONGITUDE": -63.2645932174, "LATITUDE": -7.56694212458, "F4": null}, "geometry": {"type": "Point", "coordinates": [-63.26459321738196, -7.566942124576713]}}, {"id": "537", "type": "Feature", "properties": {"PONTOS": 538.0, "LONGITUDE": -63.2689065939, "LATITUDE": -7.5643614778, "F4": null}, "geometry": {"type": "Point", "coordinates": [-63.26890659393058, -7.564361477800048]}}, {"id": "538", "type": "Feature", "properties": {"PONTOS": 539.0, "LONGITUDE": -63.271108421, "LATITUDE": -7.56280426449, "F4": null}, "geometry": {"type": "Point", "coordinates": [-63.271108421006716, -7.562804264487113]}}, {"id": "539", "type": "Feature", "properties": {"PONTOS": 540.0, "LONGITUDE": -63.2794632984, "LATITUDE": -7.55808621589, "F4": null}, "geometry": {"type": "Point", "coordinates": [-63.27946329844292, -7.558086215893866]}}, {"id": "540", "type": "Feature", "properties": {"PONTOS": 541.0, "LONGITUDE": -63.2842839063, "LATITUDE": -7.55517040888, "F4": null}, "geometry": {"type": "Point", "coordinates": [-63.28428390632354, -7.555170408877416]}}, {"id": "541", "type": "Feature", "properties": {"PONTOS": 542.0, "LONGITUDE": -63.2905451809, "LATITUDE": -7.55141235111, "F4": null}, "geometry": {"type": "Point", "coordinates": [-63.29054518094739, -7.551412351106819]}}, {"id": "542", "type": "Feature", "properties": {"PONTOS": 543.0, "LONGITUDE": -63.3022700443, "LATITUDE": -7.5443669013, "F4": null}, "geometry": {"type": "Point", "coordinates": [-63.30227004427172, -7.544366901297053]}}, {"id": "543", "type": "Feature", "properties": {"PONTOS": 544.0, "LONGITUDE": -63.3205642163, "LATITUDE": -7.53459365804, "F4": null}, "geometry": {"type": "Point", "coordinates": [-63.320564216260664, -7.534593658041331]}}, {"id": "544", "type": "Feature", "properties": {"PONTOS": 545.0, "LONGITUDE": -63.3248685963, "LATITUDE": -7.53299845808, "F4": null}, "geometry": {"type": "Point", "coordinates": [-63.3248685963282, -7.532998458077259]}}, {"id": "545", "type": "Feature", "properties": {"PONTOS": 546.0, "LONGITUDE": -63.4017696584, "LATITUDE": -7.50307532622, "F4": null}, "geometry": {"type": "Point", "coordinates": [-63.40176965838975, -7.503075326222415]}}, {"id": "546", "type": "Feature", "properties": {"PONTOS": 547.0, "LONGITUDE": -63.4168858702, "LATITUDE": -7.50108028102, "F4": null}, "geometry": {"type": "Point", "coordinates": [-63.416885870158126, -7.501080281022098]}}, {"id": "547", "type": "Feature", "properties": {"PONTOS": 548.0, "LONGITUDE": -63.4190699969, "LATITUDE": -7.50087920343, "F4": null}, "geometry": {"type": "Point", "coordinates": [-63.41906999688143, -7.500879203433556]}}, {"id": "548", "type": "Feature", "properties": {"PONTOS": 549.0, "LONGITUDE": -63.4240271623, "LATITUDE": -7.50025935604, "F4": null}, "geometry": {"type": "Point", "coordinates": [-63.42402716230151, -7.5002593560375885]}}, {"id": "549", "type": "Feature", "properties": {"PONTOS": 550.0, "LONGITUDE": -63.4319388193, "LATITUDE": -7.49943756071, "F4": null}, "geometry": {"type": "Point", "coordinates": [-63.43193881929869, -7.499437560709623]}}, {"id": "550", "type": "Feature", "properties": {"PONTOS": 551.0, "LONGITUDE": -63.4366875179, "LATITUDE": -7.49885395918, "F4": null}, "geometry": {"type": "Point", "coordinates": [-63.43668751793251, -7.498853959179826]}}, {"id": "551", "type": "Feature", "properties": {"PONTOS": 552.0, "LONGITUDE": -63.4453246034, "LATITUDE": -7.49843825267, "F4": null}, "geometry": {"type": "Point", "coordinates": [-63.44532460340503, -7.49843825266646]}}, {"id": "552", "type": "Feature", "properties": {"PONTOS": 553.0, "LONGITUDE": -63.4494394079, "LATITUDE": -7.49842502252, "F4": null}, "geometry": {"type": "Point", "coordinates": [-63.449439407897614, -7.498425022517836]}}, {"id": "553", "type": "Feature", "properties": {"PONTOS": 554.0, "LONGITUDE": -63.4577232482, "LATITUDE": -7.49826270808, "F4": null}, "geometry": {"type": "Point", "coordinates": [-63.45772324821496, -7.498262708075231]}}, {"id": "554", "type": "Feature", "properties": {"PONTOS": 555.0, "LONGITUDE": -63.4764023048, "LATITUDE": -7.49760969433, "F4": null}, "geometry": {"type": "Point", "coordinates": [-63.47640230476446, -7.49760969433305]}}, {"id": "555", "type": "Feature", "properties": {"PONTOS": 556.0, "LONGITUDE": -63.4850662503, "LATITUDE": -7.49699418218, "F4": null}, "geometry": {"type": "Point", "coordinates": [-63.48506625032962, -7.49699418218222]}}, {"id": "556", "type": "Feature", "properties": {"PONTOS": 557.0, "LONGITUDE": -63.497626389, "LATITUDE": -7.49547861386, "F4": null}, "geometry": {"type": "Point", "coordinates": [-63.49762638901126, -7.495478613859632]}}, {"id": "557", "type": "Feature", "properties": {"PONTOS": 558.0, "LONGITUDE": -63.5021212235, "LATITUDE": -7.49496696425, "F4": null}, "geometry": {"type": "Point", "coordinates": [-63.50212122351837, -7.494966964248306]}}, {"id": "558", "type": "Feature", "properties": {"PONTOS": 559.0, "LONGITUDE": -63.5100506365, "LATITUDE": -7.49410757673, "F4": null}, "geometry": {"type": "Point", "coordinates": [-63.510050636520475, -7.494107576733825]}}, {"id": "559", "type": "Feature", "properties": {"PONTOS": 560.0, "LONGITUDE": -63.5219767888, "LATITUDE": -7.49314382796, "F4": null}, "geometry": {"type": "Point", "coordinates": [-63.521976788779114, -7.493143827958477]}}, {"id": "560", "type": "Feature", "properties": {"PONTOS": 561.0, "LONGITUDE": -63.5229920245, "LATITUDE": -7.49326925862, "F4": null}, "geometry": {"type": "Point", "coordinates": [-63.52299202447375, -7.493269258621581]}}, {"id": "561", "type": "Feature", "properties": {"PONTOS": 562.0, "LONGITUDE": -63.5313579317, "LATITUDE": -7.49369341868, "F4": null}, "geometry": {"type": "Point", "coordinates": [-63.53135793174175, -7.493693418680834]}}, {"id": "562", "type": "Feature", "properties": {"PONTOS": 563.0, "LONGITUDE": -63.5529274567, "LATITUDE": -7.49288895212, "F4": null}, "geometry": {"type": "Point", "coordinates": [-63.55292745668896, -7.4928889521207225]}}, {"id": "563", "type": "Feature", "properties": {"PONTOS": 564.0, "LONGITUDE": -63.5611109232, "LATITUDE": -7.49240823955, "F4": null}, "geometry": {"type": "Point", "coordinates": [-63.56111092319696, -7.492408239553697]}}, {"id": "564", "type": "Feature", "properties": {"PONTOS": 565.0, "LONGITUDE": -63.584231705, "LATITUDE": -7.49286661154, "F4": null}, "geometry": {"type": "Point", "coordinates": [-63.584231705024024, -7.492866611538432]}}, {"id": "565", "type": "Feature", "properties": {"PONTOS": 566.0, "LONGITUDE": -63.5891631166, "LATITUDE": -7.49364698079, "F4": null}, "geometry": {"type": "Point", "coordinates": [-63.58916311659323, -7.493646980792619]}}, {"id": "566", "type": "Feature", "properties": {"PONTOS": 567.0, "LONGITUDE": -63.6045832777, "LATITUDE": -7.49633965504, "F4": null}, "geometry": {"type": "Point", "coordinates": [-63.604583277703284, -7.4963396550379]}}, {"id": "567", "type": "Feature", "properties": {"PONTOS": 568.0, "LONGITUDE": -63.6302927154, "LATITUDE": -7.50067242822, "F4": null}, "geometry": {"type": "Point", "coordinates": [-63.63029271537306, -7.500672428222401]}}, {"id": "568", "type": "Feature", "properties": {"PONTOS": 569.0, "LONGITUDE": -63.6441784428, "LATITUDE": -7.5012402465, "F4": null}, "geometry": {"type": "Point", "coordinates": [-63.64417844284873, -7.501240246495058]}}, {"id": "569", "type": "Feature", "properties": {"PONTOS": 570.0, "LONGITUDE": -63.6468789629, "LATITUDE": -7.50101919731, "F4": null}, "geometry": {"type": "Point", "coordinates": [-63.646878962851474, -7.501019197311564]}}, {"id": "570", "type": "Feature", "properties": {"PONTOS": 571.0, "LONGITUDE": -63.652662653, "LATITUDE": -7.50192421617, "F4": null}, "geometry": {"type": "Point", "coordinates": [-63.652662652995616, -7.501924216169641]}}, {"id": "571", "type": "Feature", "properties": {"PONTOS": 572.0, "LONGITUDE": -63.6595776571, "LATITUDE": -7.50176012961, "F4": null}, "geometry": {"type": "Point", "coordinates": [-63.659577657100044, -7.501760129609863]}}, {"id": "572", "type": "Feature", "properties": {"PONTOS": 573.0, "LONGITUDE": -63.695647227, "LATITUDE": -7.49482121029, "F4": null}, "geometry": {"type": "Point", "coordinates": [-63.69564722702319, -7.494821210287512]}}, {"id": "573", "type": "Feature", "properties": {"PONTOS": 574.0, "LONGITUDE": -63.6995069077, "LATITUDE": -7.49409148365, "F4": null}, "geometry": {"type": "Point", "coordinates": [-63.699506907703665, -7.494091483645093]}}, {"id": "574", "type": "Feature", "properties": {"PONTOS": 575.0, "LONGITUDE": -63.7024152812, "LATITUDE": -7.49356223569, "F4": null}, "geometry": {"type": "Point", "coordinates": [-63.70241528121272, -7.493562235689069]}}, {"id": "575", "type": "Feature", "properties": {"PONTOS": 576.0, "LONGITUDE": -63.7051243631, "LATITUDE": -7.49309660413, "F4": null}, "geometry": {"type": "Point", "coordinates": [-63.70512436306791, -7.4930966041264355]}}, {"id": "576", "type": "Feature", "properties": {"PONTOS": 577.0, "LONGITUDE": -63.713568634, "LATITUDE": -7.49161769303, "F4": null}, "geometry": {"type": "Point", "coordinates": [-63.71356863398307, -7.491617693027763]}}, {"id": "577", "type": "Feature", "properties": {"PONTOS": 578.0, "LONGITUDE": -63.751168049, "LATITUDE": -7.48487088543, "F4": null}, "geometry": {"type": "Point", "coordinates": [-63.75116804903149, -7.484870885434532]}}, {"id": "578", "type": "Feature", "properties": {"PONTOS": 579.0, "LONGITUDE": -63.7545653712, "LATITUDE": -7.48417766063, "F4": null}, "geometry": {"type": "Point", "coordinates": [-63.75456537115451, -7.484177660626699]}}, {"id": "579", "type": "Feature", "properties": {"PONTOS": 580.0, "LONGITUDE": -63.7606271886, "LATITUDE": -7.48353409049, "F4": null}, "geometry": {"type": "Point", "coordinates": [-63.76062718860118, -7.483534090485932]}}, {"id": "580", "type": "Feature", "properties": {"PONTOS": 581.0, "LONGITUDE": -63.7643339927, "LATITUDE": -7.48363621778, "F4": null}, "geometry": {"type": "Point", "coordinates": [-63.76433399273708, -7.483636217779406]}}, {"id": "581", "type": "Feature", "properties": {"PONTOS": 582.0, "LONGITUDE": -63.7697727708, "LATITUDE": -7.48431417078, "F4": null}, "geometry": {"type": "Point", "coordinates": [-63.76977277075906, -7.484314170775804]}}, {"id": "582", "type": "Feature", "properties": {"PONTOS": 583.0, "LONGITUDE": -63.824368776, "LATITUDE": -7.48586159252, "F4": null}, "geometry": {"type": "Point", "coordinates": [-63.824368775964274, -7.485861592520166]}}, {"id": "583", "type": "Feature", "properties": {"PONTOS": 584.0, "LONGITUDE": -63.830258362, "LATITUDE": -7.48528975344, "F4": null}, "geometry": {"type": "Point", "coordinates": [-63.83025836200278, -7.485289753436518]}}, {"id": "584", "type": "Feature", "properties": {"PONTOS": 585.0, "LONGITUDE": -63.8378423503, "LATITUDE": -7.48457894655, "F4": null}, "geometry": {"type": "Point", "coordinates": [-63.837842350331925, -7.484578946547799]}}, {"id": "585", "type": "Feature", "properties": {"PONTOS": 586.0, "LONGITUDE": -63.8641515921, "LATITUDE": -7.48040372541, "F4": null}, "geometry": {"type": "Point", "coordinates": [-63.86415159211833, -7.480403725411577]}}, {"id": "586", "type": "Feature", "properties": {"PONTOS": 587.0, "LONGITUDE": -63.8787211193, "LATITUDE": -7.47903630905, "F4": null}, "geometry": {"type": "Point", "coordinates": [-63.87872111931512, -7.479036309048524]}}, {"id": "587", "type": "Feature", "properties": {"PONTOS": 588.0, "LONGITUDE": -63.8840940409, "LATITUDE": -7.4785281105, "F4": null}, "geometry": {"type": "Point", "coordinates": [-63.88409404093312, -7.478528110501884]}}, {"id": "588", "type": "Feature", "properties": {"PONTOS": 589.0, "LONGITUDE": -63.9450340959, "LATITUDE": -7.47699078574, "F4": null}, "geometry": {"type": "Point", "coordinates": [-63.94503409590055, -7.476990785738792]}}, {"id": "589", "type": "Feature", "properties": {"PONTOS": 590.0, "LONGITUDE": -63.9849515463, "LATITUDE": -7.47659594952, "F4": null}, "geometry": {"type": "Point", "coordinates": [-63.984951546277784, -7.476595949521027]}}, {"id": "590", "type": "Feature", "properties": {"PONTOS": 591.0, "LONGITUDE": -64.0216880854, "LATITUDE": -7.47634959703, "F4": null}, "geometry": {"type": "Point", "coordinates": [-64.02168808542297, -7.476349597031231]}}, {"id": "591", "type": "Feature", "properties": {"PONTOS": 592.0, "LONGITUDE": -64.0494712978, "LATITUDE": -7.47617584502, "F4": null}, "geometry": {"type": "Point", "coordinates": [-64.0494712977864, -7.47617584501711]}}, {"id": "592", "type": "Feature", "properties": {"PONTOS": 593.0, "LONGITUDE": -64.053069029, "LATITUDE": -7.4762577145, "F4": null}, "geometry": {"type": "Point", "coordinates": [-64.05306902896268, -7.476257714498615]}}, {"id": "593", "type": "Feature", "properties": {"PONTOS": 594.0, "LONGITUDE": -64.0839682413, "LATITUDE": -7.47570352994, "F4": null}, "geometry": {"type": "Point", "coordinates": [-64.08396824134593, -7.475703529944724]}}, {"id": "594", "type": "Feature", "properties": {"PONTOS": 595.0, "LONGITUDE": -64.1172044268, "LATITUDE": -7.46780651044, "F4": null}, "geometry": {"type": "Point", "coordinates": [-64.11720442682599, -7.467806510440084]}}, {"id": "595", "type": "Feature", "properties": {"PONTOS": 596.0, "LONGITUDE": -64.1201215214, "LATITUDE": -7.4675368425, "F4": null}, "geometry": {"type": "Point", "coordinates": [-64.12012152136515, -7.467536842499214]}}, {"id": "596", "type": "Feature", "properties": {"PONTOS": 597.0, "LONGITUDE": -64.1294155342, "LATITUDE": -7.46990080706, "F4": null}, "geometry": {"type": "Point", "coordinates": [-64.12941553417915, -7.469900807064107]}}, {"id": "597", "type": "Feature", "properties": {"PONTOS": 598.0, "LONGITUDE": -64.1292980149, "LATITUDE": -7.4700096365, "F4": null}, "geometry": {"type": "Point", "coordinates": [-64.12929801486007, -7.470009636503903]}}, {"id": "598", "type": "Feature", "properties": {"PONTOS": 599.0, "LONGITUDE": -64.1333675531, "LATITUDE": -7.47037905882, "F4": null}, "geometry": {"type": "Point", "coordinates": [-64.13336755306545, -7.470379058815922]}}, {"id": "599", "type": "Feature", "properties": {"PONTOS": 600.0, "LONGITUDE": -64.1387041158, "LATITUDE": -7.4701392255, "F4": null}, "geometry": {"type": "Point", "coordinates": [-64.13870411582832, -7.470139225496212]}}, {"id": "600", "type": "Feature", "properties": {"PONTOS": 601.0, "LONGITUDE": -64.1543586823, "LATITUDE": -7.46879623652, "F4": null}, "geometry": {"type": "Point", "coordinates": [-64.15435868230452, -7.468796236522508]}}, {"id": "601", "type": "Feature", "properties": {"PONTOS": 602.0, "LONGITUDE": -64.1586160044, "LATITUDE": -7.46822435965, "F4": null}, "geometry": {"type": "Point", "coordinates": [-64.15861600441457, -7.4682243596509466]}}, {"id": "602", "type": "Feature", "properties": {"PONTOS": 603.0, "LONGITUDE": -64.1688529699, "LATITUDE": -7.46735629538, "F4": null}, "geometry": {"type": "Point", "coordinates": [-64.16885296994343, -7.467356295376192]}}, {"id": "603", "type": "Feature", "properties": {"PONTOS": 604.0, "LONGITUDE": -64.1737627392, "LATITUDE": -7.46681872597, "F4": null}, "geometry": {"type": "Point", "coordinates": [-64.17376273924043, -7.466818725968778]}}, {"id": "604", "type": "Feature", "properties": {"PONTOS": 605.0, "LONGITUDE": -64.1802032885, "LATITUDE": -7.46607805026, "F4": null}, "geometry": {"type": "Point", "coordinates": [-64.18020328851361, -7.466078050257181]}}, {"id": "605", "type": "Feature", "properties": {"PONTOS": 606.0, "LONGITUDE": -64.190946061, "LATITUDE": -7.46467454722, "F4": null}, "geometry": {"type": "Point", "coordinates": [-64.19094606096291, -7.464674547224547]}}, {"id": "606", "type": "Feature", "properties": {"PONTOS": 607.0, "LONGITUDE": -64.1950140641, "LATITUDE": -7.46450981684, "F4": null}, "geometry": {"type": "Point", "coordinates": [-64.19501406413775, -7.464509816841883]}}, {"id": "607", "type": "Feature", "properties": {"PONTOS": 608.0, "LONGITUDE": -64.2056845782, "LATITUDE": -7.46324182128, "F4": null}, "geometry": {"type": "Point", "coordinates": [-64.2056845781936, -7.46324182128393]}}, {"id": "608", "type": "Feature", "properties": {"PONTOS": 609.0, "LONGITUDE": -64.2129494958, "LATITUDE": -7.46249843441, "F4": null}, "geometry": {"type": "Point", "coordinates": [-64.2129494957619, -7.462498434412112]}}, {"id": "609", "type": "Feature", "properties": {"PONTOS": 610.0, "LONGITUDE": -64.217497393, "LATITUDE": -7.46223270219, "F4": null}, "geometry": {"type": "Point", "coordinates": [-64.2174973929865, -7.462232702193489]}}, {"id": "610", "type": "Feature", "properties": {"PONTOS": 611.0, "LONGITUDE": -64.2274523954, "LATITUDE": -7.46114704497, "F4": null}, "geometry": {"type": "Point", "coordinates": [-64.22745239536624, -7.461147044966424]}}, {"id": "611", "type": "Feature", "properties": {"PONTOS": 612.0, "LONGITUDE": -64.2766512062, "LATITUDE": -7.47928478438, "F4": null}, "geometry": {"type": "Point", "coordinates": [-64.27665120615075, -7.479284784380809]}}, {"id": "612", "type": "Feature", "properties": {"PONTOS": 613.0, "LONGITUDE": -64.2793730073, "LATITUDE": -7.48047064842, "F4": null}, "geometry": {"type": "Point", "coordinates": [-64.27937300730497, -7.480470648419953]}}, {"id": "613", "type": "Feature", "properties": {"PONTOS": 614.0, "LONGITUDE": -64.2863227016, "LATITUDE": -7.48348906154, "F4": null}, "geometry": {"type": "Point", "coordinates": [-64.28632270156345, -7.483489061535238]}}, {"id": "614", "type": "Feature", "properties": {"PONTOS": 615.0, "LONGITUDE": -64.2960169243, "LATITUDE": -7.4830627447, "F4": null}, "geometry": {"type": "Point", "coordinates": [-64.29601692433562, -7.483062744704796]}}, {"id": "615", "type": "Feature", "properties": {"PONTOS": 616.0, "LONGITUDE": -64.3002382385, "LATITUDE": -7.4826614404, "F4": null}, "geometry": {"type": "Point", "coordinates": [-64.30023823848637, -7.482661440401955]}}, {"id": "616", "type": "Feature", "properties": {"PONTOS": 617.0, "LONGITUDE": -64.3056095914, "LATITUDE": -7.48202156121, "F4": null}, "geometry": {"type": "Point", "coordinates": [-64.30560959141178, -7.482021561212036]}}, {"id": "617", "type": "Feature", "properties": {"PONTOS": 618.0, "LONGITUDE": -64.3079279228, "LATITUDE": -7.48158060115, "F4": null}, "geometry": {"type": "Point", "coordinates": [-64.30792792278572, -7.4815806011547465]}}, {"id": "618", "type": "Feature", "properties": {"PONTOS": 619.0, "LONGITUDE": -64.3179459429, "LATITUDE": -7.48040224543, "F4": null}, "geometry": {"type": "Point", "coordinates": [-64.31794594294502, -7.48040224543189]}}, {"id": "619", "type": "Feature", "properties": {"PONTOS": 620.0, "LONGITUDE": -64.3229730536, "LATITUDE": -7.47981745296, "F4": null}, "geometry": {"type": "Point", "coordinates": [-64.3229730536047, -7.479817452964767]}}, {"id": "620", "type": "Feature", "properties": {"PONTOS": 621.0, "LONGITUDE": -64.3345396274, "LATITUDE": -7.47839895708, "F4": null}, "geometry": {"type": "Point", "coordinates": [-64.33453962739634, -7.478398957080515]}}, {"id": "621", "type": "Feature", "properties": {"PONTOS": 622.0, "LONGITUDE": -64.3447657137, "LATITUDE": -7.47719225651, "F4": null}, "geometry": {"type": "Point", "coordinates": [-64.34476571365803, -7.477192256514741]}}, {"id": "622", "type": "Feature", "properties": {"PONTOS": 623.0, "LONGITUDE": -64.3938925609, "LATITUDE": -7.47124306302, "F4": null}, "geometry": {"type": "Point", "coordinates": [-64.39389256089191, -7.471243063016004]}}, {"id": "623", "type": "Feature", "properties": {"PONTOS": 624.0, "LONGITUDE": -64.4009119186, "LATITUDE": -7.47043408693, "F4": null}, "geometry": {"type": "Point", "coordinates": [-64.40091191860637, -7.470434086934347]}}, {"id": "624", "type": "Feature", "properties": {"PONTOS": 625.0, "LONGITUDE": -64.4172691569, "LATITUDE": -7.46856421431, "F4": null}, "geometry": {"type": "Point", "coordinates": [-64.41726915691538, -7.468564214307037]}}, {"id": "625", "type": "Feature", "properties": {"PONTOS": 626.0, "LONGITUDE": -64.4299211805, "LATITUDE": -7.46691376223, "F4": null}, "geometry": {"type": "Point", "coordinates": [-64.42992118045692, -7.466913762233503]}}, {"id": "626", "type": "Feature", "properties": {"PONTOS": 627.0, "LONGITUDE": -64.457680499, "LATITUDE": -7.46374841599, "F4": null}, "geometry": {"type": "Point", "coordinates": [-64.45768049904194, -7.4637484159915175]}}, {"id": "627", "type": "Feature", "properties": {"PONTOS": 628.0, "LONGITUDE": -64.4596910854, "LATITUDE": -7.46351570489, "F4": null}, "geometry": {"type": "Point", "coordinates": [-64.45969108542783, -7.46351570488531]}}, {"id": "628", "type": "Feature", "properties": {"PONTOS": 629.0, "LONGITUDE": -64.4629597824, "LATITUDE": -7.4629080618, "F4": null}, "geometry": {"type": "Point", "coordinates": [-64.4629597824188, -7.4629080618029775]}}, {"id": "629", "type": "Feature", "properties": {"PONTOS": 630.0, "LONGITUDE": -64.4655597107, "LATITUDE": -7.46280901722, "F4": null}, "geometry": {"type": "Point", "coordinates": [-64.4655597107216, -7.462809017220138]}}, {"id": "630", "type": "Feature", "properties": {"PONTOS": 631.0, "LONGITUDE": -64.4777097477, "LATITUDE": -7.4629403668, "F4": null}, "geometry": {"type": "Point", "coordinates": [-64.47770974773016, -7.462940366799273]}}, {"id": "631", "type": "Feature", "properties": {"PONTOS": 632.0, "LONGITUDE": -64.4844385849, "LATITUDE": -7.46479872091, "F4": null}, "geometry": {"type": "Point", "coordinates": [-64.48443858494949, -7.464798720908675]}}, {"id": "632", "type": "Feature", "properties": {"PONTOS": 633.0, "LONGITUDE": -64.4872951691, "LATITUDE": -7.46558488052, "F4": null}, "geometry": {"type": "Point", "coordinates": [-64.48729516909737, -7.465584880516246]}}, {"id": "633", "type": "Feature", "properties": {"PONTOS": 634.0, "LONGITUDE": -64.4907771449, "LATITUDE": -7.46644125157, "F4": null}, "geometry": {"type": "Point", "coordinates": [-64.490777144942, -7.466441251570245]}}, {"id": "634", "type": "Feature", "properties": {"PONTOS": 635.0, "LONGITUDE": -64.4925998294, "LATITUDE": -7.46691436366, "F4": null}, "geometry": {"type": "Point", "coordinates": [-64.492599829406, -7.466914363660976]}}, {"id": "635", "type": "Feature", "properties": {"PONTOS": 636.0, "LONGITUDE": -64.510424219, "LATITUDE": -7.46785750498, "F4": null}, "geometry": {"type": "Point", "coordinates": [-64.51042421900524, -7.467857504979861]}}, {"id": "636", "type": "Feature", "properties": {"PONTOS": 637.0, "LONGITUDE": -64.5166157563, "LATITUDE": -7.4662538114, "F4": null}, "geometry": {"type": "Point", "coordinates": [-64.51661575628356, -7.466253811404329]}}, {"id": "637", "type": "Feature", "properties": {"PONTOS": 638.0, "LONGITUDE": -64.5480895827, "LATITUDE": -7.46099939312, "F4": null}, "geometry": {"type": "Point", "coordinates": [-64.5480895827348, -7.460999393117731]}}, {"id": "638", "type": "Feature", "properties": {"PONTOS": 639.0, "LONGITUDE": -64.5481175565, "LATITUDE": -7.46122535938, "F4": null}, "geometry": {"type": "Point", "coordinates": [-64.54811755652685, -7.461225359380421]}}, {"id": "639", "type": "Feature", "properties": {"PONTOS": 640.0, "LONGITUDE": -64.5686717317, "LATITUDE": -7.46057416399, "F4": null}, "geometry": {"type": "Point", "coordinates": [-64.56867173174135, -7.460574163991339]}}, {"id": "640", "type": "Feature", "properties": {"PONTOS": 641.0, "LONGITUDE": -64.5734190246, "LATITUDE": -7.4605844173, "F4": null}, "geometry": {"type": "Point", "coordinates": [-64.57341902462849, -7.460584417299856]}}, {"id": "641", "type": "Feature", "properties": {"PONTOS": 642.0, "LONGITUDE": -64.5825912078, "LATITUDE": -7.46165484647, "F4": null}, "geometry": {"type": "Point", "coordinates": [-64.58259120782179, -7.461654846470765]}}, {"id": "642", "type": "Feature", "properties": {"PONTOS": 643.0, "LONGITUDE": -64.5941650103, "LATITUDE": -7.46295151946, "F4": null}, "geometry": {"type": "Point", "coordinates": [-64.59416501027493, -7.462951519460432]}}, {"id": "643", "type": "Feature", "properties": {"PONTOS": 644.0, "LONGITUDE": -64.6068634113, "LATITUDE": -7.46457835143, "F4": null}, "geometry": {"type": "Point", "coordinates": [-64.60686341127871, -7.464578351431896]}}, {"id": "644", "type": "Feature", "properties": {"PONTOS": 645.0, "LONGITUDE": -64.6133699153, "LATITUDE": -7.46505196247, "F4": null}, "geometry": {"type": "Point", "coordinates": [-64.61336991530919, -7.465051962470454]}}, {"id": "645", "type": "Feature", "properties": {"PONTOS": 646.0, "LONGITUDE": -64.6281572303, "LATITUDE": -7.45828837162, "F4": null}, "geometry": {"type": "Point", "coordinates": [-64.62815723031514, -7.458288371622871]}}, {"id": "646", "type": "Feature", "properties": {"PONTOS": 647.0, "LONGITUDE": -64.630517438, "LATITUDE": -7.45713131154, "F4": null}, "geometry": {"type": "Point", "coordinates": [-64.63051743804675, -7.457131311541616]}}, {"id": "647", "type": "Feature", "properties": {"PONTOS": 648.0, "LONGITUDE": -64.6509868315, "LATITUDE": -7.45349275872, "F4": null}, "geometry": {"type": "Point", "coordinates": [-64.65098683145271, -7.453492758721609]}}, {"id": "648", "type": "Feature", "properties": {"PONTOS": 649.0, "LONGITUDE": -64.6623493469, "LATITUDE": -7.45411932228, "F4": null}, "geometry": {"type": "Point", "coordinates": [-64.66234934692125, -7.454119322276426]}}, {"id": "649", "type": "Feature", "properties": {"PONTOS": 650.0, "LONGITUDE": -64.6685447172, "LATITUDE": -7.45144667504, "F4": null}, "geometry": {"type": "Point", "coordinates": [-64.66854471721172, -7.451446675044622]}}, {"id": "650", "type": "Feature", "properties": {"PONTOS": 651.0, "LONGITUDE": -64.673207957, "LATITUDE": -7.44849040587, "F4": null}, "geometry": {"type": "Point", "coordinates": [-64.67320795695213, -7.448490405870018]}}, {"id": "651", "type": "Feature", "properties": {"PONTOS": 652.0, "LONGITUDE": -64.6790741164, "LATITUDE": -7.44505031504, "F4": null}, "geometry": {"type": "Point", "coordinates": [-64.67907411636713, -7.445050315039509]}}, {"id": "652", "type": "Feature", "properties": {"PONTOS": 653.0, "LONGITUDE": -64.7003335765, "LATITUDE": -7.43288016295, "F4": null}, "geometry": {"type": "Point", "coordinates": [-64.7003335765292, -7.432880162949573]}}, {"id": "653", "type": "Feature", "properties": {"PONTOS": 654.0, "LONGITUDE": -64.7061623674, "LATITUDE": -7.42926815072, "F4": null}, "geometry": {"type": "Point", "coordinates": [-64.70616236740062, -7.429268150719565]}}, {"id": "654", "type": "Feature", "properties": {"PONTOS": 655.0, "LONGITUDE": -64.7140710334, "LATITUDE": -7.42477099788, "F4": null}, "geometry": {"type": "Point", "coordinates": [-64.71407103339311, -7.4247709978830585]}}, {"id": "655", "type": "Feature", "properties": {"PONTOS": 656.0, "LONGITUDE": -64.7212921267, "LATITUDE": -7.42053861649, "F4": null}, "geometry": {"type": "Point", "coordinates": [-64.72129212672928, -7.4205386164871925]}}, {"id": "656", "type": "Feature", "properties": {"PONTOS": 657.0, "LONGITUDE": -64.7337353286, "LATITUDE": -7.4129132319, "F4": null}, "geometry": {"type": "Point", "coordinates": [-64.73373532858642, -7.412913231899552]}}, {"id": "657", "type": "Feature", "properties": {"PONTOS": 658.0, "LONGITUDE": -64.7316854588, "LATITUDE": -7.41452161331, "F4": null}, "geometry": {"type": "Point", "coordinates": [-64.73168545877883, -7.414521613309887]}}, {"id": "658", "type": "Feature", "properties": {"PONTOS": 659.0, "LONGITUDE": -64.7359777582, "LATITUDE": -7.40265112557, "F4": null}, "geometry": {"type": "Point", "coordinates": [-64.73597775817262, -7.402651125571424]}}, {"id": "659", "type": "Feature", "properties": {"PONTOS": 660.0, "LONGITUDE": -64.7359777582, "LATITUDE": -7.40265112557, "F4": null}, "geometry": {"type": "Point", "coordinates": [-64.73597775817262, -7.402651125571424]}}, {"id": "660", "type": "Feature", "properties": {"PONTOS": 661.0, "LONGITUDE": -64.7359777582, "LATITUDE": -7.40265112557, "F4": null}, "geometry": {"type": "Point", "coordinates": [-64.73597775817262, -7.402651125571424]}}, {"id": "661", "type": "Feature", "properties": {"PONTOS": 662.0, "LONGITUDE": -64.7359777582, "LATITUDE": -7.40265112557, "F4": null}, "geometry": {"type": "Point", "coordinates": [-64.73597775817262, -7.402651125571424]}}, {"id": "662", "type": "Feature", "properties": {"PONTOS": 663.0, "LONGITUDE": -64.7359777582, "LATITUDE": -7.40265112557, "F4": null}, "geometry": {"type": "Point", "coordinates": [-64.73597775817262, -7.402651125571424]}}, {"id": "663", "type": "Feature", "properties": {"PONTOS": 664.0, "LONGITUDE": -64.7316854588, "LATITUDE": -7.41452161331, "F4": null}, "geometry": {"type": "Point", "coordinates": [-64.73168545877883, -7.414521613309887]}}, {"id": "664", "type": "Feature", "properties": {"PONTOS": 665.0, "LONGITUDE": -64.7316854588, "LATITUDE": -7.41452161331, "F4": null}, "geometry": {"type": "Point", "coordinates": [-64.73168545877883, -7.414521613309887]}}, {"id": "665", "type": "Feature", "properties": {"PONTOS": 666.0, "LONGITUDE": -64.7316854588, "LATITUDE": -7.41452161331, "F4": null}, "geometry": {"type": "Point", "coordinates": [-64.73168545877883, -7.414521613309887]}}, {"id": "666", "type": "Feature", "properties": {"PONTOS": 667.0, "LONGITUDE": -64.7316854588, "LATITUDE": -7.41452161331, "F4": null}, "geometry": {"type": "Point", "coordinates": [-64.73168545877883, -7.414521613309887]}}, {"id": "667", "type": "Feature", "properties": {"PONTOS": 668.0, "LONGITUDE": -64.7316854588, "LATITUDE": -7.41452161331, "F4": null}, "geometry": {"type": "Point", "coordinates": [-64.73168545877883, -7.414521613309887]}}, {"id": "668", "type": "Feature", "properties": {"PONTOS": 669.0, "LONGITUDE": -64.7316854588, "LATITUDE": -7.41452161331, "F4": null}, "geometry": {"type": "Point", "coordinates": [-64.73168545877883, -7.414521613309887]}}, {"id": "669", "type": "Feature", "properties": {"PONTOS": 670.0, "LONGITUDE": -64.7316854588, "LATITUDE": -7.41452161331, "F4": null}, "geometry": {"type": "Point", "coordinates": [-64.73168545877883, -7.414521613309887]}}, {"id": "670", "type": "Feature", "properties": {"PONTOS": 671.0, "LONGITUDE": -64.7316854588, "LATITUDE": -7.41452161331, "F4": null}, "geometry": {"type": "Point", "coordinates": [-64.73168545877883, -7.414521613309887]}}, {"id": "671", "type": "Feature", "properties": {"PONTOS": 672.0, "LONGITUDE": -64.7359777582, "LATITUDE": -7.40265112557, "F4": null}, "geometry": {"type": "Point", "coordinates": [-64.73597775817262, -7.402651125571424]}}, {"id": "672", "type": "Feature", "properties": {"PONTOS": 673.0, "LONGITUDE": -61.3569004885, "LATITUDE": -7.85891515905, "F4": null}, "geometry": {"type": "Point", "coordinates": [-61.35690048845544, -7.858915159051378]}}, {"id": "673", "type": "Feature", "properties": {"PONTOS": 674.0, "LONGITUDE": -61.3845280624, "LATITUDE": -7.8664911054, "F4": null}, "geometry": {"type": "Point", "coordinates": [-61.38452806242384, -7.866491105396221]}}, {"id": "674", "type": "Feature", "properties": {"PONTOS": 675.0, "LONGITUDE": -61.4138620254, "LATITUDE": -7.87163047821, "F4": null}, "geometry": {"type": "Point", "coordinates": [-61.41386202543458, -7.871630478211557]}}, {"id": "675", "type": "Feature", "properties": {"PONTOS": 676.0, "LONGITUDE": -61.4291488271, "LATITUDE": -7.87226671407, "F4": null}, "geometry": {"type": "Point", "coordinates": [-61.42914882709056, -7.872266714068701]}}, {"id": "676", "type": "Feature", "properties": {"PONTOS": 677.0, "LONGITUDE": -61.4478527917, "LATITUDE": -7.88069151862, "F4": null}, "geometry": {"type": "Point", "coordinates": [-61.44785279165421, -7.880691518622427]}}, {"id": "677", "type": "Feature", "properties": {"PONTOS": 678.0, "LONGITUDE": -61.4489119893, "LATITUDE": -7.8811837304, "F4": null}, "geometry": {"type": "Point", "coordinates": [-61.448911989296334, -7.881183730398391]}}, {"id": "678", "type": "Feature", "properties": {"PONTOS": 679.0, "LONGITUDE": -61.495338056, "LATITUDE": -7.89786478944, "F4": null}, "geometry": {"type": "Point", "coordinates": [-61.495338056014475, -7.897864789435914]}}, {"id": "679", "type": "Feature", "properties": {"PONTOS": 680.0, "LONGITUDE": -61.5107969767, "LATITUDE": -7.90154623439, "F4": null}, "geometry": {"type": "Point", "coordinates": [-61.51079697674288, -7.9015462343888885]}}, {"id": "680", "type": "Feature", "properties": {"PONTOS": 681.0, "LONGITUDE": -61.5135780614, "LATITUDE": -7.90244231472, "F4": null}, "geometry": {"type": "Point", "coordinates": [-61.51357806137878, -7.902442314716609]}}, {"id": "681", "type": "Feature", "properties": {"PONTOS": 682.0, "LONGITUDE": -61.5277555049, "LATITUDE": -7.90700481386, "F4": null}, "geometry": {"type": "Point", "coordinates": [-61.52775550488718, -7.907004813862102]}}, {"id": "682", "type": "Feature", "properties": {"PONTOS": 683.0, "LONGITUDE": -61.5344863998, "LATITUDE": -7.90920778453, "F4": null}, "geometry": {"type": "Point", "coordinates": [-61.53448639976182, -7.9092077845308495]}}, {"id": "683", "type": "Feature", "properties": {"PONTOS": 684.0, "LONGITUDE": -61.5440246686, "LATITUDE": -7.91264123405, "F4": null}, "geometry": {"type": "Point", "coordinates": [-61.54402466856112, -7.912641234054547]}}, {"id": "684", "type": "Feature", "properties": {"PONTOS": 685.0, "LONGITUDE": -61.5443956659, "LATITUDE": -7.9128866828, "F4": null}, "geometry": {"type": "Point", "coordinates": [-61.54439566589605, -7.9128866828011155]}}, {"id": "685", "type": "Feature", "properties": {"PONTOS": 686.0, "LONGITUDE": -61.5659165753, "LATITUDE": -7.9264711994, "F4": null}, "geometry": {"type": "Point", "coordinates": [-61.56591657527957, -7.92647119939619]}}, {"id": "686", "type": "Feature", "properties": {"PONTOS": 687.0, "LONGITUDE": -61.5740590276, "LATITUDE": -7.92983596596, "F4": null}, "geometry": {"type": "Point", "coordinates": [-61.57405902762491, -7.929835965957523]}}, {"id": "687", "type": "Feature", "properties": {"PONTOS": 688.0, "LONGITUDE": -61.5813243678, "LATITUDE": -7.93245608996, "F4": null}, "geometry": {"type": "Point", "coordinates": [-61.581324367822106, -7.932456089956929]}}, {"id": "688", "type": "Feature", "properties": {"PONTOS": 689.0, "LONGITUDE": -61.5890804782, "LATITUDE": -7.93482456469, "F4": null}, "geometry": {"type": "Point", "coordinates": [-61.58908047817664, -7.9348245646946225]}}, {"id": "689", "type": "Feature", "properties": {"PONTOS": 690.0, "LONGITUDE": -61.6144627915, "LATITUDE": -7.94197243126, "F4": null}, "geometry": {"type": "Point", "coordinates": [-61.6144627915117, -7.941972431261149]}}, {"id": "690", "type": "Feature", "properties": {"PONTOS": 691.0, "LONGITUDE": -61.620729962, "LATITUDE": -7.94216508246, "F4": null}, "geometry": {"type": "Point", "coordinates": [-61.6207299620267, -7.942165082458359]}}, {"id": "691", "type": "Feature", "properties": {"PONTOS": 692.0, "LONGITUDE": -61.6252552721, "LATITUDE": -7.9424513589, "F4": null}, "geometry": {"type": "Point", "coordinates": [-61.62525527207623, -7.942451358898438]}}, {"id": "692", "type": "Feature", "properties": {"PONTOS": 693.0, "LONGITUDE": -61.6381516047, "LATITUDE": -7.94862501835, "F4": null}, "geometry": {"type": "Point", "coordinates": [-61.638151604744564, -7.948625018353198]}}, {"id": "693", "type": "Feature", "properties": {"PONTOS": 694.0, "LONGITUDE": -61.6383860135, "LATITUDE": -7.94905985551, "F4": null}, "geometry": {"type": "Point", "coordinates": [-61.63838601349761, -7.9490598555066185]}}, {"id": "694", "type": "Feature", "properties": {"PONTOS": 695.0, "LONGITUDE": -61.6449324105, "LATITUDE": -7.95267137788, "F4": null}, "geometry": {"type": "Point", "coordinates": [-61.64493241052509, -7.952671377883064]}}, {"id": "695", "type": "Feature", "properties": {"PONTOS": 696.0, "LONGITUDE": -61.6454214071, "LATITUDE": -7.95292618062, "F4": null}, "geometry": {"type": "Point", "coordinates": [-61.6454214071378, -7.9529261806184195]}}, {"id": "696", "type": "Feature", "properties": {"PONTOS": 697.0, "LONGITUDE": -61.6487035999, "LATITUDE": -7.95615623026, "F4": null}, "geometry": {"type": "Point", "coordinates": [-61.64870359988447, -7.956156230259239]}}, {"id": "697", "type": "Feature", "properties": {"PONTOS": 698.0, "LONGITUDE": -61.6557526844, "LATITUDE": -7.96146032197, "F4": null}, "geometry": {"type": "Point", "coordinates": [-61.655752684381184, -7.9614603219662285]}}, {"id": "698", "type": "Feature", "properties": {"PONTOS": 699.0, "LONGITUDE": -61.6623981232, "LATITUDE": -7.96262124217, "F4": null}, "geometry": {"type": "Point", "coordinates": [-61.66239812319748, -7.962621242169405]}}, {"id": "699", "type": "Feature", "properties": {"PONTOS": 700.0, "LONGITUDE": -61.694348725, "LATITUDE": -7.98790860603, "F4": null}, "geometry": {"type": "Point", "coordinates": [-61.69434872502717, -7.987908606030317]}}, {"id": "700", "type": "Feature", "properties": {"PONTOS": 701.0, "LONGITUDE": -61.6995426582, "LATITUDE": -7.98926338103, "F4": null}, "geometry": {"type": "Point", "coordinates": [-61.699542658178814, -7.989263381026319]}}, {"id": "701", "type": "Feature", "properties": {"PONTOS": 702.0, "LONGITUDE": -61.7101091994, "LATITUDE": -7.99289572923, "F4": null}, "geometry": {"type": "Point", "coordinates": [-61.71010919938465, -7.992895729225609]}}, {"id": "702", "type": "Feature", "properties": {"PONTOS": 703.0, "LONGITUDE": -61.7122646227, "LATITUDE": -7.99408712907, "F4": null}, "geometry": {"type": "Point", "coordinates": [-61.712264622685666, -7.994087129073478]}}, {"id": "703", "type": "Feature", "properties": {"PONTOS": 704.0, "LONGITUDE": -61.7248221509, "LATITUDE": -7.99938932245, "F4": null}, "geometry": {"type": "Point", "coordinates": [-61.72482215093811, -7.999389322453283]}}, {"id": "704", "type": "Feature", "properties": {"PONTOS": 705.0, "LONGITUDE": -61.7301052882, "LATITUDE": -8.0013318473, "F4": null}, "geometry": {"type": "Point", "coordinates": [-61.7301052881578, -8.001331847300378]}}, {"id": "705", "type": "Feature", "properties": {"PONTOS": 706.0, "LONGITUDE": -61.7322458961, "LATITUDE": -8.00148312039, "F4": null}, "geometry": {"type": "Point", "coordinates": [-61.73224589606036, -8.001483120386979]}}, {"id": "706", "type": "Feature", "properties": {"PONTOS": 707.0, "LONGITUDE": -61.7338515216, "LATITUDE": -8.00154230809, "F4": null}, "geometry": {"type": "Point", "coordinates": [-61.733851521636325, -8.001542308094258]}}, {"id": "707", "type": "Feature", "properties": {"PONTOS": 708.0, "LONGITUDE": -61.751286634, "LATITUDE": -8.00221036614, "F4": null}, "geometry": {"type": "Point", "coordinates": [-61.751286633993686, -8.002210366141867]}}, {"id": "708", "type": "Feature", "properties": {"PONTOS": 709.0, "LONGITUDE": -61.7680811966, "LATITUDE": -8.00475683876, "F4": null}, "geometry": {"type": "Point", "coordinates": [-61.76808119661001, -8.004756838761239]}}, {"id": "709", "type": "Feature", "properties": {"PONTOS": 710.0, "LONGITUDE": -61.7684529507, "LATITUDE": -8.00483029653, "F4": null}, "geometry": {"type": "Point", "coordinates": [-61.76845295067352, -8.004830296528667]}}, {"id": "710", "type": "Feature", "properties": {"PONTOS": 711.0, "LONGITUDE": -61.7808117434, "LATITUDE": -8.00722736372, "F4": null}, "geometry": {"type": "Point", "coordinates": [-61.78081174339627, -8.007227363720801]}}, {"id": "711", "type": "Feature", "properties": {"PONTOS": 712.0, "LONGITUDE": -61.7845022973, "LATITUDE": -8.00790747802, "F4": null}, "geometry": {"type": "Point", "coordinates": [-61.784502297312315, -8.007907478015682]}}, {"id": "712", "type": "Feature", "properties": {"PONTOS": 713.0, "LONGITUDE": -61.8048892663, "LATITUDE": -8.01081578998, "F4": null}, "geometry": {"type": "Point", "coordinates": [-61.80488926631881, -8.01081578998162]}}, {"id": "713", "type": "Feature", "properties": {"PONTOS": 714.0, "LONGITUDE": -61.8081336247, "LATITUDE": -8.0089712297, "F4": null}, "geometry": {"type": "Point", "coordinates": [-61.80813362473248, -8.008971229699966]}}, {"id": "714", "type": "Feature", "properties": {"PONTOS": 715.0, "LONGITUDE": -61.8135827469, "LATITUDE": -8.00708776699, "F4": null}, "geometry": {"type": "Point", "coordinates": [-61.81358274691769, -8.007087766987752]}}, {"id": "715", "type": "Feature", "properties": {"PONTOS": 716.0, "LONGITUDE": -61.8178596544, "LATITUDE": -8.00897208663, "F4": null}, "geometry": {"type": "Point", "coordinates": [-61.81785965442896, -8.008972086631445]}}, {"id": "716", "type": "Feature", "properties": {"PONTOS": 717.0, "LONGITUDE": -61.8283659911, "LATITUDE": -8.01531457808, "F4": null}, "geometry": {"type": "Point", "coordinates": [-61.82836599106116, -8.015314578082098]}}, {"id": "717", "type": "Feature", "properties": {"PONTOS": 718.0, "LONGITUDE": -61.8315690128, "LATITUDE": -8.01522418939, "F4": null}, "geometry": {"type": "Point", "coordinates": [-61.83156901275697, -8.015224189394075]}}, {"id": "718", "type": "Feature", "properties": {"PONTOS": 719.0, "LONGITUDE": -61.8477667325, "LATITUDE": -8.01437445363, "F4": null}, "geometry": {"type": "Point", "coordinates": [-61.84776673246745, -8.014374453625635]}}, {"id": "719", "type": "Feature", "properties": {"PONTOS": 720.0, "LONGITUDE": -61.8666010576, "LATITUDE": -8.02468237506, "F4": null}, "geometry": {"type": "Point", "coordinates": [-61.8666010576423, -8.024682375062582]}}, {"id": "720", "type": "Feature", "properties": {"PONTOS": 721.0, "LONGITUDE": -61.8701860417, "LATITUDE": -8.02759530157, "F4": null}, "geometry": {"type": "Point", "coordinates": [-61.87018604170231, -8.027595301572205]}}, {"id": "721", "type": "Feature", "properties": {"PONTOS": 722.0, "LONGITUDE": -61.899847682, "LATITUDE": -8.02736816497, "F4": null}, "geometry": {"type": "Point", "coordinates": [-61.89984768197394, -8.027368164972529]}}, {"id": "722", "type": "Feature", "properties": {"PONTOS": 723.0, "LONGITUDE": -61.9222359251, "LATITUDE": -8.02243511449, "F4": null}, "geometry": {"type": "Point", "coordinates": [-61.92223592505218, -8.022435114493135]}}, {"id": "723", "type": "Feature", "properties": {"PONTOS": 724.0, "LONGITUDE": -61.9973464544, "LATITUDE": -7.99652324191, "F4": null}, "geometry": {"type": "Point", "coordinates": [-61.9973464544255, -7.996523241907141]}}, {"id": "724", "type": "Feature", "properties": {"PONTOS": 725.0, "LONGITUDE": -62.0006133492, "LATITUDE": -7.99255169863, "F4": null}, "geometry": {"type": "Point", "coordinates": [-62.00061334919906, -7.992551698632724]}}, {"id": "725", "type": "Feature", "properties": {"PONTOS": 726.0, "LONGITUDE": -62.0298814718, "LATITUDE": -7.97392684729, "F4": null}, "geometry": {"type": "Point", "coordinates": [-62.02988147175722, -7.973926847290272]}}, {"id": "726", "type": "Feature", "properties": {"PONTOS": 727.0, "LONGITUDE": -62.0355042115, "LATITUDE": -7.97103674747, "F4": null}, "geometry": {"type": "Point", "coordinates": [-62.03550421150186, -7.971036747473306]}}, {"id": "727", "type": "Feature", "properties": {"PONTOS": 728.0, "LONGITUDE": -62.0879636933, "LATITUDE": -7.94168865471, "F4": null}, "geometry": {"type": "Point", "coordinates": [-62.08796369328928, -7.94168865470823]}}, {"id": "728", "type": "Feature", "properties": {"PONTOS": 729.0, "LONGITUDE": -62.0982779628, "LATITUDE": -7.93784914449, "F4": null}, "geometry": {"type": "Point", "coordinates": [-62.09827796279001, -7.937849144491622]}}, {"id": "729", "type": "Feature", "properties": {"PONTOS": 730.0, "LONGITUDE": -62.1120863474, "LATITUDE": -7.9332751721, "F4": null}, "geometry": {"type": "Point", "coordinates": [-62.11208634738159, -7.933275172101901]}}, {"id": "730", "type": "Feature", "properties": {"PONTOS": 731.0, "LONGITUDE": -62.1192400055, "LATITUDE": -7.93094782846, "F4": null}, "geometry": {"type": "Point", "coordinates": [-62.11924000547191, -7.930947828461058]}}, {"id": "731", "type": "Feature", "properties": {"PONTOS": 732.0, "LONGITUDE": -62.1291172419, "LATITUDE": -7.92763115245, "F4": null}, "geometry": {"type": "Point", "coordinates": [-62.129117241870574, -7.927631152448555]}}, {"id": "732", "type": "Feature", "properties": {"PONTOS": 733.0, "LONGITUDE": -62.164315964, "LATITUDE": -7.9052634418, "F4": null}, "geometry": {"type": "Point", "coordinates": [-62.16431596398337, -7.905263441801537]}}, {"id": "733", "type": "Feature", "properties": {"PONTOS": 734.0, "LONGITUDE": -62.164497629, "LATITUDE": -7.90514622451, "F4": null}, "geometry": {"type": "Point", "coordinates": [-62.164497628993274, -7.905146224506723]}}, {"id": "734", "type": "Feature", "properties": {"PONTOS": 735.0, "LONGITUDE": -62.1872965628, "LATITUDE": -7.8900503388, "F4": null}, "geometry": {"type": "Point", "coordinates": [-62.18729656282096, -7.890050338796357]}}, {"id": "735", "type": "Feature", "properties": {"PONTOS": 736.0, "LONGITUDE": -62.2311595382, "LATITUDE": -7.87335506966, "F4": null}, "geometry": {"type": "Point", "coordinates": [-62.231159538208885, -7.873355069656213]}}, {"id": "736", "type": "Feature", "properties": {"PONTOS": 737.0, "LONGITUDE": -62.2312502803, "LATITUDE": -7.87333714634, "F4": null}, "geometry": {"type": "Point", "coordinates": [-62.23125028033007, -7.873337146335189]}}, {"id": "737", "type": "Feature", "properties": {"PONTOS": 738.0, "LONGITUDE": -62.2726166402, "LATITUDE": -7.85088005699, "F4": null}, "geometry": {"type": "Point", "coordinates": [-62.272616640150204, -7.850880056993731]}}, {"id": "738", "type": "Feature", "properties": {"PONTOS": 739.0, "LONGITUDE": -62.274867969, "LATITUDE": -7.84981664404, "F4": null}, "geometry": {"type": "Point", "coordinates": [-62.2748679689592, -7.8498166440373325]}}, {"id": "739", "type": "Feature", "properties": {"PONTOS": 740.0, "LONGITUDE": -62.2767205319, "LATITUDE": -7.84855354436, "F4": null}, "geometry": {"type": "Point", "coordinates": [-62.27672053190827, -7.848553544358083]}}]}